CHR	BP	candidate_snp	lead_snp	selection_action	independence_method	query_status	ld_population	candidate_rank	signal	lead_rank	prune_r2
6	27865902	RS66868086	RS66868086	SELECTED_LEAD	LD	OK_MIXED		1	2.244E-28	1	
6	28354835	RS67981811	RS67981811	SELECTED_LEAD	LD	OK_MIXED		2	2.619E-28	2	
6	28359632	RS2232429	RS67981811	PRUNED_LD	LD		EUR	3	2.62E-28	2	1
6	28360659	RS2232426	RS67981811	PRUNED_LD	LD		EUR	4	2.62E-28	2	1
6	28357807	RS36092177	RS67981811	PRUNED_LD	LD		EUR	5	2.626E-28	2	1
6	28366151	RS2232423	RS67981811	PRUNED_LD	LD		EUR	6	3.298E-28	2	1
6	28345282	RS35017208	RS67981811	PRUNED_LD	LD		EUR	7	3.354E-28	2	0.96
6	27759115	RS35037868	RS66868086	PRUNED_LD	LD		EUR	8	3.715E-28	1	0.89
6	26409890	RS41266839	RS41266839	SELECTED_LEAD	LD	OK_MIXED		9	3.744E-28	3	
6	27840926	RS45509595	RS66868086	PRUNED_LD	LD		EUR	10	4.123E-28	1	1
6	27698837	RS13202295	RS66868086	PRUNED_LD	LD		EUR	11	4.209E-28	1	0.89
6	26408551	RS75782365	RS41266839	PRUNED_LD	LD		EUR	12	5.157E-28	3	1
6	27730082	RS72847313	RS66868086	PRUNED_LD	LD		EUR	13	5.834E-28	1	0.89
6	27653120	RS13217620	RS66868086	PRUNED_LD	LD		EUR	14	5.976E-28	1	0.83
6	27806985	RS13212651	RS66868086	PRUNED_LD	LD		EUR	15	6.41E-28	1	1
6	27730334	RS17750747	RS66868086	PRUNED_LD	LD		EUR	16	6.417E-28	1	0.89
6	27805255	RS34706883	RS66868086	PRUNED_LD	LD		EUR	17	6.559E-28	1	0.96
6	27739566	RS35501037	RS66868086	PRUNED_LD	LD		EUR	18	6.742E-28	1	0.89
6	27810569	RS35819751	RS66868086	PRUNED_LD	LD		EUR	19	6.837E-28	1	1
6	28358009	RS13213986	RS67981811	PRUNED_LD	LD		EUR	20	7.119E-28	2	1
6	28362309	RS34546986	RS67981811	PRUNED_LD	LD		EUR	21	7.31E-28	2	1
6	26463575	RS13195402	RS41266839	PRUNED_LD	LD		EUR	22	7.395E-28	3	0.68
6	26463574	RS13195401	RS41266839	PRUNED_LD	LD		EUR	23	7.482E-28	3	0.68
6	28364232	RS34871267	RS67981811	PRUNED_LD	LD		EUR	24	8.228E-28	2	1
6	28349698	RS13213152	RS67981811	PRUNED_LD	LD		EUR	25	8.358E-28	2	0.96
6	27798887	RS67101035	RS66868086	PRUNED_LD	LD		EUR	26	8.678E-28	1	0.96
6	28453618	RS34676049	RS67981811	PRUNED_LD	LD		EUR	27	9.331E-28	2	0.96
6	27771106	RS13195728	RS66868086	PRUNED_LD	LD		EUR	28	9.505E-28	1	0.96
6	27592003	RS35715914	RS35715914	SELECTED_LEAD	LD	OK_MIXED		29	9.541E-28	4	
6	28368508	RS35883476	RS67981811	PRUNED_LD	LD		EUR	30	9.761E-28	2	1
6	27775028	RS17751184	RS66868086	PRUNED_LD	LD		EUR	31	9.806E-28	1	0.96
6	27818482	RS36116761	RS66868086	PRUNED_LD	LD		EUR	32	9.944E-28	1	1
6	27818535	RS34194357	RS66868086	PRUNED_LD	LD		EUR	33	9.952E-28	1	1
6	27797416	RS71559050	RS66868086	PRUNED_LD	LD		EUR	34	9.988E-28	1	0.96
6	27815639	RS13194781	RS66868086	PRUNED_LD	LD		EUR	35	1.003E-27	1	1
6	27521096	RS35848276	RS35715914	PRUNED_LD	LD		EUR	36	1.017E-27	4	0.85
6	28411941	RS67381177	RS67981811	PRUNED_LD	LD		EUR	37	1.045E-27	2	0.96
6	27835218	RS17763089	RS66868086	PRUNED_LD	LD		EUR	38	1.084E-27	1	1
6	27837183	RS17695758	RS66868086	PRUNED_LD	LD		EUR	39	1.103E-27	1	1
6	27783941	RS34718920	RS66868086	PRUNED_LD	LD		EUR	40	1.106E-27	1	0.96
6	27834139	RS13199906	RS66868086	PRUNED_LD	LD		EUR	41	1.11E-27	1	1
6	27834085	RS13199772	RS66868086	PRUNED_LD	LD		EUR	42	1.137E-27	1	1
6	27702425	RS13193542	RS66868086	PRUNED_LD	LD		EUR	43	1.198E-27	1	0.89
6	27701122	RS17750424	RS66868086	PRUNED_LD	LD		EUR	44	1.205E-27	1	0.89
6	27698857	RS13202291	RS66868086	PRUNED_LD	LD		EUR	45	1.236E-27	1	0.87
6	28332141	RS13214023	RS67981811	PRUNED_LD	LD		EUR	46	1.237E-27	2	0.96
6	26498758	RS72843784	RS41266839	PRUNED_LD	LD		EUR	47	1.253E-27	3	0.94
6	27905509	RS67040724	RS66868086	PRUNED_LD	LD		EUR	48	1.284E-27	1	0.96
6	28394680	RS13201681	RS67981811	PRUNED_LD	LD		EUR	49	1.299E-27	2	0.96
6	28141253	RS67297533	RS67981811	PRUNED_LD	LD		EUR	50	1.36E-27	2	0.79
6	27884012	RS13218875	RS66868086	PRUNED_LD	LD		EUR	51	1.419E-27	1	0.91
6	28436145	RS55690788	RS67981811	PRUNED_LD	LD		EUR	52	1.422E-27	2	0.96
6	28150878	RS34832585	RS67981811	PRUNED_LD	LD		EUR	53	1.435E-27	2	0.82
6	27685825	RS34432857	RS66868086	PRUNED_LD	LD		EUR	54	1.438E-27	1	0.85
6	28144832	RS35781323	RS67981811	PRUNED_LD	LD		EUR	55	1.438E-27	2	0.82
6	27688625	RS34064842	RS66868086	PRUNED_LD	LD		EUR	56	1.45E-27	1	0.85
6	27868792	RS13199649	RS66868086	PRUNED_LD	LD		EUR	57	1.457E-27	1	0.98
6	28169241	RS13195291	RS67981811	PRUNED_LD	LD		EUR	58	1.46E-27	2	0.89
6	27896799	RS71559054	RS66868086	PRUNED_LD	LD		EUR	59	1.482E-27	1	0.96
6	28139710	RS13217984	RS67981811	PRUNED_LD	LD		EUR	60	1.57E-27	2	0.82
6	28134221	RS35098436	RS67981811	PRUNED_LD	LD		EUR	61	1.619E-27	2	0.82
6	28133239	RS34505829	RS67981811	PRUNED_LD	LD		EUR	62	1.623E-27	2	0.82
6	28268824	RS33932084	RS67981811	PRUNED_LD	LD		EUR	63	1.677E-27	2	0.87
6	27702561	RS13193480	RS66868086	PRUNED_LD	LD		EUR	64	1.679E-27	1	0.89
6	28130450	RS34765154	RS67981811	PRUNED_LD	LD		EUR	65	1.685E-27	2	0.82
6	28130089	RS13201308	RS67981811	PRUNED_LD	LD		EUR	66	1.701E-27	2	0.82
6	28129231	RS13197175	RS13197175	SELECTED_LEAD	LD	OK		67	1.707E-27	5	
6	28129232	RS13197176	RS67981811	PRUNED_LD	LD		EUR	68	1.734E-27	2	0.72
6	28124114	RS13205911	RS67981811	PRUNED_LD	LD		EUR	69	1.785E-27	2	0.82
6	28114818	RS35749575	RS66868086	PRUNED_LD	LD		EUR	70	1.871E-27	1	0.73
6	28119055	RS72846780	RS67981811	PRUNED_LD	LD		EUR	71	1.912E-27	2	0.82
6	27534528	RS10484399	RS35715914	PRUNED_LD	LD		EUR	72	1.965E-27	4	0.87
6	27685348	RS34409918	RS66868086	PRUNED_LD	LD		EUR	73	2.005E-27	1	0.85
6	27509493	RS13195636	RS35715914	PRUNED_LD	LD		EUR	74	2.014E-27	4	0.85
6	28073881	RS34662244	RS66868086	PRUNED_LD	LD		EUR	75	2.031E-27	1	0.6
6	28058949	RS35902873	RS66868086	PRUNED_LD	LD		EUR	76	2.033E-27	1	0.73
6	28065801	RS34166054	RS66868086	PRUNED_LD	LD		EUR	77	2.042E-27	1	0.73
6	27688841	RS13212318	RS66868086	PRUNED_LD	LD		EUR	78	2.051E-27	1	0.85
6	28324378	RS35353359	RS67981811	PRUNED_LD	LD		EUR	79	2.077E-27	2	0.96
6	26942146	RS66975207	RS66975207	SELECTED_LEAD	LD	OK_MIXED		80	2.078E-27	6	
6	28323702	RS13198809	RS67981811	PRUNED_LD	LD		EUR	81	2.131E-27	2	0.96
6	28089481	RS71559072	RS66868086	PRUNED_LD	LD		EUR	82	2.143E-27	1	0.73
6	28091580	RS35345226	RS66868086	PRUNED_LD	LD		EUR	83	2.162E-27	1	0.73
6	28089731	RS66886492	RS66868086	PRUNED_LD	LD		EUR	84	2.166E-27	1	0.73
6	27938484	RS13216117	RS66868086	PRUNED_LD	LD		EUR	85	2.167E-27	1	0.96
6	27523869	RS140365013	RS35715914	PRUNED_LD	LD		EUR	86	2.168E-27	4	0.85
6	27523298	RS66785117	RS35715914	PRUNED_LD	LD		EUR	87	2.17E-27	4	0.85
6	27521856	RS34965299	RS35715914	PRUNED_LD	LD		EUR	88	2.176E-27	4	0.85
6	28080777	RS68188794	RS66868086	PRUNED_LD	LD		EUR	89	2.188E-27	1	0.62
6	28081758	RS34371502	RS66868086	PRUNED_LD	LD		EUR	90	2.189E-27	1	0.73
6	28060239	RS13197574	RS66868086	PRUNED_LD	LD		EUR	91	2.19E-27	1	0.73
6	27520752	RS13209332	RS35715914	PRUNED_LD	LD		EUR	92	2.194E-27	4	0.85
6	28079598	RS13203816	RS66868086	PRUNED_LD	LD		EUR	93	2.196E-27	1	0.73
6	28174757	RS13197633	RS67981811	PRUNED_LD	LD		EUR	94	2.198E-27	2	0.89
6	28080628	RS34588114	RS66868086	PRUNED_LD	LD		EUR	95	2.199E-27	1	0.73
6	27932301	RS67662114	RS66868086	PRUNED_LD	LD		EUR	96	2.226E-27	1	0.96
6	26441640	RS13220495	RS41266839	PRUNED_LD	LD		EUR	97	2.232E-27	3	0.98
6	27943369	RS36101351	RS66868086	PRUNED_LD	LD		EUR	98	2.251E-27	1	0.96
6	27622084	RS141342723	RS66868086	PRUNED_LD	LD		EUR	99	2.475E-27	1	0.8
6	27945396	RS28360499	RS66868086	PRUNED_LD	LD		EUR	100	2.519E-27	1	0.95
6	27560805	RS34105070	RS35715914	PRUNED_LD	LD		EUR	101	2.595E-27	4	0.92
6	27606716	RS13212093	RS35715914	PRUNED_LD	LD		EUR	102	2.762E-27	4	1
6	27640246	RS56405707	RS66868086	PRUNED_LD	LD		EUR	103	2.764E-27	1	0.83
6	27607660	RS34038546	RS35715914	PRUNED_LD	LD		EUR	104	2.777E-27	4	1
6	28038929	RS71559070	RS66868086	PRUNED_LD	LD		EUR	105	2.834E-27	1	0.73
6	28017250	RS13200214	RS66868086	PRUNED_LD	LD		EUR	106	2.885E-27	1	0.82
6	27586220	RS67652222	RS35715914	PRUNED_LD	LD		EUR	107	2.948E-27	4	0.98
6	27647509	RS13215275	RS66868086	PRUNED_LD	LD		EUR	108	3.004E-27	1	0.83
6	27646492	RS13210634	RS66868086	PRUNED_LD	LD		EUR	109	3.014E-27	1	0.83
6	28191288	RS35656932	RS67981811	PRUNED_LD	LD		EUR	110	3.027E-27	2	0.89
6	27624640	RS34543938	RS66868086	PRUNED_LD	LD		EUR	111	3.037E-27	1	0.83
6	28193102	RS34243448	RS67981811	PRUNED_LD	LD		EUR	112	3.048E-27	2	0.89
6	28187632	RS35001169	RS67981811	PRUNED_LD	LD		EUR	113	3.156E-27	2	0.89
6	28482917	RS13191038	RS67981811	PRUNED_LD	LD		EUR	114	3.242E-27	2	0.89
6	27616843	RS144969912	RS66868086	PRUNED_LD	LD		EUR	115	3.319E-27	1	0.83
6	28003228	RS13193295	RS66868086	PRUNED_LD	LD		EUR	116	3.356E-27	1	0.89
6	27671825	RS13192965	RS66868086	PRUNED_LD	LD		EUR	117	3.516E-27	1	0.83
6	28201531	RS13204012	RS67981811	PRUNED_LD	LD		EUR	118	3.628E-27	2	0.89
6	28203056	RS13205211	RS67981811	PRUNED_LD	LD		EUR	119	3.673E-27	2	0.89
6	27669976	RS17749927	RS66868086	PRUNED_LD	LD		EUR	120	3.7E-27	1	0.83
6	27575268	RS72845046	RS35715914	PRUNED_LD	LD		EUR	121	3.711E-27	4	0.98
6	26582035	RS13198716	RS41266839	PRUNED_LD	LD		EUR	122	3.733E-27	3	0.8
6	27994416	RS71559067	RS66868086	PRUNED_LD	LD		EUR	123	3.775E-27	1	0.89
6	26593275	RS35400317	RS41266839	PRUNED_LD	LD		EUR	124	3.802E-27	3	0.78
6	26599509	RS45527431	RS41266839	PRUNED_LD	LD		EUR	125	3.807E-27	3	0.78
6	27970715	RS71537572	RS66868086	PRUNED_LD	LD		EUR	126	3.901E-27	1	0.89
6	27388754	RS34150729	RS35715914	PRUNED_LD	LD		EUR	127	3.988E-27	4	0.7
6	27390115	RS13191227	RS35715914	PRUNED_LD	LD		EUR	128	4.012E-27	4	0.7
6	27391802	RS34071253	RS35715914	PRUNED_LD	LD		EUR	129	4.107E-27	4	0.68
6	27564879	RS13202775	RS35715914	PRUNED_LD	LD		EUR	130	4.244E-27	4	0.92
6	27091661	RS66462181	RS66975207	PRUNED_LD	LD		EUR	131	4.27E-27	6	0.76
6	28576143	RS4947336	RS67981811	PRUNED_LD	LD		EUR	132	4.271E-27	2	0.84
6	26631568	RS66488313	RS41266839	PRUNED_LD	LD		EUR	133	4.635E-27	3	0.68
6	28630691	RS13194504	RS13194504	SELECTED_LEAD	LD	OK_MIXED		134	4.669E-27	7	
6	27382386	RS66841633	RS35715914	PRUNED_LD	LD		EUR	135	5.029E-27	4	0.7
6	27072542	RS55834529	RS66975207	PRUNED_LD	LD		EUR	136	5.191E-27	6	0.74
6	27381660	RS34953377	RS35715914	PRUNED_LD	LD		EUR	137	5.275E-27	4	0.7
6	26651053	RS13201782	RS41266839	PRUNED_LD	LD		EUR	138	5.306E-27	3	0.65
6	28225311	RS13208096	RS67981811	PRUNED_LD	LD		EUR	139	5.447E-27	2	0.89
6	26633711	RS67777156	RS41266839	PRUNED_LD	LD		EUR	140	6.024E-27	3	0.68
6	27377235	RS13218537	RS35715914	PRUNED_LD	LD		EUR	141	6.053E-27	4	0.7
6	28619353	RS34724414	RS13194504	PRUNED_LD	LD		EUR	142	6.101E-27	7	1
6	27379119	RS13196692	RS35715914	PRUNED_LD	LD		EUR	143	6.568E-27	4	0.7
6	27406607	RS35716472	RS35715914	PRUNED_LD	LD		EUR	144	6.86E-27	4	0.68
6	28290647	RS34218844	RS67981811	PRUNED_LD	LD		EUR	145	6.9E-27	2	0.89
6	28290328	RS56075693	RS67981811	PRUNED_LD	LD		EUR	146	6.967E-27	2	0.89
6	27879200	RS34788973	RS66868086	PRUNED_LD	LD		EUR	147	7.271E-27	1	0.96
6	28306671	RS13217619	RS67981811	PRUNED_LD	LD		EUR	148	7.472E-27	2	0.86
6	27879982	RS61742093	RS66868086	PRUNED_LD	LD		EUR	149	7.618E-27	1	0.96
6	28305508	RS35030260	RS67981811	PRUNED_LD	LD		EUR	150	7.748E-27	2	0.91
6	28265954	RS72854513	RS67981811	PRUNED_LD	LD		EUR	151	9.161E-27	2	0.89
6	28265572	RS13207345	RS67981811	PRUNED_LD	LD		EUR	152	9.2E-27	2	0.89
6	27425349	RS41269265	RS35715914	PRUNED_LD	LD		EUR	153	9.211E-27	4	0.76
6	27425644	RS34196306	RS35715914	PRUNED_LD	LD		EUR	154	9.37E-27	4	0.76
6	28271973	RS56189111	RS67981811	PRUNED_LD	LD		EUR	155	9.427E-27	2	0.89
6	28277671	RS13191786	RS67981811	PRUNED_LD	LD		EUR	156	9.503E-27	2	0.89
6	28281541	RS35072899	RS67981811	PRUNED_LD	LD		EUR	157	9.587E-27	2	0.89
6	27413345	RS13191474	RS35715914	PRUNED_LD	LD		EUR	158	1.028E-26	4	0.76
6	27357978	RS67859638	RS35715914	PRUNED_LD	LD		EUR	159	1.084E-26	4	0.71
6	29144532	RS9257566	RS9257566	SELECTED_LEAD	LD	OK_LOCAL_CACHE		160	1.122E-26	8	
6	27054772	RS67092078	RS66975207	PRUNED_LD	LD		EUR	161	1.142E-26	6	0.85
6	27413924	RS13195040	RS35715914	PRUNED_LD	LD		EUR	162	1.164E-26	4	0.76
6	27358166	RS35120058	RS35715914	PRUNED_LD	LD		EUR	163	1.2E-26	4	0.7
6	27357414	RS34332556	RS35715914	PRUNED_LD	LD		EUR	164	1.214E-26	4	0.7
6	28318331	RS35744819	RS67981811	PRUNED_LD	LD		EUR	165	1.318E-26	2	0.96
6	27369704	RS13207689	RS35715914	PRUNED_LD	LD		EUR	166	1.331E-26	4	0.71
6	27251379	RS13207082	RS13207082	SELECTED_LEAD	LD	OK_MIXED		167	1.335E-26	9	
6	27274834	RS56114371	RS13207082	PRUNED_LD	LD		EUR	168	1.426E-26	9	1
6	28304384	RS67340775	RS67981811	PRUNED_LD	LD		EUR	169	1.55E-26	2	0.91
6	28314880	RS35016036	RS67981811	PRUNED_LD	LD		EUR	170	1.564E-26	2	0.93
6	27332891	RS28360634	RS13207082	PRUNED_LD	LD		EUR	171	1.849E-26	9	0.83
6	27145341	RS35565446	RS66975207	PRUNED_LD	LD		EUR	172	1.987E-26	6	0.63
6	27327000	RS72839477	RS13207082	PRUNED_LD	LD		EUR	173	2.174E-26	9	0.83
6	27309779	RS71537559	RS13207082	PRUNED_LD	LD		EUR	174	2.416E-26	9	0.87
6	28667669	RS35044849	RS13194504	PRUNED_LD	LD		EUR	175	2.499E-26	7	1
6	27992898	RS138234416	RS66868086	PRUNED_LD	LD		EUR	176	2.515E-26	1	0.81
6	26843517	RS57440165	RS66975207	PRUNED_LD	LD		EUR	177	2.707E-26	6	0.73
6	28250955	RS34396849	RS67981811	PRUNED_LD	LD		EUR	178	2.825E-26	2	0.89
6	26927602	RS80264589	RS66975207	PRUNED_LD	LD		EUR	179	2.898E-26	6	0.98
6	27301512	RS56401801	RS13207082	PRUNED_LD	LD		EUR	180	3.03E-26	9	0.89
6	26935379	RS35173303	RS66975207	PRUNED_LD	LD		EUR	181	3.041E-26	6	0.96
6	26903585	RS71557378	RS66975207	PRUNED_LD	LD		EUR	182	3.046E-26	6	0.94
6	26946687	RS35869525	RS66975207	PRUNED_LD	LD		EUR	183	3.096E-26	6	0.98
6	27141904	RS35768595	RS66975207	PRUNED_LD	LD		EUR	184	3.105E-26	6	0.65
6	26949672	RS34816374	RS66975207	PRUNED_LD	LD		EUR	185	3.145E-26	6	0.91
6	28238059	RS67998226	RS67981811	PRUNED_LD	LD		EUR	186	4.021E-26	2	0.89
6	27249686	RS72839445	RS13207082	PRUNED_LD	LD		EUR	187	4.56E-26	9	1
6	27491299	RS6904596	RS35715914	PRUNED_LD	LD		EUR	188	4.577E-26	4	0.75
6	28673998	RS4713177	RS13194504	PRUNED_LD	LD		EUR	189	4.645E-26	7	0.5
6	28250179	RS34878803	RS67981811	PRUNED_LD	LD		EUR	190	4.807E-26	2	0.89
6	28681415	RS13217472	RS13194504	PRUNED_LD	LD		EUR	191	4.873E-26	7	0.94
6	28257377	RS13211507	RS67981811	PRUNED_LD	LD		EUR	192	5.353E-26	2	0.89
6	27480526	RS34573979	RS35715914	PRUNED_LD	LD		EUR	193	5.398E-26	4	0.81
6	28258208	RS34691223	RS67981811	PRUNED_LD	LD		EUR	194	5.433E-26	2	0.89
6	27474715	RS58616630	RS35715914	PRUNED_LD	LD		EUR	195	6.055E-26	4	0.81
6	28285985	RS13190888	RS67981811	PRUNED_LD	LD		EUR	196	7.859E-26	2	0.84
6	28278688	RS34950484	RS67981811	PRUNED_LD	LD		EUR	197	9.354E-26	2	0.89
6	28281894	RS34661125	RS67981811	PRUNED_LD	LD		EUR	198	9.464E-26	2	0.89
6	27710165	RS17693963	RS66868086	PRUNED_LD	LD		EUR	199	1.032E-25	1	0.73
6	28756008	RS9257183	RS13194504	PRUNED_LD	LD		EUR	200	1.2E-25	7	0.84
6	28756088	RS9257184	RS13194504	PRUNED_LD	LD		EUR	201	1.22E-25	7	0.84
6	28756902	RS9257187	RS13194504	PRUNED_LD	LD		EUR	202	1.294E-25	7	0.84
6	28757489	RS9257188	RS13194504	PRUNED_LD	LD		EUR	203	1.386E-25	7	0.84
6	28673434	RS35243068	RS13194504	PRUNED_LD	LD		EUR	204	1.403E-25	7	0.94
6	28757555	RS9257189	RS13194504	PRUNED_LD	LD		EUR	205	1.433E-25	7	0.84
6	28712663	RS1233579	RS13194504	PRUNED_LD	LD		EUR	206	1.45E-25	7	0.87
6	32165444	RS2071278	RS2071278	SELECTED_LEAD	LD	OK_LOCAL_CACHE		207	1.46E-25	10	
6	28713725	RS1233580	RS13194504	PRUNED_LD	LD		EUR	208	1.49E-25	7	0.87
6	32187637	RS8192589	RS2071278	PRUNED_LD	LD		EUR	209	1.55E-25	10	0.75
6	28793915	RS3135295	RS13194504	PRUNED_LD	LD		EUR	210	1.557E-25	7	0.68
6	28713847	RS1233581	RS13194504	PRUNED_LD	LD		EUR	211	1.564E-25	7	0.87
6	28715566	RS1233583	RS13194504	PRUNED_LD	LD		EUR	212	1.665E-25	7	0.87
6	28723841	RS9257136	RS13194504	PRUNED_LD	LD		EUR	213	1.747E-25	7	0.87
6	28723960	RS1238262	RS13194504	PRUNED_LD	LD		EUR	214	1.761E-25	7	0.87
6	28723421	RS9257133	RS13194504	PRUNED_LD	LD		EUR	215	1.894E-25	7	0.87
6	28793904	RS3118359	RS13194504	PRUNED_LD	LD		EUR	216	1.939E-25	7	0.68
6	28717178	RS1311913	RS13194504	PRUNED_LD	LD		EUR	217	1.968E-25	7	0.87
6	28792030	RS3118360	RS13194504	PRUNED_LD	LD		EUR	218	1.99E-25	7	0.68
6	28716854	RS1311912	RS13194504	PRUNED_LD	LD		EUR	219	2.014E-25	7	0.87
6	28727121	RS9257140	RS13194504	PRUNED_LD	LD		EUR	220	2.079E-25	7	0.87
6	28775564	RS3131343	RS13194504	PRUNED_LD	LD		EUR	221	2.087E-25	7	0.73
6	28776117	RS4324798	RS13194504	PRUNED_LD	LD		EUR	222	2.118E-25	7	0.72
6	28776317	RS9257223	RS13194504	PRUNED_LD	LD		EUR	223	2.146E-25	7	0.72
6	28795856	RS3135296	RS13194504	PRUNED_LD	LD		EUR	224	2.156E-25	7	0.68
6	28750265	RS1233624	RS13194504	PRUNED_LD	LD		EUR	225	2.176E-25	7	0.84
6	28802149	RS3118357	RS13194504	PRUNED_LD	LD		EUR	226	2.211E-25	7	0.68
6	28801168	RS3132376	RS13194504	PRUNED_LD	LD		EUR	227	2.238E-25	7	0.68
6	28773355	RS3132373	RS13194504	PRUNED_LD	LD		EUR	228	2.327E-25	7	0.73
6	28803504	RS9257249	RS13194504	PRUNED_LD	LD		EUR	229	2.333E-25	7	0.65
6	28753646	RS1311918	RS13194504	PRUNED_LD	LD		EUR	230	2.338E-25	7	0.84
6	28779878	RS3131340	RS13194504	PRUNED_LD	LD		EUR	231	2.393E-25	7	0.72
6	28788769	RS3135294	RS13194504	PRUNED_LD	LD		EUR	232	2.394E-25	7	0.7
6	28719976	RS1233588	RS13194504	PRUNED_LD	LD		EUR	233	2.398E-25	7	0.87
6	28778723	RS3131341	RS13194504	PRUNED_LD	LD		EUR	234	2.445E-25	7	0.72
6	28782160	RS3132397	RS13194504	PRUNED_LD	LD		EUR	235	2.448E-25	7	0.72
6	28782310	RS3132396	RS13194504	PRUNED_LD	LD		EUR	236	2.476E-25	7	0.72
6	28764103	RS7764642	RS13194504	PRUNED_LD	LD		EUR	237	2.48E-25	7	0.82
6	28751041	RS1311917	RS13194504	PRUNED_LD	LD		EUR	238	2.487E-25	7	0.84
6	28787384	RS9257227	RS13194504	PRUNED_LD	LD		EUR	239	2.488E-25	7	0.69
6	28765098	RS9257191	RS13194504	PRUNED_LD	LD		EUR	240	2.539E-25	7	0.82
6	28803291	RS9257248	RS13194504	PRUNED_LD	LD		EUR	241	2.573E-25	7	0.68
6	28803633	RS9257250	RS13194504	PRUNED_LD	LD		EUR	242	2.59E-25	7	0.65
6	28765346	RS9257192	RS13194504	PRUNED_LD	LD		EUR	243	2.599E-25	7	0.84
6	28741734	RS9257167	RS13194504	PRUNED_LD	LD		EUR	244	2.647E-25	7	0.84
6	28723949	RS9257137	RS13194504	PRUNED_LD	LD		EUR	245	2.649E-25	7	0.87
6	28724082	RS1742743	RS13194504	PRUNED_LD	LD		EUR	246	2.709E-25	7	0.85
6	28748281	RS1233623	RS13194504	PRUNED_LD	LD		EUR	247	2.881E-25	7	0.84
6	28767482	RS7761321	RS13194504	PRUNED_LD	LD		EUR	248	2.979E-25	7	0.73
6	28726815	RS1233593	RS13194504	PRUNED_LD	LD		EUR	249	2.99E-25	7	0.87
6	28746171	RS1233620	RS13194504	PRUNED_LD	LD		EUR	250	3.055E-25	7	0.84
6	28745452	RS1233619	RS13194504	PRUNED_LD	LD		EUR	251	3.07E-25	7	0.84
6	28727343	RS1233594	RS13194504	PRUNED_LD	LD		EUR	252	3.1E-25	7	0.87
6	28742850	RS1233618	RS13194504	PRUNED_LD	LD		EUR	253	3.115E-25	7	0.84
6	28742086	RS1311914	RS13194504	PRUNED_LD	LD		EUR	254	3.145E-25	7	0.84
6	28768698	RS7767099	RS13194504	PRUNED_LD	LD		EUR	255	3.247E-25	7	0.73
6	28768932	RS9257217	RS13194504	PRUNED_LD	LD		EUR	256	3.313E-25	7	0.73
6	28768267	RS7766699	RS13194504	PRUNED_LD	LD		EUR	257	3.32E-25	7	0.71
6	28731188	RS1233599	RS13194504	PRUNED_LD	LD		EUR	258	3.339E-25	7	0.84
6	28736201	RS1233609	RS13194504	PRUNED_LD	LD		EUR	259	3.365E-25	7	0.84
6	28738429	RS1233612	RS13194504	PRUNED_LD	LD		EUR	260	3.371E-25	7	0.84
6	28737054	RS1233611	RS13194504	PRUNED_LD	LD		EUR	261	3.401E-25	7	0.84
6	28736988	RS1233610	RS13194504	PRUNED_LD	LD		EUR	262	3.413E-25	7	0.84
6	28732514	RS1233600	RS13194504	PRUNED_LD	LD		EUR	263	3.486E-25	7	0.84
6	28829637	RS3135302	RS13194504	PRUNED_LD	LD		EUR	264	3.513E-25	7	0.68
6	28734676	RS1233604	RS13194504	PRUNED_LD	LD		EUR	265	3.523E-25	7	0.84
6	28837109	RS3118368	RS13194504	PRUNED_LD	LD		EUR	266	3.643E-25	7	0.6
6	28804688	RS3135297	RS13194504	PRUNED_LD	LD		EUR	267	3.784E-25	7	0.63
6	28806303	RS3135298	RS13194504	PRUNED_LD	LD		EUR	268	3.923E-25	7	0.7
6	28808992	RS3132395	RS13194504	PRUNED_LD	LD		EUR	269	3.998E-25	7	0.7
6	28809598	RS3132393	RS13194504	PRUNED_LD	LD		EUR	270	4.157E-25	7	0.66
6	28833101	RS539591970	RS539591970	SELECTED_LEAD	DISTANCE_FALLBACK	NO_LD_RESPONSE		271	4.416E-25	11	
6	28814446	RS3131335	RS13194504	PRUNED_LD	LD		EUR	272	4.456E-25	7	0.66
6	28823999	RS3132384	RS13194504	PRUNED_LD	LD		EUR	273	4.723E-25	7	0.68
6	28837437	RS3131093	RS13194504	PRUNED_LD	LD		EUR	274	4.787E-25	7	0.67
6	28817897	RS7760313	RS13194504	PRUNED_LD	LD		EUR	275	4.789E-25	7	0.67
6	28837805	RS3132391	RS13194504	PRUNED_LD	LD		EUR	276	4.805E-25	7	0.68
6	28824397	RS3135300	RS13194504	PRUNED_LD	LD		EUR	277	4.849E-25	7	0.68
6	28838629	RS3132392	RS13194504	PRUNED_LD	LD		EUR	278	4.88E-25	7	0.68
6	28819880	RS9257267	RS539591970	PRUNED_DISTANCE_FALLBACK	DISTANCE_FALLBACK		NA	279	4.949E-25	11	
6	28839403	RS3135304	RS13194504	PRUNED_LD	LD		EUR	280	5.008E-25	7	0.68
6	28839353	RS3131094	RS13194504	PRUNED_LD	LD		EUR	281	5.016E-25	7	0.68
6	28839529	RS3118367	RS13194504	PRUNED_LD	LD		EUR	282	5.055E-25	7	0.68
6	28821676	RS556827765	RS539591970	PRUNED_DISTANCE_FALLBACK	DISTANCE_FALLBACK		NA	283	5.114E-25	11	
6	28839709	RS3135305	RS13194504	PRUNED_LD	LD		EUR	284	5.253E-25	7	0.68
6	28809050	RS3135299	RS13194504	PRUNED_LD	LD		EUR	285	5.298E-25	7	0.68
6	28817590	RS9257262	RS13194504	PRUNED_LD	LD		EUR	286	5.302E-25	7	0.68
6	28839798	RS3135306	RS13194504	PRUNED_LD	LD		EUR	287	5.382E-25	7	0.68
6	28800344	RS9257245	RS13194504	PRUNED_LD	LD		EUR	288	5.432E-25	7	0.67
6	28839899	RS3118366	RS13194504	PRUNED_LD	LD		EUR	289	5.477E-25	7	0.66
6	27433029	RS34613987	RS35715914	PRUNED_LD	LD		EUR	290	5.861E-25	4	0.75
6	27459923	RS34864796	RS35715914	PRUNED_LD	LD		EUR	291	6.615E-25	4	0.75
6	28831611	RS3131336	RS13194504	PRUNED_LD	LD		EUR	292	6.652E-25	7	0.68
6	28712247	RS1233578	RS13194504	PRUNED_LD	LD		EUR	293	6.658E-25	7	0.44
6	27441723	RS149866169	RS35715914	PRUNED_LD	LD		EUR	294	6.683E-25	4	0.73
6	28824974	RS3132385	RS13194504	PRUNED_LD	LD		EUR	295	6.707E-25	7	0.68
6	27443202	RS67240003	RS35715914	PRUNED_LD	LD		EUR	296	6.736E-25	4	0.75
6	32179438	RS3132956	RS2071278	PRUNED_LD	LD		EUR	297	6.913E-25	10	0.8
6	27446566	RS7749305	RS35715914	PRUNED_LD	LD		EUR	298	7.079E-25	4	0.75
6	28831021	RS3132389	RS13194504	PRUNED_LD	LD		EUR	299	7.178E-25	7	0.68
6	28796071	RS3131337	RS13194504	PRUNED_LD	LD		EUR	300	7.518E-25	7	0.6
6	32189921	RS3134796	RS2071278	PRUNED_LD	LD		EUR	301	7.569E-25	10	0.8
6	28809038	RS3132394	RS13194504	PRUNED_LD	LD		EUR	302	8.099E-25	7	0.7
6	32168771	RS3134942	RS2071278	PRUNED_LD	LD		EUR	303	8.494E-25	10	0.83
6	32172993	RS3131296	RS2071278	PRUNED_LD	LD		EUR	304	8.563E-25	10	0.83
6	28847384	RS3135307	RS13194504	PRUNED_LD	LD		EUR	305	8.896E-25	7	0.68
6	29167575	RS3116830	RS9257566	PRUNED_LD	LD		EUR	306	9.292E-25	8	0.74
6	28825571	RS3131345	RS13194504	PRUNED_LD	LD		EUR	307	9.856E-25	7	0.68
6	28825573	RS3132387	RS13194504	PRUNED_LD	LD		EUR	308	9.903E-25	7	0.67
6	28827879	RS3132388	RS13194504	PRUNED_LD	LD		EUR	309	1.049E-24	7	0.68
6	29607101	RS3131856	RS3131856	SELECTED_LEAD	LD	OK_MIXED		310	1.064E-24	12	
6	29159629	RS3129173	RS9257566	PRUNED_LD	LD		EUR	311	1.106E-24	8	0.74
6	26739487	RS35144506	RS66975207	PRUNED_LD	LD		EUR	312	1.115E-24	6	0.29
6	28852156	RS3135308	RS13194504	PRUNED_LD	LD		EUR	313	1.258E-24	7	0.68
6	29182887	RS3130831	RS9257566	PRUNED_LD	LD		EUR	314	1.302E-24	8	0.74
6	28862497	RS9257331	RS13194504	PRUNED_LD	LD		EUR	315	1.408E-24	7	0.68
6	28916594	RS3130844	RS9257566	PRUNED_LD	LD		EUR	316	1.466E-24	8	0.6
6	28920972	RS3131073	RS9257566	PRUNED_LD	LD		EUR	317	1.566E-24	8	0.58
6	28919896	RS3131072	RS9257566	PRUNED_LD	LD		EUR	318	1.589E-24	8	0.6
6	29211556	RS3117337	RS9257566	PRUNED_LD	LD		EUR	319	1.632E-24	8	0.73
6	29211438	RS3129104	RS9257566	PRUNED_LD	LD		EUR	320	1.635E-24	8	0.73
6	28926237	RS3130846	RS9257566	PRUNED_LD	LD		EUR	321	1.697E-24	8	0.58
6	29240378	RS3117326	RS9257566	PRUNED_LD	LD		EUR	322	1.747E-24	8	0.71
6	29148394	RS3116815	RS9257566	PRUNED_LD	LD		EUR	323	1.874E-24	8	0.74
6	29153155	RS3130746	RS9257566	PRUNED_LD	LD		EUR	324	1.881E-24	8	0.74
6	29211442	RS3117339	RS9257566	PRUNED_LD	LD		EUR	325	1.904E-24	8	0.73
6	28923367	RS3130845	RS9257566	PRUNED_LD	LD		EUR	326	1.922E-24	8	0.6
6	28905791	RS3130895	RS9257566	PRUNED_LD	LD		EUR	327	2.017E-24	8	0.59
6	28905523	RS3130892	RS9257566	PRUNED_LD	LD		EUR	328	2.019E-24	8	0.6
6	28905932	RS3131068	RS9257566	PRUNED_LD	LD		EUR	329	2.063E-24	8	0.6
6	28930257	RS3131076	RS9257566	PRUNED_LD	LD		EUR	330	2.107E-24	8	0.6
6	28906285	RS3131069	RS9257566	PRUNED_LD	LD		EUR	331	2.155E-24	8	0.6
6	28927271	RS3135325	RS9257566	PRUNED_LD	LD		EUR	332	2.169E-24	8	0.6
6	28927542	RS3130847	RS9257566	PRUNED_LD	LD		EUR	333	2.187E-24	8	0.6
6	28839908	RS3118365	RS13194504	PRUNED_LD	LD		EUR	334	2.246E-24	7	0.64
6	29109197	RS3130715	RS9257566	PRUNED_LD	LD		EUR	335	2.496E-24	8	0.77
6	29244219	RS144447022	RS9257566	PRUNED_LD	LD		EUR	336	2.793E-24	8	0.71
6	28948092	RS3130837	RS9257566	PRUNED_LD	LD		EUR	337	3.037E-24	8	0.63
6	28939283	RS3130885	RS9257566	PRUNED_LD	LD		EUR	338	3.149E-24	8	0.59
6	29095908	RS3130773	RS9257566	PRUNED_LD	LD		EUR	339	3.178E-24	8	0.77
6	29248149	RS3130834	RS9257566	PRUNED_LD	LD		EUR	340	3.278E-24	8	0.73
6	29098796	RS3130777	RS9257566	PRUNED_LD	LD		EUR	341	3.367E-24	8	0.77
6	29752808	RS9258375	RS3131856	PRUNED_LD	LD		EUR	342	3.847E-24	12	0.56
6	28851572	RS3131095	RS13194504	PRUNED_LD	LD		EUR	343	4.315E-24	7	0.68
6	28852451	RS3131096	RS13194504	PRUNED_LD	LD		EUR	344	4.439E-24	7	0.68
6	28924626	RS3131075	RS9257566	PRUNED_LD	LD		EUR	345	4.839E-24	8	0.6
6	28897980	RS3135318	RS9257566	PRUNED_LD	LD		EUR	346	5.135E-24	8	0.6
6	28957139	RS3130890	RS9257566	PRUNED_LD	LD		EUR	347	5.375E-24	8	0.58
6	29559238	RS1233385	RS3131856	PRUNED_LD	LD		EUR	348	5.409E-24	12	1
6	28864849	RS3135316	RS13194504	PRUNED_LD	LD		EUR	349	5.456E-24	7	0.68
6	28855805	RS3135309	RS13194504	PRUNED_LD	LD		EUR	350	5.64E-24	7	0.68
6	28856689	RS3135310	RS13194504	PRUNED_LD	LD		EUR	351	5.671E-24	7	0.68
6	28856889	RS3135312	RS13194504	PRUNED_LD	LD		EUR	352	5.677E-24	7	0.68
6	28856740	RS3135311	RS13194504	PRUNED_LD	LD		EUR	353	5.691E-24	7	0.68
6	28857630	RS3135313	RS13194504	PRUNED_LD	LD		EUR	354	5.703E-24	7	0.68
6	29075088	RS3129178	RS9257566	PRUNED_LD	LD		EUR	355	5.735E-24	8	0.74
6	28853197	RS3131097	RS13194504	PRUNED_LD	LD		EUR	356	5.892E-24	7	0.68
6	28852878	RS3118364	RS13194504	PRUNED_LD	LD		EUR	357	5.896E-24	7	0.64
6	29549653	RS1233393	RS3131856	PRUNED_LD	LD		EUR	358	6.395E-24	12	1
6	29537224	RS1235162	RS3131856	PRUNED_LD	LD		EUR	359	6.484E-24	12	0.96
6	28958399	RS550706621	RS539591970	PRUNED_DISTANCE_FALLBACK	DISTANCE_FALLBACK		NA	360	6.557E-24	11	
6	28866528	RS3130838	RS13194504	PRUNED_LD	LD		EUR	361	6.622E-24	7	0.68
6	28868494	RS3132374	RS13194504	PRUNED_LD	LD		EUR	362	7.107E-24	7	0.66
6	29001515	RS3129799	RS9257566	PRUNED_LD	LD		EUR	363	7.171E-24	8	0.66
6	29030195	RS3117142	RS9257566	PRUNED_LD	LD		EUR	364	7.975E-24	8	0.63
6	28992159	RS3129797	RS9257566	PRUNED_LD	LD		EUR	365	8.366E-24	8	0.66
6	29044701	RS3131085	RS9257566	PRUNED_LD	LD		EUR	366	8.393E-24	8	0.68
6	29031142	RS3117143	RS9257566	PRUNED_LD	LD		EUR	367	9.28E-24	8	0.66
6	29057639	RS3129788	RS9257566	PRUNED_LD	LD		EUR	368	9.387E-24	8	0.7
6	28934352	RS148696809	RS9257566	PRUNED_LD	LD		EUR	369	9.588E-24	8	0.59
6	28877247	RS3135293	RS13194504	PRUNED_LD	LD		EUR	370	9.83E-24	7	0.68
6	29163700	RS3116829	RS9257566	PRUNED_LD	LD		EUR	371	9.945E-24	8	0.76
6	29660816	RS547591961	RS547591961	SELECTED_LEAD	DISTANCE_FALLBACK	NO_LD_RESPONSE		372	1.006E-23	13	
6	28891176	RS2230683	RS539591970	PRUNED_DISTANCE_FALLBACK	DISTANCE_FALLBACK		NA	373	1.049E-23	11	
6	29175498	RS9257611	RS9257566	PRUNED_LD	LD		EUR	374	1.073E-23	8	0.76
6	28883296	RS3132382	RS539591970	PRUNED_DISTANCE_FALLBACK	DISTANCE_FALLBACK		NA	375	1.121E-23	11	
6	28977217	RS3130891	RS9257566	PRUNED_LD	LD		EUR	376	1.179E-23	8	0.66
6	28893573	RS13206458	RS539591970	PRUNED_DISTANCE_FALLBACK	DISTANCE_FALLBACK		NA	377	1.244E-23	11	
6	29181897	RS3130828	RS9257566	PRUNED_LD	LD		EUR	378	1.262E-23	8	0.76
6	28944086	RS3130887	RS9257566	PRUNED_LD	LD		EUR	379	1.335E-23	8	0.61
6	29189972	RS3130808	RS9257566	PRUNED_LD	LD		EUR	380	1.475E-23	8	0.76
6	28954293	RS3129791	RS9257566	PRUNED_LD	LD		EUR	381	1.531E-23	8	0.6
6	28885865	RS3132378	RS539591970	PRUNED_DISTANCE_FALLBACK	DISTANCE_FALLBACK		NA	382	1.574E-23	11	
6	28885863	RS3131101	RS539591970	PRUNED_DISTANCE_FALLBACK	DISTANCE_FALLBACK		NA	383	1.587E-23	11	
6	29133642	RS4947263	RS9257566	PRUNED_LD	LD		EUR	384	1.64E-23	8	0.76
6	28678357	RS7775835	RS13194504	PRUNED_LD	LD		EUR	385	1.68E-23	7	0.66
6	28906922	RS3131071	RS9257566	PRUNED_LD	LD		EUR	386	1.776E-23	8	0.6
6	29111775	RS3129120	RS9257566	PRUNED_LD	LD		EUR	387	1.91E-23	8	0.79
6	29118747	RS3130725	RS9257566	PRUNED_LD	LD		EUR	388	1.912E-23	8	0.8
6	29435355	RS2746149	RS3131856	PRUNED_LD	LD		EUR	389	1.922E-23	12	0.71
6	28898287	RS3118361	RS9257566	PRUNED_LD	LD		EUR	390	1.96E-23	8	0.6
6	29458241	RS1233493	RS3131856	PRUNED_LD	LD		EUR	391	1.97E-23	12	0.71
6	29206251	RS3117342	RS9257566	PRUNED_LD	LD		EUR	392	1.985E-23	8	0.76
6	29007219	RS3117146	RS9257566	PRUNED_LD	LD		EUR	393	2.114E-23	8	0.66
6	29219489	RS3117333	RS9257566	PRUNED_LD	LD		EUR	394	2.118E-23	8	0.76
6	29090011	RS3129112	RS9257566	PRUNED_LD	LD		EUR	395	2.221E-23	8	0.77
6	28998449	RS3129798	RS9257566	PRUNED_LD	LD		EUR	396	2.231E-23	8	0.66
6	29022499	RS3117141	RS9257566	PRUNED_LD	LD		EUR	397	2.239E-23	8	0.66
6	29223493	6:29223493_G_C	RS539591970	PRUNED_DISTANCE_FALLBACK	DISTANCE_FALLBACK		NA	398	2.244E-23	11	
6	28949960	6:28949960_T_C	RS539591970	PRUNED_DISTANCE_FALLBACK	DISTANCE_FALLBACK		NA	399	2.339E-23	11	
6	29413003	RS2023463	RS3131856	PRUNED_LD	LD		EUR	400	2.349E-23	12	0.71
6	28989297	RS3135317	RS9257566	PRUNED_LD	LD		EUR	401	2.361E-23	8	0.66
6	29046418	RS3117145	RS9257566	PRUNED_LD	LD		EUR	402	2.453E-23	8	0.66
6	29283672	RS3129682	RS9257566	PRUNED_LD	LD		EUR	403	2.465E-23	8	0.64
6	32005267	RS431204	RS431204	SELECTED_LEAD	DISTANCE_FALLBACK	NO_LD_RESPONSE		404	2.517E-23	14	
6	29437033	RS2206853	RS3131856	PRUNED_LD	LD		EUR	405	2.563E-23	12	0.71
6	29013570	RS3129800	RS9257566	PRUNED_LD	LD		EUR	406	2.66E-23	8	0.67
6	29015226	RS3130747	RS9257566	PRUNED_LD	LD		EUR	407	2.703E-23	8	0.66
6	29453219	RS1233494	RS3131856	PRUNED_LD	LD		EUR	408	2.78E-23	12	0.71
6	29266483	RS3117439	RS9257566	PRUNED_LD	LD		EUR	409	2.916E-23	8	0.67
6	28974265	RS3129794	RS9257566	PRUNED_LD	LD		EUR	410	3.963E-23	8	0.66
6	28983887	RS3130896	RS9257566	PRUNED_LD	LD		EUR	411	4.01E-23	8	0.66
6	28980707	RS3130893	RS9257566	PRUNED_LD	LD		EUR	412	4.045E-23	8	0.66
6	32201279	RS6918888	RS2071278	PRUNED_LD	LD		EUR	413	4.949E-23	10	0.56
6	28982272	RS3131081	RS9257566	PRUNED_LD	LD		EUR	414	5.024E-23	8	0.66
6	28981519	RS3130894	RS9257566	PRUNED_LD	LD		EUR	415	5.23E-23	8	0.66
6	27808192	RS201002	RS66868086	PRUNED_LD	LD		EUR	416	5.278E-23	1	0.88
6	27798257	RS200489	RS66868086	PRUNED_LD	LD		EUR	417	5.71E-23	1	0.86
6	27792640	RS200497	RS66868086	PRUNED_LD	LD		EUR	418	5.811E-23	1	0.85
6	27775674	RS200484	RS66868086	PRUNED_LD	LD		EUR	419	6.238E-23	1	0.77
6	27773904	RS200482	RS66868086	PRUNED_LD	LD		EUR	420	6.27E-23	1	0.85
6	27796935	RS200490	RS66868086	PRUNED_LD	LD		EUR	421	6.317E-23	1	0.85
6	27783359	RS2747054	RS66868086	PRUNED_LD	LD		EUR	422	6.608E-23	1	0.86
6	27854301	RS200977	RS66868086	PRUNED_LD	LD		EUR	423	6.628E-23	1	0.9
6	27774824	RS200483	RS66868086	PRUNED_LD	LD		EUR	424	6.792E-23	1	0.86
6	27850714	RS493161	RS66868086	PRUNED_LD	LD		EUR	425	6.885E-23	1	0.9
6	29260431	RS3117425	RS9257566	PRUNED_LD	LD		EUR	426	6.95E-23	8	0.66
6	27810626	RS175597	RS66868086	PRUNED_LD	LD		EUR	427	7.091E-23	1	0.9
6	27782031	RS370155	RS66868086	PRUNED_LD	LD		EUR	428	7.103E-23	1	0.85
6	27775697	RS200485	RS66868086	PRUNED_LD	LD		EUR	429	7.13E-23	1	0.86
6	27773832	RS200481	RS66868086	PRUNED_LD	LD		EUR	430	7.165E-23	1	0.86
6	32204657	RS3134925	RS2071278	PRUNED_LD	LD		EUR	431	7.21E-23	10	0.57
6	27781872	RS9368531	RS66868086	PRUNED_LD	LD		EUR	432	7.251E-23	1	0.86
6	32204684	RS3134924	RS2071278	PRUNED_LD	LD		EUR	433	7.342E-23	10	0.57
6	27846744	RS483143	RS66868086	PRUNED_LD	LD		EUR	434	7.364E-23	1	0.88
6	32205867	RS3130303	RS2071278	PRUNED_LD	LD		EUR	435	7.428E-23	10	0.57
6	27845129	RS557042	RS66868086	PRUNED_LD	LD		EUR	436	7.438E-23	1	0.9
6	27811828	RS200996	RS66868086	PRUNED_LD	LD		EUR	437	8.671E-23	1	0.88
6	29411432	RS1535039	RS3131856	PRUNED_LD	LD		EUR	438	9.087E-23	12	0.73
6	32205942	RS6901158	RS2071278	PRUNED_LD	LD		EUR	439	9.358E-23	10	0.57
6	29523957	RS404240	RS3131856	PRUNED_LD	LD		EUR	440	9.409E-23	12	0.81
6	29415464	RS2523443	RS3131856	PRUNED_LD	LD		EUR	441	9.572E-23	12	0.73
6	29432173	RS2143668	RS3131856	PRUNED_LD	LD		EUR	442	9.767E-23	12	0.73
6	27816442	RS200989	RS66868086	PRUNED_LD	LD		EUR	443	9.939E-23	1	0.9
6	27815823	RS200990	RS66868086	PRUNED_LD	LD		EUR	444	1.01E-22	1	0.88
6	27782538	RS401754	RS66868086	PRUNED_LD	LD		EUR	445	1.057E-22	1	0.86
6	29521445	RS389419	RS3131856	PRUNED_LD	LD		EUR	446	1.099E-22	12	0.81
6	27782528	RS401763	RS66868086	PRUNED_LD	LD		EUR	447	1.108E-22	1	0.62
6	27828151	RS34295134	RS66868086	PRUNED_LD	LD		EUR	448	1.115E-22	1	0.88
6	29467719	RS1233488	RS3131856	PRUNED_LD	LD		EUR	449	1.117E-22	12	0.71
6	27830326	RS200983	RS66868086	PRUNED_LD	LD		EUR	450	1.12E-22	1	0.88
6	29452136	RS1234844	RS3131856	PRUNED_LD	LD		EUR	451	1.124E-22	12	0.71
6	29442701	RS2746150	RS3131856	PRUNED_LD	LD		EUR	452	1.13E-22	12	0.73
6	29519554	RS408623	RS3131856	PRUNED_LD	LD		EUR	453	1.148E-22	12	0.81
6	29461730	RS1233491	RS3131856	PRUNED_LD	LD		EUR	454	1.171E-22	12	0.73
6	29463043	RS1233489	RS3131856	PRUNED_LD	LD		EUR	455	1.173E-22	12	0.73
6	27835772	RS200950	RS66868086	PRUNED_LD	LD		EUR	456	1.24E-22	1	0.9
6	27835272	RS200948	RS66868086	PRUNED_LD	LD		EUR	457	1.26E-22	1	0.9
6	27836976	RS200952	RS66868086	PRUNED_LD	LD		EUR	458	1.26E-22	1	0.9
6	27838764	RS200954	RS66868086	PRUNED_LD	LD		EUR	459	1.267E-22	1	0.9
6	29484215	RS2523431	RS3131856	PRUNED_LD	LD		EUR	460	1.267E-22	12	0.73
6	27837267	RS200953	RS66868086	PRUNED_LD	LD		EUR	461	1.301E-22	1	0.88
6	27833174	RS200981	RS66868086	PRUNED_LD	LD		EUR	462	1.312E-22	1	0.88
6	29526562	RS413670	RS3131856	PRUNED_LD	LD		EUR	463	1.354E-22	12	0.81
6	29356331	RS9257809	RS9257566	PRUNED_LD	LD		EUR	464	1.423E-22	8	0.51
6	27788942	RS200501	RS66868086	PRUNED_LD	LD		EUR	465	1.43E-22	1	0.86
6	29356687	RS442694	RS9257566	PRUNED_LD	LD		EUR	466	1.871E-22	8	0.52
6	29254982	RS9257681	RS9257566	PRUNED_LD	LD		EUR	467	1.89E-22	8	0.61
6	31704294	RS3131383	RS431204	PRUNED_DISTANCE_FALLBACK	DISTANCE_FALLBACK		NA	468	1.968E-22	14	
6	29340743	RS9257800	RS9257566	PRUNED_LD	LD		EUR	469	1.983E-22	8	0.59
6	27813694	RS200995	RS66868086	PRUNED_LD	LD		EUR	470	2.005E-22	1	0.9
6	29274136	RS3117427	RS9257566	PRUNED_LD	LD		EUR	471	2.161E-22	8	0.66
6	31708463	RS3131381	RS431204	PRUNED_DISTANCE_FALLBACK	DISTANCE_FALLBACK		NA	472	2.162E-22	14	
6	31677391	RS9267549	RS431204	PRUNED_DISTANCE_FALLBACK	DISTANCE_FALLBACK		NA	473	2.246E-22	14	
6	32198981	RS3130297	RS2071278	PRUNED_LD	LD		EUR	474	2.262E-22	10	0.46
6	32194630	RS3096690	RS2071278	PRUNED_LD	LD		EUR	475	2.263E-22	10	0.48
6	31712196	RS3132445	RS431204	PRUNED_DISTANCE_FALLBACK	DISTANCE_FALLBACK		NA	476	2.312E-22	14	
6	31709778	RS3131380	RS431204	PRUNED_DISTANCE_FALLBACK	DISTANCE_FALLBACK		NA	477	2.338E-22	14	
6	28689672	RS9468413	RS13194504	PRUNED_LD	LD		EUR	478	2.381E-22	7	0.44
6	31892484	RS497309	RS431204	PRUNED_DISTANCE_FALLBACK	DISTANCE_FALLBACK		NA	479	2.467E-22	14	
6	31715882	RS3130484	RS431204	PRUNED_DISTANCE_FALLBACK	DISTANCE_FALLBACK		NA	480	2.573E-22	14	
6	31666424	RS9267539	RS431204	PRUNED_DISTANCE_FALLBACK	DISTANCE_FALLBACK		NA	481	2.593E-22	14	
6	31596138	RS3132450	RS431204	PRUNED_DISTANCE_FALLBACK	DISTANCE_FALLBACK		NA	482	2.628E-22	14	
6	28684183	RS9295778	RS13194504	PRUNED_LD	LD		EUR	483	2.788E-22	7	0.44
6	31727897	RS3115672	RS431204	PRUNED_DISTANCE_FALLBACK	DISTANCE_FALLBACK		NA	484	2.935E-22	14	
6	31726794	RS3117576	RS431204	PRUNED_DISTANCE_FALLBACK	DISTANCE_FALLBACK		NA	485	3.05E-22	14	
6	31725285	RS3131378	RS431204	PRUNED_DISTANCE_FALLBACK	DISTANCE_FALLBACK		NA	486	3.057E-22	14	
6	30787762	RS1264353	RS1264353	SELECTED_LEAD	LD	OK_LOCAL_CACHE		487	3.162E-22	15	
6	31721033	RS3131379	RS431204	PRUNED_DISTANCE_FALLBACK	DISTANCE_FALLBACK		NA	488	3.242E-22	14	
6	31671557	RS9267544	RS431204	PRUNED_DISTANCE_FALLBACK	DISTANCE_FALLBACK		NA	489	3.256E-22	14	
6	31626013	RS3132449	RS431204	PRUNED_DISTANCE_FALLBACK	DISTANCE_FALLBACK		NA	490	3.282E-22	14	
6	31725230	RS3117574	RS431204	PRUNED_DISTANCE_FALLBACK	DISTANCE_FALLBACK		NA	491	3.308E-22	14	
6	31624864	RS3117581	RS431204	PRUNED_DISTANCE_FALLBACK	DISTANCE_FALLBACK		NA	492	3.341E-22	14	
6	31636742	RS9267531	RS431204	PRUNED_DISTANCE_FALLBACK	DISTANCE_FALLBACK		NA	493	3.348E-22	14	
6	28700352	RS6456834	RS13194504	PRUNED_LD	LD		EUR	494	3.515E-22	7	0.44
6	31739120	RS3130490	RS431204	PRUNED_DISTANCE_FALLBACK	DISTANCE_FALLBACK		NA	495	3.521E-22	14	
6	31714031	RS3132443	RS431204	PRUNED_DISTANCE_FALLBACK	DISTANCE_FALLBACK		NA	496	3.658E-22	14	
6	31734345	RS3115671	RS431204	PRUNED_DISTANCE_FALLBACK	DISTANCE_FALLBACK		NA	497	3.662E-22	14	
6	32080191	RS1269852	RS2071278	PRUNED_LD	LD		EUR	498	3.672E-22	10	0.5
6	31705864	RS3101018	RS431204	PRUNED_DISTANCE_FALLBACK	DISTANCE_FALLBACK		NA	499	3.717E-22	14	
6	30784068	RS1264356	RS1264353	PRUNED_LD	LD		MULTI	500	3.769E-22	15	1
6	31733466	RS3101017	RS431204	PRUNED_DISTANCE_FALLBACK	DISTANCE_FALLBACK		NA	501	3.909E-22	14	
6	31718396	RS3117573	RS431204	PRUNED_DISTANCE_FALLBACK	DISTANCE_FALLBACK		NA	502	4.264E-22	14	
6	31726253	RS3117575	RS431204	PRUNED_DISTANCE_FALLBACK	DISTANCE_FALLBACK		NA	503	4.486E-22	14	
6	31727474	RS3117577	RS431204	PRUNED_DISTANCE_FALLBACK	DISTANCE_FALLBACK		NA	504	4.823E-22	14	
6	31881309	RS532086	RS431204	PRUNED_DISTANCE_FALLBACK	DISTANCE_FALLBACK		NA	505	5.1E-22	14	
6	30782002	RS886424	RS1264353	PRUNED_LD	LD		MULTI	506	5.195E-22	15	1
6	26328353	RS34107459	RS41266839	PRUNED_LD	LD		EUR	507	5.285E-22	3	0.91
6	30781301	RS886425	RS1264353	PRUNED_LD	LD		MULTI	508	5.41E-22	15	1
6	31620520	RS3117582	RS431204	PRUNED_DISTANCE_FALLBACK	DISTANCE_FALLBACK		NA	509	5.478E-22	14	
6	26316295	RS13220522	RS41266839	PRUNED_LD	LD		EUR	510	5.993E-22	3	0.91
6	28214698	RS17720293	RS67981811	PRUNED_LD	LD		EUR	511	6.103E-22	2	0.7
6	32096001	RS3130288	RS2071278	PRUNED_LD	LD		EUR	512	6.285E-22	10	0.52
6	31802101	RS3130476	RS431204	PRUNED_DISTANCE_FALLBACK	DISTANCE_FALLBACK		NA	513	6.324E-22	14	
6	31745464	RS3130491	RS431204	PRUNED_DISTANCE_FALLBACK	DISTANCE_FALLBACK		NA	514	6.358E-22	14	
6	28671343	RS6908726	RS13194504	PRUNED_LD	LD		EUR	515	6.415E-22	7	0.93
6	32059867	RS1150753	RS2071278	PRUNED_LD	LD		EUR	516	6.58E-22	10	0.46
6	31787167	RS1265947	RS431204	PRUNED_DISTANCE_FALLBACK	DISTANCE_FALLBACK		NA	517	6.763E-22	14	
6	31878433	RS519417	RS431204	PRUNED_DISTANCE_FALLBACK	DISTANCE_FALLBACK		NA	518	6.822E-22	14	
6	31808436	RS599707	RS431204	PRUNED_DISTANCE_FALLBACK	DISTANCE_FALLBACK		NA	519	6.894E-22	14	
6	31810612	RS9267574	RS431204	PRUNED_DISTANCE_FALLBACK	DISTANCE_FALLBACK		NA	520	6.907E-22	14	
6	31761213	RS2607014	RS431204	PRUNED_DISTANCE_FALLBACK	DISTANCE_FALLBACK		NA	521	7.189E-22	14	
6	31840477	RS501942	RS431204	PRUNED_DISTANCE_FALLBACK	DISTANCE_FALLBACK		NA	522	7.2E-22	14	
6	31772093	RS625421	RS431204	PRUNED_DISTANCE_FALLBACK	DISTANCE_FALLBACK		NA	523	7.343E-22	14	
6	31777192	RS553414	RS431204	PRUNED_DISTANCE_FALLBACK	DISTANCE_FALLBACK		NA	524	7.398E-22	14	
6	31768799	RS681331	RS431204	PRUNED_DISTANCE_FALLBACK	DISTANCE_FALLBACK		NA	525	7.417E-22	14	
6	29376385	RS406511	RS9257566	PRUNED_LD	LD		EUR	526	7.437E-22	8	0.49
6	29375802	RS437955	RS9257566	PRUNED_LD	LD		EUR	527	7.444E-22	8	0.49
6	31765984	RS2736425	RS431204	PRUNED_DISTANCE_FALLBACK	DISTANCE_FALLBACK		NA	528	7.45E-22	14	
6	30777498	RS1264361	RS1264353	PRUNED_LD	LD		MULTI	529	7.711E-22	15	1
6	31870326	RS558702	RS431204	PRUNED_DISTANCE_FALLBACK	DISTANCE_FALLBACK		NA	530	7.998E-22	14	
6	31909941	RS1265905	RS431204	PRUNED_DISTANCE_FALLBACK	DISTANCE_FALLBACK		NA	531	8.118E-22	14	
6	31832038	RS515688	RS431204	PRUNED_DISTANCE_FALLBACK	DISTANCE_FALLBACK		NA	532	8.205E-22	14	
6	26266311	RS55706012	RS41266839	PRUNED_LD	LD		EUR	533	8.328E-22	3	0.85
6	32064726	RS1150752	RS2071278	PRUNED_LD	LD		EUR	534	8.388E-22	10	0.48
6	32035694	RS1150756	RS2071278	PRUNED_LD	LD		EUR	535	8.398E-22	10	0.44
6	29372323	RS429479	RS9257566	PRUNED_LD	LD		EUR	536	8.436E-22	8	0.49
6	31807540	RS3130679	RS431204	PRUNED_DISTANCE_FALLBACK	DISTANCE_FALLBACK		NA	537	8.517E-22	14	
6	32029205	RS1150757	RS2071278	PRUNED_LD	LD		EUR	538	9.196E-22	10	0.45
6	31766660	RS2763980	RS431204	PRUNED_DISTANCE_FALLBACK	DISTANCE_FALLBACK		NA	539	9.325E-22	14	
6	32131972	RS3132941	RS2071278	PRUNED_LD	LD		EUR	540	9.427E-22	10	0.54
6	28301195	6:28301195_A_G	6:28301195_A_G	SELECTED_LEAD	DISTANCE_FALLBACK	NO_LD_RESPONSE		541	9.434E-22	16	
6	31918860	RS1270942	RS2071278	PRUNED_LD	LD		EUR	542	9.511E-22	10	0.39
6	32014828	RS433061	RS2071278	PRUNED_LD	LD		EUR	543	9.583E-22	10	0.42
6	31749184	RS915651	RS431204	PRUNED_DISTANCE_FALLBACK	DISTANCE_FALLBACK		NA	544	9.73E-22	14	
6	31940897	RS389884	RS2071278	PRUNED_LD	LD		EUR	545	9.84E-22	10	0.4
6	30745800	RS3129977	RS1264353	PRUNED_LD	LD		MULTI	546	9.876E-22	15	0.88
6	32218120	RS529729079	RS431204	PRUNED_DISTANCE_FALLBACK	DISTANCE_FALLBACK		NA	547	1.014E-21	14	
6	32226481	RS9268026	RS2071278	PRUNED_LD	LD		EUR	548	1.079E-21	10	0.31
6	28682725	RS9393926	RS13194504	PRUNED_LD	LD		EUR	549	1.11E-21	7	0.93
6	31818108	RS9267578	RS431204	PRUNED_DISTANCE_FALLBACK	DISTANCE_FALLBACK		NA	550	1.119E-21	14	
6	26454363	RS34605993	RS41266839	PRUNED_LD	LD		EUR	551	1.138E-21	3	0.82
6	32219898	RS558281186	RS431204	PRUNED_DISTANCE_FALLBACK	DISTANCE_FALLBACK		NA	552	1.138E-21	14	
6	31805913	RS3130478	RS431204	PRUNED_DISTANCE_FALLBACK	DISTANCE_FALLBACK		NA	553	1.218E-21	14	
6	28011516	RS149949	RS66868086	PRUNED_LD	LD		EUR	554	1.221E-21	1	0.68
6	28696063	RS9393929	RS13194504	PRUNED_LD	LD		EUR	555	1.221E-21	7	0.89
6	26455814	RS35680819	RS41266839	PRUNED_LD	LD		EUR	556	1.258E-21	3	0.85
6	30764081	RS3130641	RS1264353	PRUNED_LD	LD		MULTI	557	1.284E-21	15	1
6	31749142	RS915652	RS431204	PRUNED_DISTANCE_FALLBACK	DISTANCE_FALLBACK		NA	558	1.34E-21	14	
6	26456074	RS36033628	RS41266839	PRUNED_LD	LD		EUR	559	1.357E-21	3	0.85
6	32230256	RS3132971	RS2071278	PRUNED_LD	LD		EUR	560	1.358E-21	10	0.35
6	26478252	RS34104395	RS41266839	PRUNED_LD	LD		EUR	561	1.361E-21	3	0.85
6	28705074	RS1311911	RS13194504	PRUNED_LD	LD		EUR	562	1.408E-21	7	0.85
6	26468326	RS3734542	RS41266839	PRUNED_LD	LD		EUR	563	1.41E-21	3	0.85
6	26468545	RS3734543	RS41266839	PRUNED_LD	LD		EUR	564	1.411E-21	3	0.85
6	27263641	RS3800318	RS13207082	PRUNED_LD	LD		EUR	565	1.448E-21	9	0.39
6	28701492	RS6456835	RS539591970	PRUNED_DISTANCE_FALLBACK	DISTANCE_FALLBACK		NA	566	1.448E-21	11	
6	30760968	RS9262203	RS1264353	PRUNED_LD	LD		MULTI	567	1.551E-21	15	1
6	30761089	RS9262204	RS1264353	PRUNED_LD	LD		MULTI	568	1.612E-21	15	1
6	30760232	RS3131052	RS1264353	PRUNED_LD	LD		MULTI	569	1.637E-21	15	0.94
6	26462104	RS35627490	RS41266839	PRUNED_LD	LD		EUR	570	1.642E-21	3	0.85
6	30761132	RS3131054	RS1264353	PRUNED_LD	LD		MULTI	571	1.654E-21	15	0.87
6	30760907	RS9262202	RS1264353	PRUNED_LD	LD		MULTI	572	1.679E-21	15	1
6	30758848	RS3131045	RS1264353	PRUNED_LD	LD		MULTI	573	1.682E-21	15	1
6	27261324	RS7746199	RS13207082	PRUNED_LD	LD		EUR	574	1.697E-21	9	0.41
6	26463271	RS3823158	RS41266839	PRUNED_LD	LD		EUR	575	1.755E-21	3	0.85
6	30761487	RS3131055	RS1264353	PRUNED_LD	LD		MULTI	576	1.77E-21	15	1
6	30762238	RS3131058	RS1264353	PRUNED_LD	LD		MULTI	577	1.773E-21	15	1
6	30762542	RS3129985	RS1264353	PRUNED_LD	LD		MULTI	578	1.775E-21	15	1
6	30743739	RS3130669	RS1264353	PRUNED_LD	LD		MULTI	579	1.812E-21	15	1
6	32240072	RS3115556	RS2071278	PRUNED_LD	LD		EUR	580	1.818E-21	10	0.33
6	26463660	RS13195509	RS41266839	PRUNED_LD	LD		EUR	581	1.863E-21	3	0.85
6	30759426	RS3131048	RS1264353	PRUNED_LD	LD		MULTI	582	1.904E-21	15	1
6	30759335	RS3131047	RS1264353	PRUNED_LD	LD		MULTI	583	1.913E-21	15	1
6	30759489	RS3131049	RS1264353	PRUNED_LD	LD		MULTI	584	1.921E-21	15	1
6	30760276	RS3129983	RS1264353	PRUNED_LD	LD		MULTI	585	1.925E-21	15	1
6	30760725	RS9262200	RS1264353	PRUNED_LD	LD		MULTI	586	1.929E-21	15	1
6	30760190	RS3129982	RS1264353	PRUNED_LD	LD		MULTI	587	1.957E-21	15	1
6	26444732	RS9379875	RS41266839	PRUNED_LD	LD		EUR	588	1.961E-21	3	0.62
6	27265940	RS13211166	RS13207082	PRUNED_LD	LD		EUR	589	1.973E-21	9	0.4
6	26444938	RS35942482	RS41266839	PRUNED_LD	LD		EUR	590	1.974E-21	3	0.62
6	30732858	RS3094118	RS1264353	PRUNED_LD	LD		MULTI	591	1.979E-21	15	0.88
6	30760025	RS3131050	RS1264353	PRUNED_LD	LD		MULTI	592	2E-21	15	1
6	28011652	RS202906	RS66868086	PRUNED_LD	LD		EUR	593	2.058E-21	1	0.68
6	27261661	RS72839449	RS13207082	PRUNED_LD	LD		EUR	594	2.15E-21	9	0.4
6	30750925	RS3095333	RS1264353	PRUNED_LD	LD		MULTI	595	2.32E-21	15	1
6	26199903	RS34961555	RS41266839	PRUNED_LD	LD		EUR	596	2.328E-21	3	0.71
6	31835164	RS693906	RS431204	PRUNED_DISTANCE_FALLBACK	DISTANCE_FALLBACK		NA	597	2.331E-21	14	
6	30763291	RS3131060	RS1264353	PRUNED_LD	LD		MULTI	598	2.403E-21	15	1
6	30744200	RS3132603	RS1264353	PRUNED_LD	LD		MULTI	599	2.419E-21	15	0.89
6	26189356	RS13204572	RS41266839	PRUNED_LD	LD		EUR	600	2.455E-21	3	0.73
6	27410422	RS35984974	RS35715914	PRUNED_LD	LD		EUR	601	2.474E-21	4	0.68
6	29986324	RS3115631	RS547591961	PRUNED_DISTANCE_FALLBACK	DISTANCE_FALLBACK		NA	602	2.495E-21	13	
6	30748164	RS3132599	RS1264353	PRUNED_LD	LD		MULTI	603	2.565E-21	15	1
6	32159956	RS3134605	RS2071278	PRUNED_LD	LD		MULTI	604	2.585E-21	10	0.65
6	28832788	RS574909700	RS539591970	PRUNED_DISTANCE_FALLBACK	DISTANCE_FALLBACK		NA	605	2.588E-21	11	
6	30742713	RS3095334	RS1264353	PRUNED_LD	LD		MULTI	606	2.593E-21	15	1
6	30743864	RS3130670	RS1264353	PRUNED_LD	LD		EUR	607	2.646E-21	15	0.85
6	32252132	RS9268123	RS431204	PRUNED_DISTANCE_FALLBACK	DISTANCE_FALLBACK		NA	608	2.714E-21	14	
6	31826705	RS67682613	RS431204	PRUNED_DISTANCE_FALLBACK	DISTANCE_FALLBACK		NA	609	2.763E-21	14	
6	26499185	RS13220261	RS41266839	PRUNED_LD	LD		EUR	610	2.773E-21	3	0.83
6	30739972	RS3132605	RS1264353	PRUNED_LD	LD		MULTI	611	2.847E-21	15	1
6	30746331	RS3129978	RS1264353	PRUNED_LD	LD		MULTI	612	2.861E-21	15	1
6	26434630	RS9366656	RS41266839	PRUNED_LD	LD		EUR	613	2.902E-21	3	0.62
6	27300310	RS13212562	RS13207082	PRUNED_LD	LD		EUR	614	2.905E-21	9	0.8
6	30758371	RS3129980	RS1264353	PRUNED_LD	LD		MULTI	615	2.92E-21	15	1
6	30746519	RS3130673	RS1264353	PRUNED_LD	LD		MULTI	616	2.94E-21	15	1
6	27877446	RS188015	RS66868086	PRUNED_LD	LD		EUR	617	2.959E-21	1	0.81
6	30789647	RS1264352	RS1264353	PRUNED_LD	LD		EUR	618	2.972E-21	15	0.77
6	30758664	RS3131044	RS1264353	PRUNED_LD	LD		MULTI	619	3.001E-21	15	1
6	26593037	RS34781270	RS41266839	PRUNED_LD	LD		EUR	620	3.036E-21	3	0.69
6	30738446	RS3095336	RS1264353	PRUNED_LD	LD		MULTI	621	3.166E-21	15	1
6	26454956	RS66757203	RS41266839	PRUNED_LD	LD		EUR	622	3.202E-21	3	0.85
6	26509382	RS35555795	RS41266839	PRUNED_LD	LD		EUR	623	3.226E-21	3	0.83
6	27998258	RS149990	RS66868086	PRUNED_LD	LD		EUR	624	3.265E-21	1	0.74
6	32153406	RS169504	RS2071278	PRUNED_LD	LD		EUR	625	3.265E-21	10	0.25
6	26562269	RS35277236	RS41266839	PRUNED_LD	LD		EUR	626	3.303E-21	3	0.77
6	32257199	RS9268144	RS2071278	PRUNED_LD	LD		EUR	627	3.306E-21	10	0.3
6	28002388	RS149943	RS66868086	PRUNED_LD	LD		EUR	628	3.316E-21	1	0.74
6	32261252	RS7775397	RS2071278	PRUNED_LD	LD		EUR	629	3.318E-21	10	0.31
6	29970960	RS3094146	RS547591961	PRUNED_DISTANCE_FALLBACK	DISTANCE_FALLBACK		NA	630	3.375E-21	13	
6	26529890	RS35433030	RS41266839	PRUNED_LD	LD		EUR	631	3.404E-21	3	0.83
6	26415409	RS34273322	RS41266839	PRUNED_LD	LD		EUR	632	3.427E-21	3	0.6
6	26530376	RS66941101	RS41266839	PRUNED_LD	LD		EUR	633	3.524E-21	3	0.83
6	26563864	RS72844462	RS41266839	PRUNED_LD	LD		EUR	634	3.542E-21	3	0.77
6	26479150	RS16891725	RS41266839	PRUNED_LD	LD		EUR	635	3.577E-21	3	0.61
6	32263663	RS9268152	RS2071278	PRUNED_LD	LD		EUR	636	3.58E-21	10	0.31
6	27967089	RS156743	RS66868086	PRUNED_LD	LD		EUR	637	3.617E-21	1	0.74
6	26602453	RS28360517	RS41266839	PRUNED_LD	LD		EUR	638	3.687E-21	3	0.5
6	26511744	RS34148261	RS41266839	PRUNED_LD	LD		EUR	639	3.738E-21	3	0.83
6	32176208	RS3130292	RS2071278	PRUNED_LD	LD		MULTI	640	3.745E-21	10	0.66
6	26598004	RS4634439	RS41266839	PRUNED_LD	LD		EUR	641	3.878E-21	3	0.5
6	27283254	RS2893910	RS13207082	PRUNED_LD	LD		EUR	642	3.944E-21	9	0.4
6	32269457	RS9268158	RS2071278	PRUNED_LD	LD		EUR	643	3.948E-21	10	0.31
6	26603924	RS35076545	RS41266839	PRUNED_LD	LD		EUR	644	4.052E-21	3	0.69
6	30798697	RS1264347	RS1264353	PRUNED_LD	LD		EUR	645	4.091E-21	15	0.87
6	26569135	RS36162392	RS41266839	PRUNED_LD	LD		EUR	646	4.137E-21	3	0.74
6	26601526	RS9379897	RS41266839	PRUNED_LD	LD		EUR	647	4.168E-21	3	0.5
6	32175331	RS3130291	RS2071278	PRUNED_LD	LD		MULTI	648	4.18E-21	10	0.58
6	26603866	RS9379901	RS41266839	PRUNED_LD	LD		EUR	649	4.253E-21	3	0.5
6	26609989	RS13212985	RS41266839	PRUNED_LD	LD		EUR	650	4.318E-21	3	0.67
6	30755067	RS3131041	RS1264353	PRUNED_LD	LD		MULTI	651	4.324E-21	15	1
6	26603015	RS9379899	RS41266839	PRUNED_LD	LD		EUR	652	4.384E-21	3	0.5
6	32176782	RS3132947	RS2071278	PRUNED_LD	LD		MULTI	653	4.535E-21	10	0.56
6	26605206	RS9348726	RS41266839	PRUNED_LD	LD		EUR	654	4.545E-21	3	0.5
6	32275621	RS9268178	RS2071278	PRUNED_LD	LD		EUR	655	4.568E-21	10	0.25
6	32274882	RS9268177	RS2071278	PRUNED_LD	LD		EUR	656	4.581E-21	10	0.26
6	26416787	RS9358939	RS41266839	PRUNED_LD	LD		EUR	657	4.762E-21	3	0.6
6	26431982	RS2235251	RS41266839	PRUNED_LD	LD		EUR	658	4.77E-21	3	0.62
6	26603811	RS9379900	RS41266839	PRUNED_LD	LD		EUR	659	4.836E-21	3	0.49
6	26550144	RS72845428	RS41266839	PRUNED_LD	LD		EUR	660	5.044E-21	3	0.77
6	26549212	RS34246779	RS41266839	PRUNED_LD	LD		EUR	661	5.116E-21	3	0.77
6	26590578	RS13203358	RS41266839	PRUNED_LD	LD		EUR	662	5.462E-21	3	0.5
6	32285362	RS116667074	RS2071278	PRUNED_LD	LD		EUR	663	5.539E-21	10	0.28
6	26407482	RS9393718	RS41266839	PRUNED_LD	LD		EUR	664	5.61E-21	3	0.62
6	26587373	RS13190739	RS41266839	PRUNED_LD	LD		EUR	665	5.701E-21	3	0.68
6	32288952	RS7751715	RS2071278	PRUNED_LD	LD		EUR	666	5.723E-21	10	0.26
6	32171075	RS3132935	RS2071278	PRUNED_LD	LD		MULTI	667	5.725E-21	10	0.58
6	26175866	RS17598658	RS41266839	PRUNED_LD	LD		EUR	668	5.753E-21	3	0.73
6	26761745	RS34244947	RS66975207	PRUNED_LD	LD		EUR	669	5.912E-21	6	0.41
6	31196862	RS1793894	RS1793894	SELECTED_LEAD	LD	OK_LOCAL_CACHE		670	5.952E-21	17	
6	26387546	RS9358938	RS41266839	PRUNED_LD	LD		EUR	671	5.973E-21	3	0.62
6	26824920	RS55664827	RS66975207	PRUNED_LD	LD		EUR	672	6.173E-21	6	0.54
6	30717258	RS3129972	RS1264353	PRUNED_LD	LD		EUR	673	6.188E-21	15	0.78
6	26851415	RS77666565	RS66975207	PRUNED_LD	LD		EUR	674	6.297E-21	6	0.65
6	32290208	RS9268235	RS2071278	PRUNED_LD	LD		EUR	675	6.374E-21	10	0.26
6	26828359	RS190945449	RS66975207	PRUNED_LD	LD		EUR	676	6.675E-21	6	0.63
6	26588521	RS34229567	RS41266839	PRUNED_LD	LD		EUR	677	6.842E-21	3	0.46
6	26755915	RS13213200	RS66975207	PRUNED_LD	LD		EUR	678	6.842E-21	6	0.43
6	30782205	RS886423	RS1264353	PRUNED_LD	LD		EUR	679	7.167E-21	15	0.78
6	27814677	RS200992	RS66868086	PRUNED_LD	LD		EUR	680	7.596E-21	1	0.83
6	28301099	RS7752448	RS67981811	PRUNED_LD	LD		EUR	681	7.888E-21	2	0.67
6	32295652	RS4392743	RS2071278	PRUNED_LD	LD		EUR	682	8.154E-21	10	0.26
6	30796545	RS1264350	RS1264353	PRUNED_LD	LD		EUR	683	8.602E-21	15	0.77
6	31620134	RS531558755	RS431204	PRUNED_DISTANCE_FALLBACK	DISTANCE_FALLBACK		NA	684	8.617E-21	14	
6	31434520	RS3094012	RS3094012	SELECTED_LEAD	LD	OK_LOCAL_CACHE		685	8.743E-21	18	
6	26385093	RS2072806	RS41266839	PRUNED_LD	LD		EUR	686	8.981E-21	3	0.62
6	26339131	RS35942569	RS41266839	PRUNED_LD	LD		EUR	687	9.114E-21	3	0.89
6	26601940	RS13208916	RS41266839	PRUNED_LD	LD		EUR	688	9.714E-21	3	0.5
6	26421345	RS2393667	RS41266839	PRUNED_LD	LD		EUR	689	1E-20	3	0.62
6	32302382	RS1265757	RS2071278	PRUNED_LD	LD		EUR	690	1.006E-20	10	0.27
6	30763893	RS3131064	RS1264353	PRUNED_LD	LD		EUR	691	1.015E-20	15	0.66
6	26392515	RS2072803	RS41266839	PRUNED_LD	LD		EUR	692	1.025E-20	3	0.62
6	32303692	RS1265754	RS2071278	PRUNED_LD	LD		EUR	693	1.033E-20	10	0.26
6	32280591	RS9268208	RS2071278	PRUNED_LD	LD		EUR	694	1.038E-20	10	0.22
6	32310863	RS2849018	RS2071278	PRUNED_LD	LD		EUR	695	1.047E-20	10	0.26
6	30708955	RS1059612	RS1264353	PRUNED_LD	LD		EUR	696	1.087E-20	15	0.74
6	32305544	RS926593	RS2071278	PRUNED_LD	LD		EUR	697	1.092E-20	10	0.26
6	31338844	RS2853986	RS3094012	PRUNED_LD	LD		EUR	698	1.18E-20	18	0.34
6	26426856	RS2076030	RS41266839	PRUNED_LD	LD		EUR	699	1.207E-20	3	0.62
6	30763562	RS3129986	RS1264353	PRUNED_LD	LD		EUR	700	1.282E-20	15	0.74
6	30796659	RS1264349	RS1264353	PRUNED_LD	LD		EUR	701	1.282E-20	15	0.95
6	30792117	RS1264351	RS1264353	PRUNED_LD	LD		EUR	702	1.359E-20	15	0.95
6	32315511	RS910051	RS2071278	PRUNED_LD	LD		EUR	703	1.362E-20	10	0.24
6	26487169	RS6900665	RS41266839	PRUNED_LD	LD		EUR	704	1.388E-20	3	0.65
6	30075613	RS2023473	RS547591961	PRUNED_DISTANCE_FALLBACK	DISTANCE_FALLBACK		NA	705	1.394E-20	13	
6	32284108	RS9268219	RS2071278	PRUNED_LD	LD		EUR	706	1.396E-20	10	0.27
6	26485573	RS9348721	RS41266839	PRUNED_LD	LD		EUR	707	1.433E-20	3	0.65
6	28025926	RS35949109	RS66868086	PRUNED_LD	LD		EUR	708	1.466E-20	1	0.62
6	26309908	RS10484439	RS41266839	PRUNED_LD	LD		EUR	709	1.491E-20	3	0.87
6	29546799	RS1233396	RS3131856	PRUNED_LD	LD		EUR	710	1.491E-20	12	0.92
6	29548089	RS926552	RS3131856	PRUNED_LD	LD		EUR	711	1.578E-20	12	0.92
6	30713808	RS3130662	RS1264353	PRUNED_LD	LD		EUR	712	1.594E-20	15	0.55
6	26488860	RS16891727	RS41266839	PRUNED_LD	LD		EUR	713	1.655E-20	3	0.65
6	32161852	RS204989	RS2071278	PRUNED_LD	LD		MULTI	714	1.673E-20	10	0.73
6	30763714	RS3131062	RS1264353	PRUNED_LD	LD		EUR	715	1.693E-20	15	0.76
6	30899051	RS3095155	RS1264353	PRUNED_LD	LD		EUR	716	1.736E-20	15	0.87
6	26995168	RS36022097	RS66975207	PRUNED_LD	LD		EUR	717	1.803E-20	6	0.66
6	26998693	RS35212793	RS66975207	PRUNED_LD	LD		EUR	718	1.841E-20	6	0.66
6	26999908	RS35769282	RS66975207	PRUNED_LD	LD		EUR	719	1.85E-20	6	0.66
6	32161366	RS204991	RS2071278	PRUNED_LD	LD		MULTI	720	1.875E-20	10	0.73
6	27004098	RS57713596	RS66975207	PRUNED_LD	LD		EUR	721	1.911E-20	6	0.66
6	26985607	RS56874662	RS66975207	PRUNED_LD	LD		EUR	722	1.963E-20	6	0.66
6	31302265	RS4947307	RS1793894	PRUNED_LD	LD		EUR	723	2.004E-20	17	0.26
6	31322790	RS2523607	RS3094012	PRUNED_LD	LD		EUR	724	2.02E-20	18	0.28
6	31323416	RS2596495	RS3094012	PRUNED_LD	LD		EUR	725	2.048E-20	18	0.28
6	31323506	RS4990036	RS3094012	PRUNED_LD	LD		EUR	726	2.088E-20	18	0.28
6	32161430	RS204990	RS2071278	PRUNED_LD	LD		MULTI	727	2.122E-20	10	0.73
6	26977952	RS151153924	RS66975207	PRUNED_LD	LD		EUR	728	2.129E-20	6	0.64
6	26318262	RS35162296	RS41266839	PRUNED_LD	LD		EUR	729	2.146E-20	3	0.91
6	27278020	RS16897515	RS13207082	PRUNED_LD	LD		EUR	730	2.151E-20	9	0.41
6	31316526	RS9265994	RS1793894	PRUNED_LD	LD		EUR	731	2.214E-20	17	0.21
6	26970895	RS34864993	RS66975207	PRUNED_LD	LD		EUR	732	2.295E-20	6	0.66
6	27040402	RS35608615	RS66975207	PRUNED_LD	LD		EUR	733	2.298E-20	6	0.64
6	30894965	RS3094088	RS1264353	PRUNED_LD	LD		EUR	734	2.378E-20	15	0.87
6	26537801	RS6920256	RS41266839	PRUNED_LD	LD		EUR	735	2.385E-20	3	0.54
6	26336572	RS34158769	RS41266839	PRUNED_LD	LD		EUR	736	2.399E-20	3	0.91
6	27031029	RS13191326	RS66975207	PRUNED_LD	LD		EUR	737	2.435E-20	6	0.64
6	30650026	RS9262142	RS1264353	PRUNED_LD	LD		EUR	738	2.497E-20	15	0.72
6	32325562	RS2395149	RS2071278	PRUNED_LD	LD		EUR	739	2.662E-20	10	0.24
6	30644137	RS9262141	RS1264353	PRUNED_LD	LD		EUR	740	2.699E-20	15	0.72
6	26500011	RS9393727	RS41266839	PRUNED_LD	LD		EUR	741	2.846E-20	3	0.58
6	26402717	RS9379873	RS41266839	PRUNED_LD	LD		EUR	742	2.854E-20	3	0.62
6	30603519	RS9262130	RS1264353	PRUNED_LD	LD		EUR	743	2.875E-20	15	0.74
6	30652781	RS9262143	RS1264353	PRUNED_LD	LD		EUR	744	2.975E-20	15	0.72
6	30656828	RS9262146	RS1264353	PRUNED_LD	LD		EUR	745	2.998E-20	15	0.72
6	26501768	RS2295593	RS41266839	PRUNED_LD	LD		EUR	746	3.041E-20	3	0.58
6	30802465	RS1264341	RS1264353	PRUNED_LD	LD		EUR	747	3.192E-20	15	0.87
6	30882415	RS1264304	RS1264353	PRUNED_LD	LD		EUR	748	3.216E-20	15	0.87
6	30611350	RS9262132	RS1264353	PRUNED_LD	LD		EUR	749	3.219E-20	15	0.74
6	30899195	RS3095153	RS1264353	PRUNED_LD	LD		EUR	750	3.274E-20	15	0.68
6	30618906	RS9262135	RS1264353	PRUNED_LD	LD		EUR	751	3.332E-20	15	0.74
6	30899650	RS3095152	RS1264353	PRUNED_LD	LD		EUR	752	3.364E-20	15	0.69
6	30879987	RS1264308	RS1264353	PRUNED_LD	LD		EUR	753	3.365E-20	15	0.87
6	30722267	RS3095332	RS1264353	PRUNED_LD	LD		EUR	754	3.403E-20	15	0.83
6	30873605	RS1264310	RS1264353	PRUNED_LD	LD		EUR	755	3.404E-20	15	0.87
6	30913458	RS3132581	RS1264353	PRUNED_LD	LD		EUR	756	3.476E-20	15	0.7
6	30723169	RS3129974	RS1264353	PRUNED_LD	LD		EUR	757	3.478E-20	15	0.83
6	32333827	RS3129927	RS431204	PRUNED_DISTANCE_FALLBACK	DISTANCE_FALLBACK		NA	758	3.5E-20	14	
6	30723781	RS3095328	RS1264353	PRUNED_LD	LD		EUR	759	3.562E-20	15	0.83
6	30872982	RS1264312	RS1264353	PRUNED_LD	LD		EUR	760	3.602E-20	15	0.87
6	30872783	RS1264313	RS1264353	PRUNED_LD	LD		EUR	761	3.649E-20	15	0.87
6	27042287	RS35526527	RS66975207	PRUNED_LD	LD		EUR	762	3.766E-20	6	0.64
6	30596421	RS9262126	RS1264353	PRUNED_LD	LD		EUR	763	3.881E-20	15	0.74
6	30926517	RS3095156	RS1264353	PRUNED_LD	LD		EUR	764	3.89E-20	15	0.84
6	30743729	RS3130668	RS1264353	PRUNED_LD	LD		EUR	765	3.921E-20	15	0.75
6	27185664	RS13219354	RS66975207	PRUNED_LD	LD		EUR	766	3.938E-20	6	0.45
6	30864279	RS886422	RS1264353	PRUNED_LD	LD		EUR	767	3.947E-20	15	0.87
6	26514940	RS12176129	RS41266839	PRUNED_LD	LD		EUR	768	3.958E-20	3	0.58
6	30803526	RS1110482	RS1264353	PRUNED_LD	LD		EUR	769	3.964E-20	15	0.87
6	27185354	RS56862318	RS66975207	PRUNED_LD	LD		EUR	770	3.986E-20	6	0.45
6	28796460	RS3132379	RS13194504	PRUNED_LD	LD		EUR	771	3.998E-20	7	0.33
6	30919391	RS3094086	RS1264353	PRUNED_LD	LD		EUR	772	4.059E-20	15	0.69
6	30920124	RS3132580	RS1264353	PRUNED_LD	LD		EUR	773	4.081E-20	15	0.7
6	30761572	RS3129984	RS1264353	PRUNED_LD	LD		EUR	774	4.132E-20	15	0.91
6	27176628	RS34817112	RS66975207	PRUNED_LD	LD		EUR	775	4.133E-20	6	0.45
6	30867527	RS1049633	RS1264353	PRUNED_LD	LD		EUR	776	4.255E-20	15	0.87
6	26555433	RS16901784	RS41266839	PRUNED_LD	LD		EUR	777	4.262E-20	3	0.53
6	30857894	RS1264322	RS1264353	PRUNED_LD	LD		EUR	778	4.413E-20	15	0.87
6	30879636	RS886420	RS1264353	PRUNED_LD	LD		EUR	779	4.433E-20	15	0.89
6	26530419	RS67234939	RS41266839	PRUNED_LD	LD		EUR	780	4.503E-20	3	0.58
6	30780568	RS2524266	RS1264353	PRUNED_LD	LD		EUR	781	4.511E-20	15	0.95
6	32340871	RS3117109	RS431204	PRUNED_DISTANCE_FALLBACK	DISTANCE_FALLBACK		NA	782	4.553E-20	14	
6	26510748	RS3799383	RS41266839	PRUNED_LD	LD		EUR	783	4.705E-20	3	0.58
6	29342775	RS3749971	RS9257566	PRUNED_LD	LD		EUR	784	4.775E-20	8	0.57
6	31430752	RS3132090	RS3094012	PRUNED_LD	LD		MULTI	785	4.799E-20	18	0.92
6	30709357	RS3094125	RS1264353	PRUNED_LD	LD		EUR	786	4.831E-20	15	0.73
6	31434331	RS3131619	RS3094012	PRUNED_LD	LD		MULTI	787	5.048E-20	18	0.92
6	30851989	RS1264325	RS1264353	PRUNED_LD	LD		EUR	788	5.053E-20	15	0.87
6	30851909	RS1264326	RS1264353	PRUNED_LD	LD		EUR	789	5.086E-20	15	0.83
6	31434366	RS3094013	RS3094012	PRUNED_LD	LD		MULTI	790	5.114E-20	18	0.92
6	26511076	RS9379882	RS41266839	PRUNED_LD	LD		EUR	791	5.182E-20	3	0.58
6	30708695	RS3130661	RS1264353	PRUNED_LD	LD		EUR	792	5.214E-20	15	0.73
6	30811265	RS2517578	RS1264353	PRUNED_LD	LD		EUR	793	5.219E-20	15	0.87
6	30813249	RS2535332	RS1264353	PRUNED_LD	LD		EUR	794	5.231E-20	15	0.87
6	32666526	RS1794282	RS1794282	SELECTED_LEAD	LD	OK_MIXED		795	5.231E-20	19	
6	31433693	RS3128986	RS3094012	PRUNED_LD	LD		MULTI	796	5.277E-20	18	0.92
6	30701092	RS3130658	RS1264353	PRUNED_LD	LD		EUR	797	5.306E-20	15	0.73
6	30855211	RS1264324	RS1264353	PRUNED_LD	LD		EUR	798	5.705E-20	15	0.89
6	30746367	RS3132600	RS1264353	PRUNED_LD	LD		EUR	799	5.726E-20	15	0.85
6	30831195	RS3132577	RS1264353	PRUNED_LD	LD		EUR	800	5.778E-20	15	0.87
6	30706361	RS3130660	RS1264353	PRUNED_LD	LD		EUR	801	5.836E-20	15	0.73
6	30812996	RS2535334	RS1264353	PRUNED_LD	LD		EUR	802	6.041E-20	15	0.87
6	32358201	RS3129950	RS431204	PRUNED_DISTANCE_FALLBACK	DISTANCE_FALLBACK		NA	803	6.05E-20	14	
6	27198343	RS67457459	RS13207082	PRUNED_LD	LD		EUR	804	6.068E-20	9	0.54
6	30821522	RS2844661	RS1264353	PRUNED_LD	LD		EUR	805	6.178E-20	15	0.86
6	32904051	RS75301392	RS75301392	SELECTED_LEAD	LD	OK_LOCAL_CACHE		806	6.185E-20	20	
6	26365679	RS58825580	RS41266839	PRUNED_LD	LD		EUR	807	6.247E-20	3	0.6
6	30688575	RS3132583	RS1264353	PRUNED_LD	LD		EUR	808	6.3E-20	15	0.73
6	30825994	RS2535328	RS1264353	PRUNED_LD	LD		EUR	809	6.311E-20	15	0.87
6	32904039	RS77318243	RS75301392	PRUNED_LD	LD		MULTI	810	6.327E-20	20	1
6	31428920	RS3130477	RS3094012	PRUNED_LD	LD		MULTI	811	6.351E-20	18	0.92
6	31431813	RS3130907	RS3094012	PRUNED_LD	LD		MULTI	812	6.356E-20	18	0.92
6	32671207	RS1794511	RS1794282	PRUNED_LD	LD		EUR	813	6.427E-20	19	0.74
6	32667595	RS1794279	RS1794282	PRUNED_LD	LD		EUR	814	6.485E-20	19	0.9
6	31386131	RS3132472	RS1793894	PRUNED_LD	LD		EUR	815	6.829E-20	17	0.24
6	30687614	RS3132585	RS1264353	PRUNED_LD	LD		EUR	816	6.872E-20	15	0.73
6	32673893	RS1617322	RS1794282	PRUNED_LD	LD		EUR	817	6.946E-20	19	0.74
6	32672439	RS1794528	RS1794282	PRUNED_LD	LD		EUR	818	6.958E-20	19	0.74
6	32345689	RS2894254	RS431204	PRUNED_DISTANCE_FALLBACK	DISTANCE_FALLBACK		NA	819	6.986E-20	14	
6	30566407	RS3095276	RS1264353	PRUNED_LD	LD		EUR	820	7.001E-20	15	0.76
6	30820373	RS2263298	RS1264353	PRUNED_LD	LD		EUR	821	7.043E-20	15	0.89
6	30834331	RS2844656	RS1264353	PRUNED_LD	LD		EUR	822	7.078E-20	15	0.87
6	32671800	RS1794530	RS1794282	PRUNED_LD	LD		EUR	823	7.094E-20	19	0.74
6	30838497	RS2535340	RS1264353	PRUNED_LD	LD		EUR	824	7.504E-20	15	0.87
6	32672216	RS1794272	RS1794282	PRUNED_LD	LD		EUR	825	7.545E-20	19	0.74
6	31799076	RS3115674	RS431204	PRUNED_DISTANCE_FALLBACK	DISTANCE_FALLBACK		NA	826	7.641E-20	14	
6	28400538	RS7766356	RS67981811	PRUNED_LD	LD		EUR	827	7.747E-20	2	0.41
6	31430010	RS3132089	RS3094012	PRUNED_LD	LD		MULTI	828	7.786E-20	18	0.92
6	31430065	RS3099839	RS3094012	PRUNED_LD	LD		MULTI	829	7.792E-20	18	0.92
6	26999845	RS13217285	RS66975207	PRUNED_LD	LD		EUR	830	7.901E-20	6	0.68
6	31348365	RS4143332	RS3094012	PRUNED_LD	LD		MULTI	831	8.068E-20	18	0.34
6	27205422	RS13212921	RS13207082	PRUNED_LD	LD		EUR	832	8.088E-20	9	0.54
6	31434621	RS3131618	RS3094012	PRUNED_LD	LD		EUR	833	8.134E-20	18	0.88
6	31335976	RS2156874	RS3094012	PRUNED_LD	LD		MULTI	834	8.22E-20	18	0.36
6	30769273	RS1264373	RS1264353	PRUNED_LD	LD		EUR	835	8.317E-20	15	0.95
6	30842629	RS2517572	RS1264353	PRUNED_LD	LD		EUR	836	8.533E-20	15	0.87
6	31315229	RS9265949	RS1793894	PRUNED_LD	LD		EUR	837	8.647E-20	17	0.21
6	31430694	RS3094605	RS3094012	PRUNED_LD	LD		MULTI	838	8.712E-20	18	0.92
6	31353435	RS2844530	RS3094012	PRUNED_LD	LD		EUR	839	8.737E-20	18	0.4
6	27229265	RS4452638	RS13207082	PRUNED_LD	LD		EUR	840	8.951E-20	9	0.58
6	31353171	RS2844531	RS3094012	PRUNED_LD	LD		MULTI	841	9.087E-20	18	0.4
6	31353329	RS2596565	RS3094012	PRUNED_LD	LD		MULTI	842	9.1E-20	18	0.4
6	31316911	RS2923008	RS1793894	PRUNED_LD	LD		EUR	843	9.198E-20	17	0.21
6	30515043	RS3130247	RS3130247	SELECTED_LEAD	LD	OK_MIXED		844	9.224E-20	21	
6	27163456	RS35909544	RS66975207	PRUNED_LD	LD		EUR	845	9.278E-20	6	0.46
6	30730482	RS9262174	RS1264353	PRUNED_LD	LD		EUR	846	9.623E-20	15	0.69
6	30731401	RS3095338	RS1264353	PRUNED_LD	LD		EUR	847	9.674E-20	15	0.69
6	30032522	RS8321	RS547591961	PRUNED_DISTANCE_FALLBACK	DISTANCE_FALLBACK		NA	848	9.72E-20	13	
6	32668946	RS1613056	RS1794282	PRUNED_LD	LD		EUR	849	9.822E-20	19	0.74
6	26978700	RS13215879	RS13215879	SELECTED_LEAD	DISTANCE_FALLBACK	NO_LD_RESPONSE		850	1.004E-19	22	
6	32668663	RS1794277	RS1794277	SELECTED_LEAD	LD	OK		851	1.019E-19	23	
6	29818726	RS2523761	RS3131856	PRUNED_LD	LD		EUR	852	1.039E-19	12	0.32
6	31316695	RS9266001	RS1793894	PRUNED_LD	LD		EUR	853	1.04E-19	17	0.21
6	30495860	RS3094024	RS3130247	PRUNED_LD	LD		EUR	854	1.044E-19	21	1
6	31288877	RS7748141	RS7748141	SELECTED_LEAD	DISTANCE_FALLBACK	NO_LD_RESPONSE		855	1.075E-19	24	
6	31377978	RS2523495	RS1793894	PRUNED_LD	LD		EUR	856	1.078E-19	17	0.24
6	32666358	RS1794283	RS1794282	PRUNED_LD	LD		EUR	857	1.098E-19	19	0.79
6	32659609	RS2647004	RS1794282	PRUNED_LD	LD		EUR	858	1.191E-19	19	0.79
6	32659645	RS2856674	RS1794282	PRUNED_LD	LD		EUR	859	1.194E-19	19	0.79
6	32663355	RS2647019	RS1794282	PRUNED_LD	LD		EUR	860	1.216E-19	19	0.81
6	30508956	RS3130117	RS3130247	PRUNED_LD	LD		EUR	861	1.247E-19	21	1
6	32657436	RS3129716	RS1794282	PRUNED_LD	LD		EUR	862	1.251E-19	19	0.79
6	31098734	RS3132541	RS1793894	PRUNED_LD	LD		EUR	863	1.256E-19	17	0.52
6	32635998	RS9274623	RS1794282	PRUNED_LD	LD		EUR	864	1.262E-19	19	0.24
6	31100974	RS3130562	RS1793894	PRUNED_LD	LD		EUR	865	1.328E-19	17	0.52
6	32667171	RS1794280	RS1794282	PRUNED_LD	LD		EUR	866	1.341E-19	19	0.79
6	26377927	RS68072215	RS41266839	PRUNED_LD	LD		EUR	867	1.342E-19	3	0.65
6	31326074	RS2853999	RS3094012	PRUNED_LD	LD		MULTI	868	1.355E-19	18	0.39
6	31326703	RS2523593	RS3094012	PRUNED_LD	LD		MULTI	869	1.389E-19	18	0.39
6	32682135	RS3957147	RS1794282	PRUNED_LD	LD		EUR	870	1.403E-19	19	0.32
6	30699022	RS3095327	RS1264353	PRUNED_LD	LD		EUR	871	1.424E-19	15	0.67
6	27007687	RS35741362	RS66975207	PRUNED_LD	LD		EUR	872	1.431E-19	6	0.65
6	32651477	RS3134978	RS1794282	PRUNED_LD	LD		EUR	873	1.439E-19	19	0.75
6	26377939	RS66823108	RS41266839	PRUNED_LD	LD		EUR	874	1.443E-19	3	0.65
6	26378288	RS72841536	RS41266839	PRUNED_LD	LD		EUR	875	1.515E-19	3	0.65
6	31328988	RS2523573	RS3094012	PRUNED_LD	LD		MULTI	876	1.55E-19	18	0.38
6	26377385	RS9366655	RS41266839	PRUNED_LD	LD		EUR	877	1.559E-19	3	0.65
6	26377546	RS1977	RS41266839	PRUNED_LD	LD		EUR	878	1.56E-19	3	0.65
6	26377573	RS1978	RS41266839	PRUNED_LD	LD		EUR	879	1.562E-19	3	0.65
6	31329374	RS2596545	RS3094012	PRUNED_LD	LD		MULTI	880	1.568E-19	18	0.38
6	26377591	RS1979	RS41266839	PRUNED_LD	LD		EUR	881	1.572E-19	3	0.65
6	31414241	RS9267092	RS3094012	PRUNED_LD	LD		MULTI	882	1.591E-19	18	0.88
6	31408329	RS3132473	RS3094012	PRUNED_LD	LD		MULTI	883	1.686E-19	18	0.86
6	30074072	RS2517601	RS547591961	PRUNED_DISTANCE_FALLBACK	DISTANCE_FALLBACK		NA	884	1.69E-19	13	
6	30689001	RS3132582	RS1264353	PRUNED_LD	LD		EUR	885	1.705E-19	15	0.67
6	31081434	RS3094222	RS1793894	PRUNED_LD	LD		EUR	886	1.749E-19	17	0.52
6	26798796	RS374593247	RS13215879	PRUNED_DISTANCE_FALLBACK	DISTANCE_FALLBACK		NA	887	1.792E-19	22	
6	31410521	RS3093958	RS3094012	PRUNED_LD	LD		EUR	888	1.847E-19	18	0.85
6	32368462	RS3129956	RS431204	PRUNED_DISTANCE_FALLBACK	DISTANCE_FALLBACK		NA	889	1.919E-19	14	
6	29484110	RS2523432	RS3131856	PRUNED_LD	LD		EUR	890	1.972E-19	12	0.66
6	26373086	RS12174623	RS41266839	PRUNED_LD	LD		EUR	891	1.973E-19	3	0.66
6	31085356	RS3130985	RS1793894	PRUNED_LD	LD		EUR	892	1.991E-19	17	0.52
6	31321267	RS2596500	RS1793894	PRUNED_LD	LD		EUR	893	2.035E-19	17	0.21
6	26377028	RS9366654	RS41266839	PRUNED_LD	LD		EUR	894	2.181E-19	3	0.64
6	31094703	RS3130557	RS1793894	PRUNED_LD	LD		EUR	895	2.19E-19	17	0.52
6	32667910	RS2647044	RS1794282	PRUNED_LD	LD		EUR	896	2.36E-19	19	0.76
6	31546850	RS1800628	RS431204	PRUNED_DISTANCE_FALLBACK	DISTANCE_FALLBACK		NA	897	2.506E-19	14	
6	31327890	RS2523584	RS3094012	PRUNED_LD	LD		MULTI	898	2.535E-19	18	0.38
6	26373121	RS12174639	RS41266839	PRUNED_LD	LD		EUR	899	2.555E-19	3	0.66
6	30038647	RS9261290	RS547591961	PRUNED_DISTANCE_FALLBACK	DISTANCE_FALLBACK		NA	900	2.568E-19	13	
6	30063674	RS1264705	RS547591961	PRUNED_DISTANCE_FALLBACK	DISTANCE_FALLBACK		NA	901	2.647E-19	13	
6	32679326	RS9275576	RS1794282	PRUNED_LD	LD		EUR	902	2.67E-19	19	0.61
6	30155149	RS2517622	RS547591961	PRUNED_DISTANCE_FALLBACK	DISTANCE_FALLBACK		NA	903	2.715E-19	13	
6	31348519	RS4143333	RS3094012	PRUNED_LD	LD		MULTI	904	2.782E-19	18	0.34
6	31129310	RS7750641	RS1793894	PRUNED_LD	LD		EUR	905	2.824E-19	17	0.6
6	30721143	RS3129973	RS1264353	PRUNED_LD	LD		EUR	906	2.871E-19	15	0.82
6	30206014	RS2844777	RS2844777	SELECTED_LEAD	LD	OK_MIXED		907	2.899E-19	25	
6	26376368	RS28551159	RS41266839	PRUNED_LD	LD		EUR	908	2.942E-19	3	0.66
6	26376314	RS3047288	RS3047288	SELECTED_LEAD	LD	OK		909	2.961E-19	26	
6	30544401	RS3132610	RS1264353	PRUNED_LD	LD		EUR	910	2.977E-19	15	0.72
6	32381280	RS3129966	RS431204	PRUNED_DISTANCE_FALLBACK	DISTANCE_FALLBACK		NA	911	3.031E-19	14	
6	26376103	RS3757138	RS41266839	PRUNED_LD	LD		EUR	912	3.061E-19	3	0.66
6	26374978	RS2073527	RS41266839	PRUNED_LD	LD		EUR	913	3.168E-19	3	0.66
6	26375159	RS2073529	RS41266839	PRUNED_LD	LD		EUR	914	3.173E-19	3	0.66
6	30063652	RS1264706	RS547591961	PRUNED_DISTANCE_FALLBACK	DISTANCE_FALLBACK		NA	915	3.216E-19	13	
6	31340075	RS2844559	RS3094012	PRUNED_LD	LD		EUR	916	3.403E-19	18	0.33
6	26373740	RS9393714	RS41266839	PRUNED_LD	LD		EUR	917	3.427E-19	3	0.66
6	26374274	RS9358937	RS41266839	PRUNED_LD	LD		EUR	918	3.442E-19	3	0.66
6	26373507	RS13216828	RS41266839	PRUNED_LD	LD		EUR	919	3.483E-19	3	0.66
6	31339996	RS2523524	RS3094012	PRUNED_LD	LD		MULTI	920	3.484E-19	18	0.33
6	26373678	RS9393713	RS41266839	PRUNED_LD	LD		EUR	921	3.489E-19	3	0.66
6	30725841	RS3095326	RS1264353	PRUNED_LD	LD		EUR	922	3.51E-19	15	0.82
6	26373150	RS12174631	RS41266839	PRUNED_LD	LD		EUR	923	3.531E-19	3	0.66
6	26375243	RS2073530	RS41266839	PRUNED_LD	LD		EUR	924	3.577E-19	3	0.66
6	31329642	RS2596547	RS3094012	PRUNED_LD	LD		EUR	925	3.652E-19	18	0.38
6	26372427	RS9379863	RS41266839	PRUNED_LD	LD		EUR	926	3.72E-19	3	0.66
6	30985828	RS1634726	RS1264353	PRUNED_LD	LD		EUR	927	3.726E-19	15	0.7
6	29483620	RS3094569	RS3131856	PRUNED_LD	LD		EUR	928	3.741E-19	12	0.64
6	26372786	RS12176317	RS41266839	PRUNED_LD	LD		EUR	929	3.748E-19	3	0.66
6	26372827	RS12174602	RS41266839	PRUNED_LD	LD		EUR	930	3.756E-19	3	0.66
6	26372584	RS9379864	RS41266839	PRUNED_LD	LD		EUR	931	3.785E-19	3	0.66
6	30204247	RS2844781	RS2844777	PRUNED_LD	LD		EUR	932	3.796E-19	25	1
6	30137387	RS2523729	RS547591961	PRUNED_DISTANCE_FALLBACK	DISTANCE_FALLBACK		NA	933	3.801E-19	13	
6	32287072	RS560162189	RS431204	PRUNED_DISTANCE_FALLBACK	DISTANCE_FALLBACK		NA	934	3.869E-19	14	
6	31329691	RS2523571	RS3094012	PRUNED_LD	LD		EUR	935	3.983E-19	18	0.38
6	26375256	RS2073531	RS41266839	PRUNED_LD	LD		EUR	936	4.013E-19	3	0.66
6	32152442	RS1800625	RS2071278	PRUNED_LD	LD		MULTI	937	4.203E-19	10	0.42
6	29480224	RS385816	RS3131856	PRUNED_LD	LD		EUR	938	4.227E-19	12	0.64
6	31172151	RS3132510	RS1793894	PRUNED_LD	LD		EUR	939	4.411E-19	17	0.62
6	31079644	RS2233980	RS1793894	PRUNED_LD	LD		EUR	940	4.488E-19	17	0.52
6	30278745	RS3094066	RS3130247	PRUNED_LD	LD		EUR	941	4.49E-19	21	0.63
6	31196554	RS1639108	RS1793894	PRUNED_LD	LD		EUR	942	4.502E-19	17	0.77
6	30170287	RS2517609	RS2844777	PRUNED_LD	LD		EUR	943	4.629E-19	25	0.96
6	30296253	RS3094064	RS3130247	PRUNED_LD	LD		EUR	944	4.705E-19	21	0.66
6	27835435	RS200949	RS66868086	PRUNED_LD	LD		EUR	945	4.79E-19	1	0.82
6	32151934	RS3131300	RS2071278	PRUNED_LD	LD		MULTI	946	4.863E-19	10	0.41
6	31175946	RS1619179	RS1793894	PRUNED_LD	LD		EUR	947	4.903E-19	17	0.72
6	28300336	RS17312661	RS67981811	PRUNED_LD	LD		EUR	948	4.952E-19	2	0.38
6	30230768	RS3130399	RS2844777	PRUNED_LD	LD		EUR	949	5.14E-19	25	0.96
6	30969754	RS1634716	RS1264353	PRUNED_LD	LD		EUR	950	5.151E-19	15	0.7
6	26375658	RS9348716	RS41266839	PRUNED_LD	LD		EUR	951	5.177E-19	3	0.66
6	30977680	RS1634721	RS1264353	PRUNED_LD	LD		EUR	952	5.216E-19	15	0.7
6	26375645	RS9393715	RS41266839	PRUNED_LD	LD		EUR	953	5.266E-19	3	0.65
6	32651641	RS3134977	RS1794282	PRUNED_LD	LD		EUR	954	5.386E-19	19	0.73
6	32149816	RS3134940	RS2071278	PRUNED_LD	LD		MULTI	955	5.449E-19	10	0.42
6	32379383	6:32379383_G_A	RS431204	PRUNED_DISTANCE_FALLBACK	DISTANCE_FALLBACK		NA	956	5.607E-19	14	
6	30229267	RS3094075	RS2844777	PRUNED_LD	LD		EUR	957	5.705E-19	25	0.96
6	30937732	RS3131781	RS1264353	PRUNED_LD	LD		EUR	958	5.911E-19	15	0.81
6	32148403	RS8365	RS2071278	PRUNED_LD	LD		MULTI	959	6.034E-19	10	0.42
6	32148031	RS1062070	RS2071278	PRUNED_LD	LD		MULTI	960	6.045E-19	10	0.42
6	29477414	RS1233480	RS3131856	PRUNED_LD	LD		EUR	961	6.087E-19	12	0.62
6	32147696	RS3130349	RS2071278	PRUNED_LD	LD		MULTI	962	6.141E-19	10	0.42
6	28168343	RS9368561	RS67981811	PRUNED_LD	LD		EUR	963	6.347E-19	2	0.64
6	30299245	RS3094067	RS3130247	PRUNED_LD	LD		EUR	964	6.5E-19	21	0.66
6	30318327	RS3130355	RS3130247	PRUNED_LD	LD		EUR	965	6.55E-19	21	0.66
6	28143118	RS9380064	RS67981811	PRUNED_LD	LD		EUR	966	6.97E-19	2	0.59
6	32743744	RS9276625	RS1794282	PRUNED_LD	LD		EUR	967	7.551E-19	19	0.22
6	26907831	RS9379945	RS66975207	PRUNED_LD	LD		EUR	968	7.775E-19	6	0.54
6	30765579	RS1264376	RS1264353	PRUNED_LD	LD		EUR	969	7.821E-19	15	0.73
6	30083708	RS2523978	RS547591961	PRUNED_DISTANCE_FALLBACK	DISTANCE_FALLBACK		NA	970	7.87E-19	13	
6	28141460	RS8180562	RS67981811	PRUNED_LD	LD		EUR	971	7.901E-19	2	0.59
6	28126840	RS9468300	RS67981811	PRUNED_LD	LD		EUR	972	7.902E-19	2	0.59
6	28043828	RS34712084	RS66868086	PRUNED_LD	LD		EUR	973	8.256E-19	1	0.52
6	30128949	RS2157678	RS547591961	PRUNED_DISTANCE_FALLBACK	DISTANCE_FALLBACK		NA	974	8.287E-19	13	
6	30127805	RS1573296	RS547591961	PRUNED_DISTANCE_FALLBACK	DISTANCE_FALLBACK		NA	975	8.471E-19	13	
6	31102618	RS3130566	RS1793894	PRUNED_LD	LD		EUR	976	8.509E-19	17	0.49
6	32424992	RS7763411	RS431204	PRUNED_DISTANCE_FALLBACK	DISTANCE_FALLBACK		NA	977	8.523E-19	14	
6	30112795	RS2844789	RS547591961	PRUNED_DISTANCE_FALLBACK	DISTANCE_FALLBACK		NA	978	8.575E-19	13	
6	32747502	RS4947258	RS1794282	PRUNED_LD	LD		EUR	979	8.63E-19	19	0.22
6	28325308	RS6922111	RS67981811	PRUNED_LD	LD		EUR	980	8.631E-19	2	0.35
6	32387432	RS2395160	RS2071278	PRUNED_LD	LD		EUR	981	8.757E-19	10	0.21
6	31102790	RS3132566	RS1793894	PRUNED_LD	LD		EUR	982	8.855E-19	17	0.49
6	30224970	RS3094078	RS2844777	PRUNED_LD	LD		EUR	983	8.997E-19	25	0.96
6	31103195	RS3094669	RS1793894	PRUNED_LD	LD		EUR	984	9.163E-19	17	0.49
6	30251391	RS3094069	RS2844777	PRUNED_LD	LD		EUR	985	9.2E-19	25	0.96
6	28052823	RS1321505	RS66868086	PRUNED_LD	LD		EUR	986	9.226E-19	1	0.52
6	30248711	RS3129830	RS2844777	PRUNED_LD	LD		EUR	987	9.294E-19	25	0.96
6	28325201	RS6921919	RS67981811	PRUNED_LD	LD		EUR	988	9.355E-19	2	0.35
6	28650523	RS4486067	RS13194504	PRUNED_LD	LD		EUR	989	9.414E-19	7	0.66
6	30161536	RS2517617	RS2844777	PRUNED_LD	LD		EUR	990	9.706E-19	25	0.96
6	30125543	RS1970	RS547591961	PRUNED_DISTANCE_FALLBACK	DISTANCE_FALLBACK		NA	991	9.898E-19	13	
6	32751244	RS9276688	RS1794282	PRUNED_LD	LD		EUR	992	9.983E-19	19	0.2
6	32623150	RS3021302	RS3021302	SELECTED_LEAD	LD	OK_LOCAL_CACHE		993	9.994E-19	27	
6	30447674	RS3131112	RS3130247	PRUNED_LD	LD		EUR	994	1.008E-18	21	0.86
6	30726939	RS3095340	RS1264353	PRUNED_LD	LD		EUR	995	1.008E-18	15	0.59
6	32862958	RS72860374	RS1794282	PRUNED_LD	LD		EUR	996	1.012E-18	19	0.2
6	28651780	RS6910361	RS13194504	PRUNED_LD	LD		EUR	997	1.022E-18	7	0.67
6	28651091	RS13202664	RS13194504	PRUNED_LD	LD		EUR	998	1.023E-18	7	0.66
6	32747790	RS4947349	RS1794282	PRUNED_LD	LD		EUR	999	1.037E-18	19	0.22
6	32424594	RS9268813	RS431204	PRUNED_DISTANCE_FALLBACK	DISTANCE_FALLBACK		NA	1000	1.04E-18	14	
6	28107357	RS3757188	RS66868086	PRUNED_LD	LD		EUR	1001	1.048E-18	1	0.51
6	31558702	RS3130063	RS431204	PRUNED_DISTANCE_FALLBACK	DISTANCE_FALLBACK		NA	1002	1.058E-18	14	
6	32774291	RS9276772	RS1794282	PRUNED_LD	LD		EUR	1003	1.064E-18	19	0.2
6	28079741	RS9468287	RS66868086	PRUNED_LD	LD		EUR	1004	1.072E-18	1	0.52
6	32751962	RS9276689	RS1794282	PRUNED_LD	LD		EUR	1005	1.073E-18	19	0.2
6	30153363	RS2106072	RS547591961	PRUNED_DISTANCE_FALLBACK	DISTANCE_FALLBACK		NA	1006	1.079E-18	13	
6	31105147	RS3131010	RS1793894	PRUNED_LD	LD		EUR	1007	1.089E-18	17	0.49
6	32752844	RS9276691	RS1794282	PRUNED_LD	LD		EUR	1008	1.102E-18	19	0.2
6	30758857	RS3129981	RS1264353	PRUNED_LD	LD		MULTI	1009	1.119E-18	15	1
6	28170297	RS735765	RS67981811	PRUNED_LD	LD		EUR	1010	1.121E-18	2	0.55
6	28657458	RS34953859	RS13194504	PRUNED_LD	LD		EUR	1011	1.131E-18	7	0.67
6	32776921	RS1054684	RS1794282	PRUNED_LD	LD		EUR	1012	1.132E-18	19	0.23
6	32752333	RS719655	RS1794282	PRUNED_LD	LD		EUR	1013	1.142E-18	19	0.2
6	30319154	RS3130364	RS3130247	PRUNED_LD	LD		EUR	1014	1.159E-18	21	0.67
6	31318308	RS2596510	RS3094012	PRUNED_LD	LD		EUR	1015	1.164E-18	18	0.29
6	31436738	RS3131617	RS7748141	PRUNED_DISTANCE_FALLBACK	DISTANCE_FALLBACK		NA	1016	1.181E-18	24	
6	32879471	RS56098412	RS1794282	PRUNED_LD	LD		EUR	1017	1.196E-18	19	0.21
6	32149537	RS3134941	RS2071278	PRUNED_LD	LD		EUR	1018	1.206E-18	10	0.42
6	31318432	RS2596508	RS3094012	PRUNED_LD	LD		EUR	1019	1.216E-18	18	0.29
6	31449552	RS3130908	RS3094012	PRUNED_LD	LD		EUR	1020	1.25E-18	18	0.7
6	31058340	RS3130544	RS1793894	PRUNED_LD	LD		EUR	1021	1.256E-18	17	0.47
6	29945949	RS3132685	RS547591961	PRUNED_DISTANCE_FALLBACK	DISTANCE_FALLBACK		NA	1022	1.274E-18	13	
6	31315193	RS9265948	RS1793894	PRUNED_LD	LD		EUR	1023	1.293E-18	17	0.2
6	31449710	RS3130909	RS3094012	PRUNED_LD	LD		EUR	1024	1.294E-18	18	0.67
6	26375854	RS9379871	RS41266839	PRUNED_LD	LD		EUR	1025	1.333E-18	3	0.66
6	32914726	RS73396800	RS75301392	PRUNED_LD	LD		EUR	1026	1.335E-18	20	0.91
6	32635296	RS77296290	RS1794282	PRUNED_LD	LD		EUR	1027	1.344E-18	19	0.2
6	32915797	RS73396802	RS75301392	PRUNED_LD	LD		EUR	1028	1.384E-18	20	0.91
6	32961191	RS57331574	RS75301392	PRUNED_LD	LD		EUR	1029	1.387E-18	20	0.91
6	30416456	RS3132616	RS3130247	PRUNED_LD	LD		EUR	1030	1.389E-18	21	0.84
6	32765585	RS9276731	RS1794282	PRUNED_LD	LD		EUR	1031	1.414E-18	19	0.2
6	32755290	RS7762279	RS1794282	PRUNED_LD	LD		EUR	1032	1.467E-18	19	0.2
6	31566168	RS3130631	RS431204	PRUNED_DISTANCE_FALLBACK	DISTANCE_FALLBACK		NA	1033	1.472E-18	14	
6	30323393	RS3130377	RS3130247	PRUNED_LD	LD		EUR	1034	1.478E-18	21	0.67
6	30333505	RS3094054	RS3130247	PRUNED_LD	LD		EUR	1035	1.479E-18	21	0.67
6	32756653	RS9276700	RS1794282	PRUNED_LD	LD		EUR	1036	1.496E-18	19	0.22
6	32395726	RS3129843	RS431204	PRUNED_DISTANCE_FALLBACK	DISTANCE_FALLBACK		NA	1037	1.541E-18	14	
6	30279130	RS3130380	RS3130247	PRUNED_LD	LD		EUR	1038	1.546E-18	21	0.63
6	31315861	RS9265973	RS3094012	PRUNED_LD	LD		EUR	1039	1.546E-18	18	0.3
6	31315792	RS9265971	RS3094012	PRUNED_LD	LD		EUR	1040	1.551E-18	18	0.3
6	31794592	RS2763979	RS431204	PRUNED_DISTANCE_FALLBACK	DISTANCE_FALLBACK		NA	1041	1.553E-18	14	
6	31476458	RS3130614	RS3094012	PRUNED_LD	LD		EUR	1042	1.559E-18	18	0.61
6	32923849	RS57651384	RS75301392	PRUNED_LD	LD		EUR	1043	1.566E-18	20	0.91
6	31316044	RS9265979	RS3094012	PRUNED_LD	LD		EUR	1044	1.585E-18	18	0.3
6	31315805	RS9265972	RS3094012	PRUNED_LD	LD		EUR	1045	1.592E-18	18	0.3
6	31315879	RS9265974	RS3094012	PRUNED_LD	LD		EUR	1046	1.593E-18	18	0.3
6	32962130	RS113913737	RS75301392	PRUNED_LD	LD		EUR	1047	1.606E-18	20	0.91
6	31316080	RS9265982	RS3094012	PRUNED_LD	LD		EUR	1048	1.616E-18	18	0.28
6	31317065	RS2923007	RS3094012	PRUNED_LD	LD		EUR	1049	1.619E-18	18	0.3
6	31315933	RS9265976	RS3094012	PRUNED_LD	LD		EUR	1050	1.626E-18	18	0.3
6	31317063	RS3016017	RS3094012	PRUNED_LD	LD		EUR	1051	1.626E-18	18	0.3
6	30331216	RS3130353	RS3130247	PRUNED_LD	LD		EUR	1052	1.644E-18	21	0.67
6	31024796	RS3131788	RS1264353	PRUNED_LD	LD		EUR	1053	1.644E-18	15	0.57
6	31316234	RS9265985	RS3094012	PRUNED_LD	LD		EUR	1054	1.648E-18	18	0.3
6	30363351	RS3094034	RS3130247	PRUNED_LD	LD		EUR	1055	1.655E-18	21	0.79
6	28102378	RS34130214	RS66868086	PRUNED_LD	LD		EUR	1056	1.661E-18	1	0.52
6	30173538	RS2523712	RS2844777	PRUNED_LD	LD		EUR	1057	1.686E-18	25	0.96
6	31314938	RS9265937	RS1793894	PRUNED_LD	LD		EUR	1058	1.686E-18	17	0.21
6	29607429	RS29218	RS3131856	PRUNED_LD	LD		EUR	1059	1.687E-18	12	0.39
6	31315339	RS9265954	RS3094012	PRUNED_LD	LD		EUR	1060	1.722E-18	18	0.3
6	31313677	RS9265908	RS1793894	PRUNED_LD	LD		EUR	1061	1.741E-18	17	0.21
6	27185792	RS3800307	RS66975207	PRUNED_LD	LD		EUR	1062	1.745E-18	6	0.25
6	31316613	RS9265998	RS3094012	PRUNED_LD	LD		EUR	1063	1.748E-18	18	0.3
6	28086883	RS9461432	RS66868086	PRUNED_LD	LD		EUR	1064	1.762E-18	1	0.52
6	31315618	RS9265964	RS3094012	PRUNED_LD	LD		EUR	1065	1.789E-18	18	0.29
6	30330737	RS3132647	RS3130247	PRUNED_LD	LD		EUR	1066	1.79E-18	21	0.67
6	32398841	RS3129855	RS431204	PRUNED_DISTANCE_FALLBACK	DISTANCE_FALLBACK		NA	1067	1.791E-18	14	
6	28092685	RS4713139	RS66868086	PRUNED_LD	LD		EUR	1068	1.793E-18	1	0.52
6	30328357	RS3130352	RS3130247	PRUNED_LD	LD		EUR	1069	1.808E-18	21	0.67
6	30330392	RS3132648	RS3130247	PRUNED_LD	LD		EUR	1070	1.814E-18	21	0.67
6	30328192	RS3130351	RS3130247	PRUNED_LD	LD		EUR	1071	1.82E-18	21	0.67
6	30285312	RS3094628	RS3130247	PRUNED_LD	LD		EUR	1072	1.823E-18	21	0.59
6	32399337	RS3129856	RS431204	PRUNED_DISTANCE_FALLBACK	DISTANCE_FALLBACK		NA	1073	1.825E-18	14	
6	30337141	RS3129810	RS3130247	PRUNED_LD	LD		EUR	1074	1.83E-18	21	0.67
6	26942027	RS9393777	RS66975207	PRUNED_LD	LD		EUR	1075	1.831E-18	6	0.55
6	30330071	RS3094056	RS3130247	PRUNED_LD	LD		EUR	1076	1.835E-18	21	0.67
6	27187612	RS13211901	RS66975207	PRUNED_LD	LD		EUR	1077	1.842E-18	6	0.25
6	30341390	RS3130365	RS3130247	PRUNED_LD	LD		EUR	1078	1.858E-18	21	0.67
6	26354100	RS67509210	RS41266839	PRUNED_LD	LD		EUR	1079	1.863E-18	3	0.66
6	31316448	RS9265990	RS3094012	PRUNED_LD	LD		EUR	1080	1.864E-18	18	0.3
6	30329926	RS3094620	RS3130247	PRUNED_LD	LD		EUR	1081	1.868E-18	21	0.67
6	30340528	RS3129815	RS3130247	PRUNED_LD	LD		EUR	1082	1.871E-18	21	0.67
6	26354247	RS9366653	RS41266839	PRUNED_LD	LD		EUR	1083	1.883E-18	3	0.66
6	31482097	RS3130612	RS3094012	PRUNED_LD	LD		EUR	1084	1.903E-18	18	0.6
6	31314652	RS2507998	RS1793894	PRUNED_LD	LD		EUR	1085	1.907E-18	17	0.21
6	28190830	RS9393908	RS67981811	PRUNED_LD	LD		EUR	1086	1.917E-18	2	0.63
6	30336663	RS3130356	RS3130356	SELECTED_LEAD	LD	OK		1087	1.918E-18	28	
6	30363085	RS3094036	RS3130247	PRUNED_LD	LD		EUR	1088	1.933E-18	21	0.79
6	32414435	RS7383481	RS431204	PRUNED_DISTANCE_FALLBACK	DISTANCE_FALLBACK		NA	1089	1.935E-18	14	
6	32408497	RS3135394	RS431204	PRUNED_DISTANCE_FALLBACK	DISTANCE_FALLBACK		NA	1090	1.952E-18	14	
6	31315005	RS9265938	RS1793894	PRUNED_LD	LD		EUR	1091	1.959E-18	17	0.23
6	28191057	RS9366717	RS67981811	PRUNED_LD	LD		EUR	1092	1.982E-18	2	0.63
6	32929943	RS116131925	RS75301392	PRUNED_LD	LD		EUR	1093	1.988E-18	20	0.91
6	26368279	RS71557335	RS71557335	SELECTED_LEAD	DISTANCE_FALLBACK	NO_LD_RESPONSE		1094	1.99E-18	29	
6	28097193	RS4713140	RS66868086	PRUNED_LD	LD		EUR	1095	2.001E-18	1	0.52
6	31312326	RS3134792	RS1793894	PRUNED_LD	LD		EUR	1096	2.006E-18	17	0.21
6	26366836	RS9379856	RS41266839	PRUNED_LD	LD		EUR	1097	2.016E-18	3	0.66
6	32930126	RS58173627	RS75301392	PRUNED_LD	LD		EUR	1098	2.058E-18	20	0.91
6	26367833	RS9393710	RS41266839	PRUNED_LD	LD		EUR	1099	2.06E-18	3	0.66
6	26367689	RS9379858	RS41266839	PRUNED_LD	LD		EUR	1100	2.067E-18	3	0.66
6	30152467	RS11158	RS547591961	PRUNED_DISTANCE_FALLBACK	DISTANCE_FALLBACK		NA	1101	2.069E-18	13	
6	26367654	RS9379857	RS41266839	PRUNED_LD	LD		EUR	1102	2.079E-18	3	0.66
6	26369587	RS9358935	RS41266839	PRUNED_LD	LD		EUR	1103	2.11E-18	3	0.66
6	30351348	RS3094712	RS3130247	PRUNED_LD	LD		EUR	1104	2.112E-18	21	0.76
6	26369549	RS9379859	RS41266839	PRUNED_LD	LD		EUR	1105	2.124E-18	3	0.66
6	26370474	RS35307327	RS41266839	PRUNED_LD	LD		EUR	1106	2.17E-18	3	0.66
6	26370365	RS34436535	RS41266839	PRUNED_LD	LD		EUR	1107	2.172E-18	3	0.66
6	32933493	RS75380668	RS75301392	PRUNED_LD	LD		EUR	1108	2.173E-18	20	0.91
6	31315027	RS9265939	RS1793894	PRUNED_LD	LD		EUR	1109	2.185E-18	17	0.23
6	29607046	RS3095267	RS547591961	PRUNED_DISTANCE_FALLBACK	DISTANCE_FALLBACK		NA	1110	2.198E-18	13	
6	31311950	RS2256747	RS1793894	PRUNED_LD	LD		EUR	1111	2.203E-18	17	0.21
6	26370572	RS34878490	RS41266839	PRUNED_LD	LD		EUR	1112	2.226E-18	3	0.66
6	31312020	RS2256750	RS1793894	PRUNED_LD	LD		EUR	1113	2.226E-18	17	0.21
6	32936120	RS59576053	RS75301392	PRUNED_LD	LD		EUR	1114	2.227E-18	20	0.91
6	26370657	RS9358936	RS41266839	PRUNED_LD	LD		EUR	1115	2.236E-18	3	0.66
6	31016550	RS3130574	RS1264353	PRUNED_LD	LD		EUR	1116	2.254E-18	15	0.61
6	32957897	RS112935194	RS112935194	SELECTED_LEAD	LD	OK		1117	2.265E-18	30	
6	32946322	RS76088152	RS75301392	PRUNED_LD	LD		EUR	1118	2.266E-18	20	0.86
6	26356347	RS35304979	RS41266839	PRUNED_LD	LD		EUR	1119	2.272E-18	3	0.66
6	31335901	RS2922994	RS3094012	PRUNED_LD	LD		MULTI	1120	2.295E-18	18	0.36
6	31312259	RS2844589	RS1793894	PRUNED_LD	LD		EUR	1121	2.296E-18	17	0.21
6	26366511	RS9348712	RS41266839	PRUNED_LD	LD		EUR	1122	2.306E-18	3	0.66
6	28622914	RS13193532	RS539591970	PRUNED_DISTANCE_FALLBACK	DISTANCE_FALLBACK		NA	1123	2.352E-18	11	
6	31462135	RS3130923	RS3094012	PRUNED_LD	LD		EUR	1124	2.352E-18	18	0.58
6	26365913	RS71557334	RS41266839	PRUNED_LD	LD		EUR	1125	2.36E-18	3	0.66
6	26356951	RS9393703	RS41266839	PRUNED_LD	LD		EUR	1126	2.361E-18	3	0.66
6	26371679	RS12173854	RS41266839	PRUNED_LD	LD		EUR	1127	2.362E-18	3	0.66
6	26371000	RS9393712	RS41266839	PRUNED_LD	LD		EUR	1128	2.369E-18	3	0.66
6	31332920	RS2523546	RS3094012	PRUNED_LD	LD		MULTI	1129	2.377E-18	18	0.36
6	26365766	RS66827971	RS41266839	PRUNED_LD	LD		EUR	1130	2.392E-18	3	0.56
6	31018908	RS3131920	RS1264353	PRUNED_LD	LD		EUR	1131	2.401E-18	15	0.61
6	26364628	RS9357006	RS41266839	PRUNED_LD	LD		EUR	1132	2.402E-18	3	0.66
6	26364930	RS9379855	RS41266839	PRUNED_LD	LD		EUR	1133	2.403E-18	3	0.66
6	30326804	RS3094625	RS3130247	PRUNED_LD	LD		EUR	1134	2.471E-18	21	0.67
6	26355094	RS35934643	RS41266839	PRUNED_LD	LD		EUR	1135	2.479E-18	3	0.66
6	26363755	RS9358934	RS41266839	PRUNED_LD	LD		EUR	1136	2.487E-18	3	0.66
6	26354780	RS9379851	RS41266839	PRUNED_LD	LD		EUR	1137	2.5E-18	3	0.66
6	26357011	RS9358930	RS41266839	PRUNED_LD	LD		EUR	1138	2.501E-18	3	0.66
6	31051675	RS3095311	RS1793894	PRUNED_LD	LD		EUR	1139	2.525E-18	17	0.47
6	31334422	RS2844577	RS3094012	PRUNED_LD	LD		MULTI	1140	2.541E-18	18	0.36
6	26362705	RS9358932	RS41266839	PRUNED_LD	LD		EUR	1141	2.559E-18	3	0.66
6	26362854	RS9379854	RS41266839	PRUNED_LD	LD		EUR	1142	2.561E-18	3	0.66
6	31335431	RS2596430	RS3094012	PRUNED_LD	LD		MULTI	1143	2.561E-18	18	0.36
6	26356853	RS71557332	RS41266839	PRUNED_LD	LD		EUR	1144	2.568E-18	3	0.64
6	31344390	RS2905719	RS3094012	PRUNED_LD	LD		MULTI	1145	2.592E-18	18	0.34
6	32950897	RS113070636	RS75301392	PRUNED_LD	LD		EUR	1146	2.611E-18	20	0.91
6	26365586	RS28362606	RS41266839	PRUNED_LD	LD		EUR	1147	2.615E-18	3	0.65
6	26362643	RS9393708	RS41266839	PRUNED_LD	LD		EUR	1148	2.626E-18	3	0.66
6	32943407	RS73409626	RS75301392	PRUNED_LD	LD		EUR	1149	2.629E-18	20	0.91
6	26362486	RS9393707	RS41266839	PRUNED_LD	LD		EUR	1150	2.631E-18	3	0.66
6	31312607	RS9265857	RS1793894	PRUNED_LD	LD		EUR	1151	2.637E-18	17	0.21
6	32949229	RS73409643	RS75301392	PRUNED_LD	LD		EUR	1152	2.654E-18	20	0.91
6	31312656	RS2394978	RS1793894	PRUNED_LD	LD		EUR	1153	2.66E-18	17	0.22
6	26358775	RS9393704	RS41266839	PRUNED_LD	LD		EUR	1154	2.664E-18	3	0.66
6	26357278	RS9379852	RS41266839	PRUNED_LD	LD		EUR	1155	2.685E-18	3	0.66
6	28682442	RS9393925	RS13194504	PRUNED_LD	LD		EUR	1156	2.686E-18	7	0.77
6	26362119	RS34622023	RS41266839	PRUNED_LD	LD		EUR	1157	2.687E-18	3	0.66
6	26361985	RS34550936	RS41266839	PRUNED_LD	LD		EUR	1158	2.693E-18	3	0.66
6	26357635	RS9379853	RS41266839	PRUNED_LD	LD		EUR	1159	2.706E-18	3	0.66
6	26361011	RS9393705	RS41266839	PRUNED_LD	LD		EUR	1160	2.709E-18	3	0.66
6	31589264	RS3115665	RS431204	PRUNED_DISTANCE_FALLBACK	DISTANCE_FALLBACK		NA	1161	2.734E-18	14	
6	26361500	RS9393706	RS41266839	PRUNED_LD	LD		EUR	1162	2.741E-18	3	0.66
6	32950639	RS111234931	RS75301392	PRUNED_LD	LD		EUR	1163	2.747E-18	20	0.91
6	26360311	RS9348709	RS41266839	PRUNED_LD	LD		EUR	1164	2.755E-18	3	0.66
6	32945466	RS73409631	RS75301392	PRUNED_LD	LD		EUR	1165	2.768E-18	20	0.91
6	32913246	RS1480380	RS75301392	PRUNED_LD	LD		EUR	1166	2.772E-18	20	0.63
6	31312492	RS2854010	RS1793894	PRUNED_LD	LD		EUR	1167	2.783E-18	17	0.21
6	28635780	RS35128564	RS13194504	PRUNED_LD	LD		EUR	1168	2.797E-18	7	0.66
6	32946511	RS73409636	RS75301392	PRUNED_LD	LD		EUR	1169	2.83E-18	20	0.91
6	31591808	RS3130070	RS431204	PRUNED_DISTANCE_FALLBACK	DISTANCE_FALLBACK		NA	1170	2.852E-18	14	
6	31592636	RS3115664	RS431204	PRUNED_DISTANCE_FALLBACK	DISTANCE_FALLBACK		NA	1171	2.888E-18	14	
6	31592524	RS3130622	RS431204	PRUNED_DISTANCE_FALLBACK	DISTANCE_FALLBACK		NA	1172	2.922E-18	14	
6	26359241	RS72836482	RS41266839	PRUNED_LD	LD		EUR	1173	2.95E-18	3	0.66
6	32963948	RS73409691	RS75301392	PRUNED_LD	LD		EUR	1174	3.027E-18	20	0.91
6	31306420	RS1625792	RS1793894	PRUNED_LD	LD		EUR	1175	3.064E-18	17	0.28
6	31346653	RS2442735	RS3094012	PRUNED_LD	LD		MULTI	1176	3.117E-18	18	0.34
6	31044463	RS3094671	RS1793894	PRUNED_LD	LD		EUR	1177	3.194E-18	17	0.47
6	32146644	RS3134944	RS2071278	PRUNED_LD	LD		EUR	1178	3.218E-18	10	0.33
6	31308717	RS402175	RS1793894	PRUNED_LD	LD		EUR	1179	3.244E-18	17	0.23
6	30698541	RS1064627	RS1264353	PRUNED_LD	LD		EUR	1180	3.293E-18	15	0.47
6	30329966	RS3094057	RS3130247	PRUNED_LD	LD		EUR	1181	3.343E-18	21	0.67
6	32844103	RS115591082	RS1794282	PRUNED_LD	LD		EUR	1182	3.351E-18	19	0.23
6	31598489	RS3130626	RS431204	PRUNED_DISTANCE_FALLBACK	DISTANCE_FALLBACK		NA	1183	3.376E-18	14	
6	31312941	RS2394980	RS1793894	PRUNED_LD	LD		EUR	1184	3.379E-18	17	0.21
6	32146492	RS3134945	RS2071278	PRUNED_LD	LD		EUR	1185	3.398E-18	10	0.33
6	32113571	RS3134952	RS2071278	PRUNED_LD	LD		EUR	1186	3.435E-18	10	0.32
6	32146997	RS3132965	RS2071278	PRUNED_LD	LD		EUR	1187	3.455E-18	10	0.33
6	31600851	RS3130627	RS431204	PRUNED_DISTANCE_FALLBACK	DISTANCE_FALLBACK		NA	1188	3.503E-18	14	
6	32145999	RS3096689	RS2071278	PRUNED_LD	LD		EUR	1189	3.568E-18	10	0.33
6	32145993	RS3134946	RS2071278	PRUNED_LD	LD		EUR	1190	3.588E-18	10	0.33
6	30327839	RS3130350	RS3130247	PRUNED_LD	LD		EUR	1191	3.617E-18	21	0.67
6	32145205	RS3134947	RS2071278	PRUNED_LD	LD		EUR	1192	3.654E-18	10	0.33
6	31505480	RS2734583	RS431204	PRUNED_DISTANCE_FALLBACK	DISTANCE_FALLBACK		NA	1193	3.794E-18	14	
6	30346760	RS3132627	RS3130247	PRUNED_LD	LD		EUR	1194	3.844E-18	21	0.76
6	28419162	RS61289879	RS67981811	PRUNED_LD	LD		EUR	1195	3.876E-18	2	0.36
6	30337974	RS3129812	RS3130247	PRUNED_LD	LD		EUR	1196	3.878E-18	21	0.66
6	29606761	RS3095268	RS3131856	PRUNED_LD	LD		EUR	1197	3.967E-18	12	0.56
6	31597875	RS3130624	RS431204	PRUNED_DISTANCE_FALLBACK	DISTANCE_FALLBACK		NA	1198	4.009E-18	14	
6	30357294	RS3094704	RS3130247	PRUNED_LD	LD		EUR	1199	4.016E-18	21	0.79
6	31600820	RS2736157	RS431204	PRUNED_DISTANCE_FALLBACK	DISTANCE_FALLBACK		NA	1200	4.132E-18	14	
6	32134656	RS3130347	RS2071278	PRUNED_LD	LD		EUR	1201	4.227E-18	10	0.33
6	32343236	RS2894251	RS431204	PRUNED_DISTANCE_FALLBACK	DISTANCE_FALLBACK		NA	1202	4.309E-18	14	
6	32140277	RS3130348	RS2071278	PRUNED_LD	LD		EUR	1203	4.364E-18	10	0.33
6	32133098	RS9267815	RS2071278	PRUNED_LD	LD		EUR	1204	4.401E-18	10	0.33
6	32343339	RS2395151	RS431204	PRUNED_DISTANCE_FALLBACK	DISTANCE_FALLBACK		NA	1205	4.448E-18	14	
6	32132727	RS3134949	RS2071278	PRUNED_LD	LD		EUR	1206	4.449E-18	10	0.33
6	32134510	RS3096697	RS2071278	PRUNED_LD	LD		EUR	1207	4.46E-18	10	0.33
6	32140487	RS3130284	RS2071278	PRUNED_LD	LD		EUR	1208	4.514E-18	10	0.33
6	31483481	RS9267445	RS3094012	PRUNED_LD	LD		EUR	1209	4.599E-18	18	0.59
6	31601843	RS3115663	RS431204	PRUNED_DISTANCE_FALLBACK	DISTANCE_FALLBACK		NA	1210	4.61E-18	14	
6	32128290	RS2395099	RS2071278	PRUNED_LD	LD		EUR	1211	4.662E-18	10	0.32
6	30327194	RS3094059	RS3130247	PRUNED_LD	LD		EUR	1212	4.689E-18	21	0.67
6	31514247	RS9267488	RS431204	PRUNED_DISTANCE_FALLBACK	DISTANCE_FALLBACK		NA	1213	4.729E-18	14	
6	30327196	RS3094058	RS3130247	PRUNED_LD	LD		EUR	1214	4.781E-18	21	0.67
6	31300197	RS9265645	RS7748141	PRUNED_DISTANCE_FALLBACK	DISTANCE_FALLBACK		NA	1215	4.903E-18	24	
6	31587083	RS3130621	RS431204	PRUNED_DISTANCE_FALLBACK	DISTANCE_FALLBACK		NA	1216	4.983E-18	14	
6	31630968	RS3117580	RS431204	PRUNED_DISTANCE_FALLBACK	DISTANCE_FALLBACK		NA	1217	5.052E-18	14	
6	30374211	RS3132619	RS3130247	PRUNED_LD	LD		EUR	1218	5.081E-18	21	0.79
6	31632134	RS3130618	RS431204	PRUNED_DISTANCE_FALLBACK	DISTANCE_FALLBACK		NA	1219	5.149E-18	14	
6	29335154	RS9257793	RS9257566	PRUNED_LD	LD		EUR	1220	5.191E-18	8	0.51
6	31603770	RS11229	RS431204	PRUNED_DISTANCE_FALLBACK	DISTANCE_FALLBACK		NA	1221	5.251E-18	14	
6	31619576	RS3117583	RS431204	PRUNED_DISTANCE_FALLBACK	DISTANCE_FALLBACK		NA	1222	5.284E-18	14	
6	32123973	RS3130281	RS2071278	PRUNED_LD	LD		EUR	1223	5.425E-18	10	0.32
6	31465047	RS3094005	RS3094012	PRUNED_LD	LD		EUR	1224	5.444E-18	18	0.58
6	27171700	RS34783558	RS66975207	PRUNED_LD	LD		EUR	1225	5.479E-18	6	0.3
6	26370659	RS9393711	RS41266839	PRUNED_LD	LD		EUR	1226	5.513E-18	3	0.66
6	31427395	RS9267123	RS3094012	PRUNED_LD	LD		MULTI	1227	5.523E-18	18	0.79
6	32115185	RS3134951	RS2071278	PRUNED_LD	LD		EUR	1228	5.546E-18	10	0.33
6	32206465	RS9267922	RS2071278	PRUNED_LD	LD		EUR	1229	5.572E-18	10	0.29
6	32141005	RS3131297	RS2071278	PRUNED_LD	LD		EUR	1230	5.626E-18	10	0.32
6	30441303	RS3132615	RS3130247	PRUNED_LD	LD		EUR	1231	5.648E-18	21	0.81
6	32122472	RS3096696	RS2071278	PRUNED_LD	LD		EUR	1232	5.657E-18	10	0.32
6	30348381	RS116538597	RS3130247	PRUNED_LD	LD		EUR	1233	5.699E-18	21	0.64
6	32110583	RS3130277	RS2071278	PRUNED_LD	LD		EUR	1234	5.746E-18	10	0.35
6	30409249	RS3132645	RS3130247	PRUNED_LD	LD		EUR	1235	5.817E-18	21	0.81
6	31633496	RS3117579	RS431204	PRUNED_DISTANCE_FALLBACK	DISTANCE_FALLBACK		NA	1236	5.903E-18	14	
6	26173478	RS34661691	RS41266839	PRUNED_LD	LD		EUR	1237	6.04E-18	3	0.45
6	30328753	RS3094621	RS3130247	PRUNED_LD	LD		EUR	1238	6.088E-18	21	0.59
6	32349557	RS3117103	RS431204	PRUNED_DISTANCE_FALLBACK	DISTANCE_FALLBACK		NA	1239	6.181E-18	14	
6	31469774	RS3095233	RS3094012	PRUNED_LD	LD		EUR	1240	6.408E-18	18	0.58
6	30327952	RS3094622	RS3130247	PRUNED_LD	LD		EUR	1241	6.413E-18	21	0.59
6	31604591	RS10885	RS431204	PRUNED_DISTANCE_FALLBACK	DISTANCE_FALLBACK		NA	1242	6.568E-18	14	
6	32623193	RS9273325	RS3021302	PRUNED_LD	LD		MULTI	1243	6.692E-18	27	0.98
6	31609272	RS3130628	RS431204	PRUNED_DISTANCE_FALLBACK	DISTANCE_FALLBACK		NA	1244	6.782E-18	14	
6	30418966	RS561436357	RS561436357	SELECTED_LEAD	DISTANCE_FALLBACK	NO_LD_RESPONSE		1245	6.826E-18	31	
6	30326809	RS3094624	RS3130247	PRUNED_LD	LD		EUR	1246	7.284E-18	21	0.67
6	27059443	RS926300	RS66975207	PRUNED_LD	LD		EUR	1247	7.449E-18	6	0.4
6	27067083	RS72842197	RS66975207	PRUNED_LD	LD		EUR	1248	7.533E-18	6	0.39
6	30907335	RS3131921	RS1264353	PRUNED_LD	LD		EUR	1249	7.558E-18	15	0.6
6	29842451	RS1611658	RS3131856	PRUNED_LD	LD		EUR	1250	7.669E-18	12	0.24
6	32117971	RS3134608	RS2071278	PRUNED_LD	LD		EUR	1251	7.955E-18	10	0.32
6	31473746	RS3130616	RS3094012	PRUNED_LD	LD		EUR	1252	8.12E-18	18	0.6
6	31610479	RS3130047	RS431204	PRUNED_DISTANCE_FALLBACK	DISTANCE_FALLBACK		NA	1253	8.187E-18	14	
6	27047256	RS6904071	RS66975207	PRUNED_LD	LD		EUR	1254	8.244E-18	6	0.4
6	26319486	RS9467704	RS41266839	PRUNED_LD	LD		EUR	1255	8.488E-18	3	0.74
6	27091425	RS6913660	RS66975207	PRUNED_LD	LD		EUR	1256	8.58E-18	6	0.37
6	31451370	RS3132470	RS3094012	PRUNED_LD	LD		EUR	1257	8.899E-18	18	0.7
6	27050396	RS34388707	RS66975207	PRUNED_LD	LD		EUR	1258	9.129E-18	6	0.39
6	31451836	RS3094011	RS3094012	PRUNED_LD	LD		EUR	1259	9.212E-18	18	0.7
6	27158033	RS6934329	RS66975207	PRUNED_LD	LD		EUR	1260	9.226E-18	6	0.28
6	31450637	RS3131642	RS3094012	PRUNED_LD	LD		EUR	1261	9.254E-18	18	0.7
6	31451848	RS3094010	RS3094012	PRUNED_LD	LD		EUR	1262	9.268E-18	18	0.7
6	31448976	RS3099844	RS3094012	PRUNED_LD	LD		EUR	1263	9.669E-18	18	0.7
6	26582327	RS9393735	RS41266839	PRUNED_LD	LD		EUR	1264	9.758E-18	3	0.45
6	31448564	RS3099843	RS3094012	PRUNED_LD	LD		EUR	1265	1.013E-17	18	0.7
6	26573631	RS13214027	RS41266839	PRUNED_LD	LD		EUR	1266	1.028E-17	3	0.46
6	26327956	RS9467708	RS41266839	PRUNED_LD	LD		EUR	1267	1.136E-17	3	0.73
6	29645613	RS3129063	RS3131856	PRUNED_LD	LD		EUR	1268	1.168E-17	12	0.37
6	30363136	RS3094035	RS3130247	PRUNED_LD	LD		EUR	1269	1.199E-17	21	0.68
6	29641637	RS3095290	RS3131856	PRUNED_LD	LD		EUR	1270	1.21E-17	12	0.38
6	32813768	RS116827595	RS1794282	PRUNED_LD	LD		EUR	1271	1.233E-17	19	0.21
6	30432177	RS3130141	RS3130247	PRUNED_LD	LD		EUR	1272	1.244E-17	21	0.81
6	29629344	RS3130251	RS3131856	PRUNED_LD	LD		EUR	1273	1.25E-17	12	0.38
6	26579560	RS9379891	RS41266839	PRUNED_LD	LD		EUR	1274	1.273E-17	3	0.44
6	26468660	RS3734544	RS41266839	PRUNED_LD	LD		EUR	1275	1.279E-17	3	0.39
6	26479000	RS9358947	RS41266839	PRUNED_LD	LD		EUR	1276	1.325E-17	3	0.39
6	29648199	RS3129058	RS3131856	PRUNED_LD	LD		EUR	1277	1.326E-17	12	0.37
6	26478927	RS9358946	RS41266839	PRUNED_LD	LD		EUR	1278	1.338E-17	3	0.39
6	31606398	RS3130046	RS431204	PRUNED_DISTANCE_FALLBACK	DISTANCE_FALLBACK		NA	1279	1.346E-17	14	
6	26470032	RS9348719	RS41266839	PRUNED_LD	LD		EUR	1280	1.368E-17	3	0.39
6	26477143	RS16891717	RS41266839	PRUNED_LD	LD		EUR	1281	1.372E-17	3	0.39
6	26483806	RS9358948	RS41266839	PRUNED_LD	LD		EUR	1282	1.373E-17	3	0.39
6	26481642	RS7756567	RS41266839	PRUNED_LD	LD		EUR	1283	1.376E-17	3	0.39
6	26482468	RS9348720	RS41266839	PRUNED_LD	LD		EUR	1284	1.378E-17	3	0.39
6	26472114	RS9358945	RS41266839	PRUNED_LD	LD		EUR	1285	1.382E-17	3	0.39
6	26476782	RS3757150	RS41266839	PRUNED_LD	LD		EUR	1286	1.387E-17	3	0.39
6	26327905	RS9467707	RS41266839	PRUNED_LD	LD		EUR	1287	1.393E-17	3	0.73
6	32626565	RS9273371	RS3021302	PRUNED_LD	LD		MULTI	1288	1.395E-17	27	0.48
6	26313348	RS6923139	RS41266839	PRUNED_LD	LD		EUR	1289	1.403E-17	3	0.69
6	26474571	RS56296968	RS41266839	PRUNED_LD	LD		EUR	1290	1.408E-17	3	0.39
6	26322861	RS6908156	RS41266839	PRUNED_LD	LD		EUR	1291	1.412E-17	3	0.73
6	26322153	RS6902389	RS41266839	PRUNED_LD	LD		EUR	1292	1.43E-17	3	0.73
6	26322115	RS6902392	RS41266839	PRUNED_LD	LD		EUR	1293	1.448E-17	3	0.73
6	27866943	RS200964	RS66868086	PRUNED_LD	LD		EUR	1294	1.459E-17	1	0.49
6	26322526	RS6903015	RS41266839	PRUNED_LD	LD		EUR	1295	1.485E-17	3	0.73
6	28543264	RS17336532	RS67981811	PRUNED_LD	LD		EUR	1296	1.485E-17	2	0.33
6	26474044	RS7773938	RS41266839	PRUNED_LD	LD		EUR	1297	1.491E-17	3	0.39
6	26312170	RS9467701	RS41266839	PRUNED_LD	LD		EUR	1298	1.549E-17	3	0.7
6	30343272	RS3132634	RS3130247	PRUNED_LD	LD		EUR	1299	1.569E-17	21	0.63
6	27866384	RS200965	RS66868086	PRUNED_LD	LD		EUR	1300	1.586E-17	1	0.49
6	29820002	RS2508052	RS3131856	PRUNED_LD	LD		EUR	1301	1.64E-17	12	0.36
6	29827956	RS1611701	RS3131856	PRUNED_LD	LD		EUR	1302	1.672E-17	12	0.36
6	26469866	RS9366658	RS41266839	PRUNED_LD	LD		EUR	1303	1.718E-17	3	0.39
6	26469875	RS9358944	RS41266839	PRUNED_LD	LD		EUR	1304	1.718E-17	3	0.39
6	32807490	RS114595701	RS1794282	PRUNED_LD	LD		EUR	1305	1.72E-17	19	0.21
6	26496916	RS9379880	RS41266839	PRUNED_LD	LD		EUR	1306	1.739E-17	3	0.37
6	32634243	RS9274514	RS9274514	SELECTED_LEAD	LD	OK_LOCAL_CACHE		1307	1.792E-17	32	
6	29828435	RS1611703	RS3131856	PRUNED_LD	LD		EUR	1308	1.798E-17	12	0.36
6	27103654	RS67330695	RS66975207	PRUNED_LD	LD		EUR	1309	1.803E-17	6	0.35
6	29823883	RS2508049	RS3131856	PRUNED_LD	LD		EUR	1310	1.81E-17	12	0.36
6	29823164	RS2517855	RS3131856	PRUNED_LD	LD		EUR	1311	1.813E-17	12	0.36
6	26495099	RS2093169	RS41266839	PRUNED_LD	LD		EUR	1312	1.828E-17	3	0.37
6	32808299	RS45506201	RS1794282	PRUNED_LD	LD		EUR	1313	1.845E-17	19	0.21
6	29822659	RS2517856	RS3131856	PRUNED_LD	LD		EUR	1314	1.855E-17	12	0.35
6	29822649	RS2517857	RS3131856	PRUNED_LD	LD		EUR	1315	1.87E-17	12	0.29
6	32109979	RS204999	RS2071278	PRUNED_LD	LD		EUR	1316	1.918E-17	10	0.22
6	31582025	RS3132451	RS431204	PRUNED_DISTANCE_FALLBACK	DISTANCE_FALLBACK		NA	1317	1.954E-17	14	
6	29822415	RS9258652	RS3131856	PRUNED_LD	LD		EUR	1318	1.985E-17	12	0.35
6	26314233	RS1883215	RS41266839	PRUNED_LD	LD		EUR	1319	2.022E-17	3	0.74
6	31811850	RS9267575	RS431204	PRUNED_DISTANCE_FALLBACK	DISTANCE_FALLBACK		NA	1320	2.03E-17	14	
6	29821032	RS2517866	RS3131856	PRUNED_LD	LD		EUR	1321	2.05E-17	12	0.36
6	27815494	RS200991	RS66868086	PRUNED_LD	LD		EUR	1322	2.053E-17	1	0.48
6	29821270	RS3094176	RS3131856	PRUNED_LD	LD		EUR	1323	2.056E-17	12	0.3
6	29820951	RS2734983	RS3131856	PRUNED_LD	LD		EUR	1324	2.062E-17	12	0.36
6	29826726	RS1611689	RS3131856	PRUNED_LD	LD		EUR	1325	2.089E-17	12	0.36
6	29826907	RS1611691	RS3131856	PRUNED_LD	LD		EUR	1326	2.101E-17	12	0.36
6	30335621	RS3129809	RS3130247	PRUNED_LD	LD		EUR	1327	2.107E-17	21	0.58
6	29827149	RS1611694	RS3131856	PRUNED_LD	LD		EUR	1328	2.109E-17	12	0.36
6	29829514	RS1611716	RS3131856	PRUNED_LD	LD		EUR	1329	2.11E-17	12	0.36
6	29827332	RS1611695	RS3131856	PRUNED_LD	LD		EUR	1330	2.116E-17	12	0.36
6	29827597	RS1611698	RS3131856	PRUNED_LD	LD		EUR	1331	2.129E-17	12	0.36
6	29606145	RS3095269	RS3131856	PRUNED_LD	LD		EUR	1332	2.137E-17	12	0.4
6	29829407	RS1611714	RS3131856	PRUNED_LD	LD		EUR	1333	2.139E-17	12	0.36
6	29828622	RS1611706	RS3131856	PRUNED_LD	LD		EUR	1334	2.187E-17	12	0.36
6	29829592	RS1611718	RS3131856	PRUNED_LD	LD		EUR	1335	2.204E-17	12	0.36
6	29821937	RS2517862	RS3131856	PRUNED_LD	LD		EUR	1336	2.228E-17	12	0.35
6	29820448	RS5013089	RS3131856	PRUNED_LD	LD		EUR	1337	2.233E-17	12	0.35
6	26467182	RS3799380	RS41266839	PRUNED_LD	LD		EUR	1338	2.295E-17	3	0.35
6	30931844	RS3131934	RS1264353	PRUNED_LD	LD		EUR	1339	2.307E-17	15	0.65
6	31597700	RS3130623	RS431204	PRUNED_DISTANCE_FALLBACK	DISTANCE_FALLBACK		NA	1340	2.307E-17	14	
6	29825415	RS1611673	RS3131856	PRUNED_LD	LD		EUR	1341	2.333E-17	12	0.32
6	29830209	RS1611721	RS3131856	PRUNED_LD	LD		EUR	1342	2.353E-17	12	0.36
6	28203300	RS9380069	RS67981811	PRUNED_LD	LD		EUR	1343	2.373E-17	2	0.57
6	29832840	RS2734977	RS3131856	PRUNED_LD	LD		EUR	1344	2.385E-17	12	0.37
6	26467531	RS4518487	RS41266839	PRUNED_LD	LD		EUR	1345	2.388E-17	3	0.35
6	31308988	RS1634776	RS1793894	PRUNED_LD	LD		EUR	1346	2.405E-17	17	0.21
6	29836463	RS1611635	RS3131856	PRUNED_LD	LD		EUR	1347	2.421E-17	12	0.38
6	29836647	RS2844822	RS3131856	PRUNED_LD	LD		EUR	1348	2.427E-17	12	0.38
6	29839672	RS1611645	RS3131856	PRUNED_LD	LD		EUR	1349	2.44E-17	12	0.38
6	29830725	RS1611727	RS3131856	PRUNED_LD	LD		EUR	1350	2.458E-17	12	0.36
6	29834805	RS1611630	RS3131856	PRUNED_LD	LD		EUR	1351	2.478E-17	12	0.38
6	31236854	RS1049709	RS1793894	PRUNED_LD	LD		EUR	1352	2.478E-17	17	0.31
6	29832479	RS1611744	RS3131856	PRUNED_LD	LD		EUR	1353	2.484E-17	12	0.35
6	27862152	RS200966	RS66868086	PRUNED_LD	LD		EUR	1354	2.486E-17	1	0.49
6	29832692	RS1611746	RS3131856	PRUNED_LD	LD		EUR	1355	2.506E-17	12	0.36
6	29830670	RS1611725	RS3131856	PRUNED_LD	LD		EUR	1356	2.526E-17	12	0.36
6	28554543	RS41270599	RS67981811	PRUNED_LD	LD		EUR	1357	2.527E-17	2	0.33
6	29612325	RS3130249	RS547591961	PRUNED_DISTANCE_FALLBACK	DISTANCE_FALLBACK		NA	1358	2.531E-17	13	
6	29832516	RS1611745	RS3131856	PRUNED_LD	LD		EUR	1359	2.563E-17	12	0.36
6	26477779	RS6456728	RS41266839	PRUNED_LD	LD		EUR	1360	2.568E-17	3	0.31
6	31244789	RS2524069	RS1793894	PRUNED_LD	LD		EUR	1361	2.57E-17	17	0.27
6	26471155	RS6456727	RS41266839	PRUNED_LD	LD		EUR	1362	2.575E-17	3	0.35
6	29831418	RS1611736	RS3131856	PRUNED_LD	LD		EUR	1363	2.58E-17	12	0.37
6	27858421	RS200973	RS66868086	PRUNED_LD	LD		EUR	1364	2.596E-17	1	0.47
6	30340827	RS3130363	RS3130247	PRUNED_LD	LD		EUR	1365	2.597E-17	21	0.58
6	29907961	RS439935	RS547591961	PRUNED_DISTANCE_FALLBACK	DISTANCE_FALLBACK		NA	1366	2.624E-17	13	
6	30342753	RS3129817	RS3130247	PRUNED_LD	LD		EUR	1367	2.628E-17	21	0.52
6	29831706	RS1611738	RS3131856	PRUNED_LD	LD		EUR	1368	2.651E-17	12	0.37
6	29818568	RS2734986	RS3131856	PRUNED_LD	LD		EUR	1369	2.677E-17	12	0.38
6	30365448	RS3130116	RS3130247	PRUNED_LD	LD		EUR	1370	2.677E-17	21	0.79
6	30359360	RS3094049	RS3130247	PRUNED_LD	LD		EUR	1371	2.693E-17	21	0.68
6	29609921	RS3117289	RS3131856	PRUNED_LD	LD		EUR	1372	2.765E-17	12	0.4
6	30341471	RS3132638	RS3130247	PRUNED_LD	LD		EUR	1373	2.798E-17	21	0.58
6	29831814	RS1611740	RS3131856	PRUNED_LD	LD		EUR	1374	2.799E-17	12	0.36
6	30353739	RS3130126	RS3130247	PRUNED_LD	LD		EUR	1375	2.843E-17	21	0.68
6	30352647	RS3130123	RS3130247	PRUNED_LD	LD		EUR	1376	2.861E-17	21	0.65
6	30385746	RS3094717	RS3130247	PRUNED_LD	LD		EUR	1377	2.879E-17	21	0.78
6	30352875	RS3130125	RS3130247	PRUNED_LD	LD		EUR	1378	2.91E-17	21	0.65
6	30353426	RS3094030	RS3130247	PRUNED_LD	LD		EUR	1379	2.912E-17	21	0.68
6	30351844	RS3094031	RS3130247	PRUNED_LD	LD		EUR	1380	2.914E-17	21	0.65
6	29615822	RS3129073	RS3131856	PRUNED_LD	LD		EUR	1381	2.916E-17	12	0.4
6	32634952	6:32634952_G_T	6:32634952_G_T	SELECTED_LEAD	DISTANCE_FALLBACK	NO_LD_RESPONSE		1382	2.947E-17	33	
6	28556051	RS13217047	RS67981811	PRUNED_LD	LD		EUR	1383	2.951E-17	2	0.33
6	27854963	RS200976	RS66868086	PRUNED_LD	LD		EUR	1384	2.957E-17	1	0.49
6	30347720	RS3132625	RS3130247	PRUNED_LD	LD		EUR	1385	2.97E-17	21	0.65
6	27854760	RS169287	RS66868086	PRUNED_LD	LD		EUR	1386	2.98E-17	1	0.49
6	29611781	RS3117318	RS3131856	PRUNED_LD	LD		EUR	1387	2.985E-17	12	0.4
6	27136225	RS13219181	RS66975207	PRUNED_LD	LD		EUR	1388	3.037E-17	6	0.32
6	29837507	RS885932	RS3131856	PRUNED_LD	LD		EUR	1389	3.041E-17	12	0.37
6	29834472	RS2734970	RS3131856	PRUNED_LD	LD		EUR	1390	3.094E-17	12	0.37
6	27124904	RS61240102	RS66975207	PRUNED_LD	LD		EUR	1391	3.109E-17	6	0.32
6	27140866	RS67540232	RS66975207	PRUNED_LD	LD		EUR	1392	3.156E-17	6	0.32
6	27143883	RS13194053	RS66975207	PRUNED_LD	LD		EUR	1393	3.158E-17	6	0.32
6	27139048	RS6914824	RS66975207	PRUNED_LD	LD		EUR	1394	3.162E-17	6	0.32
6	30355184	RS3094053	RS3130247	PRUNED_LD	LD		EUR	1395	3.192E-17	21	0.68
6	26158079	RS7749823	RS71557335	PRUNED_DISTANCE_FALLBACK	DISTANCE_FALLBACK		NA	1396	3.2E-17	29	
6	27855625	RS200975	RS66868086	PRUNED_LD	LD		EUR	1397	3.208E-17	1	0.49
6	30344645	RS3132631	RS3130247	PRUNED_LD	LD		EUR	1398	3.213E-17	21	0.58
6	27855845	RS200974	RS66868086	PRUNED_LD	LD		EUR	1399	3.224E-17	1	0.49
6	30346208	RS3129822	RS3130247	PRUNED_LD	LD		EUR	1400	3.231E-17	21	0.65
6	30347186	RS3129823	RS3130247	PRUNED_LD	LD		EUR	1401	3.24E-17	21	0.65
6	30346009	RS3130372	RS3130247	PRUNED_LD	LD		EUR	1402	3.25E-17	21	0.65
6	30358957	RS3094703	RS3130247	PRUNED_LD	LD		EUR	1403	3.252E-17	21	0.68
6	30345294	RS3130370	RS3130247	PRUNED_LD	LD		EUR	1404	3.253E-17	21	0.58
6	30345118	RS3132630	RS3130247	PRUNED_LD	LD		EUR	1405	3.268E-17	21	0.58
6	30342966	RS3129818	RS3130247	PRUNED_LD	LD		EUR	1406	3.292E-17	21	0.58
6	30344038	RS3129821	RS3130247	PRUNED_LD	LD		EUR	1407	3.315E-17	21	0.58
6	27852357	RS200979	RS66868086	PRUNED_LD	LD		EUR	1408	3.388E-17	1	0.49
6	30343569	RS3129820	RS3130247	PRUNED_LD	LD		EUR	1409	3.401E-17	21	0.58
6	32628428	RS2854275	RS1794282	PRUNED_LD	LD		EUR	1410	3.405E-17	19	0.23
6	27859568	RS200968	RS66868086	PRUNED_LD	LD		EUR	1411	3.544E-17	1	0.49
6	30351547	RS3094032	RS3130247	PRUNED_LD	LD		EUR	1412	3.556E-17	21	0.65
6	29628094	RS3129069	RS3131856	PRUNED_LD	LD		EUR	1413	3.569E-17	12	0.36
6	29906815	RS401241	RS547591961	PRUNED_DISTANCE_FALLBACK	DISTANCE_FALLBACK		NA	1414	3.574E-17	13	
6	28562589	RS35257859	RS67981811	PRUNED_LD	LD		EUR	1415	3.575E-17	2	0.33
6	31473957	RS3134900	RS3094012	PRUNED_LD	LD		EUR	1416	3.619E-17	18	0.55
6	29623739	RS29228	RS3131856	PRUNED_LD	LD		EUR	1417	3.739E-17	12	0.4
6	29622653	RS3095271	RS3131856	PRUNED_LD	LD		EUR	1418	3.762E-17	12	0.39
6	27850873	RS494887	RS66868086	PRUNED_LD	LD		EUR	1419	3.807E-17	1	0.49
6	29909021	RS2571420	RS547591961	PRUNED_DISTANCE_FALLBACK	DISTANCE_FALLBACK		NA	1420	3.833E-17	13	
6	30321189	RS3094061	RS3130247	PRUNED_LD	LD		EUR	1421	3.909E-17	21	0.53
6	29825510	RS1611678	RS3131856	PRUNED_LD	LD		EUR	1422	3.925E-17	12	0.34
6	29607047	RS3095266	RS3131856	PRUNED_LD	LD		EUR	1423	3.953E-17	12	0.39
6	27153984	RS34569203	RS66975207	PRUNED_LD	LD		EUR	1424	4.099E-17	6	0.32
6	30932068	RS3131783	RS1264353	PRUNED_LD	LD		EUR	1425	4.209E-17	15	0.55
6	31318705	RS2854002	RS3094012	PRUNED_LD	LD		EUR	1426	4.292E-17	18	0.21
6	30321057	RS3132649	RS3130247	PRUNED_LD	LD		EUR	1427	4.304E-17	21	0.53
6	29910663	RS707910	RS547591961	PRUNED_DISTANCE_FALLBACK	DISTANCE_FALLBACK		NA	1428	4.409E-17	13	
6	31800868	RS2471980	RS431204	PRUNED_DISTANCE_FALLBACK	DISTANCE_FALLBACK		NA	1429	4.423E-17	14	
6	29910910	RS9260146	RS547591961	PRUNED_DISTANCE_FALLBACK	DISTANCE_FALLBACK		NA	1430	4.479E-17	13	
6	28331818	RS35875412	RS67981811	PRUNED_LD	LD		EUR	1431	4.497E-17	2	0.37
6	27708732	RS6940116	RS66868086	PRUNED_LD	LD		EUR	1432	4.755E-17	1	0.39
6	30321732	RS3130375	RS3130247	PRUNED_LD	LD		EUR	1433	4.922E-17	21	0.52
6	30358591	RS3094050	RS3130247	PRUNED_LD	LD		EUR	1434	4.925E-17	21	0.68
6	28414967	RS16894116	RS67981811	PRUNED_LD	LD		EUR	1435	4.93E-17	2	0.35
6	26133070	RS36109883	RS71557335	PRUNED_DISTANCE_FALLBACK	DISTANCE_FALLBACK		NA	1436	4.933E-17	29	
6	30321336	RS3130374	RS3130247	PRUNED_LD	LD		EUR	1437	4.934E-17	21	0.53
6	30321482	RS3094627	RS3130247	PRUNED_LD	LD		EUR	1438	4.988E-17	21	0.53
6	29913374	RS1061815	RS547591961	PRUNED_DISTANCE_FALLBACK	DISTANCE_FALLBACK		NA	1439	5.132E-17	13	
6	29913137	RS3132686	RS547591961	PRUNED_DISTANCE_FALLBACK	DISTANCE_FALLBACK		NA	1440	5.198E-17	13	
6	26496578	RS9467772	RS41266839	PRUNED_LD	LD		EUR	1441	5.303E-17	3	0.34
6	26162019	RS1417998	RS41266839	PRUNED_LD	LD		EUR	1442	5.391E-17	3	0.44
6	26493384	RS13195047	RS41266839	PRUNED_LD	LD		EUR	1443	5.44E-17	3	0.39
6	31318785	RS2596505	RS3094012	PRUNED_LD	LD		EUR	1444	5.532E-17	18	0.2
6	26489607	RS34313099	RS41266839	PRUNED_LD	LD		EUR	1445	5.537E-17	3	0.4
6	31319215	RS2507995	RS3094012	PRUNED_LD	LD		EUR	1446	5.574E-17	18	0.22
6	26157762	RS3857546	RS71557335	PRUNED_DISTANCE_FALLBACK	DISTANCE_FALLBACK		NA	1447	5.797E-17	29	
6	26328462	RS6939978	RS41266839	PRUNED_LD	LD		EUR	1448	6.402E-17	3	0.73
6	30137209	RS929157	RS547591961	PRUNED_DISTANCE_FALLBACK	DISTANCE_FALLBACK		NA	1449	6.597E-17	13	
6	26083519	RS34197618	RS71557335	PRUNED_DISTANCE_FALLBACK	DISTANCE_FALLBACK		NA	1450	6.739E-17	29	
6	27219491	RS35589403	RS13207082	PRUNED_LD	LD		EUR	1451	6.74E-17	9	0.28
6	28400295	RS7765989	RS67981811	PRUNED_LD	LD		EUR	1452	6.758E-17	2	0.35
6	32628698	RS9273529	RS9274514	PRUNED_LD	LD		MULTI	1453	6.825E-17	32	0.42
6	31319525	RS9266066	RS3094012	PRUNED_LD	LD		EUR	1454	6.899E-17	18	0.22
6	29740477	RS1610638	RS3131856	PRUNED_LD	LD		EUR	1455	6.956E-17	12	0.42
6	31319618	RS9266070	RS3094012	PRUNED_LD	LD		EUR	1456	7.16E-17	18	0.22
6	28375851	RS16901847	RS67981811	PRUNED_LD	LD		EUR	1457	7.176E-17	2	0.35
6	29914696	RS2571384	RS547591961	PRUNED_DISTANCE_FALLBACK	DISTANCE_FALLBACK		NA	1458	7.321E-17	13	
6	30378408	RS3132617	RS3130247	PRUNED_LD	LD		EUR	1459	7.532E-17	21	0.78
6	29742003	RS1610639	RS3131856	PRUNED_LD	LD		EUR	1460	8.118E-17	12	0.4
6	29918022	RS1655905	RS547591961	PRUNED_DISTANCE_FALLBACK	DISTANCE_FALLBACK		NA	1461	8.153E-17	13	
6	27256346	RS3823427	RS13207082	PRUNED_LD	LD		EUR	1462	8.41E-17	9	0.27
6	30381596	RS3131111	RS3130247	PRUNED_LD	LD		EUR	1463	8.499E-17	21	0.78
6	29837158	RS885933	RS3131856	PRUNED_LD	LD		EUR	1464	8.621E-17	12	0.37
6	29918059	RS1632878	RS547591961	PRUNED_DISTANCE_FALLBACK	DISTANCE_FALLBACK		NA	1465	8.86E-17	13	
6	26073375	RS34888489	RS71557335	PRUNED_DISTANCE_FALLBACK	DISTANCE_FALLBACK		NA	1466	9.133E-17	29	
6	26478825	RS6926677	RS41266839	PRUNED_LD	LD		EUR	1467	9.74E-17	3	0.37
6	27254475	RS35454259	RS13207082	PRUNED_LD	LD		EUR	1468	9.764E-17	9	0.28
6	26067360	RS35050608	RS71557335	PRUNED_DISTANCE_FALLBACK	DISTANCE_FALLBACK		NA	1469	9.901E-17	29	
6	30202571	RS885916	RS2844777	PRUNED_LD	LD		EUR	1470	1.002E-16	25	0.7
6	26334306	RS34569761	RS41266839	PRUNED_LD	LD		EUR	1471	1.043E-16	3	0.74
6	29648119	RS2747427	RS3131856	PRUNED_LD	LD		EUR	1472	1.051E-16	12	0.32
6	30122657	RS2523735	RS547591961	PRUNED_DISTANCE_FALLBACK	DISTANCE_FALLBACK		NA	1473	1.064E-16	13	
6	26090270	6:26090270_G_T	RS71557335	PRUNED_DISTANCE_FALLBACK	DISTANCE_FALLBACK		NA	1474	1.086E-16	29	
6	28599105	RS35778344	RS67981811	PRUNED_LD	LD		EUR	1475	1.089E-16	2	0.45
6	29648126	RS2747428	RS3131856	PRUNED_LD	LD		EUR	1476	1.089E-16	12	0.32
6	29648137	RS417764	RS3131856	PRUNED_LD	LD		EUR	1477	1.094E-16	12	0.32
6	29771621	RS1610660	RS3131856	PRUNED_LD	LD		EUR	1478	1.097E-16	12	0.37
6	31319667	RS2442727	RS3094012	PRUNED_LD	LD		EUR	1479	1.126E-16	18	0.22
6	30168319	RS2523719	RS2844777	PRUNED_LD	LD		EUR	1480	1.135E-16	25	0.69
6	30158127	RS2517618	RS547591961	PRUNED_DISTANCE_FALLBACK	DISTANCE_FALLBACK		NA	1481	1.137E-16	13	
6	30694374	RS3094128	RS1264353	PRUNED_LD	LD		EUR	1482	1.142E-16	15	0.44
6	30204008	RS2517589	RS2844777	PRUNED_LD	LD		EUR	1483	1.194E-16	25	0.7
6	30323109	RS3130376	RS561436357	PRUNED_DISTANCE_FALLBACK	DISTANCE_FALLBACK		NA	1484	1.218E-16	31	
6	30174428	RS885913	RS2844777	PRUNED_LD	LD		EUR	1485	1.227E-16	25	0.68
6	30395196	RS3130129	RS3130247	PRUNED_LD	LD		EUR	1486	1.254E-16	21	0.72
6	31319226	RS2442729	RS3094012	PRUNED_LD	LD		EUR	1487	1.269E-16	18	0.21
6	30195038	RS1264690	RS2844777	PRUNED_LD	LD		EUR	1488	1.274E-16	25	0.69
6	30323110	RS3094060	RS3130247	PRUNED_LD	LD		EUR	1489	1.283E-16	21	0.47
6	30181883	RS2188100	RS2844777	PRUNED_LD	LD		EUR	1490	1.287E-16	25	0.68
6	30177939	RS3129695	RS2844777	PRUNED_LD	LD		EUR	1491	1.299E-16	25	0.66
6	32628407	RS9273504	RS9274514	PRUNED_LD	LD		MULTI	1492	1.302E-16	32	0.49
6	29916618	RS1655900	RS547591961	PRUNED_DISTANCE_FALLBACK	DISTANCE_FALLBACK		NA	1493	1.314E-16	13	
6	30166886	RS2523720	RS2844777	PRUNED_LD	LD		EUR	1494	1.322E-16	25	0.69
6	30204399	RS2523742	RS2844777	PRUNED_LD	LD		EUR	1495	1.372E-16	25	0.7
6	27256102	RS3800316	RS13207082	PRUNED_LD	LD		EUR	1496	1.377E-16	9	0.25
6	30165662	RS2517613	RS2844777	PRUNED_LD	LD		EUR	1497	1.388E-16	25	0.69
6	27689939	RS2056923	RS66868086	PRUNED_LD	LD		EUR	1498	1.393E-16	1	0.35
6	32158319	RS176095	RS2071278	PRUNED_LD	LD		EUR	1499	1.394E-16	10	0.35
6	26044864	RS35506517	RS71557335	PRUNED_DISTANCE_FALLBACK	DISTANCE_FALLBACK		NA	1500	1.425E-16	29	
6	29644040	RS374317	RS3131856	PRUNED_LD	LD		EUR	1501	1.429E-16	12	0.32
6	29644633	RS376319	RS3131856	PRUNED_LD	LD		EUR	1502	1.441E-16	12	0.32
6	29644275	RS375248	RS3131856	PRUNED_LD	LD		EUR	1503	1.442E-16	12	0.33
6	29644502	RS375984	RS3131856	PRUNED_LD	LD		EUR	1504	1.444E-16	12	0.32
6	30169092	RS2517612	RS2844777	PRUNED_LD	LD		EUR	1505	1.454E-16	25	0.68
6	29645770	RS387640	RS3131856	PRUNED_LD	LD		EUR	1506	1.455E-16	12	0.32
6	29648377	RS2747429	RS3131856	PRUNED_LD	LD		EUR	1507	1.46E-16	12	0.32
6	29645118	RS2747421	RS3131856	PRUNED_LD	LD		EUR	1508	1.461E-16	12	0.32
6	29645038	RS2535238	RS3131856	PRUNED_LD	LD		EUR	1509	1.462E-16	12	0.32
6	31319029	RS2596504	RS3094012	PRUNED_LD	LD		EUR	1510	1.463E-16	18	0.21
6	29647545	RS448380	RS3131856	PRUNED_LD	LD		EUR	1511	1.491E-16	12	0.33
6	29916203	RS1655899	RS547591961	PRUNED_DISTANCE_FALLBACK	DISTANCE_FALLBACK		NA	1512	1.5E-16	13	
6	29645634	RS387642	RS3131856	PRUNED_LD	LD		EUR	1513	1.502E-16	12	0.32
6	29645937	RS3129062	RS3131856	PRUNED_LD	LD		EUR	1514	1.512E-16	12	0.32
6	30171284	RS2523715	RS2844777	PRUNED_LD	LD		EUR	1515	1.512E-16	25	0.68
6	30147230	RS2844785	RS547591961	PRUNED_DISTANCE_FALLBACK	DISTANCE_FALLBACK		NA	1516	1.515E-16	13	
6	29647642	RS448489	RS3131856	PRUNED_LD	LD		EUR	1517	1.52E-16	12	0.32
6	26015489	RS13191445	RS71557335	PRUNED_DISTANCE_FALLBACK	DISTANCE_FALLBACK		NA	1518	1.525E-16	29	
6	32361821	RS3129953	RS431204	PRUNED_DISTANCE_FALLBACK	DISTANCE_FALLBACK		NA	1519	1.551E-16	14	
6	30162505	RS2517615	RS2844777	PRUNED_LD	LD		EUR	1520	1.559E-16	25	0.69
6	26037601	RS13210041	RS71557335	PRUNED_DISTANCE_FALLBACK	DISTANCE_FALLBACK		NA	1521	1.571E-16	29	
6	29923227	RS9260628	RS547591961	PRUNED_DISTANCE_FALLBACK	DISTANCE_FALLBACK		NA	1522	1.584E-16	13	
6	32386699	RS3135371	RS431204	PRUNED_DISTANCE_FALLBACK	DISTANCE_FALLBACK		NA	1523	1.62E-16	14	
6	28322296	RS6903823	RS67981811	PRUNED_LD	LD		EUR	1524	1.731E-16	2	0.31
6	28308034	RS17301128	RS67981811	PRUNED_LD	LD		EUR	1525	1.739E-16	2	0.29
6	32154285	RS204995	RS2071278	PRUNED_LD	LD		EUR	1526	1.766E-16	10	0.31
6	26491234	RS6924727	RS41266839	PRUNED_LD	LD		EUR	1527	1.867E-16	3	0.36
6	26003070	RS71557312	RS71557335	PRUNED_DISTANCE_FALLBACK	DISTANCE_FALLBACK		NA	1528	1.873E-16	29	
6	28322120	RS6903652	RS67981811	PRUNED_LD	LD		EUR	1529	1.891E-16	2	0.32
6	26492149	RS6941920	RS41266839	PRUNED_LD	LD		EUR	1530	1.893E-16	3	0.36
6	29923239	RS9260629	RS547591961	PRUNED_DISTANCE_FALLBACK	DISTANCE_FALLBACK		NA	1531	1.898E-16	13	
6	26560672	RS11967935	RS41266839	PRUNED_LD	LD		EUR	1532	1.912E-16	3	0.3
6	26493909	RS6933213	RS41266839	PRUNED_LD	LD		EUR	1533	1.926E-16	3	0.36
6	32384500	RS2227138	RS431204	PRUNED_DISTANCE_FALLBACK	DISTANCE_FALLBACK		NA	1534	1.933E-16	14	
6	26338128	RS9467713	RS41266839	PRUNED_LD	LD		EUR	1535	1.938E-16	3	0.73
6	28221816	RS10456362	RS67981811	PRUNED_LD	LD		EUR	1536	2.006E-16	2	0.54
6	26759078	RS13195977	RS66975207	PRUNED_LD	LD		EUR	1537	2.157E-16	6	0.3
6	28320677	RS56131013	RS67981811	PRUNED_LD	LD		EUR	1538	2.176E-16	2	0.32
6	32358689	RS3117097	RS431204	PRUNED_DISTANCE_FALLBACK	DISTANCE_FALLBACK		NA	1539	2.216E-16	14	
6	26021872	RS41266779	RS71557335	PRUNED_DISTANCE_FALLBACK	DISTANCE_FALLBACK		NA	1540	2.389E-16	29	
6	25935591	RS13202592	RS71557335	PRUNED_DISTANCE_FALLBACK	DISTANCE_FALLBACK		NA	1541	2.406E-16	29	
6	32629650	RS9273873	RS9274514	PRUNED_LD	LD		MULTI	1542	2.426E-16	32	0.45
6	25993469	RS13202688	RS71557335	PRUNED_DISTANCE_FALLBACK	DISTANCE_FALLBACK		NA	1543	2.443E-16	29	
6	27237363	RS36034627	RS13207082	PRUNED_LD	LD		EUR	1544	2.599E-16	9	0.3
6	25930088	RS3884025	RS71557335	PRUNED_DISTANCE_FALLBACK	DISTANCE_FALLBACK		NA	1545	2.721E-16	29	
6	25983777	RS17528178	RS71557335	PRUNED_DISTANCE_FALLBACK	DISTANCE_FALLBACK		NA	1546	2.732E-16	29	
6	32363215	RS1980493	RS431204	PRUNED_DISTANCE_FALLBACK	DISTANCE_FALLBACK		NA	1547	2.809E-16	14	
6	32154998	RS204994	RS2071278	PRUNED_LD	LD		EUR	1548	2.844E-16	10	0.33
6	30764907	RS1264377	RS1264353	PRUNED_LD	LD		EUR	1549	2.919E-16	15	0.65
6	28502794	RS13215054	RS67981811	PRUNED_LD	LD		EUR	1550	2.999E-16	2	0.25
12	123677810	RS4460848	RS4460848	SELECTED_LEAD	LD	OK_LOCAL_CACHE		1551	3.011E-16	34	
6	30207495	RS2844773	RS2844777	PRUNED_LD	LD		EUR	1552	3.047E-16	25	0.63
12	123676763	RS2102949	RS4460848	PRUNED_LD	LD		MULTI	1553	3.052E-16	34	1
6	25918855	RS17526722	RS71557335	PRUNED_DISTANCE_FALLBACK	DISTANCE_FALLBACK		NA	1554	3.065E-16	29	
6	31319478	RS9266065	RS3094012	PRUNED_LD	LD		EUR	1555	3.111E-16	18	0.21
12	123669235	RS1790135	RS4460848	PRUNED_LD	LD		MULTI	1556	3.172E-16	34	0.66
6	30208843	RS2844771	RS2844777	PRUNED_LD	LD		EUR	1557	3.196E-16	25	0.63
6	32156908	RS204992	RS2071278	PRUNED_LD	LD		EUR	1558	3.257E-16	10	0.34
6	26654189	RS9393741	RS41266839	PRUNED_LD	LD		EUR	1559	3.332E-16	3	0.25
6	32199144	RS377763	RS2071278	PRUNED_LD	LD		EUR	1560	3.337E-16	10	0.38
6	30209918	RS2188099	RS2844777	PRUNED_LD	LD		EUR	1561	3.351E-16	25	0.63
12	123682081	RS1716180	RS4460848	PRUNED_LD	LD		MULTI	1562	3.352E-16	34	0.81
6	30210550	RS2844770	RS2844777	PRUNED_LD	LD		EUR	1563	3.383E-16	25	0.63
6	25874423	RS13198474	RS71557335	PRUNED_DISTANCE_FALLBACK	DISTANCE_FALLBACK		NA	1564	3.461E-16	29	
12	123694250	RS2851443	RS4460848	PRUNED_LD	LD		MULTI	1565	3.486E-16	34	0.97
6	32224439	RS6908903	RS431204	PRUNED_DISTANCE_FALLBACK	DISTANCE_FALLBACK		NA	1566	3.508E-16	14	
12	123688484	RS11057189	RS4460848	PRUNED_LD	LD		MULTI	1567	3.519E-16	34	0.99
6	25983010	RS13212534	RS71557335	PRUNED_DISTANCE_FALLBACK	DISTANCE_FALLBACK		NA	1568	3.553E-16	29	
6	26849098	RS71276077	RS66975207	PRUNED_LD	LD		EUR	1569	3.687E-16	6	0.4
6	31710020	RS1144708	RS431204	PRUNED_DISTANCE_FALLBACK	DISTANCE_FALLBACK		NA	1570	3.738E-16	14	
12	123665113	RS2851447	RS4460848	PRUNED_LD	LD		MULTI	1571	3.77E-16	34	0.98
12	123701353	RS1727319	RS4460848	PRUNED_LD	LD		MULTI	1572	3.772E-16	34	0.97
6	31698088	RS805304	RS431204	PRUNED_DISTANCE_FALLBACK	DISTANCE_FALLBACK		NA	1573	3.787E-16	14	
6	31697387	RS805305	RS431204	PRUNED_DISTANCE_FALLBACK	DISTANCE_FALLBACK		NA	1574	3.829E-16	14	
6	28303464	RS11970439	RS67981811	PRUNED_LD	LD		EUR	1575	3.854E-16	2	0.29
6	30213540	RS2022083	RS2844777	PRUNED_LD	LD		EUR	1576	3.908E-16	25	0.63
6	31697558	RS707916	RS431204	PRUNED_DISTANCE_FALLBACK	DISTANCE_FALLBACK		NA	1577	3.914E-16	14	
6	25875084	RS34043431	RS71557335	PRUNED_DISTANCE_FALLBACK	DISTANCE_FALLBACK		NA	1578	3.991E-16	29	
6	28309590	RS6912584	RS67981811	PRUNED_LD	LD		EUR	1579	4.064E-16	2	0.29
6	32928984	RS9276931	RS75301392	PRUNED_LD	LD		EUR	1580	4.065E-16	20	0.58
6	30214250	RS3129696	RS2844777	PRUNED_LD	LD		EUR	1581	4.091E-16	25	0.58
6	26316982	RS11966360	RS41266839	PRUNED_LD	LD		EUR	1582	4.137E-16	3	0.46
6	25884519	RS36014129	RS71557335	PRUNED_DISTANCE_FALLBACK	DISTANCE_FALLBACK		NA	1583	4.221E-16	29	
6	29764472	RS1633005	RS3131856	PRUNED_LD	LD		EUR	1584	4.336E-16	12	0.33
12	123697007	RS3018099	RS4460848	PRUNED_LD	LD		MULTI	1585	4.376E-16	34	0.97
6	28219661	RS9986596	RS67981811	PRUNED_LD	LD		EUR	1586	4.406E-16	2	0.53
6	29656271	RS3117312	RS3131856	PRUNED_LD	LD		EUR	1587	4.451E-16	12	0.34
6	30914843	RS3130782	RS1264353	PRUNED_LD	LD		EUR	1588	4.455E-16	15	0.53
6	29655588	RS3131898	RS3131856	PRUNED_LD	LD		EUR	1589	4.478E-16	12	0.3
6	29753348	RS9258381	RS3131856	PRUNED_LD	LD		EUR	1590	4.487E-16	12	0.36
6	25864818	RS13211947	RS13211947	SELECTED_LEAD	LD	OK_MIXED		1591	4.505E-16	35	
6	28218199	RS13200462	RS67981811	PRUNED_LD	LD		EUR	1592	4.677E-16	2	0.54
11	133852684	RS4936215	RS4936215	SELECTED_LEAD	LD	OK_LOCAL_CACHE		1593	4.741E-16	36	
6	29658357	RS9258017	RS3131856	PRUNED_LD	LD		EUR	1594	4.843E-16	12	0.34
6	29655239	RS3095284	RS3131856	PRUNED_LD	LD		EUR	1595	4.888E-16	12	0.34
6	32390332	RS2894255	RS431204	PRUNED_DISTANCE_FALLBACK	DISTANCE_FALLBACK		NA	1596	4.928E-16	14	
6	29657959	RS3131895	RS3131856	PRUNED_LD	LD		EUR	1597	4.931E-16	12	0.33
6	28216486	RS7740487	RS67981811	PRUNED_LD	LD		EUR	1598	4.932E-16	2	0.54
6	29655730	RS3117311	RS3131856	PRUNED_LD	LD		EUR	1599	4.958E-16	12	0.34
6	30737591	RS3095337	RS1264353	PRUNED_LD	LD		EUR	1600	5.035E-16	15	0.55
6	29658864	RS3129039	RS3131856	PRUNED_LD	LD		EUR	1601	5.129E-16	12	0.34
6	29674295	RS3094724	RS3131856	PRUNED_LD	LD		EUR	1602	5.219E-16	12	0.32
6	30741226	RS3132604	RS1264353	PRUNED_LD	LD		EUR	1603	5.248E-16	15	0.53
6	30741305	RS3095335	RS1264353	PRUNED_LD	LD		EUR	1604	5.267E-16	15	0.53
6	25822661	RS13201341	RS13211947	PRUNED_LD	LD		EUR	1605	5.317E-16	35	0.8
6	28217797	6:28217797_G_T	6:28301195_A_G	PRUNED_DISTANCE_FALLBACK	DISTANCE_FALLBACK		NA	1606	5.408E-16	16	
6	26886142	RS12176087	RS66975207	PRUNED_LD	LD		EUR	1607	5.423E-16	6	0.45
6	32340176	RS3117110	RS431204	PRUNED_DISTANCE_FALLBACK	DISTANCE_FALLBACK		NA	1608	5.5E-16	14	
6	29653957	RS3117299	RS3131856	PRUNED_LD	LD		EUR	1609	5.811E-16	12	0.34
6	31241664	RS2853949	RS1793894	PRUNED_LD	LD		EUR	1610	5.899E-16	17	0.25
6	31692163	RS805306	RS431204	PRUNED_DISTANCE_FALLBACK	DISTANCE_FALLBACK		NA	1611	5.918E-16	14	
6	29653377	RS3117295	RS3131856	PRUNED_LD	LD		EUR	1612	6.038E-16	12	0.34
6	31242649	RS2524078	RS1793894	PRUNED_LD	LD		EUR	1613	6.065E-16	17	0.25
6	27768348	RS200476	RS66868086	PRUNED_LD	LD		EUR	1614	6.149E-16	1	0.33
6	29673882	RS3094725	RS3131856	PRUNED_LD	LD		EUR	1615	6.161E-16	12	0.34
6	29671353	RS3129036	RS3131856	PRUNED_LD	LD		EUR	1616	6.179E-16	12	0.34
6	32224828	RS9268013	RS431204	PRUNED_DISTANCE_FALLBACK	DISTANCE_FALLBACK		NA	1617	6.182E-16	14	
6	28221264	RS1679732	RS67981811	PRUNED_LD	LD		EUR	1618	6.323E-16	2	0.54
6	27767640	RS200474	RS66868086	PRUNED_LD	LD		EUR	1619	6.354E-16	1	0.33
6	25866935	RS55912630	RS13211947	PRUNED_LD	LD		EUR	1620	6.387E-16	35	0.96
6	32226256	RS142071717	RS431204	PRUNED_DISTANCE_FALLBACK	DISTANCE_FALLBACK		NA	1621	6.41E-16	14	
6	31851234	RS652888	RS431204	PRUNED_DISTANCE_FALLBACK	DISTANCE_FALLBACK		NA	1622	6.526E-16	14	
6	28228342	RS1679709	RS67981811	PRUNED_LD	LD		EUR	1623	6.529E-16	2	0.54
6	32227506	RS3115567	RS431204	PRUNED_DISTANCE_FALLBACK	DISTANCE_FALLBACK		NA	1624	6.756E-16	14	
6	32374595	RS2395158	RS431204	PRUNED_DISTANCE_FALLBACK	DISTANCE_FALLBACK		NA	1625	6.847E-16	14	
6	32231407	RS3132927	RS431204	PRUNED_DISTANCE_FALLBACK	DISTANCE_FALLBACK		NA	1626	7.123E-16	14	
6	32223632	RS3132966	RS431204	PRUNED_DISTANCE_FALLBACK	DISTANCE_FALLBACK		NA	1627	7.152E-16	14	
6	32230344	RS3115565	RS431204	PRUNED_DISTANCE_FALLBACK	DISTANCE_FALLBACK		NA	1628	7.395E-16	14	
6	27770890	RS169262	RS66868086	PRUNED_LD	LD		EUR	1629	7.48E-16	1	0.35
12	123632930	RS1727302	RS4460848	PRUNED_LD	LD		MULTI	1630	7.598E-16	34	0.93
6	32223418	RS3130321	RS431204	PRUNED_DISTANCE_FALLBACK	DISTANCE_FALLBACK		NA	1631	7.63E-16	14	
6	31688217	RS805294	RS431204	PRUNED_DISTANCE_FALLBACK	DISTANCE_FALLBACK		NA	1632	7.718E-16	14	
6	32375796	RS3129959	RS431204	PRUNED_DISTANCE_FALLBACK	DISTANCE_FALLBACK		NA	1633	7.741E-16	14	
6	32392877	RS3135353	RS431204	PRUNED_DISTANCE_FALLBACK	DISTANCE_FALLBACK		NA	1634	7.848E-16	14	
6	32231483	RS3130331	RS431204	PRUNED_DISTANCE_FALLBACK	DISTANCE_FALLBACK		NA	1635	7.9E-16	14	
6	27241043	RS7759741	RS13207082	PRUNED_LD	LD		EUR	1636	7.95E-16	9	0.34
6	32342537	RS3129945	RS431204	PRUNED_DISTANCE_FALLBACK	DISTANCE_FALLBACK		NA	1637	8.004E-16	14	
6	29705028	RS1633098	RS3131856	PRUNED_LD	LD		EUR	1638	8.107E-16	12	0.25
6	31243846	RS2844613	RS1793894	PRUNED_LD	LD		EUR	1639	8.132E-16	17	0.25
6	32247505	RS9268109	RS431204	PRUNED_DISTANCE_FALLBACK	DISTANCE_FALLBACK		NA	1640	8.167E-16	14	
6	32248176	RS6457530	RS431204	PRUNED_DISTANCE_FALLBACK	DISTANCE_FALLBACK		NA	1641	8.173E-16	14	
6	27231150	RS6938200	RS13207082	PRUNED_LD	LD		EUR	1642	8.181E-16	9	0.28
6	29704316	RS1736915	RS3131856	PRUNED_LD	LD		EUR	1643	8.182E-16	12	0.25
6	31247736	RS2853945	RS1793894	PRUNED_LD	LD		EUR	1644	8.186E-16	17	0.25
6	32247771	RS7776041	RS431204	PRUNED_DISTANCE_FALLBACK	DISTANCE_FALLBACK		NA	1645	8.211E-16	14	
6	32226126	RS111257207	RS431204	PRUNED_DISTANCE_FALLBACK	DISTANCE_FALLBACK		NA	1646	8.25E-16	14	
6	28305812	RS6456814	RS67981811	PRUNED_LD	LD		EUR	1647	8.278E-16	2	0.28
6	28307251	RS7757003	RS67981811	PRUNED_LD	LD		EUR	1648	8.29E-16	2	0.28
6	25786226	RS13213957	RS13211947	PRUNED_LD	LD		EUR	1649	8.294E-16	35	0.76
6	28239915	RS11965538	RS67981811	PRUNED_LD	LD		EUR	1650	8.294E-16	2	0.54
6	27768100	RS200475	RS200475	SELECTED_LEAD	LD	OK		1651	8.301E-16	37	
6	26592707	RS9379895	RS41266839	PRUNED_LD	LD		EUR	1652	8.327E-16	3	0.28
6	31142758	RS3132514	RS1793894	PRUNED_LD	LD		EUR	1653	8.397E-16	17	0.4
6	27243134	RS35982103	RS13207082	PRUNED_LD	LD		EUR	1654	8.431E-16	9	0.34
6	28229411	RS1778511	RS67981811	PRUNED_LD	LD		EUR	1655	8.443E-16	2	0.54
6	32230056	RS3096687	RS431204	PRUNED_DISTANCE_FALLBACK	DISTANCE_FALLBACK		NA	1656	8.444E-16	14	
6	32235895	RS3132931	RS431204	PRUNED_DISTANCE_FALLBACK	DISTANCE_FALLBACK		NA	1657	8.502E-16	14	
6	31243540	RS2844614	RS1793894	PRUNED_LD	LD		EUR	1658	8.519E-16	17	0.25
6	29663309	RS3131889	RS3131856	PRUNED_LD	LD		EUR	1659	8.541E-16	12	0.28
6	26617306	RS9393737	RS41266839	PRUNED_LD	LD		EUR	1660	8.61E-16	3	0.28
6	29700183	RS1610601	RS3131856	PRUNED_LD	LD		EUR	1661	8.624E-16	12	0.29
6	28229881	RS1778508	RS67981811	PRUNED_LD	LD		EUR	1662	8.708E-16	2	0.54
6	32230678	RS9268059	RS431204	PRUNED_DISTANCE_FALLBACK	DISTANCE_FALLBACK		NA	1663	8.709E-16	14	
6	32239050	RS3096677	RS431204	PRUNED_DISTANCE_FALLBACK	DISTANCE_FALLBACK		NA	1664	8.71E-16	14	
6	32238219	RS3096674	RS431204	PRUNED_DISTANCE_FALLBACK	DISTANCE_FALLBACK		NA	1665	8.774E-16	14	
6	29704633	RS1633099	RS3131856	PRUNED_LD	LD		EUR	1666	8.79E-16	12	0.25
6	32239651	RS3115557	RS431204	PRUNED_DISTANCE_FALLBACK	DISTANCE_FALLBACK		NA	1667	8.797E-16	14	
6	31241311	RS2524086	RS1793894	PRUNED_LD	LD		EUR	1668	8.805E-16	17	0.25
6	32237463	RS7770017	RS431204	PRUNED_DISTANCE_FALLBACK	DISTANCE_FALLBACK		NA	1669	8.816E-16	14	
6	31246324	RS2524065	RS1793894	PRUNED_LD	LD		EUR	1670	8.817E-16	17	0.25
6	31247390	RS2844609	RS1793894	PRUNED_LD	LD		EUR	1671	8.822E-16	17	0.25
6	28241081	RS2743555	RS67981811	PRUNED_LD	LD		EUR	1672	8.888E-16	2	0.54
6	31245796	RS2853947	RS1793894	PRUNED_LD	LD		EUR	1673	8.888E-16	17	0.25
6	31245821	RS2524067	RS1793894	PRUNED_LD	LD		EUR	1674	8.888E-16	17	0.25
6	28308671	RS13210258	RS67981811	PRUNED_LD	LD		EUR	1675	8.892E-16	2	0.28
6	32241203	RS3130337	RS431204	PRUNED_DISTANCE_FALLBACK	DISTANCE_FALLBACK		NA	1676	8.928E-16	14	
6	32239314	RS3096678	RS431204	PRUNED_DISTANCE_FALLBACK	DISTANCE_FALLBACK		NA	1677	8.945E-16	14	
6	29663040	RS3129092	RS3131856	PRUNED_LD	LD		EUR	1678	8.957E-16	12	0.34
6	26612870	RS11967852	RS41266839	PRUNED_LD	LD		EUR	1679	8.979E-16	3	0.28
6	32240611	RS9268096	RS431204	PRUNED_DISTANCE_FALLBACK	DISTANCE_FALLBACK		NA	1680	8.979E-16	14	
6	32243129	RS1559873	RS431204	PRUNED_DISTANCE_FALLBACK	DISTANCE_FALLBACK		NA	1681	9.009E-16	14	
6	32237748	RS3096672	RS431204	PRUNED_DISTANCE_FALLBACK	DISTANCE_FALLBACK		NA	1682	9.037E-16	14	
6	29709949	RS885942	RS3131856	PRUNED_LD	LD		EUR	1683	9.062E-16	12	0.24
6	32249177	RS9268116	RS431204	PRUNED_DISTANCE_FALLBACK	DISTANCE_FALLBACK		NA	1684	9.075E-16	14	
6	32343369	RS3117106	RS431204	PRUNED_DISTANCE_FALLBACK	DISTANCE_FALLBACK		NA	1685	9.078E-16	14	
6	32238428	RS3130336	RS431204	PRUNED_DISTANCE_FALLBACK	DISTANCE_FALLBACK		NA	1686	9.084E-16	14	
6	28309136	RS1119211	RS67981811	PRUNED_LD	LD		EUR	1687	9.113E-16	2	0.28
6	32247315	RS3132951	RS431204	PRUNED_DISTANCE_FALLBACK	DISTANCE_FALLBACK		NA	1688	9.149E-16	14	
6	28234597	RS2799077	RS67981811	PRUNED_LD	LD		EUR	1689	9.16E-16	2	0.54
6	29702061	RS1610602	RS3131856	PRUNED_LD	LD		EUR	1690	9.163E-16	12	0.25
6	28319107	RS9468350	RS67981811	PRUNED_LD	LD		EUR	1691	9.183E-16	2	0.3
6	28250984	RS6901575	RS67981811	PRUNED_LD	LD		EUR	1692	9.225E-16	2	0.54
6	28235176	RS2799079	RS67981811	PRUNED_LD	LD		EUR	1693	9.258E-16	2	0.54
12	123650335	RS1615350	RS4460848	PRUNED_LD	LD		MULTI	1694	9.316E-16	34	0.95
6	32395698	RS2105902	RS431204	PRUNED_DISTANCE_FALLBACK	DISTANCE_FALLBACK		NA	1695	9.399E-16	14	
6	32251435	RS9268121	RS431204	PRUNED_DISTANCE_FALLBACK	DISTANCE_FALLBACK		NA	1696	9.407E-16	14	
6	32258088	RS6927529	RS431204	PRUNED_DISTANCE_FALLBACK	DISTANCE_FALLBACK		NA	1697	9.414E-16	14	
6	27757855	RS200468	RS66868086	PRUNED_LD	LD		EUR	1698	9.434E-16	1	0.33
6	32258043	RS6927856	RS431204	PRUNED_DISTANCE_FALLBACK	DISTANCE_FALLBACK		NA	1699	9.455E-16	14	
6	32252678	RS9268125	RS431204	PRUNED_DISTANCE_FALLBACK	DISTANCE_FALLBACK		NA	1700	9.497E-16	14	
6	32231085	RS3115564	RS431204	PRUNED_DISTANCE_FALLBACK	DISTANCE_FALLBACK		NA	1701	9.512E-16	14	
6	32239427	RS3115558	RS431204	PRUNED_DISTANCE_FALLBACK	DISTANCE_FALLBACK		NA	1702	9.541E-16	14	
6	31248169	RS2853942	RS1793894	PRUNED_LD	LD		EUR	1703	9.604E-16	17	0.25
6	32249524	RS9268117	RS431204	PRUNED_DISTANCE_FALLBACK	DISTANCE_FALLBACK		NA	1704	9.606E-16	14	
6	29709407	RS1610608	RS3131856	PRUNED_LD	LD		EUR	1705	9.616E-16	12	0.25
6	28311421	RS6456816	RS67981811	PRUNED_LD	LD		EUR	1706	9.767E-16	2	0.28
6	28299687	RS853676	RS67981811	PRUNED_LD	LD		EUR	1707	9.835E-16	2	0.57
6	32257035	RS7758030	RS431204	PRUNED_DISTANCE_FALLBACK	DISTANCE_FALLBACK		NA	1708	9.886E-16	14	
6	29180314	RS3116836	RS9257566	PRUNED_LD	LD		EUR	1709	9.987E-16	8	0.41
6	29710831	RS1610612	RS3131856	PRUNED_LD	LD		EUR	1710	9.989E-16	12	0.25
6	32256807	RS7757711	RS431204	PRUNED_DISTANCE_FALLBACK	DISTANCE_FALLBACK		NA	1711	1.004E-15	14	
6	32255594	RS9268140	RS431204	PRUNED_DISTANCE_FALLBACK	DISTANCE_FALLBACK		NA	1712	1.011E-15	14	
6	32634584	RS3891174	RS9274514	PRUNED_LD	LD		MULTI	1713	1.012E-15	32	0.78
6	29709794	RS885944	RS3131856	PRUNED_LD	LD		EUR	1714	1.019E-15	12	0.25
6	28242794	RS1419183	RS67981811	PRUNED_LD	LD		EUR	1715	1.026E-15	2	0.54
6	32255230	RS9268135	RS431204	PRUNED_DISTANCE_FALLBACK	DISTANCE_FALLBACK		NA	1716	1.038E-15	14	
6	25938767	RS115648484	RS71557335	PRUNED_DISTANCE_FALLBACK	DISTANCE_FALLBACK		NA	1717	1.041E-15	29	
6	32273198	RS6915879	RS431204	PRUNED_DISTANCE_FALLBACK	DISTANCE_FALLBACK		NA	1718	1.063E-15	14	
6	29706793	RS929160	RS3131856	PRUNED_LD	LD		EUR	1719	1.066E-15	12	0.25
6	32271955	RS3864301	RS431204	PRUNED_DISTANCE_FALLBACK	DISTANCE_FALLBACK		NA	1720	1.07E-15	14	
6	29706889	RS929159	RS3131856	PRUNED_LD	LD		EUR	1721	1.071E-15	12	0.25
6	29706900	RS929158	RS3131856	PRUNED_LD	LD		EUR	1722	1.071E-15	12	0.25
6	29709812	RS885943	RS3131856	PRUNED_LD	LD		EUR	1723	1.075E-15	12	0.25
6	32274079	RS9268176	RS431204	PRUNED_DISTANCE_FALLBACK	DISTANCE_FALLBACK		NA	1724	1.078E-15	14	
6	32224319	RS3115568	RS431204	PRUNED_DISTANCE_FALLBACK	DISTANCE_FALLBACK		NA	1725	1.081E-15	14	
6	32247710	RS7757760	RS431204	PRUNED_DISTANCE_FALLBACK	DISTANCE_FALLBACK		NA	1726	1.086E-15	14	
6	32268080	RS7750783	RS431204	PRUNED_DISTANCE_FALLBACK	DISTANCE_FALLBACK		NA	1727	1.086E-15	14	
6	32224852	RS9268014	RS431204	PRUNED_DISTANCE_FALLBACK	DISTANCE_FALLBACK		NA	1728	1.092E-15	14	
6	32224937	RS9268015	RS431204	PRUNED_DISTANCE_FALLBACK	DISTANCE_FALLBACK		NA	1729	1.093E-15	14	
6	32227112	RS9268031	RS431204	PRUNED_DISTANCE_FALLBACK	DISTANCE_FALLBACK		NA	1730	1.097E-15	14	
6	32799845	RS60045856	RS75301392	PRUNED_LD	LD		EUR	1731	1.099E-15	20	0.3
6	32230732	RS3132973	RS431204	PRUNED_DISTANCE_FALLBACK	DISTANCE_FALLBACK		NA	1732	1.1E-15	14	
6	30223428	RS2189373	RS2844777	PRUNED_LD	LD		EUR	1733	1.106E-15	25	0.44
6	32224139	RS3115569	RS431204	PRUNED_DISTANCE_FALLBACK	DISTANCE_FALLBACK		NA	1734	1.106E-15	14	
6	32226824	RS9268029	RS431204	PRUNED_DISTANCE_FALLBACK	DISTANCE_FALLBACK		NA	1735	1.106E-15	14	
6	32281621	RS3864303	RS431204	PRUNED_DISTANCE_FALLBACK	DISTANCE_FALLBACK		NA	1736	1.106E-15	14	
6	32276027	RS9268182	RS431204	PRUNED_DISTANCE_FALLBACK	DISTANCE_FALLBACK		NA	1737	1.107E-15	14	
6	32225050	RS9268016	RS431204	PRUNED_DISTANCE_FALLBACK	DISTANCE_FALLBACK		NA	1738	1.109E-15	14	
6	32227082	RS9268030	RS431204	PRUNED_DISTANCE_FALLBACK	DISTANCE_FALLBACK		NA	1739	1.112E-15	14	
6	32225072	RS9268017	RS431204	PRUNED_DISTANCE_FALLBACK	DISTANCE_FALLBACK		NA	1740	1.115E-15	14	
6	32275841	RS9268180	RS431204	PRUNED_DISTANCE_FALLBACK	DISTANCE_FALLBACK		NA	1741	1.117E-15	14	
6	32223947	RS3132967	RS431204	PRUNED_DISTANCE_FALLBACK	DISTANCE_FALLBACK		NA	1742	1.119E-15	14	
6	32277025	RS9268191	RS431204	PRUNED_DISTANCE_FALLBACK	DISTANCE_FALLBACK		NA	1743	1.119E-15	14	
6	32277548	RS9268194	RS431204	PRUNED_DISTANCE_FALLBACK	DISTANCE_FALLBACK		NA	1744	1.119E-15	14	
6	32223925	RS3130322	RS431204	PRUNED_DISTANCE_FALLBACK	DISTANCE_FALLBACK		NA	1745	1.131E-15	14	
6	32275629	RS9268179	RS431204	PRUNED_DISTANCE_FALLBACK	DISTANCE_FALLBACK		NA	1746	1.137E-15	14	
6	32277934	RS9268197	RS431204	PRUNED_DISTANCE_FALLBACK	DISTANCE_FALLBACK		NA	1747	1.14E-15	14	
6	32254452	RS9268131	RS431204	PRUNED_DISTANCE_FALLBACK	DISTANCE_FALLBACK		NA	1748	1.145E-15	14	
6	32279816	RS6934776	RS431204	PRUNED_DISTANCE_FALLBACK	DISTANCE_FALLBACK		NA	1749	1.145E-15	14	
6	32223830	RS6457516	RS431204	PRUNED_DISTANCE_FALLBACK	DISTANCE_FALLBACK		NA	1750	1.146E-15	14	
6	32401532	RS3129861	RS431204	PRUNED_DISTANCE_FALLBACK	DISTANCE_FALLBACK		NA	1751	1.15E-15	14	
6	32227839	RS139600543	RS431204	PRUNED_DISTANCE_FALLBACK	DISTANCE_FALLBACK		NA	1752	1.154E-15	14	
6	32230208	RS3132970	RS431204	PRUNED_DISTANCE_FALLBACK	DISTANCE_FALLBACK		NA	1753	1.161E-15	14	
6	32230608	RS9268055	RS431204	PRUNED_DISTANCE_FALLBACK	DISTANCE_FALLBACK		NA	1754	1.172E-15	14	
12	123718301	RS1727332	RS4460848	PRUNED_LD	LD		MULTI	1755	1.176E-15	34	0.91
6	32280182	RS6939410	RS431204	PRUNED_DISTANCE_FALLBACK	DISTANCE_FALLBACK		NA	1756	1.177E-15	14	
6	29664664	RS3129084	RS3131856	PRUNED_LD	LD		EUR	1757	1.181E-15	12	0.34
6	32280462	RS9268207	RS431204	PRUNED_DISTANCE_FALLBACK	DISTANCE_FALLBACK		NA	1758	1.181E-15	14	
6	29920954	RS1612063	RS547591961	PRUNED_DISTANCE_FALLBACK	DISTANCE_FALLBACK		NA	1759	1.183E-15	13	
6	32230214	RS3115566	RS431204	PRUNED_DISTANCE_FALLBACK	DISTANCE_FALLBACK		NA	1760	1.205E-15	14	
6	32229442	RS3130327	RS431204	PRUNED_DISTANCE_FALLBACK	DISTANCE_FALLBACK		NA	1761	1.21E-15	14	
6	32230779	RS3130329	RS431204	PRUNED_DISTANCE_FALLBACK	DISTANCE_FALLBACK		NA	1762	1.215E-15	14	
6	32230824	RS3130330	RS431204	PRUNED_DISTANCE_FALLBACK	DISTANCE_FALLBACK		NA	1763	1.215E-15	14	
6	32229826	RS6457526	RS431204	PRUNED_DISTANCE_FALLBACK	DISTANCE_FALLBACK		NA	1764	1.216E-15	14	
6	26650306	RS3999471	RS41266839	PRUNED_LD	LD		EUR	1765	1.218E-15	3	0.24
6	29732744	RS370631	RS3131856	PRUNED_LD	LD		EUR	1766	1.218E-15	12	0.22
6	26649355	RS9368448	RS41266839	PRUNED_LD	LD		EUR	1767	1.219E-15	3	0.24
6	26654318	RS9379907	RS41266839	PRUNED_LD	LD		EUR	1768	1.221E-15	3	0.24
6	32229238	RS3132969	RS431204	PRUNED_DISTANCE_FALLBACK	DISTANCE_FALLBACK		NA	1769	1.221E-15	14	
6	26654333	RS9368451	RS41266839	PRUNED_LD	LD		EUR	1770	1.223E-15	3	0.24
6	32242838	RS2114435	RS431204	PRUNED_DISTANCE_FALLBACK	DISTANCE_FALLBACK		NA	1771	1.229E-15	14	
6	32233886	RS7767325	RS431204	PRUNED_DISTANCE_FALLBACK	DISTANCE_FALLBACK		NA	1772	1.232E-15	14	
6	26646966	RS9393739	RS41266839	PRUNED_LD	LD		EUR	1773	1.233E-15	3	0.24
6	32230097	RS3096686	RS431204	PRUNED_DISTANCE_FALLBACK	DISTANCE_FALLBACK		NA	1774	1.234E-15	14	
6	26646674	RS9368447	RS41266839	PRUNED_LD	LD		EUR	1775	1.24E-15	3	0.24
6	32229721	RS6457525	RS431204	PRUNED_DISTANCE_FALLBACK	DISTANCE_FALLBACK		NA	1776	1.241E-15	14	
6	29729924	RS1610729	RS3131856	PRUNED_LD	LD		EUR	1777	1.244E-15	12	0.27
6	32232981	RS9268074	RS431204	PRUNED_DISTANCE_FALLBACK	DISTANCE_FALLBACK		NA	1778	1.244E-15	14	
6	29730185	RS1610633	RS3131856	PRUNED_LD	LD		EUR	1779	1.246E-15	12	0.27
6	32231547	RS3130332	RS431204	PRUNED_DISTANCE_FALLBACK	DISTANCE_FALLBACK		NA	1780	1.251E-15	14	
6	32285228	RS9268222	RS431204	PRUNED_DISTANCE_FALLBACK	DISTANCE_FALLBACK		NA	1781	1.254E-15	14	
6	32234198	RS3096685	RS431204	PRUNED_DISTANCE_FALLBACK	DISTANCE_FALLBACK		NA	1782	1.256E-15	14	
6	32234015	RS3132928	RS431204	PRUNED_DISTANCE_FALLBACK	DISTANCE_FALLBACK		NA	1783	1.257E-15	14	
6	26630990	RS9379905	RS41266839	PRUNED_LD	LD		EUR	1784	1.258E-15	3	0.24
6	32231313	RS3132926	RS431204	PRUNED_DISTANCE_FALLBACK	DISTANCE_FALLBACK		NA	1785	1.262E-15	14	
6	32234395	RS9268080	RS431204	PRUNED_DISTANCE_FALLBACK	DISTANCE_FALLBACK		NA	1786	1.263E-15	14	
6	32281889	RS9268212	RS431204	PRUNED_DISTANCE_FALLBACK	DISTANCE_FALLBACK		NA	1787	1.263E-15	14	
6	26656073	RS13215020	RS41266839	PRUNED_LD	LD		EUR	1788	1.265E-15	3	0.24
6	32234342	RS3130333	RS431204	PRUNED_DISTANCE_FALLBACK	DISTANCE_FALLBACK		NA	1789	1.265E-15	14	
6	32255269	RS9268137	RS431204	PRUNED_DISTANCE_FALLBACK	DISTANCE_FALLBACK		NA	1790	1.281E-15	14	
6	28297313	RS853678	RS67981811	PRUNED_LD	LD		EUR	1791	1.282E-15	2	0.57
6	32233373	RS9268076	RS431204	PRUNED_DISTANCE_FALLBACK	DISTANCE_FALLBACK		NA	1792	1.287E-15	14	
6	32234480	RS3132929	RS431204	PRUNED_DISTANCE_FALLBACK	DISTANCE_FALLBACK		NA	1793	1.289E-15	14	
6	32279340	RS9268202	RS431204	PRUNED_DISTANCE_FALLBACK	DISTANCE_FALLBACK		NA	1794	1.296E-15	14	
6	28296863	RS853679	RS67981811	PRUNED_LD	LD		EUR	1795	1.303E-15	2	0.57
6	32234512	RS3132930	RS431204	PRUNED_DISTANCE_FALLBACK	DISTANCE_FALLBACK		NA	1796	1.309E-15	14	
6	26654817	RS13210025	RS41266839	PRUNED_LD	LD		EUR	1797	1.32E-15	3	0.24
6	28296650	RS853681	RS67981811	PRUNED_LD	LD		EUR	1798	1.32E-15	2	0.57
6	32233638	RS3115563	RS431204	PRUNED_DISTANCE_FALLBACK	DISTANCE_FALLBACK		NA	1799	1.325E-15	14	
6	26620658	RS9393738	RS41266839	PRUNED_LD	LD		EUR	1800	1.345E-15	3	0.28
6	26620312	RS7754159	RS41266839	PRUNED_LD	LD		EUR	1801	1.347E-15	3	0.28
6	26663096	RS7759969	RS13215879	PRUNED_DISTANCE_FALLBACK	DISTANCE_FALLBACK		NA	1802	1.359E-15	22	
6	32235096	RS3096682	RS431204	PRUNED_DISTANCE_FALLBACK	DISTANCE_FALLBACK		NA	1803	1.375E-15	14	
6	32235177	RS3096681	RS431204	PRUNED_DISTANCE_FALLBACK	DISTANCE_FALLBACK		NA	1804	1.377E-15	14	
6	32235597	RS3096680	RS431204	PRUNED_DISTANCE_FALLBACK	DISTANCE_FALLBACK		NA	1805	1.388E-15	14	
6	32271674	RS3864299	RS431204	PRUNED_DISTANCE_FALLBACK	DISTANCE_FALLBACK		NA	1806	1.394E-15	14	
6	32271807	RS3864300	RS431204	PRUNED_DISTANCE_FALLBACK	DISTANCE_FALLBACK		NA	1807	1.395E-15	14	
6	32271443	RS7742654	RS431204	PRUNED_DISTANCE_FALLBACK	DISTANCE_FALLBACK		NA	1808	1.402E-15	14	
6	26610426	RS9368443	RS41266839	PRUNED_LD	LD		EUR	1809	1.403E-15	3	0.28
6	32270875	RS9268163	RS431204	PRUNED_DISTANCE_FALLBACK	DISTANCE_FALLBACK		NA	1810	1.404E-15	14	
6	32236039	RS3132932	RS431204	PRUNED_DISTANCE_FALLBACK	DISTANCE_FALLBACK		NA	1811	1.408E-15	14	
6	32421469	RS3129897	RS431204	PRUNED_DISTANCE_FALLBACK	DISTANCE_FALLBACK		NA	1812	1.409E-15	14	
6	32272327	RS9268165	RS431204	PRUNED_DISTANCE_FALLBACK	DISTANCE_FALLBACK		NA	1813	1.417E-15	14	
6	32272433	RS9268166	RS431204	PRUNED_DISTANCE_FALLBACK	DISTANCE_FALLBACK		NA	1814	1.418E-15	14	
6	32273085	RS9268172	RS431204	PRUNED_DISTANCE_FALLBACK	DISTANCE_FALLBACK		NA	1815	1.428E-15	14	
6	32235860	RS3115561	RS431204	PRUNED_DISTANCE_FALLBACK	DISTANCE_FALLBACK		NA	1816	1.429E-15	14	
6	32236142	RS3115560	RS431204	PRUNED_DISTANCE_FALLBACK	DISTANCE_FALLBACK		NA	1817	1.429E-15	14	
6	32272510	RS9268168	RS431204	PRUNED_DISTANCE_FALLBACK	DISTANCE_FALLBACK		NA	1818	1.43E-15	14	
6	32237221	RS9268083	RS431204	PRUNED_DISTANCE_FALLBACK	DISTANCE_FALLBACK		NA	1819	1.433E-15	14	
6	32272707	RS9268169	RS431204	PRUNED_DISTANCE_FALLBACK	DISTANCE_FALLBACK		NA	1820	1.433E-15	14	
6	32273765	RS6457536	RS431204	PRUNED_DISTANCE_FALLBACK	DISTANCE_FALLBACK		NA	1821	1.433E-15	14	
6	32272711	RS9268170	RS431204	PRUNED_DISTANCE_FALLBACK	DISTANCE_FALLBACK		NA	1822	1.434E-15	14	
6	32237322	RS7749904	RS431204	PRUNED_DISTANCE_FALLBACK	DISTANCE_FALLBACK		NA	1823	1.436E-15	14	
6	32237508	RS7749824	RS431204	PRUNED_DISTANCE_FALLBACK	DISTANCE_FALLBACK		NA	1824	1.439E-15	14	
6	32273487	RS7341270	RS431204	PRUNED_DISTANCE_FALLBACK	DISTANCE_FALLBACK		NA	1825	1.439E-15	14	
6	32237614	RS3096671	RS431204	PRUNED_DISTANCE_FALLBACK	DISTANCE_FALLBACK		NA	1826	1.443E-15	14	
6	32274067	RS9268175	RS431204	PRUNED_DISTANCE_FALLBACK	DISTANCE_FALLBACK		NA	1827	1.452E-15	14	
6	29696852	RS885945	RS3131856	PRUNED_LD	LD		EUR	1828	1.459E-15	12	0.29
6	32238298	RS3096675	RS431204	PRUNED_DISTANCE_FALLBACK	DISTANCE_FALLBACK		NA	1829	1.464E-15	14	
6	32275027	RS7341300	RS431204	PRUNED_DISTANCE_FALLBACK	DISTANCE_FALLBACK		NA	1830	1.465E-15	14	
6	32275194	RS7341328	RS431204	PRUNED_DISTANCE_FALLBACK	DISTANCE_FALLBACK		NA	1831	1.466E-15	14	
6	29725295	RS1737077	RS3131856	PRUNED_LD	LD		EUR	1832	1.473E-15	12	0.27
6	32238013	RS3096673	RS431204	PRUNED_DISTANCE_FALLBACK	DISTANCE_FALLBACK		NA	1833	1.476E-15	14	
6	32276549	RS9268187	RS431204	PRUNED_DISTANCE_FALLBACK	DISTANCE_FALLBACK		NA	1834	1.478E-15	14	
6	32243155	RS1559874	RS431204	PRUNED_DISTANCE_FALLBACK	DISTANCE_FALLBACK		NA	1835	1.481E-15	14	
6	28295875	RS853682	RS67981811	PRUNED_LD	LD		EUR	1836	1.485E-15	2	0.56
6	32276009	RS9268181	RS431204	PRUNED_DISTANCE_FALLBACK	DISTANCE_FALLBACK		NA	1837	1.485E-15	14	
6	32239341	RS3115559	RS431204	PRUNED_DISTANCE_FALLBACK	DISTANCE_FALLBACK		NA	1838	1.489E-15	14	
6	32239024	RS3096676	RS431204	PRUNED_DISTANCE_FALLBACK	DISTANCE_FALLBACK		NA	1839	1.491E-15	14	
6	32238517	RS7765109	RS431204	PRUNED_DISTANCE_FALLBACK	DISTANCE_FALLBACK		NA	1840	1.493E-15	14	
6	32238511	RS7765103	RS431204	PRUNED_DISTANCE_FALLBACK	DISTANCE_FALLBACK		NA	1841	1.494E-15	14	
6	32277211	RS9268192	RS431204	PRUNED_DISTANCE_FALLBACK	DISTANCE_FALLBACK		NA	1842	1.496E-15	14	
6	32241720	RS3130338	RS431204	PRUNED_DISTANCE_FALLBACK	DISTANCE_FALLBACK		NA	1843	1.505E-15	14	
6	32242492	RS3096679	RS431204	PRUNED_DISTANCE_FALLBACK	DISTANCE_FALLBACK		NA	1844	1.508E-15	14	
6	32238538	RS7746994	RS431204	PRUNED_DISTANCE_FALLBACK	DISTANCE_FALLBACK		NA	1845	1.51E-15	14	
6	32238680	RS3132945	RS431204	PRUNED_DISTANCE_FALLBACK	DISTANCE_FALLBACK		NA	1846	1.511E-15	14	
6	32242761	RS2114434	RS431204	PRUNED_DISTANCE_FALLBACK	DISTANCE_FALLBACK		NA	1847	1.526E-15	14	
6	32276795	RS9268190	RS431204	PRUNED_DISTANCE_FALLBACK	DISTANCE_FALLBACK		NA	1848	1.531E-15	14	
6	32277834	RS9268196	RS431204	PRUNED_DISTANCE_FALLBACK	DISTANCE_FALLBACK		NA	1849	1.534E-15	14	
6	32277555	RS9268195	RS431204	PRUNED_DISTANCE_FALLBACK	DISTANCE_FALLBACK		NA	1850	1.535E-15	14	
6	32243110	RS1559872	RS431204	PRUNED_DISTANCE_FALLBACK	DISTANCE_FALLBACK		NA	1851	1.537E-15	14	
6	32223775	RS6457514	RS431204	PRUNED_DISTANCE_FALLBACK	DISTANCE_FALLBACK		NA	1852	1.539E-15	14	
6	32223785	RS6457515	RS431204	PRUNED_DISTANCE_FALLBACK	DISTANCE_FALLBACK		NA	1853	1.539E-15	14	
6	32278187	RS9268198	RS431204	PRUNED_DISTANCE_FALLBACK	DISTANCE_FALLBACK		NA	1854	1.549E-15	14	
6	32237745	RS3130335	RS431204	PRUNED_DISTANCE_FALLBACK	DISTANCE_FALLBACK		NA	1855	1.551E-15	14	
6	32244627	RS3130340	RS431204	PRUNED_DISTANCE_FALLBACK	DISTANCE_FALLBACK		NA	1856	1.558E-15	14	
6	32246156	RS3115552	RS431204	PRUNED_DISTANCE_FALLBACK	DISTANCE_FALLBACK		NA	1857	1.565E-15	14	
6	32245827	RS3115553	RS431204	PRUNED_DISTANCE_FALLBACK	DISTANCE_FALLBACK		NA	1858	1.568E-15	14	
6	32250881	RS2395117	RS431204	PRUNED_DISTANCE_FALLBACK	DISTANCE_FALLBACK		NA	1859	1.569E-15	14	
6	32279952	RS6934546	RS431204	PRUNED_DISTANCE_FALLBACK	DISTANCE_FALLBACK		NA	1860	1.572E-15	14	
6	32279622	RS6934429	RS431204	PRUNED_DISTANCE_FALLBACK	DISTANCE_FALLBACK		NA	1861	1.58E-15	14	
6	26587406	RS13190754	RS41266839	PRUNED_LD	LD		EUR	1862	1.588E-15	3	0.27
6	32247064	RS3130341	RS431204	PRUNED_DISTANCE_FALLBACK	DISTANCE_FALLBACK		NA	1863	1.605E-15	14	
6	26634040	RS9295702	RS41266839	PRUNED_LD	LD		EUR	1864	1.61E-15	3	0.24
6	32223770	RS6457513	RS431204	PRUNED_DISTANCE_FALLBACK	DISTANCE_FALLBACK		NA	1865	1.614E-15	14	
6	32279500	RS9268204	RS431204	PRUNED_DISTANCE_FALLBACK	DISTANCE_FALLBACK		NA	1866	1.615E-15	14	
6	26663478	RS7740197	RS13215879	PRUNED_DISTANCE_FALLBACK	DISTANCE_FALLBACK		NA	1867	1.617E-15	22	
6	29728570	RS1610629	RS3131856	PRUNED_LD	LD		EUR	1868	1.632E-15	12	0.27
6	26652489	RS9368450	RS41266839	PRUNED_LD	LD		EUR	1869	1.634E-15	3	0.24
6	26646521	RS13195210	RS41266839	PRUNED_LD	LD		EUR	1870	1.644E-15	3	0.24
6	28288785	RS853685	RS67981811	PRUNED_LD	LD		EUR	1871	1.654E-15	2	0.56
6	26634436	RS9348728	RS41266839	PRUNED_LD	LD		EUR	1872	1.655E-15	3	0.24
6	32629091	RS9273595	RS9274514	PRUNED_LD	LD		MULTI	1873	1.657E-15	32	0.49
6	32260350	RS6935269	RS431204	PRUNED_DISTANCE_FALLBACK	DISTANCE_FALLBACK		NA	1874	1.663E-15	14	
6	32230664	RS9268057	RS431204	PRUNED_DISTANCE_FALLBACK	DISTANCE_FALLBACK		NA	1875	1.668E-15	14	
6	32283494	RS6915455	RS431204	PRUNED_DISTANCE_FALLBACK	DISTANCE_FALLBACK		NA	1876	1.676E-15	14	
6	32261507	RS3749966	RS431204	PRUNED_DISTANCE_FALLBACK	DISTANCE_FALLBACK		NA	1877	1.68E-15	14	
6	32282081	RS9268213	RS431204	PRUNED_DISTANCE_FALLBACK	DISTANCE_FALLBACK		NA	1878	1.686E-15	14	
6	32283699	RS9268218	RS431204	PRUNED_DISTANCE_FALLBACK	DISTANCE_FALLBACK		NA	1879	1.693E-15	14	
6	32283114	RS6910275	RS431204	PRUNED_DISTANCE_FALLBACK	DISTANCE_FALLBACK		NA	1880	1.695E-15	14	
6	32281958	RS2069026	RS431204	PRUNED_DISTANCE_FALLBACK	DISTANCE_FALLBACK		NA	1881	1.698E-15	14	
6	32282979	RS6909790	RS431204	PRUNED_DISTANCE_FALLBACK	DISTANCE_FALLBACK		NA	1882	1.705E-15	14	
6	32282466	RS9268214	RS431204	PRUNED_DISTANCE_FALLBACK	DISTANCE_FALLBACK		NA	1883	1.71E-15	14	
6	32230658	RS9268056	RS431204	PRUNED_DISTANCE_FALLBACK	DISTANCE_FALLBACK		NA	1884	1.711E-15	14	
6	32265682	RS7739069	RS431204	PRUNED_DISTANCE_FALLBACK	DISTANCE_FALLBACK		NA	1885	1.711E-15	14	
6	32282471	RS9268215	RS431204	PRUNED_DISTANCE_FALLBACK	DISTANCE_FALLBACK		NA	1886	1.711E-15	14	
6	25714959	RS34493019	RS13211947	PRUNED_LD	LD		EUR	1887	1.728E-15	35	0.71
6	32252401	RS7755666	RS431204	PRUNED_DISTANCE_FALLBACK	DISTANCE_FALLBACK		NA	1888	1.728E-15	14	
6	32283214	RS28367008	RS431204	PRUNED_DISTANCE_FALLBACK	DISTANCE_FALLBACK		NA	1889	1.728E-15	14	
6	29726046	RS1633063	RS3131856	PRUNED_LD	LD		EUR	1890	1.753E-15	12	0.27
6	32257366	RS9268146	RS431204	PRUNED_DISTANCE_FALLBACK	DISTANCE_FALLBACK		NA	1891	1.762E-15	14	
6	32272437	RS9268167	RS431204	PRUNED_DISTANCE_FALLBACK	DISTANCE_FALLBACK		NA	1892	1.778E-15	14	
6	30713296	RS2284173	RS1264353	PRUNED_LD	LD		EUR	1893	1.801E-15	15	0.39
6	30312176	RS3132650	RS3130247	PRUNED_LD	LD		EUR	1894	1.829E-15	21	0.39
6	32268701	RS6909427	RS431204	PRUNED_DISTANCE_FALLBACK	DISTANCE_FALLBACK		NA	1895	1.843E-15	14	
6	32269218	RS9268156	RS431204	PRUNED_DISTANCE_FALLBACK	DISTANCE_FALLBACK		NA	1896	1.851E-15	14	
12	123746961	RS10773002	RS4460848	PRUNED_LD	LD		MULTI	1897	1.857E-15	34	0.78
6	32255410	RS7751896	RS431204	PRUNED_DISTANCE_FALLBACK	DISTANCE_FALLBACK		NA	1898	1.857E-15	14	
6	32224489	RS6908927	RS431204	PRUNED_DISTANCE_FALLBACK	DISTANCE_FALLBACK		NA	1899	1.862E-15	14	
12	123718879	RS1727331	RS4460848	PRUNED_LD	LD		MULTI	1900	1.88E-15	34	0.84
6	32256260	RS4711291	RS431204	PRUNED_DISTANCE_FALLBACK	DISTANCE_FALLBACK		NA	1901	1.883E-15	14	
6	26584668	RS9379893	RS41266839	PRUNED_LD	LD		EUR	1902	1.886E-15	3	0.28
6	26665235	RS1104871	RS13215879	PRUNED_DISTANCE_FALLBACK	DISTANCE_FALLBACK		NA	1903	1.886E-15	22	
6	32270283	RS7775592	RS431204	PRUNED_DISTANCE_FALLBACK	DISTANCE_FALLBACK		NA	1904	1.89E-15	14	
6	26664268	RS9348729	RS13215879	PRUNED_DISTANCE_FALLBACK	DISTANCE_FALLBACK		NA	1905	1.892E-15	22	
6	32271263	RS9268164	RS431204	PRUNED_DISTANCE_FALLBACK	DISTANCE_FALLBACK		NA	1906	1.9E-15	14	
6	28764974	RS9257190	RS13194504	PRUNED_LD	LD		EUR	1907	1.902E-15	7	0.52
6	32281510	RS1018433	RS431204	PRUNED_DISTANCE_FALLBACK	DISTANCE_FALLBACK		NA	1908	1.902E-15	14	
6	32278670	RS9268200	RS431204	PRUNED_DISTANCE_FALLBACK	DISTANCE_FALLBACK		NA	1909	1.914E-15	14	
6	32270363	RS7775332	RS431204	PRUNED_DISTANCE_FALLBACK	DISTANCE_FALLBACK		NA	1910	1.915E-15	14	
6	32281360	RS1018434	RS431204	PRUNED_DISTANCE_FALLBACK	DISTANCE_FALLBACK		NA	1911	1.918E-15	14	
6	28789266	RS172329	RS13194504	PRUNED_LD	LD		EUR	1912	1.93E-15	7	0.42
12	123733621	RS11057209	RS4460848	PRUNED_LD	LD		MULTI	1913	1.942E-15	34	0.85
12	123731423	RS11532322	RS4460848	PRUNED_LD	LD		MULTI	1914	1.944E-15	34	0.67
6	32273077	RS9268171	RS431204	PRUNED_DISTANCE_FALLBACK	DISTANCE_FALLBACK		NA	1915	1.946E-15	14	
6	27675469	RS12179134	RS66868086	PRUNED_LD	LD		EUR	1916	1.947E-15	1	0.33
12	123720775	RS11057202	RS4460848	PRUNED_LD	LD		MULTI	1917	1.948E-15	34	0.85
6	30306306	RS3129837	RS3130247	PRUNED_LD	LD		EUR	1918	1.959E-15	21	0.39
7	137076712	RS10954580	RS10954580	SELECTED_LEAD	LD	OK_LOCAL_CACHE		1919	1.989E-15	38	
6	26642305	RS9368445	RS41266839	PRUNED_LD	LD		EUR	1920	2E-15	3	0.24
7	137078190	RS13222414	RS10954580	PRUNED_LD	LD		MULTI	1921	2.023E-15	38	1
6	32280344	RS9268206	RS431204	PRUNED_DISTANCE_FALLBACK	DISTANCE_FALLBACK		NA	1922	2.053E-15	14	
6	28775322	RS3131344	RS13194504	PRUNED_LD	LD		EUR	1923	2.109E-15	7	0.45
6	26640886	RS6936555	RS41266839	PRUNED_LD	LD		EUR	1924	2.144E-15	3	0.24
6	32279284	RS9268201	RS431204	PRUNED_DISTANCE_FALLBACK	DISTANCE_FALLBACK		NA	1925	2.149E-15	14	
7	137078142	RS13236574	RS10954580	PRUNED_LD	LD		MULTI	1926	2.15E-15	38	1
12	123721614	RS10744150	RS4460848	PRUNED_LD	LD		MULTI	1927	2.153E-15	34	0.83
6	26640895	RS6936561	RS41266839	PRUNED_LD	LD		EUR	1928	2.159E-15	3	0.24
7	137078040	RS12538697	RS10954580	PRUNED_LD	LD		MULTI	1929	2.169E-15	38	1
12	123742061	RS1969355	RS4460848	PRUNED_LD	LD		MULTI	1930	2.17E-15	34	0.78
12	123743445	RS10734900	RS4460848	PRUNED_LD	LD		MULTI	1931	2.173E-15	34	0.77
12	123735937	RS1609520	RS4460848	PRUNED_LD	LD		MULTI	1932	2.177E-15	34	0.84
12	123743447	RS10734901	RS4460848	PRUNED_LD	LD		MULTI	1933	2.178E-15	34	0.77
12	123730891	RS11057207	RS4460848	PRUNED_LD	LD		MULTI	1934	2.204E-15	34	0.86
6	32284910	RS9268221	RS431204	PRUNED_DISTANCE_FALLBACK	DISTANCE_FALLBACK		NA	1935	2.212E-15	14	
6	26638503	RS9368444	RS13215879	PRUNED_DISTANCE_FALLBACK	DISTANCE_FALLBACK		NA	1936	2.219E-15	22	
6	25710571	RS68006638	RS13211947	PRUNED_LD	LD		EUR	1937	2.227E-15	35	0.71
12	123719880	RS10772997	RS4460848	PRUNED_LD	LD		MULTI	1938	2.238E-15	34	0.85
7	137076903	RS11766321	RS10954580	PRUNED_LD	LD		MULTI	1939	2.259E-15	38	1
6	28779423	RS417919	RS13194504	PRUNED_LD	LD		EUR	1940	2.268E-15	7	0.44
6	29161497	RS3116827	RS9257566	PRUNED_LD	LD		EUR	1941	2.271E-15	8	0.45
6	28773496	RS3132372	RS13194504	PRUNED_LD	LD		EUR	1942	2.274E-15	7	0.45
6	32278792	RS3864302	RS431204	PRUNED_DISTANCE_FALLBACK	DISTANCE_FALLBACK		NA	1943	2.291E-15	14	
12	123719444	RS7304782	RS4460848	PRUNED_LD	LD		MULTI	1944	2.295E-15	34	0.85
6	27689502	RS9295740	RS66868086	PRUNED_LD	LD		EUR	1945	2.296E-15	1	0.33
12	123728230	RS10772999	RS4460848	PRUNED_LD	LD		MULTI	1946	2.299E-15	34	0.85
12	123743883	RS10732573	RS4460848	PRUNED_LD	LD		MULTI	1947	2.318E-15	34	0.77
6	32282019	RS6903871	RS431204	PRUNED_DISTANCE_FALLBACK	DISTANCE_FALLBACK		NA	1948	2.327E-15	14	
11	133853008	RS4936216	RS4936215	PRUNED_LD	LD		MULTI	1949	2.331E-15	36	0.94
6	32281688	RS1018430	RS431204	PRUNED_DISTANCE_FALLBACK	DISTANCE_FALLBACK		NA	1950	2.343E-15	14	
6	29145646	RS3129162	RS9257566	PRUNED_LD	LD		EUR	1951	2.4E-15	8	0.45
6	28787193	RS9257226	RS13194504	PRUNED_LD	LD		EUR	1952	2.416E-15	7	0.45
12	123744955	RS1980251	RS4460848	PRUNED_LD	LD		MULTI	1953	2.421E-15	34	0.77
6	32281676	RS1018431	RS431204	PRUNED_DISTANCE_FALLBACK	DISTANCE_FALLBACK		NA	1954	2.424E-15	14	
12	123729268	RS7137286	RS4460848	PRUNED_LD	LD		MULTI	1955	2.437E-15	34	0.86
12	123723735	RS10744151	RS4460848	PRUNED_LD	LD		MULTI	1956	2.443E-15	34	0.85
6	29696657	RS885946	RS3131856	PRUNED_LD	LD		EUR	1957	2.444E-15	12	0.27
6	28769671	RS2765220	RS13194504	PRUNED_LD	LD		EUR	1958	2.469E-15	7	0.45
6	31155785	RS1265181	RS1793894	PRUNED_LD	LD		EUR	1959	2.563E-15	17	0.33
12	123738678	RS1568427	RS4460848	PRUNED_LD	LD		MULTI	1960	2.577E-15	34	0.81
7	137053273	RS320707	RS10954580	PRUNED_LD	LD		MULTI	1961	2.581E-15	38	0.92
12	123725954	RS11057205	RS4460848	PRUNED_LD	LD		MULTI	1962	2.594E-15	34	0.85
7	137079172	RS17529963	RS10954580	PRUNED_LD	LD		MULTI	1963	2.665E-15	38	0.99
6	29344395	RS9257803	RS9257566	PRUNED_LD	LD		EUR	1964	2.685E-15	8	0.49
6	30122623	RS2517645	RS547591961	PRUNED_DISTANCE_FALLBACK	DISTANCE_FALLBACK		NA	1965	2.699E-15	13	
6	29718790	RS1610621	RS3131856	PRUNED_LD	LD		EUR	1966	2.728E-15	12	0.27
7	137052616	RS161337	RS10954580	PRUNED_LD	LD		MULTI	1967	2.728E-15	38	0.92
7	137052670	RS320706	RS10954580	PRUNED_LD	LD		MULTI	1968	2.732E-15	38	0.92
6	31161229	RS1265178	RS1793894	PRUNED_LD	LD		EUR	1969	2.749E-15	17	0.35
7	137079284	RS17530005	RS10954580	PRUNED_LD	LD		MULTI	1970	2.775E-15	38	0.99
7	137073259	RS13230189	RS10954580	PRUNED_LD	LD		MULTI	1971	2.804E-15	38	0.97
6	30307342	RS3129840	RS3130247	PRUNED_LD	LD		EUR	1972	2.807E-15	21	0.39
6	31161577	RS1265177	RS1793894	PRUNED_LD	LD		EUR	1973	2.817E-15	17	0.34
6	28330264	RS213230	RS67981811	PRUNED_LD	LD		EUR	1974	2.864E-15	2	0.27
7	137052399	RS161336	RS10954580	PRUNED_LD	LD		MULTI	1975	2.875E-15	38	0.91
7	137077103	RS12540417	RS10954580	PRUNED_LD	LD		MULTI	1976	2.893E-15	38	1
7	137051371	RS1431098	RS10954580	PRUNED_LD	LD		MULTI	1977	2.906E-15	38	0.92
6	28279100	RS853694	RS67981811	PRUNED_LD	LD		EUR	1978	2.913E-15	2	0.57
7	137062785	RS11771579	RS10954580	PRUNED_LD	LD		MULTI	1979	2.936E-15	38	0.9
6	28268452	RS1936365	RS67981811	PRUNED_LD	LD		EUR	1980	2.964E-15	2	0.57
7	137047182	RS10954579	RS10954580	PRUNED_LD	LD		MULTI	1981	2.975E-15	38	0.92
6	28262686	RS6905391	RS67981811	PRUNED_LD	LD		EUR	1982	3.028E-15	2	0.57
6	32313659	RS1265764	RS431204	PRUNED_DISTANCE_FALLBACK	DISTANCE_FALLBACK		NA	1983	3.037E-15	14	
7	137048159	RS161346	RS10954580	PRUNED_LD	LD		MULTI	1984	3.065E-15	38	0.92
7	137047137	RS320696	RS10954580	PRUNED_LD	LD		MULTI	1985	3.109E-15	38	0.92
6	27289776	RS6923811	RS13215879	PRUNED_DISTANCE_FALLBACK	DISTANCE_FALLBACK		NA	1986	3.237E-15	22	
6	31601012	RS2844466	RS431204	PRUNED_DISTANCE_FALLBACK	DISTANCE_FALLBACK		NA	1987	3.341E-15	14	
6	29175526	RS9257612	RS9257566	PRUNED_LD	LD		EUR	1988	3.494E-15	8	0.45
6	29894600	RS413985	RS547591961	PRUNED_DISTANCE_FALLBACK	DISTANCE_FALLBACK		NA	1989	3.517E-15	13	
6	28792477	RS209181	RS13194504	PRUNED_LD	LD		EUR	1990	3.519E-15	7	0.46
6	30172513	RS971570	RS2844777	PRUNED_LD	LD		EUR	1991	3.519E-15	25	0.42
6	29171039	RS760804	RS9257566	PRUNED_LD	LD		EUR	1992	3.525E-15	8	0.45
6	29155749	RS3129171	RS9257566	PRUNED_LD	LD		EUR	1993	3.547E-15	8	0.39
6	29173038	RS6912280	RS9257566	PRUNED_LD	LD		EUR	1994	3.553E-15	8	0.45
6	29170261	RS3129093	RS9257566	PRUNED_LD	LD		EUR	1995	3.562E-15	8	0.45
6	30171417	RS2517608	RS2844777	PRUNED_LD	LD		EUR	1996	3.567E-15	25	0.42
6	30173330	RS2523713	RS2844777	PRUNED_LD	LD		EUR	1997	3.571E-15	25	0.41
6	30170525	RS2523716	RS2844777	PRUNED_LD	LD		EUR	1998	3.61E-15	25	0.4
6	29657127	RS2747460	RS3131856	PRUNED_LD	LD		EUR	1999	3.652E-15	12	0.3
6	28790528	RS172328	RS13194504	PRUNED_LD	LD		EUR	2000	3.74E-15	7	0.43
6	31602967	RS1046089	RS431204	PRUNED_DISTANCE_FALLBACK	DISTANCE_FALLBACK		NA	2001	3.767E-15	14	
6	29185844	RS3130836	RS9257566	PRUNED_LD	LD		EUR	2002	3.772E-15	8	0.45
6	29138315	RS3129151	RS9257566	PRUNED_LD	LD		EUR	2003	3.779E-15	8	0.45
6	27248931	RS6932590	RS13207082	PRUNED_LD	LD		EUR	2004	3.795E-15	9	0.27
6	29140207	RS3130742	RS9257566	PRUNED_LD	LD		EUR	2005	3.807E-15	8	0.45
7	137051382	RS320705	RS10954580	PRUNED_LD	LD		MULTI	2006	3.841E-15	38	0.92
6	29659043	RS2535274	RS3131856	PRUNED_LD	LD		EUR	2007	3.845E-15	12	0.3
7	137059860	RS7804988	RS10954580	PRUNED_LD	LD		MULTI	2008	3.87E-15	38	0.91
7	137059710	RS7782162	RS10954580	PRUNED_LD	LD		MULTI	2009	3.963E-15	38	0.91
6	29659386	RS2907897	RS3131856	PRUNED_LD	LD		EUR	2010	3.971E-15	12	0.3
6	29896999	RS389600	RS547591961	PRUNED_DISTANCE_FALLBACK	DISTANCE_FALLBACK		NA	2011	4.031E-15	13	
6	30697447	RS3094127	RS1264353	PRUNED_LD	LD		EUR	2012	4.083E-15	15	0.38
6	29659999	RS3129035	RS3131856	PRUNED_LD	LD		EUR	2013	4.101E-15	12	0.3
7	137050827	RS320703	RS10954580	PRUNED_LD	LD		MULTI	2014	4.163E-15	38	0.92
6	29654700	RS3117301	RS3131856	PRUNED_LD	LD		EUR	2015	4.164E-15	12	0.3
7	137051175	RS320704	RS10954580	PRUNED_LD	LD		MULTI	2016	4.235E-15	38	0.92
6	29660394	RS3116814	RS3131856	PRUNED_LD	LD		EUR	2017	4.261E-15	12	0.3
6	28534971	RS425615	RS539591970	PRUNED_DISTANCE_FALLBACK	DISTANCE_FALLBACK		NA	2018	4.27E-15	11	
7	137049477	RS320700	RS10954580	PRUNED_LD	LD		MULTI	2019	4.286E-15	38	0.86
6	29346329	RS9257805	RS9257566	PRUNED_LD	LD		EUR	2020	4.345E-15	8	0.48
6	30692965	RS8233	RS1264353	PRUNED_LD	LD		EUR	2021	4.356E-15	15	0.4
6	31122500	RS130065	RS1793894	PRUNED_LD	LD		EUR	2022	4.36E-15	17	0.28
7	137049517	RS320701	RS10954580	PRUNED_LD	LD		MULTI	2023	4.424E-15	38	0.92
6	29124189	RS3129129	RS9257566	PRUNED_LD	LD		EUR	2024	4.448E-15	8	0.43
7	137072531	RS728055	RS10954580	PRUNED_LD	LD		MULTI	2025	4.562E-15	38	0.89
6	29829636	6:29829636_G_A	RS547591961	PRUNED_DISTANCE_FALLBACK	DISTANCE_FALLBACK		NA	2026	4.577E-15	13	
2	58123798	RS1356545	RS1356545	SELECTED_LEAD	LD	OK_LOCAL_CACHE		2027	4.588E-15	39	
2	58113995	RS2683634	RS1356545	PRUNED_LD	LD		MULTI	2028	4.643E-15	39	1
2	58123724	RS1356544	RS1356545	PRUNED_LD	LD		MULTI	2029	4.656E-15	39	1
7	137074761	RS1376608	RS10954580	PRUNED_LD	LD		MULTI	2030	4.669E-15	38	0.85
6	31065071	RS3130968	RS1793894	PRUNED_LD	LD		EUR	2031	4.69E-15	17	0.39
6	28533946	RS418092	RS67981811	PRUNED_LD	LD		EUR	2032	4.745E-15	2	0.2
6	29118530	RS3130724	RS9257566	PRUNED_LD	LD		EUR	2033	4.759E-15	8	0.45
6	29117852	RS3129122	RS9257566	PRUNED_LD	LD		EUR	2034	4.761E-15	8	0.46
6	28568528	RS418914	RS67981811	PRUNED_LD	LD		EUR	2035	4.767E-15	2	0.2
6	29660982	RS3129033	RS3131856	PRUNED_LD	LD		EUR	2036	4.802E-15	12	0.3
6	28526655	RS414745	RS67981811	PRUNED_LD	LD		EUR	2037	4.803E-15	2	0.21
6	28546952	RS16901848	RS67981811	PRUNED_LD	LD		EUR	2038	4.812E-15	2	0.3
6	26343057	RS9379850	RS41266839	PRUNED_LD	LD		EUR	2039	4.829E-15	3	0.45
6	29656417	RS2747457	RS3131856	PRUNED_LD	LD		EUR	2040	4.85E-15	12	0.25
6	29656416	RS2747456	RS547591961	PRUNED_DISTANCE_FALLBACK	DISTANCE_FALLBACK		NA	2041	4.864E-15	13	
6	30693816	RS3095329	RS1264353	PRUNED_LD	LD		EUR	2042	4.88E-15	15	0.4
11	133851412	RS11223661	RS4936215	PRUNED_LD	LD		MULTI	2043	4.922E-15	36	0.94
6	32734304	RS9276601	6:32634952_G_T	PRUNED_DISTANCE_FALLBACK	DISTANCE_FALLBACK		NA	2044	4.974E-15	33	
7	137070207	RS983708	RS10954580	PRUNED_LD	LD		MULTI	2045	4.99E-15	38	0.97
6	28562957	RS418204	RS67981811	PRUNED_LD	LD		EUR	2046	5.053E-15	2	0.21
6	29899493	RS1655927	RS547591961	PRUNED_DISTANCE_FALLBACK	DISTANCE_FALLBACK		NA	2047	5.115E-15	13	
7	137042224	RS320688	RS10954580	PRUNED_LD	LD		MULTI	2048	5.229E-15	38	0.92
7	137072931	RS2278829	RS10954580	PRUNED_LD	LD		MULTI	2049	5.264E-15	38	0.97
6	29179557	RS3116834	RS9257566	PRUNED_LD	LD		EUR	2050	5.457E-15	8	0.45
7	137074760	RS1376607	RS1376607	SELECTED_LEAD	LD	OK		2051	5.476E-15	40	
6	30167835	RS2428503	RS2844777	PRUNED_LD	LD		EUR	2052	5.481E-15	25	0.42
6	32066447	RS1265888	RS2071278	PRUNED_LD	LD		EUR	2053	5.516E-15	10	0.27
6	30169327	RS2517611	RS2844777	PRUNED_LD	LD		EUR	2054	5.553E-15	25	0.42
6	30165273	RS2523722	RS2844777	PRUNED_LD	LD		EUR	2055	5.567E-15	25	0.42
6	31061561	RS3094087	RS1793894	PRUNED_LD	LD		EUR	2056	5.618E-15	17	0.4
6	31191636	RS1639110	RS1793894	PRUNED_LD	LD		EUR	2057	5.663E-15	17	0.36
7	137071339	RS2351137	RS10954580	PRUNED_LD	LD		MULTI	2058	5.693E-15	38	0.97
6	29878190	RS376316	RS547591961	PRUNED_DISTANCE_FALLBACK	DISTANCE_FALLBACK		NA	2059	5.717E-15	13	
6	30688427	RS3132584	RS1264353	PRUNED_LD	LD		EUR	2060	5.718E-15	15	0.4
6	30174131	RS2021722	RS2844777	PRUNED_LD	LD		EUR	2061	5.788E-15	25	0.41
6	30163955	RS2517614	RS2844777	PRUNED_LD	LD		EUR	2062	5.806E-15	25	0.42
6	29159970	RS3130750	RS9257566	PRUNED_LD	LD		EUR	2063	5.829E-15	8	0.42
6	30174633	RS885912	RS2844777	PRUNED_LD	LD		EUR	2064	5.842E-15	25	0.41
7	137071264	RS4613918	RS10954580	PRUNED_LD	LD		MULTI	2065	5.909E-15	38	0.97
7	137074844	RS3735025	RS10954580	PRUNED_LD	LD		MULTI	2066	5.923E-15	38	0.99
6	29179237	RS3130817	RS9257566	PRUNED_LD	LD		EUR	2067	5.954E-15	8	0.45
6	31121945	RS3094662	RS1793894	PRUNED_LD	LD		EUR	2068	5.954E-15	17	0.27
6	29189917	RS3129101	RS9257566	PRUNED_LD	LD		EUR	2069	5.978E-15	8	0.45
6	32605884	RS2187668	6:32634952_G_T	PRUNED_DISTANCE_FALLBACK	DISTANCE_FALLBACK		NA	2070	6.001E-15	33	
6	31122482	RS130076	RS1793894	PRUNED_LD	LD		EUR	2071	6.009E-15	17	0.27
7	137070298	RS7785663	RS10954580	PRUNED_LD	LD		MULTI	2072	6.024E-15	38	0.95
6	29661824	RS3116811	RS3131856	PRUNED_LD	LD		EUR	2073	6.067E-15	12	0.31
6	31192192	RS1793895	RS1793894	PRUNED_LD	LD		EUR	2074	6.087E-15	17	0.37
6	30171827	RS2844776	RS2844777	PRUNED_LD	LD		EUR	2075	6.16E-15	25	0.41
6	29158800	RS3129172	RS9257566	PRUNED_LD	LD		EUR	2076	6.182E-15	8	0.42
6	30166266	RS2523721	RS2844777	PRUNED_LD	LD		EUR	2077	6.187E-15	25	0.42
6	28566522	RS6923110	RS67981811	PRUNED_LD	LD		EUR	2078	6.229E-15	2	0.3
6	25684606	RS13191296	RS13211947	PRUNED_LD	LD		EUR	2079	6.236E-15	35	0.66
6	30171369	RS2523714	RS2844777	PRUNED_LD	LD		EUR	2080	6.267E-15	25	0.38
6	28770683	RS7739915	RS13194504	PRUNED_LD	LD		EUR	2081	6.282E-15	7	0.5
6	30170970	RS1117487	RS2844777	PRUNED_LD	LD		EUR	2082	6.29E-15	25	0.41
6	30170906	RS1117488	RS2844777	PRUNED_LD	LD		EUR	2083	6.308E-15	25	0.41
6	30170510	RS1117490	RS2844777	PRUNED_LD	LD		EUR	2084	6.323E-15	25	0.4
6	30170280	RS2517610	RS2844777	PRUNED_LD	LD		EUR	2085	6.339E-15	25	0.41
6	32432646	RS2395184	RS431204	PRUNED_DISTANCE_FALLBACK	DISTANCE_FALLBACK		NA	2086	6.34E-15	14	
7	137071327	RS4283969	RS10954580	PRUNED_LD	LD		MULTI	2087	6.357E-15	38	0.97
6	29860427	RS1611545	RS547591961	PRUNED_DISTANCE_FALLBACK	DISTANCE_FALLBACK		NA	2088	6.372E-15	13	
6	30693633	RS3095330	RS1264353	PRUNED_LD	LD		EUR	2089	6.389E-15	15	0.38
6	30169475	RS2284166	RS2844777	PRUNED_LD	LD		EUR	2090	6.399E-15	25	0.41
7	137071390	RS2351138	RS10954580	PRUNED_LD	LD		MULTI	2091	6.439E-15	38	0.97
6	28535685	RS7742957	RS67981811	PRUNED_LD	LD		EUR	2092	6.497E-15	2	0.3
6	28569338	RS6941188	RS67981811	PRUNED_LD	LD		EUR	2093	6.592E-15	2	0.3
6	28572059	RS410106	RS67981811	PRUNED_LD	LD		EUR	2094	6.7E-15	2	0.2
6	29882530	RS3132689	RS547591961	PRUNED_DISTANCE_FALLBACK	DISTANCE_FALLBACK		NA	2095	6.717E-15	13	
6	28560071	RS11963067	RS67981811	PRUNED_LD	LD		EUR	2096	6.72E-15	2	0.3
6	28558890	RS35546888	RS67981811	PRUNED_LD	LD		EUR	2097	6.767E-15	2	0.3
6	27270261	RS2393923	RS13215879	PRUNED_DISTANCE_FALLBACK	DISTANCE_FALLBACK		NA	2098	6.812E-15	22	
6	31125978	RS3130455	RS1793894	PRUNED_LD	LD		EUR	2099	6.822E-15	17	0.27
6	26340785	RS9467714	RS41266839	PRUNED_LD	LD		EUR	2100	6.841E-15	3	0.48
6	32280620	RS9268209	RS431204	PRUNED_DISTANCE_FALLBACK	DISTANCE_FALLBACK		NA	2101	6.944E-15	14	
7	137064062	RS56361933	RS10954580	PRUNED_LD	LD		MULTI	2102	7.01E-15	38	0.9
7	137074839	RS3735026	RS10954580	PRUNED_LD	LD		MULTI	2103	7.141E-15	38	0.99
6	29155293	RS3129170	RS9257566	PRUNED_LD	LD		EUR	2104	7.55E-15	8	0.42
6	30565853	RS9262120	RS1264353	PRUNED_LD	LD		EUR	2105	7.587E-15	15	0.59
7	137071144	RS4518583	RS10954580	PRUNED_LD	LD		MULTI	2106	8E-15	38	0.97
7	137066364	RS34997884	RS10954580	PRUNED_LD	LD		MULTI	2107	8.081E-15	38	0.83
6	29138777	RS3129152	RS9257566	PRUNED_LD	LD		EUR	2108	8.109E-15	8	0.42
7	137072364	RS728054	RS10954580	PRUNED_LD	LD		MULTI	2109	8.36E-15	38	0.97
6	32930795	RS9276933	RS75301392	PRUNED_LD	LD		EUR	2110	8.549E-15	20	0.5
6	31218416	RS1793893	RS1793894	PRUNED_LD	LD		EUR	2111	8.688E-15	17	0.35
6	29131190	RS3129141	RS9257566	PRUNED_LD	LD		EUR	2112	8.731E-15	8	0.41
7	137072151	RS4732253	RS10954580	PRUNED_LD	LD		MULTI	2113	8.829E-15	38	0.97
7	137074540	RS7779548	RS10954580	PRUNED_LD	LD		MULTI	2114	8.849E-15	38	0.97
6	30713580	RS2284174	RS1264353	PRUNED_LD	LD		EUR	2115	9.054E-15	15	0.4
6	28714044	RS1233582	RS13194504	PRUNED_LD	LD		EUR	2116	9.249E-15	7	0.52
6	29855062	RS1611607	RS547591961	PRUNED_DISTANCE_FALLBACK	DISTANCE_FALLBACK		NA	2117	9.348E-15	13	
7	137072096	RS4728408	RS10954580	PRUNED_LD	LD		MULTI	2118	9.459E-15	38	0.97
6	29876869	RS3128993	RS547591961	PRUNED_DISTANCE_FALLBACK	DISTANCE_FALLBACK		NA	2119	9.784E-15	13	
6	30234700	RS3129704	RS2844777	PRUNED_LD	LD		EUR	2120	9.886E-15	25	0.57
6	27688930	RS9348774	RS66868086	PRUNED_LD	LD		EUR	2121	1.007E-14	1	0.34
6	30933076	RS2532923	RS1264353	PRUNED_LD	LD		EUR	2122	1.01E-14	15	0.54
6	30232953	RS3094629	RS2844777	PRUNED_LD	LD		EUR	2123	1.012E-14	25	0.59
6	31305641	RS1631951	RS7748141	PRUNED_DISTANCE_FALLBACK	DISTANCE_FALLBACK		NA	2124	1.038E-14	24	
6	32107851	RS3134962	RS2071278	PRUNED_LD	LD		EUR	2125	1.048E-14	10	0.32
6	31454887	6:31454887_T_A	RS7748141	PRUNED_DISTANCE_FALLBACK	DISTANCE_FALLBACK		NA	2126	1.056E-14	24	
6	27839746	RS200956	RS66868086	PRUNED_LD	LD		EUR	2127	1.079E-14	1	0.47
7	137068835	RS13234894	RS10954580	PRUNED_LD	LD		MULTI	2128	1.088E-14	38	0.91
7	137067616	RS12534625	RS10954580	PRUNED_LD	LD		MULTI	2129	1.098E-14	38	0.93
6	30234657	RS3129832	RS2844777	PRUNED_LD	LD		EUR	2130	1.143E-14	25	0.57
6	29278505	RS9257703	RS9257566	PRUNED_LD	LD		EUR	2131	1.169E-14	8	0.23
6	30232436	RS3094630	RS2844777	PRUNED_LD	LD		EUR	2132	1.169E-14	25	0.59
6	32635501	RS114466578	RS9274514	PRUNED_LD	LD		EUR	2133	1.197E-14	32	0.56
6	25873746	RS9467626	RS71557335	PRUNED_DISTANCE_FALLBACK	DISTANCE_FALLBACK		NA	2134	1.211E-14	29	
6	26803025	RS71557351	RS66975207	PRUNED_LD	LD		EUR	2135	1.223E-14	6	0.23
6	32389747	RS3135362	RS431204	PRUNED_DISTANCE_FALLBACK	DISTANCE_FALLBACK		NA	2136	1.23E-14	14	
6	31726688	RS707939	RS431204	PRUNED_DISTANCE_FALLBACK	DISTANCE_FALLBACK		NA	2137	1.231E-14	14	
6	30234721	RS3129705	RS2844777	PRUNED_LD	LD		EUR	2138	1.234E-14	25	0.59
6	27688927	RS9357045	RS66868086	PRUNED_LD	LD		EUR	2139	1.236E-14	1	0.34
7	137080046	RS1647181	RS10954580	PRUNED_LD	LD		MULTI	2140	1.242E-14	38	0.97
6	30229989	RS3129699	RS2844777	PRUNED_LD	LD		EUR	2141	1.246E-14	25	0.59
6	30230930	RS3094074	RS2844777	PRUNED_LD	LD		EUR	2142	1.251E-14	25	0.59
6	30230760	RS3130398	RS2844777	PRUNED_LD	LD		EUR	2143	1.265E-14	25	0.59
6	30230924	RS3129700	RS2844777	PRUNED_LD	LD		EUR	2144	1.265E-14	25	0.59
6	31783208	RS1008438	RS431204	PRUNED_DISTANCE_FALLBACK	DISTANCE_FALLBACK		NA	2145	1.267E-14	14	
6	30231273	RS3130401	RS2844777	PRUNED_LD	LD		EUR	2146	1.268E-14	25	0.59
6	30231224	RS3094073	RS2844777	PRUNED_LD	LD		EUR	2147	1.27E-14	25	0.59
6	30231330	RS3132659	RS2844777	PRUNED_LD	LD		EUR	2148	1.27E-14	25	0.59
6	30231587	RS3130402	RS2844777	PRUNED_LD	LD		EUR	2149	1.272E-14	25	0.57
6	30231666	RS3132658	RS2844777	PRUNED_LD	LD		EUR	2150	1.275E-14	25	0.59
6	30231768	RS3094071	RS2844777	PRUNED_LD	LD		EUR	2151	1.275E-14	25	0.59
6	30231602	RS9261636	RS2844777	PRUNED_LD	LD		EUR	2152	1.277E-14	25	0.56
6	30231829	RS3094070	RS2844777	PRUNED_LD	LD		EUR	2153	1.277E-14	25	0.59
6	30231755	RS3094072	RS2844777	PRUNED_LD	LD		EUR	2154	1.28E-14	25	0.59
6	30232009	RS3130403	RS2844777	PRUNED_LD	LD		EUR	2155	1.282E-14	25	0.59
6	30232250	RS3130404	RS2844777	PRUNED_LD	LD		EUR	2156	1.284E-14	25	0.59
6	30227425	RS3129697	RS2844777	PRUNED_LD	LD		EUR	2157	1.291E-14	25	0.59
6	30075103	RS2523992	RS547591961	PRUNED_DISTANCE_FALLBACK	DISTANCE_FALLBACK		NA	2158	1.3E-14	13	
6	30232672	RS3129701	RS2844777	PRUNED_LD	LD		EUR	2159	1.315E-14	25	0.59
6	30232785	RS3129702	RS2844777	PRUNED_LD	LD		EUR	2160	1.319E-14	25	0.59
6	31214354	RS527864796	RS7748141	PRUNED_DISTANCE_FALLBACK	DISTANCE_FALLBACK		NA	2161	1.328E-14	24	
6	30226305	RS3094076	RS2844777	PRUNED_LD	LD		EUR	2162	1.332E-14	25	0.48
6	31348077	RS9266669	RS3094012	PRUNED_LD	LD		EUR	2163	1.339E-14	18	0.26
6	30230777	RS3130400	RS2844777	PRUNED_LD	LD		EUR	2164	1.349E-14	25	0.59
6	30233739	RS3132656	RS2844777	PRUNED_LD	LD		EUR	2165	1.356E-14	25	0.59
6	30234152	RS3130405	RS2844777	PRUNED_LD	LD		EUR	2166	1.359E-14	25	0.59
6	32631348	6:32631348_G_A	6:32634952_G_T	PRUNED_DISTANCE_FALLBACK	DISTANCE_FALLBACK		NA	2167	1.365E-14	33	
6	30226123	RS3094077	RS2844777	PRUNED_LD	LD		EUR	2168	1.383E-14	25	0.59
6	30236038	RS3129708	RS2844777	PRUNED_LD	LD		EUR	2169	1.395E-14	25	0.58
6	30235204	RS3129707	RS2844777	PRUNED_LD	LD		EUR	2170	1.397E-14	25	0.59
6	30225273	RS3094632	RS2844777	PRUNED_LD	LD		EUR	2171	1.402E-14	25	0.59
2	58128804	RS2717056	RS1356545	PRUNED_LD	LD		MULTI	2172	1.437E-14	39	0.99
6	30233513	RS3132657	RS2844777	PRUNED_LD	LD		EUR	2173	1.454E-14	25	0.59
6	30233558	RS3129703	RS2844777	PRUNED_LD	LD		EUR	2174	1.458E-14	25	0.59
6	30234945	RS3129836	RS2844777	PRUNED_LD	LD		EUR	2175	1.46E-14	25	0.6
6	30233876	RS3132655	RS2844777	PRUNED_LD	LD		EUR	2176	1.465E-14	25	0.59
6	30234627	RS3129831	RS2844777	PRUNED_LD	LD		EUR	2177	1.481E-14	25	0.57
7	137079949	RS16874961	RS10954580	PRUNED_LD	LD		MULTI	2178	1.493E-14	38	0.97
2	58119574	RS2678915	RS1356545	PRUNED_LD	LD		MULTI	2179	1.534E-14	39	1
2	58130327	RS2678908	RS1356545	PRUNED_LD	LD		MULTI	2180	1.547E-14	39	0.97
6	27808899	RS201001	RS66868086	PRUNED_LD	LD		EUR	2181	1.554E-14	1	0.39
6	27809159	RS201000	RS66868086	PRUNED_LD	LD		EUR	2182	1.557E-14	1	0.39
6	31729359	RS707938	RS431204	PRUNED_DISTANCE_FALLBACK	DISTANCE_FALLBACK		NA	2183	1.572E-14	14	
7	137083280	RS12530512	RS10954580	PRUNED_LD	LD		MULTI	2184	1.637E-14	38	0.97
6	32623223	6:32623223_A_C	6:32634952_G_T	PRUNED_DISTANCE_FALLBACK	DISTANCE_FALLBACK		NA	2185	1.644E-14	33	
6	27804934	RS201004	RS66868086	PRUNED_LD	LD		EUR	2186	1.657E-14	1	0.37
6	25836927	RS9461219	RS13211947	PRUNED_LD	LD		EUR	2187	1.672E-14	35	0.67
6	28070998	RS13437444	RS66868086	PRUNED_LD	LD		EUR	2188	1.687E-14	1	0.31
6	25848025	RS6913795	RS13211947	PRUNED_LD	LD		EUR	2189	1.711E-14	35	0.71
6	31348040	RS2596570	RS3094012	PRUNED_LD	LD		EUR	2190	1.711E-14	18	0.26
6	31820643	RS2736429	RS431204	PRUNED_DISTANCE_FALLBACK	DISTANCE_FALLBACK		NA	2191	1.738E-14	14	
6	25833010	RS34351439	RS13211947	PRUNED_LD	LD		EUR	2192	1.785E-14	35	0.67
7	137085250	RS980796	RS10954580	PRUNED_LD	LD		MULTI	2193	1.824E-14	38	0.96
6	25851338	RS9467621	RS13211947	PRUNED_LD	LD		EUR	2194	1.833E-14	35	0.71
7	137082729	RS7776538	RS10954580	PRUNED_LD	LD		MULTI	2195	1.837E-14	38	0.97
6	25860580	RS9467623	RS13211947	PRUNED_LD	LD		EUR	2196	1.842E-14	35	0.79
6	29628037	RS3095294	RS3131856	PRUNED_LD	LD		EUR	2197	1.912E-14	12	0.36
6	30234934	RS3129835	RS2844777	PRUNED_LD	LD		EUR	2198	1.942E-14	25	0.6
6	31315706	RS9265969	RS3094012	PRUNED_LD	LD		EUR	2199	1.944E-14	18	0.23
6	25828782	RS13199775	RS13211947	PRUNED_LD	LD		EUR	2200	1.965E-14	35	0.67
6	30234931	RS3129706	RS2844777	PRUNED_LD	LD		EUR	2201	1.977E-14	25	0.6
6	31783507	RS1043618	RS431204	PRUNED_DISTANCE_FALLBACK	DISTANCE_FALLBACK		NA	2202	2.046E-14	14	
6	30231594	RS9261635	RS2844777	PRUNED_LD	LD		EUR	2203	2.068E-14	25	0.57
11	133822133	RS73034295	RS4936215	PRUNED_LD	LD		MULTI	2204	2.104E-14	36	0.73
6	27779506	RS200486	RS66868086	PRUNED_LD	LD		EUR	2205	2.13E-14	1	0.37
6	27785820	RS200504	RS66868086	PRUNED_LD	LD		EUR	2206	2.141E-14	1	0.37
6	25777497	RS3949215	RS13211947	PRUNED_LD	LD		EUR	2207	2.152E-14	35	0.6
6	31742590	RS707928	RS431204	PRUNED_DISTANCE_FALLBACK	DISTANCE_FALLBACK		NA	2208	2.187E-14	14	
6	25764192	RS4712969	RS13211947	PRUNED_LD	LD		EUR	2209	2.224E-14	35	0.6
6	25767437	RS6902211	RS13211947	PRUNED_LD	LD		EUR	2210	2.285E-14	35	0.6
6	27738430	RS2893928	RS66868086	PRUNED_LD	LD		EUR	2211	2.31E-14	1	0.27
2	58166769	RS28718871	RS1356545	PRUNED_LD	LD		MULTI	2212	2.311E-14	39	0.91
6	30227915	RS9261630	RS2844777	PRUNED_LD	LD		EUR	2213	2.314E-14	25	0.59
6	29924831	RS429511	RS547591961	PRUNED_DISTANCE_FALLBACK	DISTANCE_FALLBACK		NA	2214	2.323E-14	13	
6	25809477	RS9467607	RS13211947	PRUNED_LD	LD		EUR	2215	2.361E-14	35	0.64
6	32019946	RS367364	RS2071278	PRUNED_LD	LD		EUR	2216	2.376E-14	10	0.25
6	25774130	RS6456701	RS13211947	PRUNED_LD	LD		EUR	2217	2.381E-14	35	0.6
2	58148180	RS2465804	RS1356545	PRUNED_LD	LD		MULTI	2218	2.387E-14	39	0.98
6	25776060	RS1954598	RS13211947	PRUNED_LD	LD		EUR	2219	2.391E-14	35	0.6
6	32050758	RS1150754	RS2071278	PRUNED_LD	LD		EUR	2220	2.454E-14	10	0.26
6	25808743	RS9461216	RS13211947	PRUNED_LD	LD		EUR	2221	2.466E-14	35	0.64
2	58143854	RS2717004	RS1356545	PRUNED_LD	LD		MULTI	2222	2.497E-14	39	0.98
6	32025555	RS394439	RS2071278	PRUNED_LD	LD		EUR	2223	2.526E-14	10	0.23
6	25761209	RS4236040	RS13211947	PRUNED_LD	LD		EUR	2224	2.528E-14	35	0.6
6	32385873	RS2187820	RS431204	PRUNED_DISTANCE_FALLBACK	DISTANCE_FALLBACK		NA	2225	2.535E-14	14	
6	32388709	RS3135366	RS431204	PRUNED_DISTANCE_FALLBACK	DISTANCE_FALLBACK		NA	2226	2.535E-14	14	
6	32385653	RS3135373	RS431204	PRUNED_DISTANCE_FALLBACK	DISTANCE_FALLBACK		NA	2227	2.546E-14	14	
6	32385605	RS3135374	RS431204	PRUNED_DISTANCE_FALLBACK	DISTANCE_FALLBACK		NA	2228	2.554E-14	14	
6	32020238	RS527506034	RS431204	PRUNED_DISTANCE_FALLBACK	DISTANCE_FALLBACK		NA	2229	2.559E-14	14	
6	32385573	RS3135375	RS431204	PRUNED_DISTANCE_FALLBACK	DISTANCE_FALLBACK		NA	2230	2.561E-14	14	
2	58143438	RS2717003	RS1356545	PRUNED_LD	LD		MULTI	2231	2.564E-14	39	0.88
6	32385782	RS3135372	RS431204	PRUNED_DISTANCE_FALLBACK	DISTANCE_FALLBACK		NA	2232	2.573E-14	14	
2	58170004	RS1568253	RS1356545	PRUNED_LD	LD		MULTI	2233	2.602E-14	39	0.91
6	32025863	RS369637	RS2071278	PRUNED_LD	LD		EUR	2234	2.606E-14	10	0.25
6	32033616	RS1265889	RS2071278	PRUNED_LD	LD		EUR	2235	2.607E-14	10	0.24
6	27074929	RS6933999	RS66975207	PRUNED_LD	LD		EUR	2236	2.615E-14	6	0.25
2	58161752	RS2678887	RS1356545	PRUNED_LD	LD		MULTI	2237	2.631E-14	39	0.93
6	31742067	RS707929	RS431204	PRUNED_DISTANCE_FALLBACK	DISTANCE_FALLBACK		NA	2238	2.661E-14	14	
6	25821580	RS6940698	RS13211947	PRUNED_LD	LD		EUR	2239	2.681E-14	35	0.67
6	32386707	RS3135370	RS431204	PRUNED_DISTANCE_FALLBACK	DISTANCE_FALLBACK		NA	2240	2.685E-14	14	
6	32387278	RS3135368	RS431204	PRUNED_DISTANCE_FALLBACK	DISTANCE_FALLBACK		NA	2241	2.694E-14	14	
6	32386495	RS6457570	RS431204	PRUNED_DISTANCE_FALLBACK	DISTANCE_FALLBACK		NA	2242	2.723E-14	14	
6	32386061	RS2157336	RS431204	PRUNED_DISTANCE_FALLBACK	DISTANCE_FALLBACK		NA	2243	2.726E-14	14	
6	26090025	RS61472021	RS71557335	PRUNED_DISTANCE_FALLBACK	DISTANCE_FALLBACK		NA	2244	2.728E-14	29	
6	32028149	RS1150758	RS2071278	PRUNED_LD	LD		EUR	2245	2.731E-14	10	0.25
6	32386506	RS6457571	RS431204	PRUNED_DISTANCE_FALLBACK	DISTANCE_FALLBACK		NA	2246	2.731E-14	14	
6	25769024	RS1892250	RS13211947	PRUNED_LD	LD		EUR	2247	2.733E-14	35	0.6
6	32386643	RS6457573	RS431204	PRUNED_DISTANCE_FALLBACK	DISTANCE_FALLBACK		NA	2248	2.733E-14	14	
6	27732976	RS9468220	RS66868086	PRUNED_LD	LD		EUR	2249	2.736E-14	1	0.27
6	32386383	RS2187819	RS431204	PRUNED_DISTANCE_FALLBACK	DISTANCE_FALLBACK		NA	2250	2.755E-14	14	
6	25821224	RS6939997	RS13211947	PRUNED_LD	LD		EUR	2251	2.757E-14	35	0.67
6	28578286	RS34388845	RS67981811	PRUNED_LD	LD		EUR	2252	2.764E-14	2	0.42
6	26893329	RS9366673	RS66975207	PRUNED_LD	LD		EUR	2253	2.805E-14	6	0.33
6	27730463	RS7759217	RS66868086	PRUNED_LD	LD		EUR	2254	2.81E-14	1	0.24
2	58161397	RS2717024	RS1356545	PRUNED_LD	LD		MULTI	2255	2.82E-14	39	0.93
6	32387780	RS2395162	RS431204	PRUNED_DISTANCE_FALLBACK	DISTANCE_FALLBACK		NA	2256	2.831E-14	14	
6	32385470	RS3135376	RS431204	PRUNED_DISTANCE_FALLBACK	DISTANCE_FALLBACK		NA	2257	2.832E-14	14	
6	32387752	RS2395161	RS431204	PRUNED_DISTANCE_FALLBACK	DISTANCE_FALLBACK		NA	2258	2.832E-14	14	
6	32387860	RS2395164	RS431204	PRUNED_DISTANCE_FALLBACK	DISTANCE_FALLBACK		NA	2259	2.832E-14	14	
6	32388574	RS2213580	RS431204	PRUNED_DISTANCE_FALLBACK	DISTANCE_FALLBACK		NA	2260	2.838E-14	14	
6	32388308	RS2395167	RS431204	PRUNED_DISTANCE_FALLBACK	DISTANCE_FALLBACK		NA	2261	2.843E-14	14	
6	32384343	RS3135381	RS431204	PRUNED_DISTANCE_FALLBACK	DISTANCE_FALLBACK		NA	2262	2.856E-14	14	
2	58161355	RS2717023	RS1356545	PRUNED_LD	LD		MULTI	2263	2.874E-14	39	0.93
6	25809751	RS9467609	RS13211947	PRUNED_LD	LD		EUR	2264	2.888E-14	35	0.64
6	32385099	RS3135378	RS431204	PRUNED_DISTANCE_FALLBACK	DISTANCE_FALLBACK		NA	2265	2.889E-14	14	
6	32384900	RS3135379	RS431204	PRUNED_DISTANCE_FALLBACK	DISTANCE_FALLBACK		NA	2266	2.89E-14	14	
2	58149116	RS2717007	RS1356545	PRUNED_LD	LD		MULTI	2267	2.907E-14	39	0.98
6	32384677	RS3135380	RS431204	PRUNED_DISTANCE_FALLBACK	DISTANCE_FALLBACK		NA	2268	2.925E-14	14	
6	27064275	RS9467989	RS66975207	PRUNED_LD	LD		EUR	2269	2.927E-14	6	0.27
6	32383858	RS2001097	RS431204	PRUNED_DISTANCE_FALLBACK	DISTANCE_FALLBACK		NA	2270	2.929E-14	14	
6	32384077	RS2395159	RS431204	PRUNED_DISTANCE_FALLBACK	DISTANCE_FALLBACK		NA	2271	2.929E-14	14	
6	32383837	RS2001098	RS431204	PRUNED_DISTANCE_FALLBACK	DISTANCE_FALLBACK		NA	2272	2.937E-14	14	
2	58170161	RS1568254	RS1356545	PRUNED_LD	LD		MULTI	2273	2.954E-14	39	0.91
6	31311912	RS2394976	RS3094012	PRUNED_LD	LD		EUR	2274	2.964E-14	18	0.21
6	32383488	RS2001100	RS431204	PRUNED_DISTANCE_FALLBACK	DISTANCE_FALLBACK		NA	2275	2.975E-14	14	
6	25809218	RS9467606	RS13211947	PRUNED_LD	LD		EUR	2276	2.977E-14	35	0.64
6	27731755	RS9468219	RS66868086	PRUNED_LD	LD		EUR	2277	2.982E-14	1	0.25
6	32383633	RS2001099	RS431204	PRUNED_DISTANCE_FALLBACK	DISTANCE_FALLBACK		NA	2278	2.998E-14	14	
6	32634467	RS3891175	RS9274514	PRUNED_LD	LD		MULTI	2279	3.008E-14	32	0.89
2	58171287	RS1518394	RS1356545	PRUNED_LD	LD		MULTI	2280	3.009E-14	39	0.9
6	25792768	RS9467600	RS13211947	PRUNED_LD	LD		EUR	2281	3.048E-14	35	0.64
6	32383410	RS6930933	RS431204	PRUNED_DISTANCE_FALLBACK	DISTANCE_FALLBACK		NA	2282	3.07E-14	14	
6	25812641	RS9467613	RS13211947	PRUNED_LD	LD		EUR	2283	3.088E-14	35	0.64
6	32223109	RS3130319	RS431204	PRUNED_DISTANCE_FALLBACK	DISTANCE_FALLBACK		NA	2284	3.104E-14	14	
6	31319923	RS36057735	RS7748141	PRUNED_DISTANCE_FALLBACK	DISTANCE_FALLBACK		NA	2285	3.127E-14	24	
6	32383307	RS9268534	RS431204	PRUNED_DISTANCE_FALLBACK	DISTANCE_FALLBACK		NA	2286	3.135E-14	14	
6	25803712	RS9467603	RS13211947	PRUNED_LD	LD		EUR	2287	3.16E-14	35	0.64
6	32383441	RS3135382	RS431204	PRUNED_DISTANCE_FALLBACK	DISTANCE_FALLBACK		NA	2288	3.162E-14	14	
6	31320241	RS2442722	RS7748141	PRUNED_DISTANCE_FALLBACK	DISTANCE_FALLBACK		NA	2289	3.202E-14	24	
2	58164435	RS2678890	RS1356545	PRUNED_LD	LD		MULTI	2290	3.231E-14	39	0.91
6	26840865	RS71557353	RS66975207	PRUNED_LD	LD		EUR	2291	3.268E-14	6	0.37
6	31442782	RS3131643	RS3094012	PRUNED_LD	LD		EUR	2292	3.297E-14	18	0.53
2	58152075	RS2717011	RS1356545	PRUNED_LD	LD		MULTI	2293	3.331E-14	39	0.98
2	58139593	RS1040225	RS1356545	PRUNED_LD	LD		MULTI	2294	3.338E-14	39	0.98
6	32382638	RS3129970	RS431204	PRUNED_DISTANCE_FALLBACK	DISTANCE_FALLBACK		NA	2295	3.339E-14	14	
2	58164223	RS2678889	RS1356545	PRUNED_LD	LD		MULTI	2296	3.342E-14	39	0.91
15	91424574	RS6226	RS6226	SELECTED_LEAD	LD	OK_LOCAL_CACHE		2297	3.345E-14	41	
6	32358270	RS3117099	RS431204	PRUNED_DISTANCE_FALLBACK	DISTANCE_FALLBACK		NA	2298	3.347E-14	14	
6	32383360	RS6908056	RS431204	PRUNED_DISTANCE_FALLBACK	DISTANCE_FALLBACK		NA	2299	3.361E-14	14	
6	32628103	RS9273480	RS9274514	PRUNED_LD	LD		MULTI	2300	3.368E-14	32	0.49
6	32383341	RS6908065	RS431204	PRUNED_DISTANCE_FALLBACK	DISTANCE_FALLBACK		NA	2301	3.374E-14	14	
2	58151817	RS2717010	RS1356545	PRUNED_LD	LD		MULTI	2302	3.454E-14	39	0.98
2	58140977	RS2678881	RS1356545	PRUNED_LD	LD		MULTI	2303	3.542E-14	39	0.98
2	58137618	RS2717001	RS1356545	PRUNED_LD	LD		MULTI	2304	3.632E-14	39	0.97
6	32256418	RS9268142	RS431204	PRUNED_DISTANCE_FALLBACK	DISTANCE_FALLBACK		NA	2305	3.647E-14	14	
2	58172107	RS2717041	RS1356545	PRUNED_LD	LD		MULTI	2306	3.725E-14	39	0.88
2	58134048	RS2678906	RS1356545	PRUNED_LD	LD		MULTI	2307	3.726E-14	39	0.98
2	58162191	RS2678888	RS1356545	PRUNED_LD	LD		MULTI	2308	3.755E-14	39	0.93
6	27090404	RS7745603	RS66975207	PRUNED_LD	LD		EUR	2309	3.759E-14	6	0.25
6	32394060	RS3129842	RS431204	PRUNED_DISTANCE_FALLBACK	DISTANCE_FALLBACK		NA	2310	3.788E-14	14	
2	58112266	RS2678910	RS1356545	PRUNED_LD	LD		MULTI	2311	3.799E-14	39	0.88
6	32382609	RS3129969	RS431204	PRUNED_DISTANCE_FALLBACK	DISTANCE_FALLBACK		NA	2312	3.832E-14	14	
6	29910759	6:29910759_T_C	RS547591961	PRUNED_DISTANCE_FALLBACK	DISTANCE_FALLBACK		NA	2313	3.834E-14	13	
6	32340872	RS3129944	RS431204	PRUNED_DISTANCE_FALLBACK	DISTANCE_FALLBACK		NA	2314	3.853E-14	14	
6	29306350	RS9257744	RS9257566	PRUNED_LD	LD		EUR	2315	3.854E-14	8	0.23
2	58135872	RS2678905	RS1356545	PRUNED_LD	LD		MULTI	2316	3.871E-14	39	0.98
6	32392543	RS2157334	RS431204	PRUNED_DISTANCE_FALLBACK	DISTANCE_FALLBACK		NA	2317	3.875E-14	14	
2	58137930	RS2678903	RS1356545	PRUNED_LD	LD		MULTI	2318	3.895E-14	39	0.98
6	29707267	RS1633096	RS3131856	PRUNED_LD	LD		EUR	2319	3.901E-14	12	0.28
11	133844708	RS11223659	RS4936215	PRUNED_LD	LD		MULTI	2320	3.967E-14	36	0.9
6	31434198	RS3128987	RS3094012	PRUNED_LD	LD		EUR	2321	3.976E-14	18	0.62
6	25790378	RS13200921	RS13211947	PRUNED_LD	LD		EUR	2322	4.019E-14	35	0.64
6	32038550	RS1150755	RS2071278	PRUNED_LD	LD		EUR	2323	4.038E-14	10	0.25
2	58171220	RS1518393	RS1356545	PRUNED_LD	LD		MULTI	2324	4.093E-14	39	0.9
2	58138651	RS2678901	RS1356545	PRUNED_LD	LD		MULTI	2325	4.106E-14	39	0.98
6	32394537	RS2395171	RS431204	PRUNED_DISTANCE_FALLBACK	DISTANCE_FALLBACK		NA	2326	4.119E-14	14	
6	27150599	RS911186	RS66975207	PRUNED_LD	LD		EUR	2327	4.155E-14	6	0.24
2	58139865	RS1040224	RS1356545	PRUNED_LD	LD		MULTI	2328	4.156E-14	39	0.98
6	29958807	RS1264807	RS547591961	PRUNED_DISTANCE_FALLBACK	DISTANCE_FALLBACK		NA	2329	4.167E-14	13	
2	58161221	RS2678886	RS1356545	PRUNED_LD	LD		MULTI	2330	4.168E-14	39	0.92
2	58142647	RS2717002	RS1356545	PRUNED_LD	LD		MULTI	2331	4.228E-14	39	0.98
6	32394027	RS3135349	RS431204	PRUNED_DISTANCE_FALLBACK	DISTANCE_FALLBACK		NA	2332	4.247E-14	14	
2	58166181	RS970941	RS1356545	PRUNED_LD	LD		MULTI	2333	4.253E-14	39	0.91
2	58150941	RS2459982	RS1356545	PRUNED_LD	LD		MULTI	2334	4.26E-14	39	0.98
6	27738801	RS4140646	RS66868086	PRUNED_LD	LD		EUR	2335	4.284E-14	1	0.23
6	31009055	RS2517546	RS1264353	PRUNED_LD	LD		EUR	2336	4.303E-14	15	0.52
6	31771916	RS1150748	RS431204	PRUNED_DISTANCE_FALLBACK	DISTANCE_FALLBACK		NA	2337	4.304E-14	14	
2	58155358	RS2312141	RS1356545	PRUNED_LD	LD		MULTI	2338	4.318E-14	39	0.95
6	27734470	RS9366702	RS66868086	PRUNED_LD	LD		EUR	2339	4.367E-14	1	0.24
6	27738806	RS2893930	RS66868086	PRUNED_LD	LD		EUR	2340	4.385E-14	1	0.22
2	58160639	RS2717022	RS1356545	PRUNED_LD	LD		MULTI	2341	4.396E-14	39	0.93
2	58166468	RS2717031	RS1356545	PRUNED_LD	LD		MULTI	2342	4.44E-14	39	0.91
6	32394313	RS2395170	RS431204	PRUNED_DISTANCE_FALLBACK	DISTANCE_FALLBACK		NA	2343	4.466E-14	14	
6	28270584	RS2799081	RS67981811	PRUNED_LD	LD		EUR	2344	4.532E-14	2	0.22
6	25866232	RS67554133	RS13211947	PRUNED_LD	LD		EUR	2345	4.571E-14	35	0.92
6	27738732	RS2893929	RS66868086	PRUNED_LD	LD		EUR	2346	4.573E-14	1	0.27
2	58155253	RS2717015	RS1356545	PRUNED_LD	LD		MULTI	2347	4.594E-14	39	0.95
6	32234993	RS3096683	RS431204	PRUNED_DISTANCE_FALLBACK	DISTANCE_FALLBACK		NA	2348	4.619E-14	14	
6	32412809	RS1041885	RS431204	PRUNED_DISTANCE_FALLBACK	DISTANCE_FALLBACK		NA	2349	4.62E-14	14	
6	27813813	RS200994	RS66868086	PRUNED_LD	LD		EUR	2350	4.686E-14	1	0.3
6	25866243	RS68194335	RS13211947	PRUNED_LD	LD		EUR	2351	4.698E-14	35	0.89
6	27737605	RS9368530	RS66868086	PRUNED_LD	LD		EUR	2352	4.728E-14	1	0.24
6	32410210	RS3129884	RS431204	PRUNED_DISTANCE_FALLBACK	DISTANCE_FALLBACK		NA	2353	4.751E-14	14	
6	32412592	RS1051336	RS431204	PRUNED_DISTANCE_FALLBACK	DISTANCE_FALLBACK		NA	2354	4.787E-14	14	
2	58166643	RS2678891	RS1356545	PRUNED_LD	LD		MULTI	2355	4.826E-14	39	0.91
6	32382749	RS2006174	RS431204	PRUNED_DISTANCE_FALLBACK	DISTANCE_FALLBACK		NA	2356	4.826E-14	14	
6	32410215	RS3129885	RS431204	PRUNED_DISTANCE_FALLBACK	DISTANCE_FALLBACK		NA	2357	4.831E-14	14	
6	31777946	RS2075800	RS431204	PRUNED_DISTANCE_FALLBACK	DISTANCE_FALLBACK		NA	2358	4.847E-14	14	
6	27739380	RS742047	RS66868086	PRUNED_LD	LD		EUR	2359	4.893E-14	1	0.27
6	32256473	RS9268143	RS431204	PRUNED_DISTANCE_FALLBACK	DISTANCE_FALLBACK		NA	2360	4.996E-14	14	
2	58154601	RS2678873	RS1356545	PRUNED_LD	LD		MULTI	2361	5.04E-14	39	0.95
2	58156583	RS2139054	RS1356545	PRUNED_LD	LD		MULTI	2362	5.059E-14	39	0.95
6	32411307	RS2239806	RS431204	PRUNED_DISTANCE_FALLBACK	DISTANCE_FALLBACK		NA	2363	5.059E-14	14	
2	58159670	RS2678883	RS1356545	PRUNED_LD	LD		MULTI	2364	5.076E-14	39	0.93
6	27739254	RS742046	RS66868086	PRUNED_LD	LD		EUR	2365	5.152E-14	1	0.24
6	32383208	RS6930571	RS431204	PRUNED_DISTANCE_FALLBACK	DISTANCE_FALLBACK		NA	2366	5.156E-14	14	
2	58166760	RS2717032	RS1356545	PRUNED_LD	LD		MULTI	2367	5.168E-14	39	0.91
7	137082039	RS2241443	RS10954580	PRUNED_LD	LD		MULTI	2368	5.228E-14	38	0.97
6	31433831	RS3131620	RS3094012	PRUNED_LD	LD		EUR	2369	5.281E-14	18	0.62
6	32237260	RS9268084	RS431204	PRUNED_DISTANCE_FALLBACK	DISTANCE_FALLBACK		NA	2370	5.284E-14	14	
6	32412566	RS1131541	RS431204	PRUNED_DISTANCE_FALLBACK	DISTANCE_FALLBACK		NA	2371	5.405E-14	14	
2	58168098	RS2717036	RS1356545	PRUNED_LD	LD		MULTI	2372	5.445E-14	39	0.9
6	31304648	RS1634767	RS7748141	PRUNED_DISTANCE_FALLBACK	DISTANCE_FALLBACK		NA	2373	5.609E-14	24	
2	58159473	RS2717019	RS1356545	PRUNED_LD	LD		MULTI	2374	5.616E-14	39	0.93
2	58137755	RS2678904	RS1356545	PRUNED_LD	LD		MULTI	2375	5.658E-14	39	0.97
6	32395656	RS2105903	RS431204	PRUNED_DISTANCE_FALLBACK	DISTANCE_FALLBACK		NA	2376	5.662E-14	14	
6	29961274	RS1632926	RS547591961	PRUNED_DISTANCE_FALLBACK	DISTANCE_FALLBACK		NA	2377	5.667E-14	13	
6	32390196	RS2395168	RS431204	PRUNED_DISTANCE_FALLBACK	DISTANCE_FALLBACK		NA	2378	5.715E-14	14	
6	32395465	RS1894552	RS431204	PRUNED_DISTANCE_FALLBACK	DISTANCE_FALLBACK		NA	2379	5.734E-14	14	
6	32240813	RS9268097	RS431204	PRUNED_DISTANCE_FALLBACK	DISTANCE_FALLBACK		NA	2380	5.741E-14	14	
6	31786872	RS2844459	RS431204	PRUNED_DISTANCE_FALLBACK	DISTANCE_FALLBACK		NA	2381	5.804E-14	14	
6	32695336	RS9276029	RS1794282	PRUNED_LD	LD		EUR	2382	5.845E-14	19	0.23
6	32390748	RS3135358	RS431204	PRUNED_DISTANCE_FALLBACK	DISTANCE_FALLBACK		NA	2383	5.86E-14	14	
6	27734954	RS7756968	RS66868086	PRUNED_LD	LD		EUR	2384	6.046E-14	1	0.27
6	32603007	RS2040406	6:32634952_G_T	PRUNED_DISTANCE_FALLBACK	DISTANCE_FALLBACK		NA	2385	6.193E-14	33	
2	58169494	RS2717040	RS1356545	PRUNED_LD	LD		MULTI	2386	6.211E-14	39	0.89
6	31433558	RS3094014	RS3094012	PRUNED_LD	LD		EUR	2387	6.212E-14	18	0.62
2	58158283	RS2678880	RS1356545	PRUNED_LD	LD		MULTI	2388	6.223E-14	39	0.93
6	28320674	RS758398	RS67981811	PRUNED_LD	LD		EUR	2389	6.246E-14	2	0.22
2	58154249	RS2717014	RS1356545	PRUNED_LD	LD		MULTI	2390	6.262E-14	39	0.95
6	32383223	RS9268530	RS431204	PRUNED_DISTANCE_FALLBACK	DISTANCE_FALLBACK		NA	2391	6.281E-14	14	
2	58169388	RS2678896	RS1356545	PRUNED_LD	LD		MULTI	2392	6.294E-14	39	0.9
6	26057781	RS13201821	RS71557335	PRUNED_DISTANCE_FALLBACK	DISTANCE_FALLBACK		NA	2393	6.411E-14	29	
11	133843216	RS11223658	RS4936215	PRUNED_LD	LD		MULTI	2394	6.419E-14	36	0.9
6	32391516	RS3135356	RS431204	PRUNED_DISTANCE_FALLBACK	DISTANCE_FALLBACK		NA	2395	6.514E-14	14	
6	32408842	RS3135393	RS431204	PRUNED_DISTANCE_FALLBACK	DISTANCE_FALLBACK		NA	2396	6.694E-14	14	
6	32392945	RS3135351	RS431204	PRUNED_DISTANCE_FALLBACK	DISTANCE_FALLBACK		NA	2397	6.747E-14	14	
15	91426560	RS4702	RS6226	PRUNED_LD	LD		MULTI	2398	6.757E-14	41	0.93
6	32627934	RS9273463	RS9274514	PRUNED_LD	LD		MULTI	2399	6.764E-14	32	0.48
6	27133479	RS9368489	RS66975207	PRUNED_LD	LD		EUR	2400	6.798E-14	6	0.21
6	32406611	RS9268636	RS431204	PRUNED_DISTANCE_FALLBACK	DISTANCE_FALLBACK		NA	2401	6.838E-14	14	
6	32394845	RS763035	RS431204	PRUNED_DISTANCE_FALLBACK	DISTANCE_FALLBACK		NA	2402	6.857E-14	14	
11	133842973	RS11223656	RS4936215	PRUNED_LD	LD		MULTI	2403	6.925E-14	36	0.9
6	32252507	RS9268124	RS431204	PRUNED_DISTANCE_FALLBACK	DISTANCE_FALLBACK		NA	2404	6.934E-14	14	
6	27740300	RS760587	RS66868086	PRUNED_LD	LD		EUR	2405	6.992E-14	1	0.27
6	32253559	RS9268127	RS431204	PRUNED_DISTANCE_FALLBACK	DISTANCE_FALLBACK		NA	2406	7.071E-14	14	
6	32394585	RS3135345	RS431204	PRUNED_DISTANCE_FALLBACK	DISTANCE_FALLBACK		NA	2407	7.194E-14	14	
6	32393959	RS3129841	RS431204	PRUNED_DISTANCE_FALLBACK	DISTANCE_FALLBACK		NA	2408	7.206E-14	14	
6	26022648	RS34391493	RS71557335	PRUNED_DISTANCE_FALLBACK	DISTANCE_FALLBACK		NA	2409	7.223E-14	29	
11	133842707	RS11223655	RS4936215	PRUNED_LD	LD		MULTI	2410	7.399E-14	36	0.9
6	29301222	RS6930435	RS9257566	PRUNED_LD	LD		EUR	2411	7.47E-14	8	0.23
6	32409060	RS6925852	RS431204	PRUNED_DISTANCE_FALLBACK	DISTANCE_FALLBACK		NA	2412	7.492E-14	14	
6	32255507	RS9268139	RS431204	PRUNED_DISTANCE_FALLBACK	DISTANCE_FALLBACK		NA	2413	7.515E-14	14	
6	32577633	RS535777	6:32634952_G_T	PRUNED_DISTANCE_FALLBACK	DISTANCE_FALLBACK		NA	2414	7.535E-14	33	
6	32411376	RS2239805	RS431204	PRUNED_DISTANCE_FALLBACK	DISTANCE_FALLBACK		NA	2415	7.6E-14	14	
2	58167440	RS2717035	RS1356545	PRUNED_LD	LD		MULTI	2416	7.801E-14	39	0.9
6	32339647	RS2050189	RS431204	PRUNED_DISTANCE_FALLBACK	DISTANCE_FALLBACK		NA	2417	7.816E-14	14	
6	29310681	RS1014258	RS9257566	PRUNED_LD	LD		EUR	2418	7.859E-14	8	0.23
11	133842361	RS73036087	RS4936215	PRUNED_LD	LD		MULTI	2419	7.966E-14	36	0.9
2	58156772	RS2176546	RS1356545	PRUNED_LD	LD		MULTI	2420	8.018E-14	39	0.91
2	58158152	RS2678879	RS1356545	PRUNED_LD	LD		MULTI	2421	8.032E-14	39	0.9
6	29966787	RS356959	RS547591961	PRUNED_DISTANCE_FALLBACK	DISTANCE_FALLBACK		NA	2422	8.17E-14	13	
6	32263458	RS6910668	RS431204	PRUNED_DISTANCE_FALLBACK	DISTANCE_FALLBACK		NA	2423	8.191E-14	14	
6	26079185	RS13216785	RS71557335	PRUNED_DISTANCE_FALLBACK	DISTANCE_FALLBACK		NA	2424	8.21E-14	29	
6	27138206	RS9379961	RS66975207	PRUNED_LD	LD		EUR	2425	8.215E-14	6	0.21
6	27740666	RS9468223	RS66868086	PRUNED_LD	LD		EUR	2426	8.241E-14	1	0.24
2	58167258	RS2717034	RS1356545	PRUNED_LD	LD		MULTI	2427	8.28E-14	39	0.9
6	32264179	RS9268153	RS431204	PRUNED_DISTANCE_FALLBACK	DISTANCE_FALLBACK		NA	2428	8.398E-14	14	
6	28208535	RS1150711	6:28301195_A_G	PRUNED_DISTANCE_FALLBACK	DISTANCE_FALLBACK		NA	2429	8.414E-14	16	
6	27145311	RS9379962	RS66975207	PRUNED_LD	LD		EUR	2430	8.445E-14	6	0.2
6	28301143	RS7772827	RS67981811	PRUNED_LD	LD		EUR	2431	8.454E-14	2	0.21
6	29328516	RS9257779	RS9257566	PRUNED_LD	LD		EUR	2432	8.626E-14	8	0.38
6	32266795	RS7745174	RS431204	PRUNED_DISTANCE_FALLBACK	DISTANCE_FALLBACK		NA	2433	8.627E-14	14	
6	26054171	RS60512607	RS71557335	PRUNED_DISTANCE_FALLBACK	DISTANCE_FALLBACK		NA	2434	8.706E-14	29	
2	58167260	RS2678894	RS1356545	PRUNED_LD	LD		MULTI	2435	8.789E-14	39	0.9
6	32761506	RS4318925	6:32634952_G_T	PRUNED_DISTANCE_FALLBACK	DISTANCE_FALLBACK		NA	2436	8.824E-14	33	
3	52649748	RS13083798	RS13083798	SELECTED_LEAD	LD	OK_LOCAL_CACHE		2437	9.238E-14	42	
6	25961352	RS67491322	RS71557335	PRUNED_DISTANCE_FALLBACK	DISTANCE_FALLBACK		NA	2438	9.293E-14	29	
6	32289358	6:32289358_G_A	RS431204	PRUNED_DISTANCE_FALLBACK	DISTANCE_FALLBACK		NA	2439	9.369E-14	14	
6	26099279	RS13212652	RS71557335	PRUNED_DISTANCE_FALLBACK	DISTANCE_FALLBACK		NA	2440	9.437E-14	29	
11	133841782	RS73036086	RS4936215	PRUNED_LD	LD		MULTI	2441	9.506E-14	36	0.9
6	25962304	RS17587226	RS71557335	PRUNED_DISTANCE_FALLBACK	DISTANCE_FALLBACK		NA	2442	9.559E-14	29	
11	133822569	RS75059851	RS4936215	PRUNED_LD	LD		MULTI	2443	9.596E-14	36	0.75
6	26110148	RS13206501	RS71557335	PRUNED_DISTANCE_FALLBACK	DISTANCE_FALLBACK		NA	2444	9.791E-14	29	
6	26048559	RS67296946	RS71557335	PRUNED_DISTANCE_FALLBACK	DISTANCE_FALLBACK		NA	2445	9.896E-14	29	
11	133841579	RS11223654	RS4936215	PRUNED_LD	LD		MULTI	2446	1.019E-13	36	0.89
2	58159362	RS2678882	RS1356545	PRUNED_LD	LD		MULTI	2447	1.028E-13	39	0.93
6	32728726	RS9276582	6:32634952_G_T	PRUNED_DISTANCE_FALLBACK	DISTANCE_FALLBACK		NA	2448	1.046E-13	33	
6	26111756	RS16891315	RS71557335	PRUNED_DISTANCE_FALLBACK	DISTANCE_FALLBACK		NA	2449	1.047E-13	29	
6	29979797	RS356971	RS547591961	PRUNED_DISTANCE_FALLBACK	DISTANCE_FALLBACK		NA	2450	1.051E-13	13	
6	27690453	RS9468206	RS66868086	PRUNED_LD	LD		EUR	2451	1.056E-13	1	0.25
6	28596420	RS7741058	RS67981811	PRUNED_LD	LD		EUR	2452	1.058E-13	2	0.22
6	29278406	RS150254595	RS9257566	PRUNED_LD	LD		EUR	2453	1.063E-13	8	0.42
6	28021589	RS203888	RS66868086	PRUNED_LD	LD		EUR	2454	1.073E-13	1	0.29
6	28021775	RS203889	RS66868086	PRUNED_LD	LD		EUR	2455	1.076E-13	1	0.29
6	29939854	RS369073	RS547591961	PRUNED_DISTANCE_FALLBACK	DISTANCE_FALLBACK		NA	2456	1.08E-13	13	
6	28021269	RS203887	RS66868086	PRUNED_LD	LD		EUR	2457	1.088E-13	1	0.29
6	28020820	RS172166	RS66868086	PRUNED_LD	LD		EUR	2458	1.101E-13	1	0.3
6	28020814	RS172165	RS66868086	PRUNED_LD	LD		EUR	2459	1.106E-13	1	0.3
6	28019979	RS149899	RS66868086	PRUNED_LD	LD		EUR	2460	1.113E-13	1	0.29
6	28305604	RS1361386	RS67981811	PRUNED_LD	LD		EUR	2461	1.114E-13	2	0.2
6	28306137	RS6456815	RS67981811	PRUNED_LD	LD		EUR	2462	1.115E-13	2	0.2
6	29988642	RS3129012	RS547591961	PRUNED_DISTANCE_FALLBACK	DISTANCE_FALLBACK		NA	2463	1.13E-13	13	
6	32284340	RS9268220	RS431204	PRUNED_DISTANCE_FALLBACK	DISTANCE_FALLBACK		NA	2464	1.131E-13	14	
6	32287754	RS9268231	RS431204	PRUNED_DISTANCE_FALLBACK	DISTANCE_FALLBACK		NA	2465	1.133E-13	14	
6	28302784	RS1416920	RS67981811	PRUNED_LD	LD		EUR	2466	1.136E-13	2	0.2
6	29286670	RS3129683	RS9257566	PRUNED_LD	LD		EUR	2467	1.136E-13	8	0.41
6	27742035	RS1985099	RS66868086	PRUNED_LD	LD		EUR	2468	1.16E-13	1	0.24
6	29319349	RS9257761	RS9257566	PRUNED_LD	LD		EUR	2469	1.161E-13	8	0.42
6	29314964	RS7745768	RS9257566	PRUNED_LD	LD		EUR	2470	1.162E-13	8	0.41
6	28308747	RS2108926	RS67981811	PRUNED_LD	LD		EUR	2471	1.202E-13	2	0.2
6	26111271	RS68149500	RS71557335	PRUNED_DISTANCE_FALLBACK	DISTANCE_FALLBACK		NA	2472	1.212E-13	29	
6	28309569	RS9468344	RS67981811	PRUNED_LD	LD		EUR	2473	1.215E-13	2	0.2
6	32445926	RS4713534	RS431204	PRUNED_DISTANCE_FALLBACK	DISTANCE_FALLBACK		NA	2474	1.232E-13	14	
6	27757654	RS200465	RS66868086	PRUNED_LD	LD		EUR	2475	1.234E-13	1	0.25
2	58168856	RS1401100	RS1356545	PRUNED_LD	LD		MULTI	2476	1.235E-13	39	0.9
6	30056476	RS1264709	RS547591961	PRUNED_DISTANCE_FALLBACK	DISTANCE_FALLBACK		NA	2477	1.237E-13	13	
6	32242676	RS9268100	RS431204	PRUNED_DISTANCE_FALLBACK	DISTANCE_FALLBACK		NA	2478	1.243E-13	14	
6	32293941	RS9268245	RS431204	PRUNED_DISTANCE_FALLBACK	DISTANCE_FALLBACK		NA	2479	1.249E-13	14	
11	133841034	RS11223651	RS4936215	PRUNED_LD	LD		MULTI	2480	1.268E-13	36	0.9
6	32711050	RS9276425	6:32634952_G_T	PRUNED_DISTANCE_FALLBACK	DISTANCE_FALLBACK		NA	2481	1.275E-13	33	
6	32307532	RS1033499	RS431204	PRUNED_DISTANCE_FALLBACK	DISTANCE_FALLBACK		NA	2482	1.281E-13	14	
11	133841207	RS11223652	RS4936215	PRUNED_LD	LD		MULTI	2483	1.29E-13	36	0.9
6	32692688	RS9275922	RS1794282	PRUNED_LD	LD		EUR	2484	1.297E-13	19	0.24
6	32294549	RS9268246	RS431204	PRUNED_DISTANCE_FALLBACK	DISTANCE_FALLBACK		NA	2485	1.302E-13	14	
2	233635213	RS2293780	RS2293780	SELECTED_LEAD	LD	OK_LOCAL_CACHE		2486	1.319E-13	43	
2	233644011	RS283487	RS2293780	PRUNED_LD	LD		MULTI	2487	1.32E-13	43	0.88
11	130866090	RS961491	RS961491	SELECTED_LEAD	LD	OK_LOCAL_CACHE		2488	1.377E-13	44	
6	27748015	RS2394002	RS66868086	PRUNED_LD	LD		EUR	2489	1.377E-13	1	0.24
6	29306456	RS3130805	RS9257566	PRUNED_LD	LD		EUR	2490	1.379E-13	8	0.42
6	31081205	RS2233956	RS1793894	PRUNED_LD	LD		EUR	2491	1.386E-13	17	0.31
6	29697757	RS1633106	RS3131856	PRUNED_LD	LD		EUR	2492	1.391E-13	12	0.26
6	29303364	RS3117433	RS9257566	PRUNED_LD	LD		EUR	2493	1.393E-13	8	0.42
2	233636922	RS11893358	RS2293780	PRUNED_LD	LD		MULTI	2494	1.394E-13	43	1
6	32302672	RS1265756	RS431204	PRUNED_DISTANCE_FALLBACK	DISTANCE_FALLBACK		NA	2495	1.399E-13	14	
6	27746692	RS35069907	RS66868086	PRUNED_LD	LD		EUR	2496	1.407E-13	1	0.27
6	27746590	RS10484401	RS66868086	PRUNED_LD	LD		EUR	2497	1.411E-13	1	0.27
11	133840830	RS56241440	RS4936215	PRUNED_LD	LD		MULTI	2498	1.424E-13	36	0.9
6	27741825	RS2179094	RS66868086	PRUNED_LD	LD		EUR	2499	1.425E-13	1	0.24
6	32410691	RS3129887	RS431204	PRUNED_DISTANCE_FALLBACK	DISTANCE_FALLBACK		NA	2500	1.429E-13	14	
6	27748010	RS2893931	RS66868086	PRUNED_LD	LD		EUR	2501	1.438E-13	1	0.24
6	32725832	RS9276576	6:32634952_G_T	PRUNED_DISTANCE_FALLBACK	DISTANCE_FALLBACK		NA	2502	1.457E-13	33	
11	133840793	RS55747998	RS4936215	PRUNED_LD	LD		MULTI	2503	1.461E-13	36	0.9
6	28316478	RS12180820	RS67981811	PRUNED_LD	LD		EUR	2504	1.488E-13	2	0.21
2	58169418	RS2678897	RS1356545	PRUNED_LD	LD		MULTI	2505	1.492E-13	39	0.89
6	27714575	RS6901520	RS66868086	PRUNED_LD	LD		EUR	2506	1.492E-13	1	0.24
2	233636450	RS1973675	RS2293780	PRUNED_LD	LD		MULTI	2507	1.502E-13	43	1
6	28315958	RS6942030	RS67981811	PRUNED_LD	LD		EUR	2508	1.503E-13	2	0.21
2	233638351	RS974321	RS2293780	PRUNED_LD	LD		MULTI	2509	1.519E-13	43	0.88
6	27745738	RS9461407	RS66868086	PRUNED_LD	LD		EUR	2510	1.532E-13	1	0.23
6	28587402	RS11965972	RS67981811	PRUNED_LD	LD		EUR	2511	1.54E-13	2	0.28
11	133840647	RS11223650	RS4936215	PRUNED_LD	LD		MULTI	2512	1.542E-13	36	0.9
6	28599676	RS13220637	RS67981811	PRUNED_LD	LD		EUR	2513	1.545E-13	2	0.27
11	133840412	RS11223648	RS4936215	PRUNED_LD	LD		MULTI	2514	1.564E-13	36	0.9
11	133840471	RS11223649	RS4936215	PRUNED_LD	LD		MULTI	2515	1.565E-13	36	0.9
6	32380830	RS3129965	RS431204	PRUNED_DISTANCE_FALLBACK	DISTANCE_FALLBACK		NA	2516	1.573E-13	14	
11	133840156	RS73036081	RS4936215	PRUNED_LD	LD		MULTI	2517	1.597E-13	36	0.9
6	32699476	RS9276192	RS1794282	PRUNED_LD	LD		EUR	2518	1.602E-13	19	0.22
6	27750858	RS2179095	RS66868086	PRUNED_LD	LD		EUR	2519	1.618E-13	1	0.24
6	32310119	RS3129901	RS431204	PRUNED_DISTANCE_FALLBACK	DISTANCE_FALLBACK		NA	2520	1.639E-13	14	
6	29991867	RS259926	RS547591961	PRUNED_DISTANCE_FALLBACK	DISTANCE_FALLBACK		NA	2521	1.645E-13	13	
6	32705030	RS9276322	RS1794282	PRUNED_LD	LD		EUR	2522	1.645E-13	19	0.22
2	57987593	RS11682175	RS1356545	PRUNED_LD	LD		MULTI	2523	1.651E-13	39	0.43
6	27711530	RS6914924	RS66868086	PRUNED_LD	LD		EUR	2524	1.658E-13	1	0.24
6	32380208	RS3129963	RS431204	PRUNED_DISTANCE_FALLBACK	DISTANCE_FALLBACK		NA	2525	1.661E-13	14	
6	27749330	RS2092075	RS66868086	PRUNED_LD	LD		EUR	2526	1.689E-13	1	0.24
11	130817579	RS7940866	RS961491	PRUNED_LD	LD		MULTI	2527	1.691E-13	44	0.83
6	26008620	RS13214280	RS71557335	PRUNED_DISTANCE_FALLBACK	DISTANCE_FALLBACK		NA	2528	1.693E-13	29	
6	30094113	RS2844790	RS547591961	PRUNED_DISTANCE_FALLBACK	DISTANCE_FALLBACK		NA	2529	1.699E-13	13	
6	28022248	RS203890	RS66868086	PRUNED_LD	LD		EUR	2530	1.7E-13	1	0.29
6	28601283	RS36069097	RS67981811	PRUNED_LD	LD		EUR	2531	1.705E-13	2	0.27
6	27712120	RS6930992	RS66868086	PRUNED_LD	LD		EUR	2532	1.712E-13	1	0.24
6	27683572	RS9380010	RS66868086	PRUNED_LD	LD		EUR	2533	1.754E-13	1	0.26
11	133838905	RS7106715	RS4936215	PRUNED_LD	LD		MULTI	2534	1.758E-13	36	0.9
6	29645549	RS75834742	RS547591961	PRUNED_DISTANCE_FALLBACK	DISTANCE_FALLBACK		NA	2535	1.801E-13	13	
6	27259308	RS9379971	RS13215879	PRUNED_DISTANCE_FALLBACK	DISTANCE_FALLBACK		NA	2536	1.825E-13	22	
6	27745719	RS9468225	RS66868086	PRUNED_LD	LD		EUR	2537	1.829E-13	1	0.24
6	26044373	RS13195692	RS71557335	PRUNED_DISTANCE_FALLBACK	DISTANCE_FALLBACK		NA	2538	1.843E-13	29	
11	133839857	RS7127156	RS4936215	PRUNED_LD	LD		MULTI	2539	1.874E-13	36	0.9
6	27715102	RS9295743	RS66868086	PRUNED_LD	LD		EUR	2540	1.876E-13	1	0.24
6	28586282	RS36103239	RS67981811	PRUNED_LD	LD		EUR	2541	1.894E-13	2	0.29
12	2413803	RS1860002	RS1860002	SELECTED_LEAD	LD	OK_LOCAL_CACHE		2542	1.92E-13	45	
6	27696951	RS9366700	RS66868086	PRUNED_LD	LD		EUR	2543	1.937E-13	1	0.24
6	27750079	RS13211701	RS66868086	PRUNED_LD	LD		EUR	2544	1.945E-13	1	0.24
6	27750086	RS9468229	RS66868086	PRUNED_LD	LD		EUR	2545	1.95E-13	1	0.24
6	27698355	RS6456802	RS66868086	PRUNED_LD	LD		EUR	2546	1.954E-13	1	0.24
6	28197752	RS34024998	6:28301195_A_G	PRUNED_DISTANCE_FALLBACK	DISTANCE_FALLBACK		NA	2547	1.966E-13	16	
6	27687035	RS9468201	RS66868086	PRUNED_LD	LD		EUR	2548	1.992E-13	1	0.26
11	133838221	RS2000852	RS4936215	PRUNED_LD	LD		MULTI	2549	1.998E-13	36	0.9
11	133839588	RS11223647	RS4936215	PRUNED_LD	LD		MULTI	2550	2.005E-13	36	0.9
6	28584775	RS34556183	RS67981811	PRUNED_LD	LD		EUR	2551	2.008E-13	2	0.29
6	32383246	RS9268531	RS431204	PRUNED_DISTANCE_FALLBACK	DISTANCE_FALLBACK		NA	2552	2.013E-13	14	
6	27970031	RS149946	RS66868086	PRUNED_LD	LD		EUR	2553	2.015E-13	1	0.33
6	26128538	RS35902160	RS71557335	PRUNED_DISTANCE_FALLBACK	DISTANCE_FALLBACK		NA	2554	2.017E-13	29	
6	27972433	RS149947	RS66868086	PRUNED_LD	LD		EUR	2555	2.051E-13	1	0.33
2	233641083	RS737027	RS2293780	PRUNED_LD	LD		MULTI	2556	2.069E-13	43	1
2	233627250	RS12999865	RS2293780	PRUNED_LD	LD		MULTI	2557	2.091E-13	43	0.99
6	26041870	RS71557315	RS71557335	PRUNED_DISTANCE_FALLBACK	DISTANCE_FALLBACK		NA	2558	2.095E-13	29	
6	26122957	RS13200797	RS71557335	PRUNED_DISTANCE_FALLBACK	DISTANCE_FALLBACK		NA	2559	2.105E-13	29	
11	133839560	RS11223646	RS4936215	PRUNED_LD	LD		MULTI	2560	2.12E-13	36	0.9
6	27703291	RS9461401	RS66868086	PRUNED_LD	LD		EUR	2561	2.12E-13	1	0.24
6	27977737	RS149969	RS66868086	PRUNED_LD	LD		EUR	2562	2.121E-13	1	0.33
6	27702832	RS9295742	RS66868086	PRUNED_LD	LD		EUR	2563	2.125E-13	1	0.24
6	27977495	RS149968	RS66868086	PRUNED_LD	LD		EUR	2564	2.127E-13	1	0.33
6	27967274	RS156744	RS66868086	PRUNED_LD	LD		EUR	2565	2.166E-13	1	0.33
6	32291643	RS521828	RS431204	PRUNED_DISTANCE_FALLBACK	DISTANCE_FALLBACK		NA	2566	2.167E-13	14	
6	27715470	RS9283883	RS66868086	PRUNED_LD	LD		EUR	2567	2.169E-13	1	0.24
6	28573006	RS442439	RS539591970	PRUNED_DISTANCE_FALLBACK	DISTANCE_FALLBACK		NA	2568	2.169E-13	11	
11	133838837	RS7106806	RS4936215	PRUNED_LD	LD		MULTI	2569	2.183E-13	36	0.91
6	27700559	RS9461400	RS66868086	PRUNED_LD	LD		EUR	2570	2.193E-13	1	0.24
6	27699581	RS9393851	RS66868086	PRUNED_LD	LD		EUR	2571	2.203E-13	1	0.24
6	27684654	RS9380012	RS66868086	PRUNED_LD	LD		EUR	2572	2.206E-13	1	0.26
6	27684631	RS9368529	RS66868086	PRUNED_LD	LD		EUR	2573	2.227E-13	1	0.26
6	27683924	RS9380011	RS66868086	PRUNED_LD	LD		EUR	2574	2.232E-13	1	0.26
6	30042209	RS1264714	RS547591961	PRUNED_DISTANCE_FALLBACK	DISTANCE_FALLBACK		NA	2575	2.239E-13	13	
6	27683798	RS9368528	RS66868086	PRUNED_LD	LD		EUR	2576	2.24E-13	1	0.26
6	28018469	RS149964	RS66868086	PRUNED_LD	LD		EUR	2577	2.241E-13	1	0.29
6	26040595	RS35367169	RS71557335	PRUNED_DISTANCE_FALLBACK	DISTANCE_FALLBACK		NA	2578	2.246E-13	29	
11	133838808	RS7122746	RS4936215	PRUNED_LD	LD		MULTI	2579	2.274E-13	36	0.9
6	27688667	RS9468203	RS66868086	PRUNED_LD	LD		EUR	2580	2.29E-13	1	0.26
6	32730835	RS9276584	6:32634952_G_T	PRUNED_DISTANCE_FALLBACK	DISTANCE_FALLBACK		NA	2581	2.307E-13	33	
6	27688809	RS9468204	RS66868086	PRUNED_LD	LD		EUR	2582	2.325E-13	1	0.26
6	32726252	RS9276577	6:32634952_G_T	PRUNED_DISTANCE_FALLBACK	DISTANCE_FALLBACK		NA	2583	2.329E-13	33	
11	133838417	RS2000853	RS4936215	PRUNED_LD	LD		MULTI	2584	2.353E-13	36	0.87
6	26124303	RS16891334	RS71557335	PRUNED_DISTANCE_FALLBACK	DISTANCE_FALLBACK		NA	2585	2.354E-13	29	
6	27688369	RS9393848	RS66868086	PRUNED_LD	LD		EUR	2586	2.356E-13	1	0.26
6	31762843	RS2607015	RS431204	PRUNED_DISTANCE_FALLBACK	DISTANCE_FALLBACK		NA	2587	2.374E-13	14	
6	32695028	RS9276018	RS1794282	PRUNED_LD	LD		EUR	2588	2.392E-13	19	0.25
6	32722243	RS9276550	6:32634952_G_T	PRUNED_DISTANCE_FALLBACK	DISTANCE_FALLBACK		NA	2589	2.395E-13	33	
2	233603065	RS2344613	RS2293780	PRUNED_LD	LD		MULTI	2590	2.418E-13	43	0.84
6	27718109	RS7760523	RS66868086	PRUNED_LD	LD		EUR	2591	2.429E-13	1	0.24
6	31762844	RS2753960	RS431204	PRUNED_DISTANCE_FALLBACK	DISTANCE_FALLBACK		NA	2592	2.432E-13	14	
6	32723233	RS9276556	6:32634952_G_T	PRUNED_DISTANCE_FALLBACK	DISTANCE_FALLBACK		NA	2593	2.432E-13	33	
6	32293255	RS511874	RS431204	PRUNED_DISTANCE_FALLBACK	DISTANCE_FALLBACK		NA	2594	2.437E-13	14	
6	27718272	RS35957409	RS66868086	PRUNED_LD	LD		EUR	2595	2.446E-13	1	0.24
11	133827733	RS3802924	RS4936215	PRUNED_LD	LD		MULTI	2596	2.482E-13	36	0.78
6	32336161	RS3129933	RS431204	PRUNED_DISTANCE_FALLBACK	DISTANCE_FALLBACK		NA	2597	2.483E-13	14	
12	57682956	RS61937595	RS61937595	SELECTED_LEAD	LD	OK_MIXED		2598	2.485E-13	46	
6	26119245	RS13206443	RS71557335	PRUNED_DISTANCE_FALLBACK	DISTANCE_FALLBACK		NA	2599	2.498E-13	29	
6	28011585	RS175954	RS66868086	PRUNED_LD	LD		EUR	2600	2.498E-13	1	0.3
6	27713299	RS9468214	RS66868086	PRUNED_LD	LD		EUR	2601	2.5E-13	1	0.24
1	98491248	RS4950119	RS4950119	SELECTED_LEAD	LD	OK_LOCAL_CACHE		2602	2.507E-13	47	
6	32731313	RS9276585	6:32634952_G_T	PRUNED_DISTANCE_FALLBACK	DISTANCE_FALLBACK		NA	2603	2.509E-13	33	
6	29302030	RS6903989	RS9257566	PRUNED_LD	LD		EUR	2604	2.515E-13	8	0.23
6	32722754	RS9276555	6:32634952_G_T	PRUNED_DISTANCE_FALLBACK	DISTANCE_FALLBACK		NA	2605	2.536E-13	33	
6	32632627	RS1130389	6:32634952_G_T	PRUNED_DISTANCE_FALLBACK	DISTANCE_FALLBACK		NA	2606	2.548E-13	33	
6	27709441	RS6902689	RS66868086	PRUNED_LD	LD		EUR	2607	2.549E-13	1	0.24
6	28025279	RS9380045	RS66868086	PRUNED_LD	LD		EUR	2608	2.55E-13	1	0.26
6	32448904	RS7749057	RS431204	PRUNED_DISTANCE_FALLBACK	DISTANCE_FALLBACK		NA	2609	2.578E-13	14	
6	32428862	RS6940063	RS431204	PRUNED_DISTANCE_FALLBACK	DISTANCE_FALLBACK		NA	2610	2.581E-13	14	
6	26038681	RS35335639	RS71557335	PRUNED_DISTANCE_FALLBACK	DISTANCE_FALLBACK		NA	2611	2.582E-13	29	
6	26014852	RS72834623	RS71557335	PRUNED_DISTANCE_FALLBACK	DISTANCE_FALLBACK		NA	2612	2.587E-13	29	
2	233562731	RS4144795	RS2293780	PRUNED_LD	LD		MULTI	2613	2.59E-13	43	0.79
6	30103360	RS1541269	RS547591961	PRUNED_DISTANCE_FALLBACK	DISTANCE_FALLBACK		NA	2614	2.592E-13	13	
6	25999175	RS72834617	RS71557335	PRUNED_DISTANCE_FALLBACK	DISTANCE_FALLBACK		NA	2615	2.6E-13	29	
6	26117404	RS35825164	RS71557335	PRUNED_DISTANCE_FALLBACK	DISTANCE_FALLBACK		NA	2616	2.6E-13	29	
12	123604492	RS1790121	RS4460848	PRUNED_LD	LD		MULTI	2617	2.606E-13	34	0.69
6	31418810	RS3131623	RS3094012	PRUNED_LD	LD		MULTI	2618	2.619E-13	18	0.67
6	30023079	RS9261259	RS547591961	PRUNED_DISTANCE_FALLBACK	DISTANCE_FALLBACK		NA	2619	2.629E-13	13	
6	32453064	RS535195653	RS431204	PRUNED_DISTANCE_FALLBACK	DISTANCE_FALLBACK		NA	2620	2.64E-13	14	
2	233718440	RS4973564	RS2293780	PRUNED_LD	LD		MULTI	2621	2.65E-13	43	0.78
2	233593499	RS17164	RS2293780	PRUNED_LD	LD		MULTI	2622	2.661E-13	43	0.84
6	32713867	RS9276435	6:32634952_G_T	PRUNED_DISTANCE_FALLBACK	DISTANCE_FALLBACK		NA	2623	2.732E-13	33	
6	26122648	RS13197334	RS71557335	PRUNED_DISTANCE_FALLBACK	DISTANCE_FALLBACK		NA	2624	2.748E-13	29	
3	52732429	RS13081155	RS13083798	PRUNED_LD	LD		MULTI	2625	2.751E-13	42	0.94
6	25995701	RS35528636	RS71557335	PRUNED_DISTANCE_FALLBACK	DISTANCE_FALLBACK		NA	2626	2.764E-13	29	
11	133828187	RS73036062	RS4936215	PRUNED_LD	LD		MULTI	2627	2.769E-13	36	0.79
6	26062631	RS16891261	RS71557335	PRUNED_DISTANCE_FALLBACK	DISTANCE_FALLBACK		NA	2628	2.777E-13	29	
3	52628056	RS2577831	RS13083798	PRUNED_LD	LD		MULTI	2629	2.804E-13	42	0.99
6	28036251	RS149956	6:28301195_A_G	PRUNED_DISTANCE_FALLBACK	DISTANCE_FALLBACK		NA	2630	2.815E-13	16	
6	31434111	RS3094604	RS3094012	PRUNED_LD	LD		EUR	2631	2.829E-13	18	0.56
6	32726274	RS9276578	6:32634952_G_T	PRUNED_DISTANCE_FALLBACK	DISTANCE_FALLBACK		NA	2632	2.839E-13	33	
6	27715258	RS9283882	RS66868086	PRUNED_LD	LD		EUR	2633	2.845E-13	1	0.24
6	26072981	RS71557316	RS71557335	PRUNED_DISTANCE_FALLBACK	DISTANCE_FALLBACK		NA	2634	2.85E-13	29	
6	32715943	RS9276456	6:32634952_G_T	PRUNED_DISTANCE_FALLBACK	DISTANCE_FALLBACK		NA	2635	2.86E-13	33	
6	26035806	RS34791189	RS71557335	PRUNED_DISTANCE_FALLBACK	DISTANCE_FALLBACK		NA	2636	2.863E-13	29	
6	27719375	RS9461405	RS66868086	PRUNED_LD	LD		EUR	2637	2.867E-13	1	0.24
2	233595163	RS6716488	RS2293780	PRUNED_LD	LD		MULTI	2638	2.87E-13	43	0.84
6	31836442	RS542418	RS431204	PRUNED_DISTANCE_FALLBACK	DISTANCE_FALLBACK		NA	2639	2.873E-13	14	
6	26059157	RS35378061	RS71557335	PRUNED_DISTANCE_FALLBACK	DISTANCE_FALLBACK		NA	2640	2.875E-13	29	
6	26072445	RS16891264	RS71557335	PRUNED_DISTANCE_FALLBACK	DISTANCE_FALLBACK		NA	2641	2.892E-13	29	
6	26017542	RS16891235	RS71557335	PRUNED_DISTANCE_FALLBACK	DISTANCE_FALLBACK		NA	2642	2.914E-13	29	
6	28023751	RS9393881	RS66868086	PRUNED_LD	LD		EUR	2643	2.919E-13	1	0.26
2	233709465	RS7560115	RS2293780	PRUNED_LD	LD		MULTI	2644	2.929E-13	43	0.72
3	52720080	RS1108842	RS13083798	PRUNED_LD	LD		MULTI	2645	2.939E-13	42	0.94
12	2314319	RS12423277	RS1860002	PRUNED_LD	LD		MULTI	2646	2.94E-13	45	0.6
2	233617647	RS12105766	RS2293780	PRUNED_LD	LD		MULTI	2647	2.967E-13	43	0.97
6	27682914	RS7772027	RS66868086	PRUNED_LD	LD		EUR	2648	2.968E-13	1	0.26
6	28024486	RS9357060	RS66868086	PRUNED_LD	LD		EUR	2649	2.995E-13	1	0.26
6	27683244	RS34752872	RS66868086	PRUNED_LD	LD		EUR	2650	3E-13	1	0.26
2	233681512	RS1078323	RS2293780	PRUNED_LD	LD		MULTI	2651	3.003E-13	43	0.8
6	27715243	RS9283880	RS66868086	PRUNED_LD	LD		EUR	2652	3.005E-13	1	0.24
1	98508258	RS2802535	RS4950119	PRUNED_LD	LD		MULTI	2653	3.009E-13	47	0.98
6	26074884	RS7749414	RS71557335	PRUNED_DISTANCE_FALLBACK	DISTANCE_FALLBACK		NA	2654	3.01E-13	29	
11	133828758	RS73036063	RS4936215	PRUNED_LD	LD		MULTI	2655	3.011E-13	36	0.79
6	28024570	RS9468271	RS66868086	PRUNED_LD	LD		EUR	2656	3.021E-13	1	0.26
6	28017132	RS149963	6:28301195_A_G	PRUNED_DISTANCE_FALLBACK	DISTANCE_FALLBACK		NA	2657	3.024E-13	16	
6	28716345	RS1233585	RS13194504	PRUNED_LD	LD		EUR	2658	3.042E-13	7	0.46
6	25999149	RS116201501	RS71557335	PRUNED_DISTANCE_FALLBACK	DISTANCE_FALLBACK		NA	2659	3.053E-13	29	
6	27683063	RS9468200	RS66868086	PRUNED_LD	LD		EUR	2660	3.063E-13	1	0.26
6	27715255	RS9283881	RS66868086	PRUNED_LD	LD		EUR	2661	3.065E-13	1	0.24
2	233713237	RS13009957	RS2293780	PRUNED_LD	LD		MULTI	2662	3.082E-13	43	0.71
6	27702440	RS10214440	RS66868086	PRUNED_LD	LD		EUR	2663	3.116E-13	1	0.24
6	30078888	RS2427749	RS547591961	PRUNED_DISTANCE_FALLBACK	DISTANCE_FALLBACK		NA	2664	3.119E-13	13	
2	233616709	RS6733495	RS2293780	PRUNED_LD	LD		MULTI	2665	3.136E-13	43	0.97
6	28004059	RS156736	RS66868086	PRUNED_LD	LD		EUR	2666	3.14E-13	1	0.31
6	27677728	RS13215072	RS66868086	PRUNED_LD	LD		EUR	2667	3.149E-13	1	0.23
6	31640518	RS1266076	RS431204	PRUNED_DISTANCE_FALLBACK	DISTANCE_FALLBACK		NA	2668	3.153E-13	14	
6	28025486	RS9348789	RS66868086	PRUNED_LD	LD		EUR	2669	3.176E-13	1	0.26
3	52722335	RS3774349	RS13083798	PRUNED_LD	LD		MULTI	2670	3.189E-13	42	0.94
6	28026077	RS9468274	RS66868086	PRUNED_LD	LD		EUR	2671	3.2E-13	1	0.26
6	30079129	RS2523988	RS547591961	PRUNED_DISTANCE_FALLBACK	DISTANCE_FALLBACK		NA	2672	3.204E-13	13	
6	28023008	RS66529373	RS66868086	PRUNED_LD	LD		EUR	2673	3.205E-13	1	0.23
6	28026136	RS9468275	RS66868086	PRUNED_LD	LD		EUR	2674	3.212E-13	1	0.26
6	32737257	RS9276607	6:32634952_G_T	PRUNED_DISTANCE_FALLBACK	DISTANCE_FALLBACK		NA	2675	3.213E-13	33	
6	32287402	RS9268229	RS431204	PRUNED_DISTANCE_FALLBACK	DISTANCE_FALLBACK		NA	2676	3.234E-13	14	
6	27690905	RS2056925	RS66868086	PRUNED_LD	LD		EUR	2677	3.258E-13	1	0.22
6	27687973	RS9393847	RS66868086	PRUNED_LD	LD		EUR	2678	3.264E-13	1	0.26
6	30079993	RS2523987	RS547591961	PRUNED_DISTANCE_FALLBACK	DISTANCE_FALLBACK		NA	2679	3.273E-13	13	
6	28027688	RS9468276	RS66868086	PRUNED_LD	LD		EUR	2680	3.277E-13	1	0.26
6	28193786	RS1150705	6:28301195_A_G	PRUNED_DISTANCE_FALLBACK	DISTANCE_FALLBACK		NA	2681	3.281E-13	16	
6	28028390	RS9468277	RS66868086	PRUNED_LD	LD		EUR	2682	3.292E-13	1	0.26
6	28028482	RS9468278	RS66868086	PRUNED_LD	LD		EUR	2683	3.305E-13	1	0.26
6	30084549	RS2517595	RS547591961	PRUNED_DISTANCE_FALLBACK	DISTANCE_FALLBACK		NA	2684	3.305E-13	13	
12	2365904	RS4765911	RS1860002	PRUNED_LD	LD		MULTI	2685	3.311E-13	45	0.82
6	28015569	RS149961	RS66868086	PRUNED_LD	LD		EUR	2686	3.337E-13	1	0.29
6	32452407	RS550286428	RS431204	PRUNED_DISTANCE_FALLBACK	DISTANCE_FALLBACK		NA	2687	3.342E-13	14	
12	123606739	RS1790122	RS4460848	PRUNED_LD	LD		MULTI	2688	3.345E-13	34	0.69
11	130877142	RS2324317	RS961491	PRUNED_LD	LD		MULTI	2689	3.36E-13	44	0.89
6	30084696	RS2523976	RS547591961	PRUNED_DISTANCE_FALLBACK	DISTANCE_FALLBACK		NA	2690	3.363E-13	13	
6	30084505	RS2523977	RS547591961	PRUNED_DISTANCE_FALLBACK	DISTANCE_FALLBACK		NA	2691	3.367E-13	13	
2	233715487	RS13024330	RS2293780	PRUNED_LD	LD		MULTI	2692	3.379E-13	43	0.71
6	29683808	RS577078190	RS547591961	PRUNED_DISTANCE_FALLBACK	DISTANCE_FALLBACK		NA	2693	3.379E-13	13	
6	28390230	RS16894095	RS67981811	PRUNED_LD	LD		EUR	2694	3.38E-13	2	0.21
6	27676794	RS4713118	RS66868086	PRUNED_LD	LD		EUR	2695	3.396E-13	1	0.24
6	28029837	RS13218430	RS66868086	PRUNED_LD	LD		EUR	2696	3.415E-13	1	0.26
6	27991007	RS149979	RS66868086	PRUNED_LD	LD		EUR	2697	3.418E-13	1	0.33
3	52752959	RS35212380	RS13083798	PRUNED_LD	LD		MULTI	2698	3.425E-13	42	0.89
6	27686991	RS2394000	RS66868086	PRUNED_LD	LD		EUR	2699	3.43E-13	1	0.26
2	233683984	RS13001052	RS2293780	PRUNED_LD	LD		MULTI	2700	3.441E-13	43	0.8
6	29681293	RS556415781	RS547591961	PRUNED_DISTANCE_FALLBACK	DISTANCE_FALLBACK		NA	2701	3.455E-13	13	
6	29682605	RS528448318	RS547591961	PRUNED_DISTANCE_FALLBACK	DISTANCE_FALLBACK		NA	2702	3.463E-13	13	
6	32335347	RS2143461	RS431204	PRUNED_DISTANCE_FALLBACK	DISTANCE_FALLBACK		NA	2703	3.469E-13	14	
6	29682239	RS533550179	RS547591961	PRUNED_DISTANCE_FALLBACK	DISTANCE_FALLBACK		NA	2704	3.483E-13	13	
6	30083855	RS2517596	RS547591961	PRUNED_DISTANCE_FALLBACK	DISTANCE_FALLBACK		NA	2705	3.487E-13	13	
6	25993968	RS13192365	RS71557335	PRUNED_DISTANCE_FALLBACK	DISTANCE_FALLBACK		NA	2706	3.502E-13	29	
6	32333419	RS3129925	RS431204	PRUNED_DISTANCE_FALLBACK	DISTANCE_FALLBACK		NA	2707	3.505E-13	14	
6	29683974	RS544864228	RS547591961	PRUNED_DISTANCE_FALLBACK	DISTANCE_FALLBACK		NA	2708	3.514E-13	13	
3	52687566	RS7612511	RS13083798	PRUNED_LD	LD		MULTI	2709	3.525E-13	42	0.94
6	32333480	RS3129926	RS431204	PRUNED_DISTANCE_FALLBACK	DISTANCE_FALLBACK		NA	2710	3.527E-13	14	
6	26022244	RS3734528	RS71557335	PRUNED_DISTANCE_FALLBACK	DISTANCE_FALLBACK		NA	2711	3.559E-13	29	
6	26030492	RS10484433	RS71557335	PRUNED_DISTANCE_FALLBACK	DISTANCE_FALLBACK		NA	2712	3.604E-13	29	
6	28367355	RS1005125	RS539591970	PRUNED_DISTANCE_FALLBACK	DISTANCE_FALLBACK		NA	2713	3.61E-13	11	
2	233698830	RS10210953	RS2293780	PRUNED_LD	LD		MULTI	2714	3.654E-13	43	0.91
2	233661526	RS283467	RS2293780	PRUNED_LD	LD		EUR	2715	3.66E-13	43	0.8
6	28030499	RS9380046	RS66868086	PRUNED_LD	LD		EUR	2716	3.684E-13	1	0.26
6	30083505	6:30083505_A_G	RS547591961	PRUNED_DISTANCE_FALLBACK	DISTANCE_FALLBACK		NA	2717	3.709E-13	13	
6	32336205	RS3129935	RS431204	PRUNED_DISTANCE_FALLBACK	DISTANCE_FALLBACK		NA	2718	3.715E-13	14	
12	2408194	RS4298967	RS1860002	PRUNED_LD	LD		EUR	2719	3.792E-13	45	0.61
6	30083515	RS2523979	RS547591961	PRUNED_DISTANCE_FALLBACK	DISTANCE_FALLBACK		NA	2720	3.811E-13	13	
6	26026163	RS35249036	RS71557335	PRUNED_DISTANCE_FALLBACK	DISTANCE_FALLBACK		NA	2721	3.827E-13	29	
6	30081189	RS2517597	RS547591961	PRUNED_DISTANCE_FALLBACK	DISTANCE_FALLBACK		NA	2722	3.829E-13	13	
6	30081246	RS2523986	RS547591961	PRUNED_DISTANCE_FALLBACK	DISTANCE_FALLBACK		NA	2723	3.835E-13	13	
6	30080956	RS2844792	RS547591961	PRUNED_DISTANCE_FALLBACK	DISTANCE_FALLBACK		NA	2724	3.84E-13	13	
6	32333299	RS3129924	RS431204	PRUNED_DISTANCE_FALLBACK	DISTANCE_FALLBACK		NA	2725	3.849E-13	14	
2	57988194	RS11688767	RS1356545	PRUNED_LD	LD		MULTI	2726	3.868E-13	39	0.49
11	130870215	RS10791112	RS961491	PRUNED_LD	LD		MULTI	2727	3.872E-13	44	0.96
6	27241915	RS34843552	RS13207082	PRUNED_LD	LD		EUR	2728	3.896E-13	9	0.3
11	130868583	RS1347283	RS961491	PRUNED_LD	LD		MULTI	2729	3.975E-13	44	0.94
12	2329970	RS11062161	RS1860002	PRUNED_LD	LD		EUR	2730	3.994E-13	45	0.46
6	32336364	RS3129937	RS431204	PRUNED_DISTANCE_FALLBACK	DISTANCE_FALLBACK		NA	2731	4.015E-13	14	
6	28754817	RS9257182	RS13194504	PRUNED_LD	LD		EUR	2732	4.095E-13	7	0.44
6	32332322	RS3129916	RS431204	PRUNED_DISTANCE_FALLBACK	DISTANCE_FALLBACK		NA	2733	4.159E-13	14	
2	233686862	RS13021823	RS2293780	PRUNED_LD	LD		MULTI	2734	4.164E-13	43	0.79
6	32332264	RS3129915	RS431204	PRUNED_DISTANCE_FALLBACK	DISTANCE_FALLBACK		NA	2735	4.164E-13	14	
11	130861339	RS7940465	RS961491	PRUNED_LD	LD		MULTI	2736	4.165E-13	44	0.97
6	26105369	RS35484309	RS71557335	PRUNED_DISTANCE_FALLBACK	DISTANCE_FALLBACK		NA	2737	4.168E-13	29	
6	28014597	RS149900	RS66868086	PRUNED_LD	LD		EUR	2738	4.224E-13	1	0.31
6	29677387	RS1610589	RS3131856	PRUNED_LD	LD		EUR	2739	4.23E-13	12	0.3
6	32336766	RS3129939	RS431204	PRUNED_DISTANCE_FALLBACK	DISTANCE_FALLBACK		NA	2740	4.266E-13	14	
6	28374902	RS6905380	RS67981811	PRUNED_LD	LD		EUR	2741	4.27E-13	2	0.28
6	28336004	RS7750526	RS67981811	PRUNED_LD	LD		EUR	2742	4.282E-13	2	0.28
6	28739322	RS1233614	RS13194504	PRUNED_LD	LD		EUR	2743	4.297E-13	7	0.44
6	31601022	RS2844465	RS431204	PRUNED_DISTANCE_FALLBACK	DISTANCE_FALLBACK		NA	2744	4.31E-13	14	
6	29676716	RS1610588	RS3131856	PRUNED_LD	LD		EUR	2745	4.313E-13	12	0.3
2	233678326	RS12619195	RS2293780	PRUNED_LD	LD		MULTI	2746	4.317E-13	43	0.93
6	29670652	RS3129046	RS3131856	PRUNED_LD	LD		EUR	2747	4.325E-13	12	0.3
6	29678045	RS1610744	RS3131856	PRUNED_LD	LD		EUR	2748	4.346E-13	12	0.3
6	29677952	RS1610742	RS3131856	PRUNED_LD	LD		EUR	2749	4.354E-13	12	0.3
6	29671448	RS3131867	RS3131856	PRUNED_LD	LD		EUR	2750	4.377E-13	12	0.31
6	28346910	RS7774981	RS67981811	PRUNED_LD	LD		EUR	2751	4.385E-13	2	0.28
6	28346945	RS7754960	RS67981811	PRUNED_LD	LD		EUR	2752	4.393E-13	2	0.28
6	27676309	RS9468195	RS66868086	PRUNED_LD	LD		EUR	2753	4.399E-13	1	0.24
6	27985096	RS149974	6:28301195_A_G	PRUNED_DISTANCE_FALLBACK	DISTANCE_FALLBACK		NA	2754	4.41E-13	16	
6	32332765	RS3129917	RS431204	PRUNED_DISTANCE_FALLBACK	DISTANCE_FALLBACK		NA	2755	4.43E-13	14	
6	32332791	RS3129919	RS431204	PRUNED_DISTANCE_FALLBACK	DISTANCE_FALLBACK		NA	2756	4.454E-13	14	
3	52785238	RS7646741	RS13083798	PRUNED_LD	LD		MULTI	2757	4.455E-13	42	0.87
6	29671135	RS3094731	RS3131856	PRUNED_LD	LD		EUR	2758	4.466E-13	12	0.31
6	26045905	RS3752417	RS71557335	PRUNED_DISTANCE_FALLBACK	DISTANCE_FALLBACK		NA	2759	4.475E-13	29	
6	27675290	RS1139226	RS66868086	PRUNED_LD	LD		EUR	2760	4.484E-13	1	0.24
6	29671152	RS3094730	RS3131856	PRUNED_LD	LD		EUR	2761	4.489E-13	12	0.31
11	130877478	RS7949071	RS961491	PRUNED_LD	LD		MULTI	2762	4.498E-13	44	0.88
6	27987776	RS149976	6:28301195_A_G	PRUNED_DISTANCE_FALLBACK	DISTANCE_FALLBACK		NA	2763	4.516E-13	16	
11	130870765	RS1820353	RS961491	PRUNED_LD	LD		MULTI	2764	4.54E-13	44	0.96
6	26107088	RS66790453	RS71557335	PRUNED_DISTANCE_FALLBACK	DISTANCE_FALLBACK		NA	2765	4.56E-13	29	
6	26099472	RS35402046	RS71557335	PRUNED_DISTANCE_FALLBACK	DISTANCE_FALLBACK		NA	2766	4.571E-13	29	
6	25976165	RS56195001	RS71557335	PRUNED_DISTANCE_FALLBACK	DISTANCE_FALLBACK		NA	2767	4.668E-13	29	
6	25980523	RS36012762	RS71557335	PRUNED_DISTANCE_FALLBACK	DISTANCE_FALLBACK		NA	2768	4.691E-13	29	
6	27983613	RS149973	6:28301195_A_G	PRUNED_DISTANCE_FALLBACK	DISTANCE_FALLBACK		NA	2769	4.696E-13	16	
6	26073411	RS34027471	RS71557335	PRUNED_DISTANCE_FALLBACK	DISTANCE_FALLBACK		NA	2770	4.716E-13	29	
2	233690082	RS12993791	RS2293780	PRUNED_LD	LD		MULTI	2771	4.732E-13	43	0.81
6	25976099	RS56294283	RS71557335	PRUNED_DISTANCE_FALLBACK	DISTANCE_FALLBACK		NA	2772	4.741E-13	29	
6	30085916	RS1015466	RS547591961	PRUNED_DISTANCE_FALLBACK	DISTANCE_FALLBACK		NA	2773	4.753E-13	13	
6	25974204	RS13196552	RS71557335	PRUNED_DISTANCE_FALLBACK	DISTANCE_FALLBACK		NA	2774	4.774E-13	29	
6	25975669	RS35116528	RS71557335	PRUNED_DISTANCE_FALLBACK	DISTANCE_FALLBACK		NA	2775	4.791E-13	29	
6	32706209	RS9276348	6:32634952_G_T	PRUNED_DISTANCE_FALLBACK	DISTANCE_FALLBACK		NA	2776	4.832E-13	33	
1	98512127	RS2660304	RS4950119	PRUNED_LD	LD		MULTI	2777	4.839E-13	47	1
6	28354250	RS3799499	RS67981811	PRUNED_LD	LD		EUR	2778	4.876E-13	2	0.28
2	233581937	RS2344611	RS2293780	PRUNED_LD	LD		MULTI	2779	4.88E-13	43	0.83
6	32706416	RS9276351	6:32634952_G_T	PRUNED_DISTANCE_FALLBACK	DISTANCE_FALLBACK		NA	2780	4.889E-13	33	
3	52770310	RS11130324	RS13083798	PRUNED_LD	LD		MULTI	2781	4.927E-13	42	0.89
6	26095643	RS13210399	RS71557335	PRUNED_DISTANCE_FALLBACK	DISTANCE_FALLBACK		NA	2782	4.951E-13	29	
6	28736189	RS1233608	RS13194504	PRUNED_LD	LD		EUR	2783	4.976E-13	7	0.44
6	26096748	RS1045537	RS71557335	PRUNED_DISTANCE_FALLBACK	DISTANCE_FALLBACK		NA	2784	4.977E-13	29	
6	30084446	RS1034326	RS547591961	PRUNED_DISTANCE_FALLBACK	DISTANCE_FALLBACK		NA	2785	5.073E-13	13	
6	32383249	RS9268532	RS431204	PRUNED_DISTANCE_FALLBACK	DISTANCE_FALLBACK		NA	2786	5.078E-13	14	
6	28367623	RS1005126	RS67981811	PRUNED_LD	LD		EUR	2787	5.085E-13	2	0.28
2	233697337	RS921055	RS2293780	PRUNED_LD	LD		MULTI	2788	5.088E-13	43	0.79
2	233716421	RS4973563	RS2293780	PRUNED_LD	LD		MULTI	2789	5.104E-13	43	0.67
2	233591239	RS1022329	RS2293780	PRUNED_LD	LD		MULTI	2790	5.139E-13	43	0.96
6	32707706	RS5021448	6:32634952_G_T	PRUNED_DISTANCE_FALLBACK	DISTANCE_FALLBACK		NA	2791	5.143E-13	33	
2	233726836	RS2675972	RS2293780	PRUNED_LD	LD		MULTI	2792	5.169E-13	43	0.81
6	26100198	RS13200888	RS71557335	PRUNED_DISTANCE_FALLBACK	DISTANCE_FALLBACK		NA	2793	5.214E-13	29	
6	26104630	RS2237228	RS71557335	PRUNED_DISTANCE_FALLBACK	DISTANCE_FALLBACK		NA	2794	5.236E-13	29	
6	28359709	RS2232427	RS67981811	PRUNED_LD	LD		EUR	2795	5.284E-13	2	0.27
2	233699459	RS34707169	RS2293780	PRUNED_LD	LD		MULTI	2796	5.3E-13	43	0.79
6	29673206	RS3131864	RS3131856	PRUNED_LD	LD		EUR	2797	5.322E-13	12	0.31
12	123572495	RS10848428	RS4460848	PRUNED_LD	LD		MULTI	2798	5.345E-13	34	0.68
6	31429927	RS3094228	RS3094012	PRUNED_LD	LD		EUR	2799	5.366E-13	18	0.51
6	26055368	RS13220395	RS71557335	PRUNED_DISTANCE_FALLBACK	DISTANCE_FALLBACK		NA	2800	5.381E-13	29	
6	31601513	RS2242659	RS431204	PRUNED_DISTANCE_FALLBACK	DISTANCE_FALLBACK		NA	2801	5.383E-13	14	
2	233725364	RS13007579	RS2293780	PRUNED_LD	LD		EUR	2802	5.444E-13	43	0.68
6	28370078	RS13196606	RS67981811	PRUNED_LD	LD		EUR	2803	5.452E-13	2	0.28
6	30365629	RS11961853	RS3130247	PRUNED_LD	LD		EUR	2804	5.47E-13	21	0.53
2	233562197	RS4144797	RS2293780	PRUNED_LD	LD		EUR	2805	5.53E-13	43	0.78
2	233592487	RS6704763	RS2293780	PRUNED_LD	LD		MULTI	2806	5.535E-13	43	0.96
11	133830067	RS73036065	RS4936215	PRUNED_LD	LD		MULTI	2807	5.567E-13	36	0.79
6	31843924	RS2736428	RS431204	PRUNED_DISTANCE_FALLBACK	DISTANCE_FALLBACK		NA	2808	5.567E-13	14	
11	130890970	RS1118137	RS961491	PRUNED_LD	LD		MULTI	2809	5.7E-13	44	0.87
12	123595163	RS949143	RS4460848	PRUNED_LD	LD		MULTI	2810	5.723E-13	34	0.69
2	58110969	RS2717063	RS1356545	PRUNED_LD	LD		MULTI	2811	5.723E-13	39	0.93
6	31620020	RS813115	RS431204	PRUNED_DISTANCE_FALLBACK	DISTANCE_FALLBACK		NA	2812	5.781E-13	14	
6	31430721	RS3099840	RS3094012	PRUNED_LD	LD		EUR	2813	5.811E-13	18	0.51
2	233704252	RS2289911	RS2293780	PRUNED_LD	LD		MULTI	2814	5.818E-13	43	0.73
11	130875123	RS1433976	RS961491	PRUNED_LD	LD		MULTI	2815	5.838E-13	44	0.94
6	29697473	RS1633107	RS3131856	PRUNED_LD	LD		EUR	2816	5.847E-13	12	0.26
3	52626443	RS2336147	RS13083798	PRUNED_LD	LD		MULTI	2817	5.863E-13	42	0.99
2	233688542	RS35491427	RS2293780	PRUNED_LD	LD		MULTI	2818	5.881E-13	43	0.81
12	2402246	RS1024582	RS1860002	PRUNED_LD	LD		EUR	2819	5.917E-13	45	0.58
6	30084313	RS1034327	RS547591961	PRUNED_DISTANCE_FALLBACK	DISTANCE_FALLBACK		NA	2820	5.987E-13	13	
6	27254967	RS13217239	RS13215879	PRUNED_DISTANCE_FALLBACK	DISTANCE_FALLBACK		NA	2821	6.029E-13	22	
12	123569375	RS4148863	RS4460848	PRUNED_LD	LD		MULTI	2822	6.04E-13	34	0.68
3	52622086	RS2590838	RS13083798	PRUNED_LD	LD		MULTI	2823	6.091E-13	42	0.97
11	130871617	RS1433979	RS961491	PRUNED_LD	LD		MULTI	2824	6.12E-13	44	0.95
11	133829442	RS73036064	RS4936215	PRUNED_LD	LD		MULTI	2825	6.131E-13	36	0.79
1	98507696	RS4292998	RS4950119	PRUNED_LD	LD		MULTI	2826	6.228E-13	47	1
6	28331834	RS13199081	RS67981811	PRUNED_LD	LD		EUR	2827	6.239E-13	2	0.29
12	123544878	RS7957096	RS4460848	PRUNED_LD	LD		MULTI	2828	6.374E-13	34	0.6
6	31634193	RS805257	RS431204	PRUNED_DISTANCE_FALLBACK	DISTANCE_FALLBACK		NA	2829	6.414E-13	14	
11	133829644	RS3758927	RS4936215	PRUNED_LD	LD		MULTI	2830	6.422E-13	36	0.79
12	2311836	RS1860056	RS1860002	PRUNED_LD	LD		MULTI	2831	6.468E-13	45	0.6
12	123591596	RS1790106	RS4460848	PRUNED_LD	LD		MULTI	2832	6.534E-13	34	0.69
12	123541606	RS10773921	RS4460848	PRUNED_LD	LD		MULTI	2833	6.535E-13	34	0.6
2	233586427	RS6717048	RS2293780	PRUNED_LD	LD		MULTI	2834	6.585E-13	43	0.95
12	123637509	RS1716184	RS4460848	PRUNED_LD	LD		MULTI	2835	6.608E-13	34	0.78
6	32698918	RS9276171	6:32634952_G_T	PRUNED_DISTANCE_FALLBACK	DISTANCE_FALLBACK		NA	2836	6.608E-13	33	
2	57961602	RS13011472	RS1356545	PRUNED_LD	LD		EUR	2837	6.617E-13	39	0.37
6	31618121	RS805301	RS431204	PRUNED_DISTANCE_FALLBACK	DISTANCE_FALLBACK		NA	2838	6.652E-13	14	
6	31617957	RS805302	RS431204	PRUNED_DISTANCE_FALLBACK	DISTANCE_FALLBACK		NA	2839	6.674E-13	14	
1	98502340	RS1782810	RS4950119	PRUNED_LD	LD		MULTI	2840	7.058E-13	47	1
6	30082221	RS2523983	RS547591961	PRUNED_DISTANCE_FALLBACK	DISTANCE_FALLBACK		NA	2841	7.072E-13	13	
6	30083182	RS2523981	RS547591961	PRUNED_DISTANCE_FALLBACK	DISTANCE_FALLBACK		NA	2842	7.09E-13	13	
1	98502934	RS1625579	RS4950119	PRUNED_LD	LD		MULTI	2843	7.094E-13	47	1
6	30083070	RS2523982	RS547591961	PRUNED_DISTANCE_FALLBACK	DISTANCE_FALLBACK		NA	2844	7.104E-13	13	
2	233560303	RS62193269	RS2293780	PRUNED_LD	LD		MULTI	2845	7.106E-13	43	0.9
6	29684634	RS2517911	RS3131856	PRUNED_LD	LD		EUR	2846	7.149E-13	12	0.28
6	29684967	RS1632960	RS3131856	PRUNED_LD	LD		EUR	2847	7.27E-13	12	0.28
2	233561743	RS1104764	RS2293780	PRUNED_LD	LD		MULTI	2848	7.277E-13	43	0.91
12	123501972	RS12425850	RS4460848	PRUNED_LD	LD		MULTI	2849	7.393E-13	34	0.57
6	31722780	RS3130486	RS431204	PRUNED_DISTANCE_FALLBACK	DISTANCE_FALLBACK		NA	2850	7.448E-13	14	
6	29688667	RS1632957	RS3131856	PRUNED_LD	LD		EUR	2851	7.461E-13	12	0.26
12	123529056	RS11608811	RS4460848	PRUNED_LD	LD		MULTI	2852	7.473E-13	34	0.58
6	27910708	RS276371	6:28301195_A_G	PRUNED_DISTANCE_FALLBACK	DISTANCE_FALLBACK		NA	2853	7.619E-13	16	
6	27788062	RS200502	RS66868086	PRUNED_LD	LD		EUR	2854	7.683E-13	1	0.26
6	31543031	RS1800629	RS431204	PRUNED_DISTANCE_FALLBACK	DISTANCE_FALLBACK		NA	2855	7.747E-13	14	
11	130839244	RS7942900	RS961491	PRUNED_LD	LD		MULTI	2856	7.748E-13	44	0.92
6	25931957	RS6940007	RS71557335	PRUNED_DISTANCE_FALLBACK	DISTANCE_FALLBACK		NA	2857	7.786E-13	29	
12	123642220	RS1727312	RS4460848	PRUNED_LD	LD		MULTI	2858	7.819E-13	34	0.79
6	27785882	RS200503	RS66868086	PRUNED_LD	LD		EUR	2859	7.956E-13	1	0.26
12	123666649	RS12229700	RS4460848	PRUNED_LD	LD		MULTI	2860	7.975E-13	34	0.8
12	2330458	RS10774034	RS1860002	PRUNED_LD	LD		EUR	2861	8.016E-13	45	0.47
6	31616366	RS805303	RS431204	PRUNED_DISTANCE_FALLBACK	DISTANCE_FALLBACK		NA	2862	8.162E-13	14	
12	123667952	RS1616484	RS4460848	PRUNED_LD	LD		MULTI	2863	8.344E-13	34	0.71
6	28417152	RS2531806	RS539591970	PRUNED_DISTANCE_FALLBACK	DISTANCE_FALLBACK		NA	2864	8.413E-13	11	
6	30079307	RS2249099	RS547591961	PRUNED_DISTANCE_FALLBACK	DISTANCE_FALLBACK		NA	2865	8.43E-13	13	
12	123641200	RS1051434	RS4460848	PRUNED_LD	LD		MULTI	2866	8.436E-13	34	0.78
11	130838682	RS11222411	RS961491	PRUNED_LD	LD		MULTI	2867	8.541E-13	44	0.91
6	25925987	RS3734523	RS71557335	PRUNED_DISTANCE_FALLBACK	DISTANCE_FALLBACK		NA	2868	8.599E-13	29	
2	233579634	RS6710294	RS2293780	PRUNED_LD	LD		MULTI	2869	8.65E-13	43	0.95
11	130892029	RS7122268	RS961491	PRUNED_LD	LD		MULTI	2870	8.703E-13	44	0.87
12	123502044	RS12425009	RS4460848	PRUNED_LD	LD		MULTI	2871	8.734E-13	34	0.57
2	233570199	RS62193271	RS2293780	PRUNED_LD	LD		MULTI	2872	8.803E-13	43	0.82
11	130836269	RS7130842	RS961491	PRUNED_LD	LD		MULTI	2873	8.819E-13	44	0.9
11	130850277	RS10750457	RS961491	PRUNED_LD	LD		MULTI	2874	8.953E-13	44	0.95
12	123648032	RS1727293	RS4460848	PRUNED_LD	LD		MULTI	2875	8.963E-13	34	0.79
6	28703631	RS1622915	RS539591970	PRUNED_DISTANCE_FALLBACK	DISTANCE_FALLBACK		NA	2876	8.975E-13	11	
6	25925634	RS6931120	RS71557335	PRUNED_DISTANCE_FALLBACK	DISTANCE_FALLBACK		NA	2877	8.976E-13	29	
12	123680563	RS1727286	RS4460848	PRUNED_LD	LD		MULTI	2878	9.008E-13	34	0.83
12	123520071	RS11613937	RS4460848	PRUNED_LD	LD		MULTI	2879	9.012E-13	34	0.54
6	27982152	RS149971	6:28301195_A_G	PRUNED_DISTANCE_FALLBACK	DISTANCE_FALLBACK		NA	2880	9.067E-13	16	
6	32758394	RS7758736	6:32634952_G_T	PRUNED_DISTANCE_FALLBACK	DISTANCE_FALLBACK		NA	2881	9.101E-13	33	
6	27974817	RS149948	RS66868086	PRUNED_LD	LD		EUR	2882	9.146E-13	1	0.3
12	123673258	RS1790088	RS4460848	PRUNED_LD	LD		MULTI	2883	9.205E-13	34	0.83
1	98501984	RS1702294	RS4950119	PRUNED_LD	LD		MULTI	2884	9.217E-13	47	1
6	29695180	RS1419696	RS3131856	PRUNED_LD	LD		EUR	2885	9.28E-13	12	0.26
6	27965503	RS149901	RS66868086	PRUNED_LD	LD		EUR	2886	9.287E-13	1	0.3
6	27980220	RS149970	RS66868086	PRUNED_LD	LD		EUR	2887	9.298E-13	1	0.3
6	28373154	RS2531827	RS539591970	PRUNED_DISTANCE_FALLBACK	DISTANCE_FALLBACK		NA	2888	9.334E-13	11	
11	130850377	RS10791109	RS961491	PRUNED_LD	LD		MULTI	2889	9.337E-13	44	0.95
6	29693969	RS1736922	RS3131856	PRUNED_LD	LD		EUR	2890	9.367E-13	12	0.26
6	27919243	RS276369	6:28301195_A_G	PRUNED_DISTANCE_FALLBACK	DISTANCE_FALLBACK		NA	2891	9.373E-13	16	
6	28340529	RS4455662	RS539591970	PRUNED_DISTANCE_FALLBACK	DISTANCE_FALLBACK		NA	2892	9.378E-13	11	
6	28340625	RS10946954	RS539591970	PRUNED_DISTANCE_FALLBACK	DISTANCE_FALLBACK		NA	2893	9.398E-13	11	
6	29715063	RS1622223	RS3131856	PRUNED_LD	LD		EUR	2894	9.567E-13	12	0.21
6	27967591	RS464312	RS66868086	PRUNED_LD	LD		EUR	2895	9.575E-13	1	0.3
6	31588384	RS2857693	RS431204	PRUNED_DISTANCE_FALLBACK	DISTANCE_FALLBACK		NA	2896	9.688E-13	14	
6	31239449	RS28626310	RS7748141	PRUNED_DISTANCE_FALLBACK	DISTANCE_FALLBACK		NA	2897	9.711E-13	24	
6	29672165	RS3131865	RS3131856	PRUNED_LD	LD		EUR	2898	9.739E-13	12	0.26
12	123682594	RS11610710	RS4460848	PRUNED_LD	LD		MULTI	2899	9.758E-13	34	0.83
12	123633382	RS1727305	RS4460848	PRUNED_LD	LD		MULTI	2900	9.793E-13	34	0.78
6	28382526	RS2108927	RS539591970	PRUNED_DISTANCE_FALLBACK	DISTANCE_FALLBACK		NA	2901	9.87E-13	11	
6	29695502	RS1628578	RS3131856	PRUNED_LD	LD		EUR	2902	9.905E-13	12	0.26
6	25700342	RS35436081	RS13211947	PRUNED_LD	LD		EUR	2903	1.007E-12	35	0.46
6	27895213	RS156737	6:28301195_A_G	PRUNED_DISTANCE_FALLBACK	DISTANCE_FALLBACK		NA	2904	1.014E-12	16	
6	25782314	RS1892253	RS13211947	PRUNED_LD	LD		EUR	2905	1.017E-12	35	0.52
6	25780811	RS6910549	RS13211947	PRUNED_LD	LD		EUR	2906	1.043E-12	35	0.52
6	28380321	RS1124132	RS539591970	PRUNED_DISTANCE_FALLBACK	DISTANCE_FALLBACK		NA	2907	1.043E-12	11	
6	28382410	RS13203055	RS67981811	PRUNED_LD	LD		EUR	2908	1.049E-12	2	0.28
6	25914853	RS34525648	RS71557335	PRUNED_DISTANCE_FALLBACK	DISTANCE_FALLBACK		NA	2909	1.056E-12	29	
6	28168033	RS1150691	6:28301195_A_G	PRUNED_DISTANCE_FALLBACK	DISTANCE_FALLBACK		NA	2910	1.06E-12	16	
6	28389222	RS2531832	RS539591970	PRUNED_DISTANCE_FALLBACK	DISTANCE_FALLBACK		NA	2911	1.06E-12	11	
6	29669007	RS3116799	RS3131856	PRUNED_LD	LD		EUR	2912	1.06E-12	12	0.29
10	104906211	RS11191580	RS11191580	SELECTED_LEAD	LD	OK_LOCAL_CACHE		2913	1.067E-12	48	
6	28345210	RS9368565	RS539591970	PRUNED_DISTANCE_FALLBACK	DISTANCE_FALLBACK		NA	2914	1.069E-12	11	
12	123575742	RS1727307	RS4460848	PRUNED_LD	LD		MULTI	2915	1.078E-12	34	0.67
6	28398748	RS9969098	RS67981811	PRUNED_LD	LD		EUR	2916	1.081E-12	2	0.28
12	2332104	RS11062162	RS1860002	PRUNED_LD	LD		EUR	2917	1.084E-12	45	0.45
6	28385957	RS6940744	RS67981811	PRUNED_LD	LD		EUR	2918	1.093E-12	2	0.28
6	28400339	RS16894106	RS67981811	PRUNED_LD	LD		EUR	2919	1.093E-12	2	0.28
6	29711571	RS1610617	RS3131856	PRUNED_LD	LD		EUR	2920	1.095E-12	12	0.22
6	25986451	RS17587597	RS71557335	PRUNED_DISTANCE_FALLBACK	DISTANCE_FALLBACK		NA	2921	1.107E-12	29	
12	123498253	RS7305511	RS4460848	PRUNED_LD	LD		MULTI	2922	1.109E-12	34	0.56
12	2394781	RS12311439	RS1860002	PRUNED_LD	LD		EUR	2923	1.113E-12	45	0.55
2	233576165	RS6739794	RS2293780	PRUNED_LD	LD		MULTI	2924	1.113E-12	43	0.94
6	28390137	RS16894091	RS67981811	PRUNED_LD	LD		EUR	2925	1.118E-12	2	0.28
6	28348158	RS1052215	RS539591970	PRUNED_DISTANCE_FALLBACK	DISTANCE_FALLBACK		NA	2926	1.119E-12	11	
2	58164454	RS2717027	RS1356545	PRUNED_LD	LD		MULTI	2927	1.139E-12	39	0.83
6	25909166	RS9467635	RS71557335	PRUNED_DISTANCE_FALLBACK	DISTANCE_FALLBACK		NA	2928	1.145E-12	29	
6	28400162	RS2023493	RS539591970	PRUNED_DISTANCE_FALLBACK	DISTANCE_FALLBACK		NA	2929	1.146E-12	11	
6	25918335	RS9461223	RS71557335	PRUNED_DISTANCE_FALLBACK	DISTANCE_FALLBACK		NA	2930	1.155E-12	29	
2	58094873	RS2717068	RS1356545	PRUNED_LD	LD		MULTI	2931	1.157E-12	39	0.93
12	123486282	RS28755851	RS4460848	PRUNED_LD	LD		MULTI	2932	1.159E-12	34	0.55
6	29667503	RS9258079	RS3131856	PRUNED_LD	LD		EUR	2933	1.164E-12	12	0.28
2	233566210	RS11688166	RS2293780	PRUNED_LD	LD		MULTI	2934	1.17E-12	43	0.82
12	123469647	RS3741530	RS4460848	PRUNED_LD	LD		MULTI	2935	1.173E-12	34	0.55
6	31426967	RS3093956	RS3094012	PRUNED_LD	LD		MULTI	2936	1.176E-12	18	0.64
12	123476586	RS7135296	RS4460848	PRUNED_LD	LD		MULTI	2937	1.178E-12	34	0.56
11	133808038	RS73034263	RS4936215	PRUNED_LD	LD		MULTI	2938	1.182E-12	36	0.58
10	104856162	RS12412038	RS11191580	PRUNED_LD	LD		MULTI	2939	1.187E-12	48	0.97
12	123622731	RS1611973	RS4460848	PRUNED_LD	LD		MULTI	2940	1.187E-12	34	0.78
6	25903047	RS6903228	RS71557335	PRUNED_DISTANCE_FALLBACK	DISTANCE_FALLBACK		NA	2941	1.187E-12	29	
2	233567342	RS11689851	RS2293780	PRUNED_LD	LD		MULTI	2942	1.192E-12	43	0.82
12	123885974	RS28768122	RS4460848	PRUNED_LD	LD		MULTI	2943	1.193E-12	34	0.36
6	25944803	RS35778245	RS71557335	PRUNED_DISTANCE_FALLBACK	DISTANCE_FALLBACK		NA	2944	1.204E-12	29	
6	25872579	RS972087	RS71557335	PRUNED_DISTANCE_FALLBACK	DISTANCE_FALLBACK		NA	2945	1.208E-12	29	
12	123466111	RS55742290	RS4460848	PRUNED_LD	LD		MULTI	2946	1.211E-12	34	0.54
6	27693003	RS6922574	RS66868086	PRUNED_LD	LD		EUR	2947	1.23E-12	1	0.24
12	2333638	RS1108073	RS1860002	PRUNED_LD	LD		EUR	2948	1.232E-12	45	0.45
6	25514179	RS35789010	RS35789010	SELECTED_LEAD	LD	OK_MIXED		2949	1.233E-12	49	
6	25904652	RS7748167	RS71557335	PRUNED_DISTANCE_FALLBACK	DISTANCE_FALLBACK		NA	2950	1.24E-12	29	
6	25905111	RS9461222	RS71557335	PRUNED_DISTANCE_FALLBACK	DISTANCE_FALLBACK		NA	2951	1.246E-12	29	
12	123483426	RS1984658	RS4460848	PRUNED_LD	LD		MULTI	2952	1.251E-12	34	0.56
6	30088743	RS2844791	RS547591961	PRUNED_DISTANCE_FALLBACK	DISTANCE_FALLBACK		NA	2953	1.263E-12	13	
6	32338283	RS3129942	RS431204	PRUNED_DISTANCE_FALLBACK	DISTANCE_FALLBACK		NA	2954	1.274E-12	14	
12	2327944	RS2238056	RS1860002	PRUNED_LD	LD		MULTI	2955	1.277E-12	45	0.6
6	25979122	RS13203673	RS71557335	PRUNED_DISTANCE_FALLBACK	DISTANCE_FALLBACK		NA	2956	1.283E-12	29	
6	28033174	RS9295755	RS66868086	PRUNED_LD	LD		EUR	2957	1.289E-12	1	0.27
6	27719764	RS9461406	RS66868086	PRUNED_LD	LD		EUR	2958	1.29E-12	1	0.27
12	123586688	RS1790094	RS4460848	PRUNED_LD	LD		MULTI	2959	1.299E-12	34	0.69
10	104869038	RS11191560	RS11191580	PRUNED_LD	LD		MULTI	2960	1.302E-12	48	0.97
11	130834589	RS2324314	RS961491	PRUNED_LD	LD		MULTI	2961	1.302E-12	44	0.9
6	26030044	RS28360595	RS71557335	PRUNED_DISTANCE_FALLBACK	DISTANCE_FALLBACK		NA	2962	1.304E-12	29	
6	28033396	RS9295756	RS66868086	PRUNED_LD	LD		EUR	2963	1.305E-12	1	0.27
6	27695329	RS9348775	RS66868086	PRUNED_LD	LD		EUR	2964	1.317E-12	1	0.24
6	28033523	RS10484403	RS66868086	PRUNED_LD	LD		EUR	2965	1.32E-12	1	0.27
10	104857523	RS11191555	RS11191580	PRUNED_LD	LD		MULTI	2966	1.335E-12	48	0.97
6	31587870	RS2857694	RS431204	PRUNED_DISTANCE_FALLBACK	DISTANCE_FALLBACK		NA	2967	1.344E-12	14	
6	26031811	RS10484435	RS71557335	PRUNED_DISTANCE_FALLBACK	DISTANCE_FALLBACK		NA	2968	1.345E-12	29	
6	25935489	RS13202371	RS71557335	PRUNED_DISTANCE_FALLBACK	DISTANCE_FALLBACK		NA	2969	1.347E-12	29	
12	123697898	RS1790134	RS4460848	PRUNED_LD	LD		MULTI	2970	1.355E-12	34	0.82
10	104864614	RS11191557	RS11191580	PRUNED_LD	LD		MULTI	2971	1.365E-12	48	0.97
10	104864678	RS11191558	RS11191580	PRUNED_LD	LD		MULTI	2972	1.365E-12	48	0.97
1	98552832	RS1198588	RS4950119	PRUNED_LD	LD		MULTI	2973	1.375E-12	47	0.93
6	25918473	RS9295675	RS71557335	PRUNED_DISTANCE_FALLBACK	DISTANCE_FALLBACK		NA	2974	1.377E-12	29	
6	25947259	RS2051539	RS71557335	PRUNED_DISTANCE_FALLBACK	DISTANCE_FALLBACK		NA	2975	1.38E-12	29	
12	123568619	RS4148862	RS4460848	PRUNED_LD	LD		MULTI	2976	1.394E-12	34	0.68
11	130801649	RS1991899	RS961491	PRUNED_LD	LD		MULTI	2977	1.402E-12	44	0.78
10	104877302	RS79082900	RS11191580	PRUNED_LD	LD		MULTI	2978	1.406E-12	48	0.96
1	98497176	RS1198572	RS4950119	PRUNED_LD	LD		MULTI	2979	1.42E-12	47	1
2	58156539	RS2139053	RS1356545	PRUNED_LD	LD		MULTI	2980	1.438E-12	39	0.85
6	25943234	RS13192713	RS71557335	PRUNED_DISTANCE_FALLBACK	DISTANCE_FALLBACK		NA	2981	1.451E-12	29	
6	25943646	RS13193424	RS71557335	PRUNED_DISTANCE_FALLBACK	DISTANCE_FALLBACK		NA	2982	1.451E-12	29	
2	58160123	RS2678884	RS1356545	PRUNED_LD	LD		MULTI	2983	1.455E-12	39	0.82
10	104901491	RS12220375	RS11191580	PRUNED_LD	LD		MULTI	2984	1.456E-12	48	1
2	233570204	RS10427328	RS2293780	PRUNED_LD	LD		MULTI	2985	1.468E-12	43	0.94
6	25894609	RS13208859	RS71557335	PRUNED_DISTANCE_FALLBACK	DISTANCE_FALLBACK		NA	2986	1.477E-12	29	
6	25937652	RS34116162	RS71557335	PRUNED_DISTANCE_FALLBACK	DISTANCE_FALLBACK		NA	2987	1.482E-12	29	
3	136195788	RS1394094	RS1394094	SELECTED_LEAD	LD	OK_LOCAL_CACHE		2988	1.485E-12	50	
7	1982181	RS12154473	RS12154473	SELECTED_LEAD	LD	OK_LOCAL_CACHE		2989	1.486E-12	51	
10	104871204	RS12413046	RS11191580	PRUNED_LD	LD		MULTI	2990	1.503E-12	48	0.97
10	104871279	RS10883832	RS11191580	PRUNED_LD	LD		MULTI	2991	1.509E-12	48	0.96
6	25962951	RS72832596	RS71557335	PRUNED_DISTANCE_FALLBACK	DISTANCE_FALLBACK		NA	2992	1.511E-12	29	
6	27970704	RS469228	RS66868086	PRUNED_LD	LD		EUR	2993	1.521E-12	1	0.27
6	27970705	RS469227	RS66868086	PRUNED_LD	LD		EUR	2994	1.522E-12	1	0.27
6	28175153	RS1150694	6:28301195_A_G	PRUNED_DISTANCE_FALLBACK	DISTANCE_FALLBACK		NA	2995	1.525E-12	16	
6	29444121	RS1233495	RS547591961	PRUNED_DISTANCE_FALLBACK	DISTANCE_FALLBACK		NA	2996	1.535E-12	13	
12	123689897	RS1790129	RS4460848	PRUNED_LD	LD		MULTI	2997	1.536E-12	34	0.84
6	29667872	RS3116803	RS3131856	PRUNED_LD	LD		EUR	2998	1.553E-12	12	0.28
6	29667890	RS3116802	RS3131856	PRUNED_LD	LD		EUR	2999	1.555E-12	12	0.28
6	29668362	RS3131874	RS3131856	PRUNED_LD	LD		EUR	3000	1.557E-12	12	0.28
12	123460962	RS884956	RS4460848	PRUNED_LD	LD		MULTI	3001	1.561E-12	34	0.54
6	31592820	RS3135044	RS431204	PRUNED_DISTANCE_FALLBACK	DISTANCE_FALLBACK		NA	3002	1.561E-12	14	
6	29668076	RS3129070	RS3131856	PRUNED_LD	LD		EUR	3003	1.565E-12	12	0.28
6	29668413	RS3129067	RS3131856	PRUNED_LD	LD		EUR	3004	1.566E-12	12	0.28
6	29668537	RS3129066	RS3131856	PRUNED_LD	LD		EUR	3005	1.567E-12	12	0.28
6	25896907	RS13220488	RS71557335	PRUNED_DISTANCE_FALLBACK	DISTANCE_FALLBACK		NA	3006	1.569E-12	29	
6	28151056	RS1150679	6:28301195_A_G	PRUNED_DISTANCE_FALLBACK	DISTANCE_FALLBACK		NA	3007	1.574E-12	16	
6	29468809	RS1233487	RS547591961	PRUNED_DISTANCE_FALLBACK	DISTANCE_FALLBACK		NA	3008	1.576E-12	13	
6	29668660	RS3129065	RS3131856	PRUNED_LD	LD		EUR	3009	1.578E-12	12	0.28
6	25769349	RS1892251	RS13211947	PRUNED_LD	LD		EUR	3010	1.579E-12	35	0.52
6	28411220	RS2531803	RS539591970	PRUNED_DISTANCE_FALLBACK	DISTANCE_FALLBACK		NA	3011	1.58E-12	11	
6	29668841	RS3131873	RS3131856	PRUNED_LD	LD		EUR	3012	1.582E-12	12	0.28
6	29667459	RS9258077	RS3131856	PRUNED_LD	LD		EUR	3013	1.588E-12	12	0.24
6	25769608	RS1937126	RS13211947	PRUNED_LD	LD		EUR	3014	1.591E-12	35	0.52
6	29670556	RS3129048	RS3131856	PRUNED_LD	LD		EUR	3015	1.591E-12	12	0.28
6	29670913	RS3129042	RS3131856	PRUNED_LD	LD		EUR	3016	1.591E-12	12	0.28
6	29670020	RS3094732	RS3131856	PRUNED_LD	LD		EUR	3017	1.593E-12	12	0.28
6	27960435	RS156740	6:28301195_A_G	PRUNED_DISTANCE_FALLBACK	DISTANCE_FALLBACK		NA	3018	1.597E-12	16	
6	29670573	RS3129047	RS3131856	PRUNED_LD	LD		EUR	3019	1.6E-12	12	0.28
6	29671266	RS3131868	RS3131856	PRUNED_LD	LD		EUR	3020	1.601E-12	12	0.27
6	28418039	RS2859368	RS539591970	PRUNED_DISTANCE_FALLBACK	DISTANCE_FALLBACK		NA	3021	1.605E-12	11	
6	29670030	RS3131871	RS3131856	PRUNED_LD	LD		EUR	3022	1.606E-12	12	0.28
6	29669137	RS9258104	RS3131856	PRUNED_LD	LD		EUR	3023	1.608E-12	12	0.22
6	28412929	RS1361387	RS539591970	PRUNED_DISTANCE_FALLBACK	DISTANCE_FALLBACK		NA	3024	1.614E-12	11	
6	29670192	RS3131870	RS3131856	PRUNED_LD	LD		EUR	3025	1.621E-12	12	0.28
6	29670261	RS3129055	RS3131856	PRUNED_LD	LD		EUR	3026	1.621E-12	12	0.28
6	29696656	RS885947	RS3131856	PRUNED_LD	LD		EUR	3027	1.622E-12	12	0.24
6	30078330	RS2239529	RS547591961	PRUNED_DISTANCE_FALLBACK	DISTANCE_FALLBACK		NA	3028	1.623E-12	13	
10	104898126	RS11191574	RS11191580	PRUNED_LD	LD		MULTI	3029	1.627E-12	48	1
6	29670250	RS3129056	RS3131856	PRUNED_LD	LD		EUR	3030	1.628E-12	12	0.28
6	29671740	RS3131866	RS3131856	PRUNED_LD	LD		EUR	3031	1.629E-12	12	0.28
6	29669425	RS3131872	RS3131856	PRUNED_LD	LD		EUR	3032	1.634E-12	12	0.28
6	29667205	RS9258074	RS3131856	PRUNED_LD	LD		EUR	3033	1.637E-12	12	0.28
6	27730064	RS9295746	RS66868086	PRUNED_LD	LD		EUR	3034	1.64E-12	1	0.27
6	31595487	RS2736171	RS431204	PRUNED_DISTANCE_FALLBACK	DISTANCE_FALLBACK		NA	3035	1.64E-12	14	
6	29669577	RS2158290	RS3131856	PRUNED_LD	LD		EUR	3036	1.643E-12	12	0.28
12	123464279	RS3759115	RS4460848	PRUNED_LD	LD		MULTI	3037	1.647E-12	34	0.54
11	130819628	RS7111478	RS961491	PRUNED_LD	LD		MULTI	3038	1.652E-12	44	0.88
6	29670000	RS3129061	RS3131856	PRUNED_LD	LD		EUR	3039	1.653E-12	12	0.26
6	27726467	RS9468217	RS66868086	PRUNED_LD	LD		EUR	3040	1.657E-12	1	0.27
6	29713580	RS1633088	RS3131856	PRUNED_LD	LD		EUR	3041	1.657E-12	12	0.22
6	29669830	RS2107203	RS3131856	PRUNED_LD	LD		EUR	3042	1.669E-12	12	0.28
6	28371794	RS58020991	RS67981811	PRUNED_LD	LD		EUR	3043	1.678E-12	2	0.29
6	25480328	RS34991172	RS35789010	PRUNED_LD	LD		EUR	3044	1.69E-12	49	0.93
6	29671328	RS3129037	RS3131856	PRUNED_LD	LD		EUR	3045	1.695E-12	12	0.25
11	130814093	RS11222406	RS961491	PRUNED_LD	LD		MULTI	3046	1.705E-12	44	0.83
6	28372069	RS71559081	RS67981811	PRUNED_LD	LD		EUR	3047	1.706E-12	2	0.28
6	28034035	RS4713132	RS66868086	PRUNED_LD	LD		EUR	3048	1.711E-12	1	0.26
6	31613739	RS3130048	RS431204	PRUNED_DISTANCE_FALLBACK	DISTANCE_FALLBACK		NA	3049	1.747E-12	14	
11	130811049	RS10894290	RS961491	PRUNED_LD	LD		MULTI	3050	1.752E-12	44	0.83
10	104898337	RS11191575	RS11191580	PRUNED_LD	LD		MULTI	3051	1.757E-12	48	1
2	58150768	RS2678909	RS1356545	PRUNED_LD	LD		MULTI	3052	1.758E-12	39	0.87
6	28162780	RS1150688	6:28301195_A_G	PRUNED_DISTANCE_FALLBACK	DISTANCE_FALLBACK		NA	3053	1.771E-12	16	
10	104897901	RS732998	RS11191580	PRUNED_LD	LD		MULTI	3054	1.776E-12	48	1
6	27726731	RS7776351	RS66868086	PRUNED_LD	LD		EUR	3055	1.78E-12	1	0.24
6	29671346	RS3094729	RS3131856	PRUNED_LD	LD		EUR	3056	1.782E-12	12	0.24
6	25957282	RS35069699	RS71557335	PRUNED_DISTANCE_FALLBACK	DISTANCE_FALLBACK		NA	3057	1.79E-12	29	
6	28408258	RS916403	RS539591970	PRUNED_DISTANCE_FALLBACK	DISTANCE_FALLBACK		NA	3058	1.793E-12	11	
10	104878543	RS11191564	RS11191580	PRUNED_LD	LD		MULTI	3059	1.795E-12	48	0.97
6	28161271	RS1150686	6:28301195_A_G	PRUNED_DISTANCE_FALLBACK	DISTANCE_FALLBACK		NA	3060	1.795E-12	16	
12	123710364	RS1790096	RS4460848	PRUNED_LD	LD		MULTI	3061	1.798E-12	34	0.8
6	25901133	RS13207673	RS71557335	PRUNED_DISTANCE_FALLBACK	DISTANCE_FALLBACK		NA	3062	1.798E-12	29	
6	28399246	RS7740429	RS67981811	PRUNED_LD	LD		EUR	3063	1.807E-12	2	0.28
2	233719948	RS13008436	RS2293780	PRUNED_LD	LD		EUR	3064	1.812E-12	43	0.65
6	28396190	RS13209596	RS67981811	PRUNED_LD	LD		EUR	3065	1.813E-12	2	0.28
10	104886374	RS11191568	RS11191580	PRUNED_LD	LD		MULTI	3066	1.816E-12	48	0.97
6	28373155	RS13217326	RS67981811	PRUNED_LD	LD		EUR	3067	1.823E-12	2	0.24
6	28335903	RS11752496	RS539591970	PRUNED_DISTANCE_FALLBACK	DISTANCE_FALLBACK		NA	3068	1.833E-12	11	
6	28392743	RS13193272	RS67981811	PRUNED_LD	LD		EUR	3069	1.842E-12	2	0.28
6	31688518	RS805293	RS431204	PRUNED_DISTANCE_FALLBACK	DISTANCE_FALLBACK		NA	3070	1.846E-12	14	
6	31583155	RS2844475	RS431204	PRUNED_DISTANCE_FALLBACK	DISTANCE_FALLBACK		NA	3071	1.848E-12	14	
10	104901031	RS79993475	RS11191580	PRUNED_LD	LD		MULTI	3072	1.853E-12	48	1
6	28336742	RS1054372	RS67981811	PRUNED_LD	LD		EUR	3073	1.858E-12	2	0.21
12	123616861	RS1727295	RS4460848	PRUNED_LD	LD		MULTI	3074	1.859E-12	34	0.72
6	28341099	RS12697938	RS67981811	PRUNED_LD	LD		EUR	3075	1.86E-12	2	0.21
12	123460719	RS883562	RS4460848	PRUNED_LD	LD		MULTI	3076	1.862E-12	34	0.54
6	27728827	RS7773070	RS66868086	PRUNED_LD	LD		EUR	3077	1.87E-12	1	0.24
6	28340316	RS7773051	RS67981811	PRUNED_LD	LD		EUR	3078	1.87E-12	2	0.21
12	123709409	RS1790104	RS4460848	PRUNED_LD	LD		MULTI	3079	1.917E-12	34	0.8
6	28129713	RS1225618	6:28301195_A_G	PRUNED_DISTANCE_FALLBACK	DISTANCE_FALLBACK		NA	3080	1.919E-12	16	
6	29667014	RS3129072	RS3131856	PRUNED_LD	LD		EUR	3081	1.923E-12	12	0.28
6	28034121	RS4713134	RS66868086	PRUNED_LD	LD		EUR	3082	1.933E-12	1	0.27
6	32697755	RS9276132	6:32634952_G_T	PRUNED_DISTANCE_FALLBACK	DISTANCE_FALLBACK		NA	3083	1.958E-12	33	
6	28337801	RS9468354	RS67981811	PRUNED_LD	LD		EUR	3084	1.962E-12	2	0.21
6	28323938	RS213237	6:28301195_A_G	PRUNED_DISTANCE_FALLBACK	DISTANCE_FALLBACK		NA	3085	1.965E-12	16	
6	25886577	RS7766531	RS71557335	PRUNED_DISTANCE_FALLBACK	DISTANCE_FALLBACK		NA	3086	1.966E-12	29	
10	104942244	RS34747231	RS11191580	PRUNED_LD	LD		MULTI	3087	1.967E-12	48	1
10	104884208	RS10883835	RS11191580	PRUNED_LD	LD		MULTI	3088	1.968E-12	48	0.97
6	25890656	RS13214169	RS71557335	PRUNED_DISTANCE_FALLBACK	DISTANCE_FALLBACK		NA	3089	1.973E-12	29	
6	29667684	RS9258088	RS3131856	PRUNED_LD	LD		EUR	3090	1.984E-12	12	0.26
15	59141706	RS793571	RS793571	SELECTED_LEAD	LD	OK_LOCAL_CACHE		3091	1.985E-12	52	
6	28321993	RS213238	6:28301195_A_G	PRUNED_DISTANCE_FALLBACK	DISTANCE_FALLBACK		NA	3092	1.986E-12	16	
2	233559312	RS10933406	RS2293780	PRUNED_LD	LD		MULTI	3093	1.988E-12	43	0.93
6	32709204	RS9276401	6:32634952_G_T	PRUNED_DISTANCE_FALLBACK	DISTANCE_FALLBACK		NA	3094	1.988E-12	33	
6	29667661	RS9258086	RS3131856	PRUNED_LD	LD		EUR	3095	1.992E-12	12	0.26
11	130820757	RS10894292	RS961491	PRUNED_LD	LD		MULTI	3096	1.994E-12	44	0.88
6	28341535	RS13437294	RS67981811	PRUNED_LD	LD		EUR	3097	2.005E-12	2	0.21
6	28341877	RS9468355	RS67981811	PRUNED_LD	LD		EUR	3098	2.021E-12	2	0.21
6	25925496	RS34804024	RS71557335	PRUNED_DISTANCE_FALLBACK	DISTANCE_FALLBACK		NA	3099	2.022E-12	29	
6	28342053	RS9468357	RS67981811	PRUNED_LD	LD		EUR	3100	2.022E-12	2	0.21
6	31140047	RS1265159	RS1793894	PRUNED_LD	LD		EUR	3101	2.024E-12	17	0.29
11	130870956	RS1433980	RS961491	PRUNED_LD	LD		MULTI	3102	2.038E-12	44	0.94
6	25935227	RS17586784	RS71557335	PRUNED_DISTANCE_FALLBACK	DISTANCE_FALLBACK		NA	3103	2.04E-12	29	
6	28113373	RS1225715	6:28301195_A_G	PRUNED_DISTANCE_FALLBACK	DISTANCE_FALLBACK		NA	3104	2.053E-12	16	
6	25918027	RS35169013	RS71557335	PRUNED_DISTANCE_FALLBACK	DISTANCE_FALLBACK		NA	3105	2.058E-12	29	
6	32699662	RS9276201	6:32634952_G_T	PRUNED_DISTANCE_FALLBACK	DISTANCE_FALLBACK		NA	3106	2.067E-12	33	
6	28343343	RS34513104	RS67981811	PRUNED_LD	LD		EUR	3107	2.069E-12	2	0.21
1	73816564	RS1160682	RS1160682	SELECTED_LEAD	LD	OK_LOCAL_CACHE		3108	2.076E-12	53	
6	28343816	RS9461456	RS67981811	PRUNED_LD	LD		EUR	3109	2.083E-12	2	0.21
6	32696754	RS9276091	6:32634952_G_T	PRUNED_DISTANCE_FALLBACK	DISTANCE_FALLBACK		NA	3110	2.086E-12	33	
6	29834041	RS2517826	RS3131856	PRUNED_LD	LD		EUR	3111	2.094E-12	12	0.25
6	28344438	RS9468360	RS67981811	PRUNED_LD	LD		EUR	3112	2.095E-12	2	0.21
6	28345026	RS16894021	RS67981811	PRUNED_LD	LD		EUR	3113	2.096E-12	2	0.21
6	28345083	RS11751693	RS67981811	PRUNED_LD	LD		EUR	3114	2.102E-12	2	0.21
1	73768366	RS12129573	RS1160682	PRUNED_LD	LD		MULTI	3115	2.105E-12	53	0.97
6	29667669	RS9258087	RS3131856	PRUNED_LD	LD		EUR	3116	2.105E-12	12	0.26
6	25928775	RS17586553	RS71557335	PRUNED_DISTANCE_FALLBACK	DISTANCE_FALLBACK		NA	3117	2.111E-12	29	
6	29833779	RS2734974	RS3131856	PRUNED_LD	LD		EUR	3118	2.12E-12	12	0.25
6	28345403	RS11754208	RS67981811	PRUNED_LD	LD		EUR	3119	2.121E-12	2	0.21
10	104883337	RS1060240	RS11191580	PRUNED_LD	LD		MULTI	3120	2.122E-12	48	0.97
6	28197886	RS34787248	RS67981811	PRUNED_LD	LD		EUR	3121	2.126E-12	2	0.37
10	104867686	RS11191559	RS11191580	PRUNED_LD	LD		MULTI	3122	2.127E-12	48	0.93
11	130833994	RS11222410	RS961491	PRUNED_LD	LD		MULTI	3123	2.127E-12	44	0.88
12	2322513	RS12424245	RS1860002	PRUNED_LD	LD		EUR	3124	2.131E-12	45	0.38
6	28346031	RS7749736	RS67981811	PRUNED_LD	LD		EUR	3125	2.141E-12	2	0.21
6	28346318	RS9468361	RS67981811	PRUNED_LD	LD		EUR	3126	2.148E-12	2	0.21
6	29666903	RS3116804	RS3131856	PRUNED_LD	LD		EUR	3127	2.148E-12	12	0.28
6	28266149	RS2142730	6:28301195_A_G	PRUNED_DISTANCE_FALLBACK	DISTANCE_FALLBACK		NA	3128	2.158E-12	16	
6	25934099	RS34233736	RS71557335	PRUNED_DISTANCE_FALLBACK	DISTANCE_FALLBACK		NA	3129	2.161E-12	29	
6	31496569	RS2516482	RS3094012	PRUNED_LD	LD		EUR	3130	2.174E-12	18	0.32
6	28347013	RS7775132	RS67981811	PRUNED_LD	LD		EUR	3131	2.187E-12	2	0.21
6	28349264	RS2531825	RS539591970	PRUNED_DISTANCE_FALLBACK	DISTANCE_FALLBACK		NA	3132	2.187E-12	11	
6	28034737	RS9368548	RS66868086	PRUNED_LD	LD		EUR	3133	2.189E-12	1	0.27
6	31585219	RS2857697	RS431204	PRUNED_DISTANCE_FALLBACK	DISTANCE_FALLBACK		NA	3134	2.191E-12	14	
6	25887217	RS7750960	RS71557335	PRUNED_DISTANCE_FALLBACK	DISTANCE_FALLBACK		NA	3135	2.201E-12	29	
6	28397951	RS2247002	RS539591970	PRUNED_DISTANCE_FALLBACK	DISTANCE_FALLBACK		NA	3136	2.202E-12	11	
10	104613361	RS12219247	RS12219247	SELECTED_LEAD	LD	OK_LOCAL_CACHE		3137	2.208E-12	54	
10	104873761	RS9633712	RS11191580	PRUNED_LD	LD		MULTI	3138	2.212E-12	48	0.97
6	25955741	RS13191776	RS71557335	PRUNED_DISTANCE_FALLBACK	DISTANCE_FALLBACK		NA	3139	2.248E-12	29	
6	28399124	RS728122	RS539591970	PRUNED_DISTANCE_FALLBACK	DISTANCE_FALLBACK		NA	3140	2.255E-12	11	
12	2386948	RS10774036	RS1860002	PRUNED_LD	LD		EUR	3141	2.268E-12	45	0.55
6	31580539	RS2471960	RS431204	PRUNED_DISTANCE_FALLBACK	DISTANCE_FALLBACK		NA	3142	2.275E-12	14	
6	25931020	RS67844427	RS71557335	PRUNED_DISTANCE_FALLBACK	DISTANCE_FALLBACK		NA	3143	2.286E-12	29	
10	104612335	RS11191419	RS12219247	PRUNED_LD	LD		MULTI	3144	2.291E-12	54	0.88
6	28379360	RS9468371	RS539591970	PRUNED_DISTANCE_FALLBACK	DISTANCE_FALLBACK		NA	3145	2.295E-12	11	
6	28379361	RS9468372	RS539591970	PRUNED_DISTANCE_FALLBACK	DISTANCE_FALLBACK		NA	3146	2.297E-12	11	
2	233566914	RS2012423	RS2293780	PRUNED_LD	LD		MULTI	3147	2.3E-12	43	0.8
6	28334831	RS35191424	RS67981811	PRUNED_LD	LD		EUR	3148	2.319E-12	2	0.22
6	28362471	RS16894060	RS67981811	PRUNED_LD	LD		EUR	3149	2.32E-12	2	0.21
1	73789324	RS10890032	RS1160682	PRUNED_LD	LD		MULTI	3150	2.325E-12	53	0.98
12	123704598	RS1716178	RS4460848	PRUNED_LD	LD		MULTI	3151	2.328E-12	34	0.8
6	28111114	RS2791333	6:28301195_A_G	PRUNED_DISTANCE_FALLBACK	DISTANCE_FALLBACK		NA	3152	2.331E-12	16	
6	28349725	RS3734563	RS67981811	PRUNED_LD	LD		EUR	3153	2.362E-12	2	0.21
6	25889706	RS9467632	RS71557335	PRUNED_DISTANCE_FALLBACK	DISTANCE_FALLBACK		NA	3154	2.368E-12	29	
6	29412968	RS2021078	RS547591961	PRUNED_DISTANCE_FALLBACK	DISTANCE_FALLBACK		NA	3155	2.369E-12	13	
6	32701444	RS9276251	6:32634952_G_T	PRUNED_DISTANCE_FALLBACK	DISTANCE_FALLBACK		NA	3156	2.401E-12	33	
6	28362329	RS28360638	RS67981811	PRUNED_LD	LD		EUR	3157	2.406E-12	2	0.21
3	52815905	RS2710323	RS13083798	PRUNED_LD	LD		MULTI	3158	2.411E-12	42	0.76
6	28388765	RS2531831	RS539591970	PRUNED_DISTANCE_FALLBACK	DISTANCE_FALLBACK		NA	3159	2.411E-12	11	
6	28040819	RS203869	6:28301195_A_G	PRUNED_DISTANCE_FALLBACK	DISTANCE_FALLBACK		NA	3160	2.413E-12	16	
6	28351728	RS1591913	RS67981811	PRUNED_LD	LD		EUR	3161	2.415E-12	2	0.21
6	28130559	RS1150670	6:28301195_A_G	PRUNED_DISTANCE_FALLBACK	DISTANCE_FALLBACK		NA	3162	2.416E-12	16	
6	28117443	RS2622322	6:28301195_A_G	PRUNED_DISTANCE_FALLBACK	DISTANCE_FALLBACK		NA	3163	2.421E-12	16	
6	28143010	RS1233696	6:28301195_A_G	PRUNED_DISTANCE_FALLBACK	DISTANCE_FALLBACK		NA	3164	2.425E-12	16	
6	28034041	RS4713133	RS66868086	PRUNED_LD	LD		EUR	3165	2.427E-12	1	0.27
6	28353434	RS7759191	RS67981811	PRUNED_LD	LD		EUR	3166	2.436E-12	2	0.21
6	32603656	RS9272278	6:32634952_G_T	PRUNED_DISTANCE_FALLBACK	DISTANCE_FALLBACK		NA	3167	2.442E-12	33	
12	2354870	RS2370413	RS1860002	PRUNED_LD	LD		MULTI	3168	2.445E-12	45	0.76
6	31080016	RS2233974	RS1793894	PRUNED_LD	LD		EUR	3169	2.45E-12	17	0.3
6	28361916	RS9461459	RS67981811	PRUNED_LD	LD		EUR	3170	2.457E-12	2	0.21
6	28365515	RS2041230	RS67981811	PRUNED_LD	LD		EUR	3171	2.457E-12	2	0.21
6	28364949	RS9468368	RS67981811	PRUNED_LD	LD		EUR	3172	2.46E-12	2	0.21
6	32705401	RS9276327	6:32634952_G_T	PRUNED_DISTANCE_FALLBACK	DISTANCE_FALLBACK		NA	3173	2.463E-12	33	
6	27283303	RS2893911	RS13215879	PRUNED_DISTANCE_FALLBACK	DISTANCE_FALLBACK		NA	3174	2.471E-12	22	
6	29836065	RS1611632	RS3131856	PRUNED_LD	LD		EUR	3175	2.471E-12	12	0.25
6	28354615	RS7764737	RS539591970	PRUNED_DISTANCE_FALLBACK	DISTANCE_FALLBACK		NA	3176	2.481E-12	11	
6	28391465	RS2859365	RS539591970	PRUNED_DISTANCE_FALLBACK	DISTANCE_FALLBACK		NA	3177	2.482E-12	11	
6	28326490	RS213232	6:28301195_A_G	PRUNED_DISTANCE_FALLBACK	DISTANCE_FALLBACK		NA	3178	2.489E-12	16	
6	28367663	RS4580862	RS67981811	PRUNED_LD	LD		EUR	3179	2.492E-12	2	0.21
6	32705210	RS9276325	6:32634952_G_T	PRUNED_DISTANCE_FALLBACK	DISTANCE_FALLBACK		NA	3180	2.501E-12	33	
6	28354533	RS7764722	RS67981811	PRUNED_LD	LD		EUR	3181	2.51E-12	2	0.21
2	58177082	RS2717042	RS1356545	PRUNED_LD	LD		MULTI	3182	2.519E-12	39	0.82
6	32705700	RS9276339	6:32634952_G_T	PRUNED_DISTANCE_FALLBACK	DISTANCE_FALLBACK		NA	3183	2.531E-12	33	
11	130873165	RS10791113	RS961491	PRUNED_LD	LD		MULTI	3184	2.532E-12	44	0.92
6	28368940	RS9468370	RS67981811	PRUNED_LD	LD		EUR	3185	2.533E-12	2	0.21
6	28369537	RS11755942	RS67981811	PRUNED_LD	LD		EUR	3186	2.533E-12	2	0.21
6	32704706	RS9276313	6:32634952_G_T	PRUNED_DISTANCE_FALLBACK	DISTANCE_FALLBACK		NA	3187	2.534E-12	33	
6	32633174	RS9274437	RS9274514	PRUNED_LD	LD		MULTI	3188	2.547E-12	32	0.58
6	28115336	RS2622320	6:28301195_A_G	PRUNED_DISTANCE_FALLBACK	DISTANCE_FALLBACK		NA	3189	2.557E-12	16	
6	28132756	RS2021826	6:28301195_A_G	PRUNED_DISTANCE_FALLBACK	DISTANCE_FALLBACK		NA	3190	2.557E-12	16	
6	29721415	RS1610625	RS3131856	PRUNED_LD	LD		EUR	3191	2.57E-12	12	0.21
6	28355875	RS9461458	RS67981811	PRUNED_LD	LD		EUR	3192	2.574E-12	2	0.21
6	31641139	RS707919	RS431204	PRUNED_DISTANCE_FALLBACK	DISTANCE_FALLBACK		NA	3193	2.579E-12	14	
6	28360246	RS9468367	RS67981811	PRUNED_LD	LD		EUR	3194	2.594E-12	2	0.21
6	28357966	RS9468365	RS67981811	PRUNED_LD	LD		EUR	3195	2.598E-12	2	0.21
6	32703589	RS9276306	6:32634952_G_T	PRUNED_DISTANCE_FALLBACK	DISTANCE_FALLBACK		NA	3196	2.601E-12	33	
6	32704786	RS9276314	6:32634952_G_T	PRUNED_DISTANCE_FALLBACK	DISTANCE_FALLBACK		NA	3197	2.624E-12	33	
6	28358320	RS1361385	RS67981811	PRUNED_LD	LD		EUR	3198	2.631E-12	2	0.21
6	28358335	RS1416918	RS67981811	PRUNED_LD	LD		EUR	3199	2.632E-12	2	0.21
6	32706725	RS9276358	6:32634952_G_T	PRUNED_DISTANCE_FALLBACK	DISTANCE_FALLBACK		NA	3200	2.635E-12	33	
6	32706559	RS9276357	6:32634952_G_T	PRUNED_DISTANCE_FALLBACK	DISTANCE_FALLBACK		NA	3201	2.645E-12	33	
6	32699262	RS9276188	6:32634952_G_T	PRUNED_DISTANCE_FALLBACK	DISTANCE_FALLBACK		NA	3202	2.651E-12	33	
10	104851889	RS12217501	RS11191580	PRUNED_LD	LD		MULTI	3203	2.661E-12	48	0.95
6	32698947	RS9276172	6:32634952_G_T	PRUNED_DISTANCE_FALLBACK	DISTANCE_FALLBACK		NA	3204	2.663E-12	33	
6	28324397	RS213236	6:28301195_A_G	PRUNED_DISTANCE_FALLBACK	DISTANCE_FALLBACK		NA	3205	2.673E-12	16	
6	32699350	RS9276190	6:32634952_G_T	PRUNED_DISTANCE_FALLBACK	DISTANCE_FALLBACK		NA	3206	2.675E-12	33	
6	32699437	RS9276191	6:32634952_G_T	PRUNED_DISTANCE_FALLBACK	DISTANCE_FALLBACK		NA	3207	2.679E-12	33	
10	104940946	RS79237883	RS11191580	PRUNED_LD	LD		MULTI	3208	2.7E-12	48	1
6	32696894	RS75396566	6:32634952_G_T	PRUNED_DISTANCE_FALLBACK	DISTANCE_FALLBACK		NA	3209	2.704E-12	33	
6	32689946	RS9275792	RS1794282	PRUNED_LD	LD		EUR	3210	2.711E-12	19	0.21
6	25919431	RS13195279	RS71557335	PRUNED_DISTANCE_FALLBACK	DISTANCE_FALLBACK		NA	3211	2.723E-12	29	
6	32704362	RS6457642	6:32634952_G_T	PRUNED_DISTANCE_FALLBACK	DISTANCE_FALLBACK		NA	3212	2.729E-12	33	
2	233592501	RS6704768	RS2293780	PRUNED_LD	LD		MULTI	3213	2.73E-12	43	0.76
6	32698468	RS9276164	6:32634952_G_T	PRUNED_DISTANCE_FALLBACK	DISTANCE_FALLBACK		NA	3214	2.73E-12	33	
11	130830748	RS10894294	RS961491	PRUNED_LD	LD		MULTI	3215	2.74E-12	44	0.9
11	130873882	RS10894306	RS961491	PRUNED_LD	LD		MULTI	3216	2.744E-12	44	0.93
6	29770553	RS1611189	RS3131856	PRUNED_LD	LD		EUR	3217	2.773E-12	12	0.25
6	27853168	RS200978	RS66868086	PRUNED_LD	LD		EUR	3218	2.781E-12	1	0.32
6	32698156	RS9276149	6:32634952_G_T	PRUNED_DISTANCE_FALLBACK	DISTANCE_FALLBACK		NA	3219	2.793E-12	33	
6	29771879	RS1611192	RS3131856	PRUNED_LD	LD		EUR	3220	2.801E-12	12	0.25
6	27859453	RS200969	RS66868086	PRUNED_LD	LD		EUR	3221	2.808E-12	1	0.32
6	31637734	RS5872	RS431204	PRUNED_DISTANCE_FALLBACK	DISTANCE_FALLBACK		NA	3222	2.809E-12	14	
6	32697893	RS9276138	6:32634952_G_T	PRUNED_DISTANCE_FALLBACK	DISTANCE_FALLBACK		NA	3223	2.821E-12	33	
10	104929716	RS11191587	RS11191580	PRUNED_LD	LD		MULTI	3224	2.83E-12	48	1
12	123457619	RS7296418	RS4460848	PRUNED_LD	LD		MULTI	3225	2.848E-12	34	0.54
2	233743109	RS778371	RS2293780	PRUNED_LD	LD		EUR	3226	2.851E-12	43	0.49
10	104928914	RS12416331	RS11191580	PRUNED_LD	LD		MULTI	3227	2.897E-12	48	1
6	32698790	RS9276168	6:32634952_G_T	PRUNED_DISTANCE_FALLBACK	DISTANCE_FALLBACK		NA	3228	2.899E-12	33	
6	27849676	RS573179	RS66868086	PRUNED_LD	LD		EUR	3229	2.903E-12	1	0.32
12	2348844	RS11062170	RS1860002	PRUNED_LD	LD		EUR	3230	2.925E-12	45	0.49
6	32694169	RS9275988	6:32634952_G_T	PRUNED_DISTANCE_FALLBACK	DISTANCE_FALLBACK		NA	3231	2.931E-12	33	
6	28115367	6:28115367_A_G	6:28301195_A_G	PRUNED_DISTANCE_FALLBACK	DISTANCE_FALLBACK		NA	3232	2.95E-12	16	
6	28370246	RS6907950	RS67981811	PRUNED_LD	LD		EUR	3233	2.966E-12	2	0.21
11	130872353	RS2324316	RS961491	PRUNED_LD	LD		MULTI	3234	2.983E-12	44	0.94
6	28294550	RS853684	6:28301195_A_G	PRUNED_DISTANCE_FALLBACK	DISTANCE_FALLBACK		NA	3235	2.988E-12	16	
6	32707585	RS9276375	6:32634952_G_T	PRUNED_DISTANCE_FALLBACK	DISTANCE_FALLBACK		NA	3236	2.993E-12	33	
7	2029867	RS58120505	RS12154473	PRUNED_LD	LD		MULTI	3237	3.005E-12	51	0.85
6	31298202	RS9265546	RS7748141	PRUNED_DISTANCE_FALLBACK	DISTANCE_FALLBACK		NA	3238	3.013E-12	24	
6	32696443	RS9276074	6:32634952_G_T	PRUNED_DISTANCE_FALLBACK	DISTANCE_FALLBACK		NA	3239	3.03E-12	33	
6	32697037	RS9276106	6:32634952_G_T	PRUNED_DISTANCE_FALLBACK	DISTANCE_FALLBACK		NA	3240	3.05E-12	33	
6	32695505	RS9276039	RS1794282	PRUNED_LD	LD		EUR	3241	3.058E-12	19	0.21
6	28292706	RS9301	6:28301195_A_G	PRUNED_DISTANCE_FALLBACK	DISTANCE_FALLBACK		NA	3242	3.063E-12	16	
6	28367658	RS1005127	RS67981811	PRUNED_LD	LD		EUR	3243	3.066E-12	2	0.21
6	32693482	RS9275965	RS1794282	PRUNED_LD	LD		EUR	3244	3.066E-12	19	0.21
6	28100640	RS1225710	6:28301195_A_G	PRUNED_DISTANCE_FALLBACK	DISTANCE_FALLBACK		NA	3245	3.069E-12	16	
6	28370393	RS6908137	RS67981811	PRUNED_LD	LD		EUR	3246	3.073E-12	2	0.21
6	32697606	RS76723709	6:32634952_G_T	PRUNED_DISTANCE_FALLBACK	DISTANCE_FALLBACK		NA	3247	3.077E-12	33	
6	32451613	RS12204922	RS431204	PRUNED_DISTANCE_FALLBACK	DISTANCE_FALLBACK		NA	3248	3.141E-12	14	
6	32692094	RS9275899	6:32634952_G_T	PRUNED_DISTANCE_FALLBACK	DISTANCE_FALLBACK		NA	3249	3.149E-12	33	
6	32692391	RS9275911	RS1794282	PRUNED_LD	LD		EUR	3250	3.152E-12	19	0.21
6	29767566	RS1736987	RS3131856	PRUNED_LD	LD		EUR	3251	3.165E-12	12	0.25
6	32687297	RS9275682	RS1794282	PRUNED_LD	LD		EUR	3252	3.179E-12	19	0.23
1	73801632	RS6684973	RS1160682	PRUNED_LD	LD		MULTI	3253	3.196E-12	53	1
10	104939215	RS11191593	RS11191580	PRUNED_LD	LD		MULTI	3254	3.202E-12	48	1
6	32691937	RS763025	6:32634952_G_T	PRUNED_DISTANCE_FALLBACK	DISTANCE_FALLBACK		NA	3255	3.205E-12	33	
6	27877985	RS149855	RS66868086	PRUNED_LD	LD		EUR	3256	3.209E-12	1	0.3
6	28329731	RS9461455	RS67981811	PRUNED_LD	LD		EUR	3257	3.223E-12	2	0.22
6	29725721	RS1633065	RS3131856	PRUNED_LD	LD		EUR	3258	3.229E-12	12	0.2
6	32689289	RS9275764	6:32634952_G_T	PRUNED_DISTANCE_FALLBACK	DISTANCE_FALLBACK		NA	3259	3.234E-12	33	
6	32686806	RS9275674	RS1794282	PRUNED_LD	LD		EUR	3260	3.236E-12	19	0.23
6	32686380	RS9275663	RS1794282	PRUNED_LD	LD		EUR	3261	3.256E-12	19	0.23
6	32685967	RS9275657	RS1794282	PRUNED_LD	LD		EUR	3262	3.273E-12	19	0.23
6	28048996	RS203878	6:28301195_A_G	PRUNED_DISTANCE_FALLBACK	DISTANCE_FALLBACK		NA	3263	3.282E-12	16	
6	31112737	RS130079	RS1793894	PRUNED_LD	LD		EUR	3264	3.283E-12	17	0.24
6	32685918	RS9275655	RS1794282	PRUNED_LD	LD		EUR	3265	3.283E-12	19	0.23
6	32693615	RS9275970	RS1794282	PRUNED_LD	LD		EUR	3266	3.288E-12	19	0.21
6	28198281	RS1233713	6:28301195_A_G	PRUNED_DISTANCE_FALLBACK	DISTANCE_FALLBACK		NA	3267	3.3E-12	16	
6	32686248	RS9275661	RS1794282	PRUNED_LD	LD		EUR	3268	3.324E-12	19	0.23
6	28580121	RS9357070	RS67981811	PRUNED_LD	LD		EUR	3269	3.338E-12	2	0.24
6	32687570	RS9275686	RS1794282	PRUNED_LD	LD		EUR	3270	3.347E-12	19	0.23
6	32686196	RS9275660	RS1794282	PRUNED_LD	LD		EUR	3271	3.349E-12	19	0.23
6	32686103	RS9275659	RS1794282	PRUNED_LD	LD		EUR	3272	3.367E-12	19	0.23
6	28285482	RS853690	6:28301195_A_G	PRUNED_DISTANCE_FALLBACK	DISTANCE_FALLBACK		NA	3273	3.37E-12	16	
6	32687720	RS9275690	RS1794282	PRUNED_LD	LD		EUR	3274	3.405E-12	19	0.23
1	98419702	RS9729190	RS4950119	PRUNED_LD	LD		MULTI	3275	3.407E-12	47	0.85
10	104851301	RS17094683	RS11191580	PRUNED_LD	LD		MULTI	3276	3.411E-12	48	0.95
12	2387099	RS10744560	RS1860002	PRUNED_LD	LD		EUR	3277	3.432E-12	45	0.55
10	104851912	RS12220743	RS11191580	PRUNED_LD	LD		MULTI	3278	3.489E-12	48	0.95
6	29668994	RS3116800	RS3131856	PRUNED_LD	LD		EUR	3279	3.499E-12	12	0.26
6	32691745	RS763026	6:32634952_G_T	PRUNED_DISTANCE_FALLBACK	DISTANCE_FALLBACK		NA	3280	3.499E-12	33	
6	28367683	RS4357130	RS67981811	PRUNED_LD	LD		EUR	3281	3.501E-12	2	0.21
6	32688021	RS9275699	RS1794282	PRUNED_LD	LD		EUR	3282	3.508E-12	19	0.23
6	28262698	RS1150716	6:28301195_A_G	PRUNED_DISTANCE_FALLBACK	DISTANCE_FALLBACK		NA	3283	3.516E-12	16	
6	31147194	RS3130457	RS1793894	PRUNED_LD	LD		EUR	3284	3.52E-12	17	0.29
10	104835919	RS943037	RS11191580	PRUNED_LD	LD		MULTI	3285	3.541E-12	48	0.95
6	28295039	RS853683	6:28301195_A_G	PRUNED_DISTANCE_FALLBACK	DISTANCE_FALLBACK		NA	3286	3.549E-12	16	
6	30078275	RS2523989	RS547591961	PRUNED_DISTANCE_FALLBACK	DISTANCE_FALLBACK		NA	3287	3.552E-12	13	
6	28159960	RS9368560	RS67981811	PRUNED_LD	LD		EUR	3288	3.553E-12	2	0.3
6	32687904	RS9275696	RS1794282	PRUNED_LD	LD		EUR	3289	3.593E-12	19	0.23
6	32688483	RS9275723	RS1794282	PRUNED_LD	LD		EUR	3290	3.608E-12	19	0.22
10	104846178	RS11191548	RS11191580	PRUNED_LD	LD		MULTI	3291	3.62E-12	48	0.95
12	123717362	RS1619283	RS4460848	PRUNED_LD	LD		MULTI	3292	3.622E-12	34	0.6
6	32688638	RS9275728	RS1794282	PRUNED_LD	LD		EUR	3293	3.622E-12	19	0.22
6	31138107	RS1062630	RS1793894	PRUNED_LD	LD		EUR	3294	3.636E-12	17	0.28
6	32694068	RS9275986	RS1794282	PRUNED_LD	LD		EUR	3295	3.649E-12	19	0.21
6	32695212	RS9276021	RS1794282	PRUNED_LD	LD		EUR	3296	3.65E-12	19	0.21
7	2027448	RS11763870	RS12154473	PRUNED_LD	LD		MULTI	3297	3.652E-12	51	0.84
6	29718519	RS1610735	RS3131856	PRUNED_LD	LD		EUR	3298	3.656E-12	12	0.2
6	32389545	RS3135364	RS431204	PRUNED_DISTANCE_FALLBACK	DISTANCE_FALLBACK		NA	3299	3.68E-12	14	
6	31154493	RS3130510	RS1793894	PRUNED_LD	LD		EUR	3300	3.695E-12	17	0.31
6	28291240	RS707907	6:28301195_A_G	PRUNED_DISTANCE_FALLBACK	DISTANCE_FALLBACK		NA	3301	3.704E-12	16	
6	32685822	RS9275652	RS1794282	PRUNED_LD	LD		EUR	3302	3.712E-12	19	0.23
12	2384005	RS2238057	RS1860002	PRUNED_LD	LD		MULTI	3303	3.731E-12	45	0.77
6	31330015	RS2523567	RS3094012	PRUNED_LD	LD		EUR	3304	3.743E-12	18	0.21
6	31329921	RS2523569	RS3094012	PRUNED_LD	LD		EUR	3305	3.77E-12	18	0.21
6	31329932	RS2523568	RS3094012	PRUNED_LD	LD		EUR	3306	3.77E-12	18	0.21
6	28187101	RS1736891	6:28301195_A_G	PRUNED_DISTANCE_FALLBACK	DISTANCE_FALLBACK		NA	3307	3.789E-12	16	
6	31114855	RS1265071	RS1793894	PRUNED_LD	LD		EUR	3308	3.82E-12	17	0.25
6	28174590	RS1150693	RS67981811	PRUNED_LD	LD		EUR	3309	3.822E-12	2	0.26
6	31143652	RS887465	RS1793894	PRUNED_LD	LD		EUR	3310	3.835E-12	17	0.29
6	31330139	RS2250284	RS3094012	PRUNED_LD	LD		EUR	3311	3.837E-12	18	0.21
6	28282648	RS853693	6:28301195_A_G	PRUNED_DISTANCE_FALLBACK	DISTANCE_FALLBACK		NA	3312	3.856E-12	16	
6	25384361	RS215011	RS35789010	PRUNED_LD	LD		EUR	3313	3.861E-12	49	0.33
6	31603591	RS2261033	RS431204	PRUNED_DISTANCE_FALLBACK	DISTANCE_FALLBACK		NA	3314	3.871E-12	14	
6	32635629	RS114544105	RS1794282	PRUNED_LD	LD		EUR	3315	3.897E-12	19	0.21
6	28269663	RS1997660	6:28301195_A_G	PRUNED_DISTANCE_FALLBACK	DISTANCE_FALLBACK		NA	3316	3.904E-12	16	
6	28398291	RS740622	RS67981811	PRUNED_LD	LD		EUR	3317	3.924E-12	2	0.21
6	29755061	RS2743942	RS3131856	PRUNED_LD	LD		EUR	3318	3.929E-12	12	0.28
6	28271198	RS9468333	6:28301195_A_G	PRUNED_DISTANCE_FALLBACK	DISTANCE_FALLBACK		NA	3319	3.937E-12	16	
6	31154633	RS3130459	RS1793894	PRUNED_LD	LD		EUR	3320	3.954E-12	17	0.31
2	233736244	RS2675968	RS2293780	PRUNED_LD	LD		MULTI	3321	3.973E-12	43	0.68
6	28197605	RS1150707	6:28301195_A_G	PRUNED_DISTANCE_FALLBACK	DISTANCE_FALLBACK		NA	3322	3.983E-12	16	
6	25365888	RS116418977	RS35789010	PRUNED_LD	LD		EUR	3323	3.989E-12	49	0.35
6	29741592	RS1737024	RS3131856	PRUNED_LD	LD		EUR	3324	4.018E-12	12	0.27
6	28401790	RS16894108	RS67981811	PRUNED_LD	LD		EUR	3325	4.022E-12	2	0.21
10	104952499	RS79780963	RS11191580	PRUNED_LD	LD		MULTI	3326	4.041E-12	48	0.95
6	28395437	RS35560946	RS67981811	PRUNED_LD	LD		EUR	3327	4.043E-12	2	0.21
6	28397787	RS740621	RS67981811	PRUNED_LD	LD		EUR	3328	4.082E-12	2	0.21
1	98541836	RS1198591	RS4950119	PRUNED_LD	LD		MULTI	3329	4.086E-12	47	0.93
6	29664762	RS9258048	RS3131856	PRUNED_LD	LD		EUR	3330	4.106E-12	12	0.25
6	28277771	RS4713158	6:28301195_A_G	PRUNED_DISTANCE_FALLBACK	DISTANCE_FALLBACK		NA	3331	4.154E-12	16	
6	31622606	RS805297	RS431204	PRUNED_DISTANCE_FALLBACK	DISTANCE_FALLBACK		NA	3332	4.249E-12	14	
10	104910959	RS79680647	RS11191580	PRUNED_LD	LD		MULTI	3333	4.279E-12	48	1
10	104825665	RS3781285	RS11191580	PRUNED_LD	LD		MULTI	3334	4.311E-12	48	0.95
10	104850835	RS11191551	RS11191580	PRUNED_LD	LD		MULTI	3335	4.32E-12	48	0.95
10	104848430	RS10430665	RS11191580	PRUNED_LD	LD		MULTI	3336	4.335E-12	48	0.95
6	27722064	RS4713121	RS66868086	PRUNED_LD	LD		EUR	3337	4.348E-12	1	0.25
6	28332006	RS34924864	RS67981811	PRUNED_LD	LD		EUR	3338	4.348E-12	2	0.22
6	32626881	RS9273379	6:32634952_G_T	PRUNED_DISTANCE_FALLBACK	DISTANCE_FALLBACK		NA	3339	4.377E-12	33	
6	31327178	RS2249935	RS7748141	PRUNED_DISTANCE_FALLBACK	DISTANCE_FALLBACK		NA	3340	4.394E-12	24	
2	233743363	RS778370	RS2293780	PRUNED_LD	LD		MULTI	3341	4.42E-12	43	0.67
10	104793904	RS79668541	RS11191580	PRUNED_LD	LD		MULTI	3342	4.427E-12	48	0.92
2	233744021	RS709937	RS2293780	PRUNED_LD	LD		MULTI	3343	4.427E-12	43	0.68
3	52567617	RS66782572	RS13083798	PRUNED_LD	LD		MULTI	3344	4.436E-12	42	0.72
6	28382932	RS6922169	RS67981811	PRUNED_LD	LD		EUR	3345	4.484E-12	2	0.21
6	28240992	RS1778482	6:28301195_A_G	PRUNED_DISTANCE_FALLBACK	DISTANCE_FALLBACK		NA	3346	4.513E-12	16	
10	104793648	RS75970938	RS11191580	PRUNED_LD	LD		MULTI	3347	4.517E-12	48	0.92
6	29746869	RS1633021	RS3131856	PRUNED_LD	LD		EUR	3348	4.618E-12	12	0.25
2	233743532	RS11535	RS2293780	PRUNED_LD	LD		MULTI	3349	4.627E-12	43	0.68
6	28383842	RS13210866	RS67981811	PRUNED_LD	LD		EUR	3350	4.639E-12	2	0.21
6	29849657	RS2523808	RS547591961	PRUNED_DISTANCE_FALLBACK	DISTANCE_FALLBACK		NA	3351	4.668E-12	13	
6	27727513	RS4711163	RS66868086	PRUNED_LD	LD		EUR	3352	4.705E-12	1	0.25
6	28207363	RS1150709	6:28301195_A_G	PRUNED_DISTANCE_FALLBACK	DISTANCE_FALLBACK		NA	3353	4.706E-12	16	
6	28385529	RS36018474	RS67981811	PRUNED_LD	LD		EUR	3354	4.73E-12	2	0.21
6	29664590	RS3129086	RS3131856	PRUNED_LD	LD		EUR	3355	4.731E-12	12	0.28
6	28385551	RS13201726	RS67981811	PRUNED_LD	LD		EUR	3356	4.8E-12	2	0.21
6	28331127	RS13201752	6:28301195_A_G	PRUNED_DISTANCE_FALLBACK	DISTANCE_FALLBACK		NA	3357	4.819E-12	16	
6	28390843	RS3800328	RS67981811	PRUNED_LD	LD		EUR	3358	4.826E-12	2	0.21
6	28388308	RS2027361	RS67981811	PRUNED_LD	LD		EUR	3359	4.831E-12	2	0.21
6	28240991	RS1778483	6:28301195_A_G	PRUNED_DISTANCE_FALLBACK	DISTANCE_FALLBACK		NA	3360	4.84E-12	16	
6	28389251	RS4642462	RS67981811	PRUNED_LD	LD		EUR	3361	4.843E-12	2	0.21
6	28378959	RS6929825	RS67981811	PRUNED_LD	LD		EUR	3362	4.85E-12	2	0.21
6	28381345	RS6922429	RS67981811	PRUNED_LD	LD		EUR	3363	4.857E-12	2	0.21
6	28381140	RS6899389	RS67981811	PRUNED_LD	LD		EUR	3364	4.86E-12	2	0.21
6	28381272	RS6922374	RS67981811	PRUNED_LD	LD		EUR	3365	4.863E-12	2	0.22
6	28380248	RS1124131	RS67981811	PRUNED_LD	LD		EUR	3366	4.865E-12	2	0.21
6	28379663	RS35599905	RS67981811	PRUNED_LD	LD		EUR	3367	4.868E-12	2	0.21
6	32554702	RS149121504	6:32634952_G_T	PRUNED_DISTANCE_FALLBACK	DISTANCE_FALLBACK		NA	3368	4.873E-12	33	
6	25371369	RS62392365	RS35789010	PRUNED_LD	LD		EUR	3369	4.888E-12	49	0.36
1	98442308	RS12068763	RS4950119	PRUNED_LD	LD		MULTI	3370	4.889E-12	47	0.85
6	28386739	RS11760133	RS539591970	PRUNED_DISTANCE_FALLBACK	DISTANCE_FALLBACK		NA	3371	4.929E-12	11	
6	28201138	RS7206	6:28301195_A_G	PRUNED_DISTANCE_FALLBACK	DISTANCE_FALLBACK		NA	3372	4.934E-12	16	
6	32335204	RS2143462	RS431204	PRUNED_DISTANCE_FALLBACK	DISTANCE_FALLBACK		NA	3373	4.935E-12	14	
6	32690784	RS9275829	RS1794282	PRUNED_LD	LD		EUR	3374	4.942E-12	19	0.2
10	104943993	RS1163238	RS1163238	SELECTED_LEAD	LD	OK_LOCAL_CACHE		3375	4.98E-12	55	
11	130872351	RS11222421	RS961491	PRUNED_LD	LD		MULTI	3376	4.984E-12	44	0.84
1	98298371	RS4375301	RS4950119	PRUNED_LD	LD		MULTI	3377	4.992E-12	47	0.67
6	29698821	RS1611350	RS3131856	PRUNED_LD	LD		EUR	3378	5.052E-12	12	0.21
6	28331128	RS13201753	6:28301195_A_G	PRUNED_DISTANCE_FALLBACK	DISTANCE_FALLBACK		NA	3379	5.053E-12	16	
6	28371402	RS4254981	RS67981811	PRUNED_LD	LD		EUR	3380	5.057E-12	2	0.21
6	33024031	RS112790520	RS75301392	PRUNED_LD	LD		EUR	3381	5.075E-12	20	0.24
6	28381305	RS6899603	RS67981811	PRUNED_LD	LD		EUR	3382	5.093E-12	2	0.21
6	30080496	RS2844793	RS547591961	PRUNED_DISTANCE_FALLBACK	DISTANCE_FALLBACK		NA	3383	5.158E-12	13	
6	28375210	RS6928773	RS539591970	PRUNED_DISTANCE_FALLBACK	DISTANCE_FALLBACK		NA	3384	5.221E-12	11	
6	28375209	RS6928771	RS539591970	PRUNED_DISTANCE_FALLBACK	DISTANCE_FALLBACK		NA	3385	5.242E-12	11	
6	29751998	RS143525179	RS3131856	PRUNED_LD	LD		EUR	3386	5.37E-12	12	0.23
6	31826153	RS2445689	RS431204	PRUNED_DISTANCE_FALLBACK	DISTANCE_FALLBACK		NA	3387	5.41E-12	14	
6	32689432	RS9275770	6:32634952_G_T	PRUNED_DISTANCE_FALLBACK	DISTANCE_FALLBACK		NA	3388	5.417E-12	33	
2	58383820	RS7596038	RS7596038	SELECTED_LEAD	LD	OK_LOCAL_CACHE		3389	5.435E-12	56	
6	25343444	RS940404	RS35789010	PRUNED_LD	LD		EUR	3390	5.454E-12	49	0.35
11	130866084	RS1368853	RS961491	PRUNED_LD	LD		MULTI	3391	5.521E-12	44	0.85
6	28039586	RS4713135	RS66868086	PRUNED_LD	LD		EUR	3392	5.533E-12	1	0.25
6	29665088	RS3131884	RS3131856	PRUNED_LD	LD		EUR	3393	5.566E-12	12	0.21
10	104824387	RS11191543	RS11191580	PRUNED_LD	LD		MULTI	3394	5.613E-12	48	0.95
3	52541253	RS11130306	RS13083798	PRUNED_LD	LD		MULTI	3395	5.616E-12	42	0.67
6	32634318	RS3891176	RS9274514	PRUNED_LD	LD		MULTI	3396	5.617E-12	32	0.83
10	104840967	RS12219901	RS11191580	PRUNED_LD	LD		MULTI	3397	5.756E-12	48	0.95
6	31125705	RS720466	RS1793894	PRUNED_LD	LD		EUR	3398	5.871E-12	17	0.25
7	2048220	RS13227554	RS12154473	PRUNED_LD	LD		MULTI	3399	5.881E-12	51	0.75
7	2047875	RS871925	RS12154473	PRUNED_LD	LD		MULTI	3400	5.946E-12	51	0.75
10	104841479	RS10458729	RS11191580	PRUNED_LD	LD		MULTI	3401	5.979E-12	48	0.95
10	104806898	RS11191531	RS11191580	PRUNED_LD	LD		MULTI	3402	6.058E-12	48	0.95
6	25885814	RS629444	RS71557335	PRUNED_DISTANCE_FALLBACK	DISTANCE_FALLBACK		NA	3403	6.06E-12	29	
6	28391987	RS67211468	RS67981811	PRUNED_LD	LD		EUR	3404	6.083E-12	2	0.21
6	30993313	RS1419664	RS1264353	PRUNED_LD	LD		EUR	3405	6.125E-12	15	0.38
6	32196697	RS531160176	RS431204	PRUNED_DISTANCE_FALLBACK	DISTANCE_FALLBACK		NA	3406	6.197E-12	14	
6	28162469	RS1150687	6:28301195_A_G	PRUNED_DISTANCE_FALLBACK	DISTANCE_FALLBACK		NA	3407	6.229E-12	16	
7	2020995	RS12668848	RS12154473	PRUNED_LD	LD		MULTI	3408	6.25E-12	51	0.87
1	98535375	RS1198598	RS4950119	PRUNED_LD	LD		MULTI	3409	6.315E-12	47	0.93
11	130805334	RS7112616	RS961491	PRUNED_LD	LD		MULTI	3410	6.364E-12	44	0.77
6	31127562	RS1150765	RS1793894	PRUNED_LD	LD		EUR	3411	6.476E-12	17	0.25
12	2331192	RS2190771	RS1860002	PRUNED_LD	LD		EUR	3412	6.478E-12	45	0.4
12	2344644	RS769087	RS1860002	PRUNED_LD	LD		EUR	3413	6.509E-12	45	0.5
10	104789475	RS11191521	RS11191580	PRUNED_LD	LD		MULTI	3414	6.547E-12	48	0.92
1	98438135	RS12069474	RS4950119	PRUNED_LD	LD		MULTI	3415	6.549E-12	47	0.85
10	104630412	RS17878846	RS12219247	PRUNED_LD	LD		ASN	3416	6.551E-12	54	0.26
6	25864882	RS1184498	RS13211947	PRUNED_LD	LD		EUR	3417	6.561E-12	35	0.57
6	27280407	RS3800319	RS13215879	PRUNED_DISTANCE_FALLBACK	DISTANCE_FALLBACK		NA	3418	6.62E-12	22	
6	30947509	RS3094084	RS1264353	PRUNED_LD	LD		EUR	3419	6.622E-12	15	0.45
6	26370707	RS9379862	RS41266839	PRUNED_LD	LD		EUR	3420	6.633E-12	3	0.27
10	104815827	RS11191534	RS11191580	PRUNED_LD	LD		MULTI	3421	6.639E-12	48	0.95
1	98530398	RS1198582	RS4950119	PRUNED_LD	LD		MULTI	3422	6.648E-12	47	0.93
6	28399412	RS7740351	RS67981811	PRUNED_LD	LD		EUR	3423	6.741E-12	2	0.21
6	30080274	RS2517598	RS547591961	PRUNED_DISTANCE_FALLBACK	DISTANCE_FALLBACK		NA	3424	6.749E-12	13	
12	2346393	RS2159100	RS1860002	PRUNED_LD	LD		EUR	3425	6.825E-12	45	0.5
12	2349584	RS4765905	RS1860002	PRUNED_LD	LD		EUR	3426	6.826E-12	45	0.5
6	29667458	RS9258076	RS3131856	PRUNED_LD	LD		EUR	3427	6.852E-12	12	0.22
6	30081334	RS2523985	RS547591961	PRUNED_DISTANCE_FALLBACK	DISTANCE_FALLBACK		NA	3428	6.904E-12	13	
10	104931584	RS12219304	RS11191580	PRUNED_LD	LD		MULTI	3429	6.91E-12	48	1
6	30082003	RS2523984	RS547591961	PRUNED_DISTANCE_FALLBACK	DISTANCE_FALLBACK		NA	3430	6.936E-12	13	
6	30082688	RS2245420	RS547591961	PRUNED_DISTANCE_FALLBACK	DISTANCE_FALLBACK		NA	3431	6.998E-12	13	
1	98531022	RS1198580	RS4950119	PRUNED_LD	LD		MULTI	3432	7.036E-12	47	0.93
6	26374903	RS733528	RS41266839	PRUNED_LD	LD		EUR	3433	7.039E-12	3	0.21
3	52542919	RS1010554	RS13083798	PRUNED_LD	LD		MULTI	3434	7.045E-12	42	0.68
12	2346830	RS12315711	RS1860002	PRUNED_LD	LD		EUR	3435	7.109E-12	45	0.5
2	58380167	RS35844949	RS7596038	PRUNED_LD	LD		MULTI	3436	7.122E-12	56	0.97
6	27276171	RS9366689	RS13215879	PRUNED_DISTANCE_FALLBACK	DISTANCE_FALLBACK		NA	3437	7.144E-12	22	
1	98528452	RS2660299	RS4950119	PRUNED_LD	LD		MULTI	3438	7.176E-12	47	0.93
1	98530559	RS1198581	RS4950119	PRUNED_LD	LD		MULTI	3439	7.183E-12	47	0.93
6	31235869	RS2853952	RS7748141	PRUNED_DISTANCE_FALLBACK	DISTANCE_FALLBACK		NA	3440	7.246E-12	24	
12	2331144	RS3922316	RS1860002	PRUNED_LD	LD		EUR	3441	7.3E-12	45	0.4
1	98446194	RS12077962	RS4950119	PRUNED_LD	LD		MULTI	3442	7.323E-12	47	0.78
6	31320164	RS2442723	RS7748141	PRUNED_DISTANCE_FALLBACK	DISTANCE_FALLBACK		NA	3443	7.404E-12	24	
6	28160799	RS1225598	RS67981811	PRUNED_LD	LD		EUR	3444	7.45E-12	2	0.23
2	233728801	RS778341	RS2293780	PRUNED_LD	LD		EUR	3445	7.454E-12	43	0.5
10	104811203	RS12219027	RS11191580	PRUNED_LD	LD		MULTI	3446	7.483E-12	48	0.95
12	2345295	RS1006737	RS1860002	PRUNED_LD	LD		EUR	3447	7.504E-12	45	0.5
1	98525221	RS1782818	RS4950119	PRUNED_LD	LD		MULTI	3448	7.527E-12	47	0.93
1	98526167	RS1702291	RS4950119	PRUNED_LD	LD		MULTI	3449	7.548E-12	47	0.93
6	31619652	RS805299	RS431204	PRUNED_DISTANCE_FALLBACK	DISTANCE_FALLBACK		NA	3450	7.698E-12	14	
2	58377014	RS12713372	RS7596038	PRUNED_LD	LD		MULTI	3451	7.721E-12	56	0.95
1	98417967	RS11165934	RS4950119	PRUNED_LD	LD		MULTI	3452	7.778E-12	47	0.85
6	28165099	RS1150689	RS67981811	PRUNED_LD	LD		EUR	3453	7.785E-12	2	0.26
6	28173957	RS1150692	RS67981811	PRUNED_LD	LD		EUR	3454	7.794E-12	2	0.26
6	30988825	RS1628680	RS1264353	PRUNED_LD	LD		EUR	3455	7.806E-12	15	0.39
6	28165190	RS1225599	RS67981811	PRUNED_LD	LD		EUR	3456	7.808E-12	2	0.26
1	98528211	RS2660300	RS4950119	PRUNED_LD	LD		MULTI	3457	7.817E-12	47	0.93
6	28403225	RS2071965	RS67981811	PRUNED_LD	LD		EUR	3458	7.86E-12	2	0.21
6	32688100	RS9275702	RS1794282	PRUNED_LD	LD		EUR	3459	7.864E-12	19	0.23
1	98527259	RS2802533	RS4950119	PRUNED_LD	LD		MULTI	3460	7.885E-12	47	0.93
1	98418687	RS6664489	RS4950119	PRUNED_LD	LD		MULTI	3461	7.911E-12	47	0.85
6	25417423	RS4712936	RS35789010	PRUNED_LD	LD		EUR	3462	7.949E-12	49	0.74
1	98424252	RS56732321	RS4950119	PRUNED_LD	LD		MULTI	3463	7.992E-12	47	0.85
1	98524960	RS1702292	RS4950119	PRUNED_LD	LD		MULTI	3464	8.055E-12	47	0.93
10	104789580	RS11191522	RS11191580	PRUNED_LD	LD		MULTI	3465	8.067E-12	48	0.92
6	28198456	RS9468317	RS67981811	PRUNED_LD	LD		EUR	3466	8.106E-12	2	0.37
6	28208558	RS9368563	RS67981811	PRUNED_LD	LD		EUR	3467	8.127E-12	2	0.37
6	28152583	RS6901017	RS67981811	PRUNED_LD	LD		EUR	3468	8.139E-12	2	0.24
6	25257785	RS116090114	RS116090114	SELECTED_LEAD	LD	OK_MIXED		3469	8.148E-12	57	
6	28166447	RS1233705	RS67981811	PRUNED_LD	LD		EUR	3470	8.152E-12	2	0.26
3	52847601	RS2071044	RS13083798	PRUNED_LD	LD		MULTI	3471	8.167E-12	42	0.68
6	28162620	RS1225596	RS67981811	PRUNED_LD	LD		EUR	3472	8.175E-12	2	0.26
6	28413491	RS6902687	RS539591970	PRUNED_DISTANCE_FALLBACK	DISTANCE_FALLBACK		NA	3473	8.241E-12	11	
6	25323143	RS2744301	RS35789010	PRUNED_LD	LD		EUR	3474	8.245E-12	49	0.26
10	104640052	RS12244388	RS12219247	PRUNED_LD	LD		MULTI	3475	8.247E-12	54	0.88
6	31597753	RS2242660	RS431204	PRUNED_DISTANCE_FALLBACK	DISTANCE_FALLBACK		NA	3476	8.272E-12	14	
2	58377023	RS12713373	RS7596038	PRUNED_LD	LD		MULTI	3477	8.274E-12	56	0.96
6	32611662	RS9273015	6:32634952_G_T	PRUNED_DISTANCE_FALLBACK	DISTANCE_FALLBACK		NA	3478	8.296E-12	33	
7	2045351	RS10479762	RS12154473	PRUNED_LD	LD		MULTI	3479	8.309E-12	51	0.75
6	28198831	RS2299029	RS67981811	PRUNED_LD	LD		EUR	3480	8.311E-12	2	0.37
6	31078809	RS3132556	RS1793894	PRUNED_LD	LD		EUR	3481	8.333E-12	17	0.29
1	98443858	RS11165940	RS4950119	PRUNED_LD	LD		MULTI	3482	8.352E-12	47	0.85
6	28415572	RS13215804	RS539591970	PRUNED_DISTANCE_FALLBACK	DISTANCE_FALLBACK		NA	3483	8.391E-12	11	
6	25419094	RS7752195	RS35789010	PRUNED_LD	LD		EUR	3484	8.464E-12	49	0.74
10	104636276	RS77335224	RS77335224	SELECTED_LEAD	LD	OK_LOCAL_CACHE		3485	8.525E-12	58	
12	2326224	RS11062159	RS1860002	PRUNED_LD	LD		EUR	3486	8.531E-12	45	0.38
6	28166923	RS1233704	RS67981811	PRUNED_LD	LD		EUR	3487	8.563E-12	2	0.26
6	28168726	RS1233701	RS67981811	PRUNED_LD	LD		EUR	3488	8.725E-12	2	0.27
1	73958578	RS477278	RS1160682	PRUNED_LD	LD		MULTI	3489	8.81E-12	53	0.76
6	28169158	RS1233699	RS67981811	PRUNED_LD	LD		EUR	3490	8.832E-12	2	0.26
1	73988045	RS686775	RS1160682	PRUNED_LD	LD		MULTI	3491	8.841E-12	53	0.76
6	28199937	RS11962305	RS67981811	PRUNED_LD	LD		EUR	3492	8.908E-12	2	0.37
6	32968136	RS116416291	RS75301392	PRUNED_LD	LD		EUR	3493	8.99E-12	20	0.47
1	98443509	RS11165939	RS4950119	PRUNED_LD	LD		MULTI	3494	8.996E-12	47	0.85
2	58078939	RS68119977	RS1356545	PRUNED_LD	LD		MULTI	3495	9.02E-12	39	0.73
1	98416940	RS9324378	RS4950119	PRUNED_LD	LD		MULTI	3496	9.1E-12	47	0.85
6	27273365	RS6456772	RS13215879	PRUNED_DISTANCE_FALLBACK	DISTANCE_FALLBACK		NA	3497	9.121E-12	22	
1	73956490	RS527068	RS1160682	PRUNED_LD	LD		MULTI	3498	9.16E-12	53	0.76
12	2331572	RS10848642	RS1860002	PRUNED_LD	LD		EUR	3499	9.178E-12	45	0.39
10	104629465	RS3740400	RS12219247	PRUNED_LD	LD		MULTI	3500	9.214E-12	54	0.89
6	25450026	RS9295661	RS35789010	PRUNED_LD	LD		EUR	3501	9.269E-12	49	0.76
1	98440529	RS57468345	RS4950119	PRUNED_LD	LD		MULTI	3502	9.299E-12	47	0.85
6	28155418	RS9295762	RS67981811	PRUNED_LD	LD		EUR	3503	9.327E-12	2	0.24
6	28172263	RS1233697	RS67981811	PRUNED_LD	LD		EUR	3504	9.388E-12	2	0.26
1	98416157	RS4274102	RS4950119	PRUNED_LD	LD		MULTI	3505	9.468E-12	47	0.81
6	28172953	RS1233707	RS67981811	PRUNED_LD	LD		EUR	3506	9.476E-12	2	0.26
6	25420344	RS913455	RS35789010	PRUNED_LD	LD		EUR	3507	9.489E-12	49	0.76
1	73954939	RS1067872	RS1160682	PRUNED_LD	LD		MULTI	3508	9.505E-12	53	0.74
6	30962469	RS1632864	RS1264353	PRUNED_LD	LD		EUR	3509	9.509E-12	15	0.4
1	98441830	RS12071067	RS4950119	PRUNED_LD	LD		MULTI	3510	9.519E-12	47	0.85
6	28173010	RS1237875	RS67981811	PRUNED_LD	LD		EUR	3511	9.551E-12	2	0.26
1	98443440	RS11165938	RS4950119	PRUNED_LD	LD		MULTI	3512	9.603E-12	47	0.85
6	28208192	RS9393910	RS67981811	PRUNED_LD	LD		EUR	3513	9.629E-12	2	0.37
6	28315875	RS213240	6:28301195_A_G	PRUNED_DISTANCE_FALLBACK	DISTANCE_FALLBACK		NA	3514	9.678E-12	16	
6	31604010	RS13716	RS431204	PRUNED_DISTANCE_FALLBACK	DISTANCE_FALLBACK		NA	3515	9.692E-12	14	
10	104913653	RS11191582	RS11191580	PRUNED_LD	LD		MULTI	3516	9.693E-12	48	1
6	28207200	RS9393909	RS67981811	PRUNED_LD	LD		EUR	3517	9.758E-12	2	0.37
6	30971769	RS1632855	RS1264353	PRUNED_LD	LD		EUR	3518	9.807E-12	15	0.39
3	52814256	RS2302417	RS13083798	PRUNED_LD	LD		MULTI	3519	9.826E-12	42	0.72
3	52566914	RS7614981	RS13083798	PRUNED_LD	LD		MULTI	3520	9.92E-12	42	0.79
6	28209102	RS9295768	RS67981811	PRUNED_LD	LD		EUR	3521	1.002E-11	2	0.37
12	2332393	RS4765904	RS1860002	PRUNED_LD	LD		EUR	3522	1.003E-11	45	0.39
3	52567014	RS12489828	RS13083798	PRUNED_LD	LD		MULTI	3523	1.006E-11	42	0.79
6	28209531	RS9468318	RS67981811	PRUNED_LD	LD		EUR	3524	1.007E-11	2	0.37
6	31235505	RS2853953	RS7748141	PRUNED_DISTANCE_FALLBACK	DISTANCE_FALLBACK		NA	3525	1.012E-11	24	
6	32692933	RS9275936	RS1794282	PRUNED_LD	LD		EUR	3526	1.024E-11	19	0.21
6	28133528	RS9393899	RS67981811	PRUNED_LD	LD		EUR	3527	1.025E-11	2	0.26
6	29829251	RS1611713	RS547591961	PRUNED_DISTANCE_FALLBACK	DISTANCE_FALLBACK		NA	3528	1.025E-11	13	
6	28113730	RS9468296	RS66868086	PRUNED_LD	LD		EUR	3529	1.03E-11	1	0.24
1	73988149	RS12042444	RS1160682	PRUNED_LD	LD		MULTI	3530	1.034E-11	53	0.76
6	30951561	RS1634714	RS1264353	PRUNED_LD	LD		EUR	3531	1.034E-11	15	0.44
10	104670832	RS28606370	RS11191580	PRUNED_LD	LD		ASN	3532	1.036E-11	48	0.22
6	28143011	RS9348798	RS67981811	PRUNED_LD	LD		EUR	3533	1.04E-11	2	0.21
3	52540773	RS1010553	RS13083798	PRUNED_LD	LD		MULTI	3534	1.042E-11	42	0.66
6	28112562	RS9393894	RS66868086	PRUNED_LD	LD		EUR	3535	1.044E-11	1	0.24
6	28141548	RS12332979	RS67981811	PRUNED_LD	LD		EUR	3536	1.044E-11	2	0.26
6	31587561	RS2736176	RS431204	PRUNED_DISTANCE_FALLBACK	DISTANCE_FALLBACK		NA	3537	1.044E-11	14	
6	28110148	RS868987	RS66868086	PRUNED_LD	LD		EUR	3538	1.047E-11	1	0.24
6	28142587	RS67878650	RS67981811	PRUNED_LD	LD		EUR	3539	1.048E-11	2	0.26
6	28144751	RS9380065	RS67981811	PRUNED_LD	LD		EUR	3540	1.05E-11	2	0.26
6	28111536	RS4713146	RS66868086	PRUNED_LD	LD		EUR	3541	1.051E-11	1	0.24
6	28117757	RS9348794	RS67981811	PRUNED_LD	LD		EUR	3542	1.053E-11	2	0.27
6	28129831	RS9357066	RS67981811	PRUNED_LD	LD		EUR	3543	1.053E-11	2	0.26
6	28118874	RS9468297	RS67981811	PRUNED_LD	LD		EUR	3544	1.055E-11	2	0.27
6	28131153	RS9368556	RS67981811	PRUNED_LD	LD		EUR	3545	1.055E-11	2	0.26
6	28131537	RS9368557	RS67981811	PRUNED_LD	LD		EUR	3546	1.055E-11	2	0.26
10	104628873	RS7085104	RS12219247	PRUNED_LD	LD		MULTI	3547	1.057E-11	54	0.9
6	28126202	RS9348796	RS67981811	PRUNED_LD	LD		EUR	3548	1.057E-11	2	0.26
6	28115921	RS4713148	RS67981811	PRUNED_LD	LD		EUR	3549	1.058E-11	2	0.26
6	28124469	RS9295759	RS67981811	PRUNED_LD	LD		EUR	3550	1.058E-11	2	0.26
6	28126834	RS11552219	RS67981811	PRUNED_LD	LD		EUR	3551	1.058E-11	2	0.26
6	28136212	RS4713150	RS67981811	PRUNED_LD	LD		EUR	3552	1.058E-11	2	0.26
6	28112713	RS9468295	RS66868086	PRUNED_LD	LD		EUR	3553	1.059E-11	1	0.24
6	28120663	RS9295758	RS67981811	PRUNED_LD	LD		EUR	3554	1.059E-11	2	0.26
6	28133306	RS9368558	RS67981811	PRUNED_LD	LD		EUR	3555	1.059E-11	2	0.26
6	28135660	RS9283884	RS67981811	PRUNED_LD	LD		EUR	3556	1.059E-11	2	0.26
6	28136356	RS4713151	RS67981811	PRUNED_LD	LD		EUR	3557	1.059E-11	2	0.26
6	28137027	RS3173443	RS67981811	PRUNED_LD	LD		EUR	3558	1.059E-11	2	0.26
6	28136797	RS9393901	RS67981811	PRUNED_LD	LD		EUR	3559	1.061E-11	2	0.26
6	28122345	RS9468298	RS67981811	PRUNED_LD	LD		EUR	3560	1.063E-11	2	0.26
6	28132358	RS9380059	RS67981811	PRUNED_LD	LD		EUR	3561	1.063E-11	2	0.26
6	28132803	RS9380061	RS67981811	PRUNED_LD	LD		EUR	3562	1.063E-11	2	0.26
6	28127444	RS9380058	RS67981811	PRUNED_LD	LD		EUR	3563	1.064E-11	2	0.26
6	28132603	RS9380060	RS67981811	PRUNED_LD	LD		EUR	3564	1.065E-11	2	0.26
6	28132726	RS35227624	RS67981811	PRUNED_LD	LD		EUR	3565	1.065E-11	2	0.26
6	28120898	RS17774663	RS67981811	PRUNED_LD	LD		EUR	3566	1.068E-11	2	0.26
6	28130376	RS9393898	RS67981811	PRUNED_LD	LD		EUR	3567	1.068E-11	2	0.26
6	28137569	RS9380062	RS67981811	PRUNED_LD	LD		EUR	3568	1.069E-11	2	0.26
6	28137454	RS4713152	RS67981811	PRUNED_LD	LD		EUR	3569	1.072E-11	2	0.26
6	28137533	RS9348797	RS67981811	PRUNED_LD	LD		EUR	3570	1.073E-11	2	0.26
6	28127621	RS9393895	RS67981811	PRUNED_LD	LD		EUR	3571	1.074E-11	2	0.26
6	28137853	RS9380063	RS67981811	PRUNED_LD	LD		EUR	3572	1.074E-11	2	0.26
6	32678182	RS6932517	6:32634952_G_T	PRUNED_DISTANCE_FALLBACK	DISTANCE_FALLBACK		NA	3573	1.075E-11	33	
6	28127710	RS9393897	RS67981811	PRUNED_LD	LD		EUR	3574	1.084E-11	2	0.26
6	28115156	RS4711164	RS66868086	PRUNED_LD	LD		EUR	3575	1.094E-11	1	0.24
6	32601222	RS9272168	6:32634952_G_T	PRUNED_DISTANCE_FALLBACK	DISTANCE_FALLBACK		NA	3576	1.094E-11	33	
1	73967329	RS11800984	RS1160682	PRUNED_LD	LD		MULTI	3577	1.098E-11	53	0.76
1	73975758	RS7534840	RS1160682	PRUNED_LD	LD		MULTI	3578	1.102E-11	53	0.76
6	26360597	RS9348711	RS41266839	PRUNED_LD	LD		EUR	3579	1.106E-11	3	0.24
6	28115184	RS4711165	RS66868086	PRUNED_LD	LD		EUR	3580	1.109E-11	1	0.24
6	27271343	RS7771953	RS13215879	PRUNED_DISTANCE_FALLBACK	DISTANCE_FALLBACK		NA	3581	1.11E-11	22	
1	73966712	RS871819	RS1160682	PRUNED_LD	LD		MULTI	3582	1.115E-11	53	0.76
1	73991651	RS1604350	RS1160682	PRUNED_LD	LD		MULTI	3583	1.12E-11	53	0.76
6	28147987	RS9295761	RS67981811	PRUNED_LD	LD		EUR	3584	1.12E-11	2	0.26
6	28109262	RS9393893	RS66868086	PRUNED_LD	LD		EUR	3585	1.133E-11	1	0.24
6	28127703	RS9393896	RS67981811	PRUNED_LD	LD		EUR	3586	1.14E-11	2	0.25
11	130889850	RS10791114	RS961491	PRUNED_LD	LD		MULTI	3587	1.152E-11	44	0.75
6	28108967	RS9368555	RS66868086	PRUNED_LD	LD		EUR	3588	1.162E-11	1	0.24
10	104635344	RS12765337	RS12219247	PRUNED_LD	LD		MULTI	3589	1.165E-11	54	0.89
12	2361460	RS758170	RS1860002	PRUNED_LD	LD		EUR	3590	1.165E-11	45	0.52
6	32190406	RS443198	RS2071278	PRUNED_LD	LD		EUR	3591	1.166E-11	10	0.24
1	73965869	RS10789373	RS1160682	PRUNED_LD	LD		MULTI	3592	1.167E-11	53	0.76
6	31234114	RS2248902	RS7748141	PRUNED_DISTANCE_FALLBACK	DISTANCE_FALLBACK		NA	3593	1.176E-11	24	
6	30986312	RS1345230	RS7748141	PRUNED_DISTANCE_FALLBACK	DISTANCE_FALLBACK		NA	3594	1.177E-11	24	
1	73960825	RS1546271	RS1160682	PRUNED_LD	LD		MULTI	3595	1.178E-11	53	0.77
1	73954277	RS75407229	RS75407229	SELECTED_LEAD	DISTANCE_FALLBACK	NO_LD_RESPONSE		3596	1.179E-11	59	
1	73975686	RS10465817	RS1160682	PRUNED_LD	LD		MULTI	3597	1.179E-11	53	0.76
10	104660004	RS11191454	RS11191580	PRUNED_LD	LD		MULTI	3598	1.183E-11	48	0.78
6	28129580	RS9357065	RS67981811	PRUNED_LD	LD		EUR	3599	1.194E-11	2	0.26
6	28210293	RS9357067	RS67981811	PRUNED_LD	LD		EUR	3600	1.202E-11	2	0.37
6	32190217	RS915895	RS2071278	PRUNED_LD	LD		EUR	3601	1.207E-11	10	0.3
1	98410616	RS4598523	RS4950119	PRUNED_LD	LD		MULTI	3602	1.21E-11	47	0.79
1	73951515	RS9425120	RS1160682	PRUNED_LD	LD		MULTI	3603	1.212E-11	53	0.77
6	28210688	RS967005	RS67981811	PRUNED_LD	LD		EUR	3604	1.214E-11	2	0.37
10	104625886	RS11191424	RS12219247	PRUNED_LD	LD		MULTI	3605	1.216E-11	54	0.9
10	104633114	RS7904113	RS12219247	PRUNED_LD	LD		MULTI	3606	1.218E-11	54	0.89
6	26375143	RS2073528	RS41266839	PRUNED_LD	LD		EUR	3607	1.218E-11	3	0.21
2	58211509	RS6545677	RS1356545	PRUNED_LD	LD		MULTI	3608	1.219E-11	39	0.78
10	104897985	RS11598702	RS1163238	PRUNED_LD	LD		MULTI	3609	1.22E-11	55	0.98
10	104625237	RS10786717	RS12219247	PRUNED_LD	LD		MULTI	3610	1.221E-11	54	0.66
3	52558008	RS13303	RS13083798	PRUNED_LD	LD		MULTI	3611	1.222E-11	42	0.79
6	28417737	RS6927229	RS539591970	PRUNED_DISTANCE_FALLBACK	DISTANCE_FALLBACK		NA	3612	1.238E-11	11	
1	98432826	RS9887848	RS4950119	PRUNED_LD	LD		MULTI	3613	1.242E-11	47	0.85
6	28417222	RS6903535	RS539591970	PRUNED_DISTANCE_FALLBACK	DISTANCE_FALLBACK		NA	3614	1.249E-11	11	
6	28406136	RS13215476	RS539591970	PRUNED_DISTANCE_FALLBACK	DISTANCE_FALLBACK		NA	3615	1.252E-11	11	
6	30940989	RS3132579	RS1264353	PRUNED_LD	LD		EUR	3616	1.254E-11	15	0.46
6	25247120	RS6940230	RS116090114	PRUNED_LD	LD		EUR	3617	1.259E-11	57	1
6	25425526	RS7774567	RS35789010	PRUNED_LD	LD		EUR	3618	1.259E-11	49	0.76
10	104635595	RS12770034	RS12219247	PRUNED_LD	LD		MULTI	3619	1.262E-11	54	0.88
1	98409901	RS4495746	RS4950119	PRUNED_LD	LD		MULTI	3620	1.267E-11	47	0.77
1	98441888	RS12067567	RS4950119	PRUNED_LD	LD		MULTI	3621	1.267E-11	47	0.85
6	27295082	RS9368501	RS13215879	PRUNED_DISTANCE_FALLBACK	DISTANCE_FALLBACK		NA	3622	1.268E-11	22	
12	2374130	RS2239038	RS1860002	PRUNED_LD	LD		MULTI	3623	1.274E-11	45	0.71
6	26376832	RS13218591	RS41266839	PRUNED_LD	LD		EUR	3624	1.292E-11	3	0.2
6	32702041	RS2859082	6:32634952_G_T	PRUNED_DISTANCE_FALLBACK	DISTANCE_FALLBACK		NA	3625	1.292E-11	33	
7	2037215	RS55689856	RS12154473	PRUNED_LD	LD		MULTI	3626	1.293E-11	51	0.83
1	73944277	RS1578022	RS1160682	PRUNED_LD	LD		MULTI	3627	1.296E-11	53	0.77
6	31585084	RS2857698	RS431204	PRUNED_DISTANCE_FALLBACK	DISTANCE_FALLBACK		NA	3628	1.299E-11	14	
6	28411244	RS13190937	RS539591970	PRUNED_DISTANCE_FALLBACK	DISTANCE_FALLBACK		NA	3629	1.304E-11	11	
6	32338695	RS3129943	RS431204	PRUNED_DISTANCE_FALLBACK	DISTANCE_FALLBACK		NA	3630	1.309E-11	14	
6	25247680	RS74979580	RS116090114	PRUNED_LD	LD		EUR	3631	1.317E-11	57	1
1	73945826	RS666532	RS1160682	PRUNED_LD	LD		MULTI	3632	1.327E-11	53	0.77
1	98435544	RS6703588	RS4950119	PRUNED_LD	LD		MULTI	3633	1.336E-11	47	0.85
6	25236645	RS77951490	RS116090114	PRUNED_LD	LD		EUR	3634	1.353E-11	57	1
6	31826414	RS2507954	RS431204	PRUNED_DISTANCE_FALLBACK	DISTANCE_FALLBACK		NA	3635	1.364E-11	14	
6	25424327	RS2039069	RS35789010	PRUNED_LD	LD		EUR	3636	1.369E-11	49	0.76
10	104866863	RS7896519	RS11191580	PRUNED_LD	LD		ASN	3637	1.372E-11	48	0.28
1	98431639	RS9887831	RS4950119	PRUNED_LD	LD		MULTI	3638	1.374E-11	47	0.85
6	31233074	RS386575382	RS7748141	PRUNED_DISTANCE_FALLBACK	DISTANCE_FALLBACK		NA	3639	1.374E-11	24	
6	25424191	RS4632883	RS35789010	PRUNED_LD	LD		EUR	3640	1.376E-11	49	0.76
11	130843403	RS10894299	RS961491	PRUNED_LD	LD		MULTI	3641	1.403E-11	44	0.9
6	25250492	RS138739848	RS116090114	PRUNED_LD	LD		EUR	3642	1.403E-11	57	1
1	98432916	RS9887792	RS4950119	PRUNED_LD	LD		MULTI	3643	1.405E-11	47	0.85
6	27249202	RS6910659	RS13215879	PRUNED_DISTANCE_FALLBACK	DISTANCE_FALLBACK		NA	3644	1.408E-11	22	
7	2171450	RS10256077	RS12154473	PRUNED_LD	LD		MULTI	3645	1.428E-11	51	0.55
6	28331252	RS213228	RS67981811	PRUNED_LD	LD		EUR	3646	1.434E-11	2	0.2
11	130891895	RS10894308	RS961491	PRUNED_LD	LD		MULTI	3647	1.435E-11	44	0.74
6	28108232	RS1904840	RS66868086	PRUNED_LD	LD		EUR	3648	1.437E-11	1	0.24
6	28037893	RS9380047	RS66868086	PRUNED_LD	LD		EUR	3649	1.441E-11	1	0.24
6	27248773	RS6909479	RS13215879	PRUNED_DISTANCE_FALLBACK	DISTANCE_FALLBACK		NA	3650	1.443E-11	22	
6	28395506	RS1339898	RS539591970	PRUNED_DISTANCE_FALLBACK	DISTANCE_FALLBACK		NA	3651	1.453E-11	11	
10	104625178	RS10786716	RS12219247	PRUNED_LD	LD		MULTI	3652	1.455E-11	54	0.89
6	28382262	RS1558205	RS539591970	PRUNED_DISTANCE_FALLBACK	DISTANCE_FALLBACK		NA	3653	1.459E-11	11	
6	25836257	RS1165184	RS13211947	PRUNED_LD	LD		EUR	3654	1.471E-11	35	0.41
12	2332856	RS1108222	RS1860002	PRUNED_LD	LD		EUR	3655	1.484E-11	45	0.38
10	104621068	RS12241517	RS12219247	PRUNED_LD	LD		MULTI	3656	1.495E-11	54	0.94
6	28148752	RS1225591	RS67981811	PRUNED_LD	LD		EUR	3657	1.495E-11	2	0.21
6	31230800	RS2245822	RS7748141	PRUNED_DISTANCE_FALLBACK	DISTANCE_FALLBACK		NA	3658	1.499E-11	24	
12	2332795	RS1108221	RS1860002	PRUNED_LD	LD		EUR	3659	1.519E-11	45	0.38
1	73983073	RS11210274	RS1160682	PRUNED_LD	LD		MULTI	3660	1.522E-11	53	0.76
10	104624072	RS4917985	RS12219247	PRUNED_LD	LD		MULTI	3661	1.527E-11	54	0.89
2	58210239	RS6732310	RS1356545	PRUNED_LD	LD		MULTI	3662	1.528E-11	39	0.78
11	130854444	RS10791110	RS961491	PRUNED_LD	LD		MULTI	3663	1.531E-11	44	0.93
6	28108085	RS1904841	RS66868086	PRUNED_LD	LD		EUR	3664	1.531E-11	1	0.24
10	104707016	RS11191472	RS11191580	PRUNED_LD	LD		MULTI	3665	1.537E-11	48	0.78
2	58382490	RS848293	RS7596038	PRUNED_LD	LD		MULTI	3666	1.548E-11	56	0.99
10	104618695	RS7096169	RS12219247	PRUNED_LD	LD		MULTI	3667	1.556E-11	54	0.93
10	104959188	RS11191607	RS11191580	PRUNED_LD	LD		MULTI	3668	1.558E-11	48	0.9
6	29272012	RS3117426	RS9257566	PRUNED_LD	LD		EUR	3669	1.565E-11	8	0.29
12	123447928	RS4275659	RS4460848	PRUNED_LD	LD		MULTI	3670	1.566E-11	34	0.53
10	104624475	RS4919691	RS12219247	PRUNED_LD	LD		MULTI	3671	1.569E-11	54	0.89
6	31231784	RS2524111	RS7748141	PRUNED_DISTANCE_FALLBACK	DISTANCE_FALLBACK		NA	3672	1.569E-11	24	
6	25231495	RS76798435	RS116090114	PRUNED_LD	LD		EUR	3673	1.573E-11	57	1
10	104776527	RS11191515	RS11191580	PRUNED_LD	LD		MULTI	3674	1.577E-11	48	0.87
11	130861994	RS10894302	RS961491	PRUNED_LD	LD		MULTI	3675	1.589E-11	44	0.82
6	31232578	RS9264490	RS7748141	PRUNED_DISTANCE_FALLBACK	DISTANCE_FALLBACK		NA	3676	1.591E-11	24	
2	58040174	RS66490669	RS1356545	PRUNED_LD	LD		MULTI	3677	1.604E-11	39	0.76
6	32659516	RS9275222	6:32634952_G_T	PRUNED_DISTANCE_FALLBACK	DISTANCE_FALLBACK		NA	3678	1.616E-11	33	
7	2036669	RS4721295	RS12154473	PRUNED_LD	LD		MULTI	3679	1.676E-11	51	0.82
6	31609813	RS755714	RS431204	PRUNED_DISTANCE_FALLBACK	DISTANCE_FALLBACK		NA	3680	1.684E-11	14	
15	91423543	RS6224	RS6226	PRUNED_LD	LD		EUR	3681	1.686E-11	41	0.39
2	57973818	RS7557715	RS1356545	PRUNED_LD	LD		MULTI	3682	1.692E-11	39	0.62
6	28039015	RS7755442	RS66868086	PRUNED_LD	LD		EUR	3683	1.709E-11	1	0.24
6	29048689	RS3129787	RS9257566	PRUNED_LD	LD		EUR	3684	1.712E-11	8	0.23
6	32678199	RS9275570	6:32634952_G_T	PRUNED_DISTANCE_FALLBACK	DISTANCE_FALLBACK		NA	3685	1.729E-11	33	
6	32702798	RS2859075	6:32634952_G_T	PRUNED_DISTANCE_FALLBACK	DISTANCE_FALLBACK		NA	3686	1.736E-11	33	
11	130835975	RS2113928	RS961491	PRUNED_LD	LD		MULTI	3687	1.741E-11	44	0.68
6	32700833	RS2859090	6:32634952_G_T	PRUNED_DISTANCE_FALLBACK	DISTANCE_FALLBACK		NA	3688	1.744E-11	33	
10	104619448	RS7100530	RS12219247	PRUNED_LD	LD		MULTI	3689	1.765E-11	54	0.92
10	104620735	RS10786715	RS12219247	PRUNED_LD	LD		MULTI	3690	1.767E-11	54	0.92
6	29102861	RS3129119	RS9257566	PRUNED_LD	LD		EUR	3691	1.767E-11	8	0.3
2	58179019	RS2717043	RS1356545	PRUNED_LD	LD		MULTI	3692	1.778E-11	39	0.81
6	28106827	RS4713145	RS66868086	PRUNED_LD	LD		EUR	3693	1.781E-11	1	0.24
12	2334260	RS11062166	RS1860002	PRUNED_LD	LD		EUR	3694	1.782E-11	45	0.38
6	28413587	RS13207208	RS539591970	PRUNED_DISTANCE_FALLBACK	DISTANCE_FALLBACK		NA	3695	1.784E-11	11	
6	28106790	RS4713144	RS66868086	PRUNED_LD	LD		EUR	3696	1.785E-11	1	0.24
10	104618524	RS7096249	RS12219247	PRUNED_LD	LD		MULTI	3697	1.792E-11	54	0.92
6	28106759	RS4713143	RS66868086	PRUNED_LD	LD		EUR	3698	1.801E-11	1	0.24
6	32700083	RS2858884	6:32634952_G_T	PRUNED_DISTANCE_FALLBACK	DISTANCE_FALLBACK		NA	3699	1.807E-11	33	
6	28415885	RS6939966	RS539591970	PRUNED_DISTANCE_FALLBACK	DISTANCE_FALLBACK		NA	3700	1.812E-11	11	
6	28022723	RS12173797	RS66868086	PRUNED_LD	LD		EUR	3701	1.816E-11	1	0.2
6	28107654	RS3757187	RS66868086	PRUNED_LD	LD		EUR	3702	1.816E-11	1	0.24
6	28406821	RS6917130	RS539591970	PRUNED_DISTANCE_FALLBACK	DISTANCE_FALLBACK		NA	3703	1.817E-11	11	
10	104635103	RS12764899	RS12219247	PRUNED_LD	LD		MULTI	3704	1.819E-11	54	0.51
6	27254843	RS6913724	RS13215879	PRUNED_DISTANCE_FALLBACK	DISTANCE_FALLBACK		NA	3705	1.821E-11	22	
6	28405935	RS66542396	RS539591970	PRUNED_DISTANCE_FALLBACK	DISTANCE_FALLBACK		NA	3706	1.829E-11	11	
10	104657469	RS12218148	RS11191580	PRUNED_LD	LD		MULTI	3707	1.834E-11	48	0.72
6	32702108	RS2859081	6:32634952_G_T	PRUNED_DISTANCE_FALLBACK	DISTANCE_FALLBACK		NA	3708	1.84E-11	33	
10	104657248	RS113282265	RS11191580	PRUNED_LD	LD		MULTI	3709	1.846E-11	48	0.74
6	25257530	RS78252389	RS116090114	PRUNED_LD	LD		EUR	3710	1.852E-11	57	1
10	104958244	RS10883846	RS1163238	PRUNED_LD	LD		MULTI	3711	1.856E-11	55	1
6	32702381	RS2859079	6:32634952_G_T	PRUNED_DISTANCE_FALLBACK	DISTANCE_FALLBACK		NA	3712	1.864E-11	33	
6	28106141	RS6941992	RS66868086	PRUNED_LD	LD		EUR	3713	1.869E-11	1	0.24
6	28107776	RS3757185	RS66868086	PRUNED_LD	LD		EUR	3714	1.869E-11	1	0.24
1	98315061	RS12073487	RS4950119	PRUNED_LD	LD		MULTI	3715	1.874E-11	47	0.78
6	28106347	RS4713142	RS66868086	PRUNED_LD	LD		EUR	3716	1.874E-11	1	0.24
1	98305394	RS7526108	RS4950119	PRUNED_LD	LD		MULTI	3717	1.875E-11	47	0.78
6	28104634	RS9380057	RS66868086	PRUNED_LD	LD		EUR	3718	1.88E-11	1	0.24
6	32701338	RS2859087	6:32634952_G_T	PRUNED_DISTANCE_FALLBACK	DISTANCE_FALLBACK		NA	3719	1.889E-11	33	
12	2368674	RS10774035	RS1860002	PRUNED_LD	LD		EUR	3720	1.905E-11	45	0.52
10	104721962	RS78260931	RS11191580	PRUNED_LD	LD		MULTI	3721	1.91E-11	48	0.84
6	28403603	RS11752919	RS539591970	PRUNED_DISTANCE_FALLBACK	DISTANCE_FALLBACK		NA	3722	1.911E-11	11	
3	52559705	RS11709284	RS13083798	PRUNED_LD	LD		MULTI	3723	1.914E-11	42	0.79
6	28105196	RS1947862	RS66868086	PRUNED_LD	LD		EUR	3724	1.916E-11	1	0.24
10	104775483	RS7090337	RS12219247	PRUNED_LD	LD		EUR	3725	1.92E-11	54	0.22
15	91428197	RS2071382	RS6226	PRUNED_LD	LD		EUR	3726	1.934E-11	41	0.37
1	98436232	RS12067700	RS4950119	PRUNED_LD	LD		MULTI	3727	1.942E-11	47	0.85
10	104713162	RS11191475	RS11191580	PRUNED_LD	LD		MULTI	3728	1.946E-11	48	0.81
3	52566065	RS4282054	RS13083798	PRUNED_LD	LD		MULTI	3729	1.956E-11	42	0.79
6	32702586	RS2859076	6:32634952_G_T	PRUNED_DISTANCE_FALLBACK	DISTANCE_FALLBACK		NA	3730	1.963E-11	33	
10	104659852	RS11191453	RS11191580	PRUNED_LD	LD		MULTI	3731	1.974E-11	48	0.78
10	104685299	RS12411886	RS11191580	PRUNED_LD	LD		MULTI	3732	1.974E-11	48	0.78
10	104713076	RS10883806	RS11191580	PRUNED_LD	LD		MULTI	3733	1.974E-11	48	0.81
10	104660688	RS10883798	RS11191580	PRUNED_LD	LD		MULTI	3734	1.978E-11	48	0.78
7	2036550	RS4721294	RS12154473	PRUNED_LD	LD		MULTI	3735	1.978E-11	51	0.81
11	130853832	RS7939417	RS961491	PRUNED_LD	LD		MULTI	3736	1.986E-11	44	0.81
10	104661245	RS17884001	RS11191580	PRUNED_LD	LD		MULTI	3737	1.987E-11	48	0.78
10	104661881	RS4568943	RS11191580	PRUNED_LD	LD		MULTI	3738	1.995E-11	48	0.78
3	52568805	RS7639267	RS13083798	PRUNED_LD	LD		MULTI	3739	1.997E-11	42	0.8
11	130876350	RS10894307	RS961491	PRUNED_LD	LD		MULTI	3740	2.003E-11	44	0.79
10	104628234	RS7098825	RS12219247	PRUNED_LD	LD		ASN	3741	2.007E-11	54	0.29
10	104662215	RS17879819	RS11191580	PRUNED_LD	LD		MULTI	3742	2.02E-11	48	0.78
6	29138949	RS3130740	RS9257566	PRUNED_LD	LD		EUR	3743	2.031E-11	8	0.34
10	104945823	RS77420391	RS11191580	PRUNED_LD	LD		MULTI	3744	2.032E-11	48	1
6	25240510	RS76266945	RS116090114	PRUNED_LD	LD		EUR	3745	2.049E-11	57	1
12	2333671	RS1108075	RS1860002	PRUNED_LD	LD		EUR	3746	2.058E-11	45	0.38
6	25245898	RS74548903	RS116090114	PRUNED_LD	LD		EUR	3747	2.06E-11	57	1
6	25240214	RS115949281	RS116090114	PRUNED_LD	LD		EUR	3748	2.062E-11	57	1
11	130882944	RS1865296	RS961491	PRUNED_LD	LD		MULTI	3749	2.065E-11	44	0.79
6	25241273	RS138267301	RS116090114	PRUNED_LD	LD		EUR	3750	2.075E-11	57	1
10	104766891	RS11191505	RS11191580	PRUNED_LD	LD		MULTI	3751	2.077E-11	48	0.87
10	104613355	RS12219246	RS12219247	PRUNED_LD	LD		MULTI	3752	2.083E-11	54	0.99
6	25233485	RS77914161	RS116090114	PRUNED_LD	LD		EUR	3753	2.087E-11	57	1
23	68377499	RS2885287	RS2885287	SELECTED_LEAD	LD	OK		3754	2.092E-11	60	
6	26851785	RS10946859	RS13215879	PRUNED_DISTANCE_FALLBACK	DISTANCE_FALLBACK		NA	3755	2.094E-11	22	
6	26375642	RS9348715	RS41266839	PRUNED_LD	LD		EUR	3756	2.098E-11	3	0.21
6	25199853	RS77482156	RS116090114	PRUNED_LD	LD		EUR	3757	2.1E-11	57	0.84
6	25250050	RS75672316	RS116090114	PRUNED_LD	LD		EUR	3758	2.105E-11	57	1
11	130839772	RS2324315	RS961491	PRUNED_LD	LD		MULTI	3759	2.118E-11	44	0.8
6	25204774	RS80331120	RS116090114	PRUNED_LD	LD		EUR	3760	2.122E-11	57	0.84
1	73837417	RS12128161	RS1160682	PRUNED_LD	LD		MULTI	3761	2.129E-11	53	0.95
10	104729249	RS11191484	RS11191580	PRUNED_LD	LD		MULTI	3762	2.129E-11	48	0.84
11	130835974	RS2113929	RS961491	PRUNED_LD	LD		MULTI	3763	2.131E-11	44	0.59
6	29822131	RS9258645	RS3131856	PRUNED_LD	LD		EUR	3764	2.134E-11	12	0.22
6	25204583	RS77042011	RS116090114	PRUNED_LD	LD		EUR	3765	2.144E-11	57	0.84
10	104665267	RS12221193	RS11191580	PRUNED_LD	LD		MULTI	3766	2.147E-11	48	0.78
10	104666757	RS77180047	RS11191580	PRUNED_LD	LD		MULTI	3767	2.155E-11	48	0.75
6	29821896	RS2734980	RS3131856	PRUNED_LD	LD		EUR	3768	2.161E-11	12	0.21
10	104773364	RS11191514	RS11191580	PRUNED_LD	LD		MULTI	3769	2.168E-11	48	0.9
11	130849354	RS10791108	RS961491	PRUNED_LD	LD		MULTI	3770	2.174E-11	44	0.79
11	130840433	RS10894296	RS961491	PRUNED_LD	LD		MULTI	3771	2.178E-11	44	0.79
6	25248006	RS74983924	RS116090114	PRUNED_LD	LD		EUR	3772	2.19E-11	57	1
6	25260918	RS79249301	RS116090114	PRUNED_LD	LD		EUR	3773	2.205E-11	57	1
6	29821692	RS2734981	RS3131856	PRUNED_LD	LD		EUR	3774	2.213E-11	12	0.21
2	233656918	RS283470	RS2293780	PRUNED_LD	LD		MULTI	3775	2.236E-11	43	0.92
1	98315893	RS12072739	RS4950119	PRUNED_LD	LD		MULTI	3776	2.242E-11	47	0.78
1	73872885	1:73872885_A_G	RS75407229	PRUNED_DISTANCE_FALLBACK	DISTANCE_FALLBACK		NA	3777	2.246E-11	59	
1	73916648	RS11807366	RS1160682	PRUNED_LD	LD		MULTI	3778	2.252E-11	53	0.82
6	29824340	RS9258690	RS3131856	PRUNED_LD	LD		EUR	3779	2.257E-11	12	0.22
6	28042465	RS12174753	RS66868086	PRUNED_LD	LD		EUR	3780	2.263E-11	1	0.25
6	25317752	RS76426173	RS35789010	PRUNED_LD	LD		EUR	3781	2.264E-11	49	0.28
6	32295878	RS9268251	RS431204	PRUNED_DISTANCE_FALLBACK	DISTANCE_FALLBACK		NA	3782	2.269E-11	14	
6	29822521	RS2517860	RS3131856	PRUNED_LD	LD		EUR	3783	2.271E-11	12	0.21
1	98547502	RS1782812	RS4950119	PRUNED_LD	LD		MULTI	3784	2.279E-11	47	0.93
6	29821982	RS2517861	RS3131856	PRUNED_LD	LD		EUR	3785	2.28E-11	12	0.22
6	29820329	RS5013087	RS3131856	PRUNED_LD	LD		EUR	3786	2.284E-11	12	0.22
6	29822955	RS3094173	RS547591961	PRUNED_DISTANCE_FALLBACK	DISTANCE_FALLBACK		NA	3787	2.286E-11	13	
6	29821384	RS2247719	RS3131856	PRUNED_LD	LD		EUR	3788	2.287E-11	12	0.22
1	73899639	RS4523481	RS1160682	PRUNED_LD	LD		MULTI	3789	2.288E-11	53	0.82
1	73884838	RS12731986	RS1160682	PRUNED_LD	LD		MULTI	3790	2.293E-11	53	0.86
6	29822571	RS2517859	RS3131856	PRUNED_LD	LD		EUR	3791	2.296E-11	12	0.21
2	57978858	RS1460255	RS1356545	PRUNED_LD	LD		MULTI	3792	2.301E-11	39	0.63
1	73882478	RS1475064	RS1160682	PRUNED_LD	LD		MULTI	3793	2.306E-11	53	0.85
10	104739179	RS10883815	RS11191580	PRUNED_LD	LD		MULTI	3794	2.313E-11	48	0.84
10	104656039	RS35125602	RS12219247	PRUNED_LD	LD		ASN	3795	2.317E-11	54	0.24
6	29643877	RS2535240	RS3131856	PRUNED_LD	LD		EUR	3796	2.32E-11	12	0.27
6	29823800	RS2517850	RS3131856	PRUNED_LD	LD		EUR	3797	2.323E-11	12	0.22
1	73873755	RS3964487	RS1160682	PRUNED_LD	LD		MULTI	3798	2.359E-11	53	0.85
6	28044482	RS56310871	RS66868086	PRUNED_LD	LD		EUR	3799	2.36E-11	1	0.25
6	28046169	RS34716816	RS66868086	PRUNED_LD	LD		EUR	3800	2.367E-11	1	0.25
6	32191620	RS3134930	RS2071278	PRUNED_LD	LD		EUR	3801	2.37E-11	10	0.4
11	130835883	RS1594821	RS961491	PRUNED_LD	LD		MULTI	3802	2.372E-11	44	0.75
6	28044337	RS55747925	RS66868086	PRUNED_LD	LD		EUR	3803	2.376E-11	1	0.25
6	28104476	RS9380056	RS66868086	PRUNED_LD	LD		EUR	3804	2.385E-11	1	0.24
23	68377126	RS5937157	RS5937157	SELECTED_LEAD	LD	OK		3805	2.393E-11	61	
6	25873025	RS501220	RS71557335	PRUNED_DISTANCE_FALLBACK	DISTANCE_FALLBACK		NA	3806	2.397E-11	29	
12	2368396	RS2370414	RS1860002	PRUNED_LD	LD		MULTI	3807	2.399E-11	45	0.72
10	104655350	RS74233296	RS12219247	PRUNED_LD	LD		ASN	3808	2.4E-11	54	0.24
10	104719096	RS12413409	RS11191580	PRUNED_LD	LD		MULTI	3809	2.41E-11	48	0.84
6	29820670	RS3128910	RS3131856	PRUNED_LD	LD		EUR	3810	2.415E-11	12	0.22
6	28064633	RS9366715	RS66868086	PRUNED_LD	LD		EUR	3811	2.418E-11	1	0.25
10	104721126	RS10883808	RS11191580	PRUNED_LD	LD		MULTI	3812	2.422E-11	48	0.84
11	130839161	RS10791105	RS961491	PRUNED_LD	LD		MULTI	3813	2.422E-11	44	0.77
6	29820034	RS2508051	RS3131856	PRUNED_LD	LD		EUR	3814	2.422E-11	12	0.21
6	25219582	RS77006546	RS116090114	PRUNED_LD	LD		EUR	3815	2.423E-11	57	1
12	123895906	RS28577594	RS4460848	PRUNED_LD	LD		MULTI	3816	2.424E-11	34	0.37
2	233768788	RS938575	RS2293780	PRUNED_LD	LD		EUR	3817	2.424E-11	43	0.42
1	73896218	RS11580539	RS1160682	PRUNED_LD	LD		MULTI	3818	2.435E-11	53	0.81
6	29820831	RS2734984	RS3131856	PRUNED_LD	LD		EUR	3819	2.435E-11	12	0.22
10	104713113	RS11191474	RS11191580	PRUNED_LD	LD		MULTI	3820	2.446E-11	48	0.81
6	29820253	RS9258610	RS3131856	PRUNED_LD	LD		EUR	3821	2.452E-11	12	0.22
6	28050047	RS9368549	RS66868086	PRUNED_LD	LD		EUR	3822	2.454E-11	1	0.22
6	28050009	RS9393885	RS66868086	PRUNED_LD	LD		EUR	3823	2.455E-11	1	0.24
6	28050039	RS9393886	RS66868086	PRUNED_LD	LD		EUR	3824	2.456E-11	1	0.24
10	104673097	RS7475853	RS11191580	PRUNED_LD	LD		MULTI	3825	2.458E-11	48	0.75
6	31333095	RS2428490	RS7748141	PRUNED_DISTANCE_FALLBACK	DISTANCE_FALLBACK		NA	3826	2.461E-11	24	
6	28067951	RS2116981	RS66868086	PRUNED_LD	LD		EUR	3827	2.466E-11	1	0.24
6	28068426	RS9368552	RS66868086	PRUNED_LD	LD		EUR	3828	2.47E-11	1	0.25
6	31333019	RS2853995	RS7748141	PRUNED_DISTANCE_FALLBACK	DISTANCE_FALLBACK		NA	3829	2.478E-11	24	
6	28050762	RS56364346	RS66868086	PRUNED_LD	LD		EUR	3830	2.479E-11	1	0.24
6	28077602	RS17711344	RS66868086	PRUNED_LD	LD		EUR	3831	2.481E-11	1	0.25
6	28199764	RS11967137	RS67981811	PRUNED_LD	LD		EUR	3832	2.489E-11	2	0.35
6	28046789	RS9393884	RS66868086	PRUNED_LD	LD		EUR	3833	2.492E-11	1	0.25
6	28054404	RS9357062	RS66868086	PRUNED_LD	LD		EUR	3834	2.492E-11	1	0.25
6	28076270	RS35193936	RS66868086	PRUNED_LD	LD		EUR	3835	2.493E-11	1	0.25
6	31332703	RS2844581	RS7748141	PRUNED_DISTANCE_FALLBACK	DISTANCE_FALLBACK		NA	3836	2.495E-11	24	
6	25870655	RS555460	RS71557335	PRUNED_DISTANCE_FALLBACK	DISTANCE_FALLBACK		NA	3837	2.498E-11	29	
6	31333562	RS2523544	RS7748141	PRUNED_DISTANCE_FALLBACK	DISTANCE_FALLBACK		NA	3838	2.498E-11	24	
10	104614350	RS3824754	RS12219247	PRUNED_LD	LD		ASN	3839	2.506E-11	54	0.34
6	28048535	RS9380049	RS66868086	PRUNED_LD	LD		EUR	3840	2.507E-11	1	0.25
6	29820170	RS9258606	RS3131856	PRUNED_LD	LD		EUR	3841	2.509E-11	12	0.21
3	52555957	RS9853056	RS13083798	PRUNED_LD	LD		MULTI	3842	2.51E-11	42	0.75
6	28054707	RS16893666	RS66868086	PRUNED_LD	LD		EUR	3843	2.511E-11	1	0.25
6	28051803	RS9368550	RS66868086	PRUNED_LD	LD		EUR	3844	2.512E-11	1	0.25
6	28075000	RS34131763	RS66868086	PRUNED_LD	LD		EUR	3845	2.513E-11	1	0.25
10	104723620	RS11191479	RS11191580	PRUNED_LD	LD		MULTI	3846	2.517E-11	48	0.84
12	2321868	RS1016388	RS1860002	PRUNED_LD	LD		MULTI	3847	2.517E-11	45	0.55
6	28072602	RS2281588	RS66868086	PRUNED_LD	LD		EUR	3848	2.524E-11	1	0.25
6	28053097	RS2295594	RS66868086	PRUNED_LD	LD		EUR	3849	2.525E-11	1	0.25
10	104769709	RS11191511	RS11191511	SELECTED_LEAD	LD	OK		3850	2.536E-11	62	
6	28064623	RS9380052	RS66868086	PRUNED_LD	LD		EUR	3851	2.54E-11	1	0.25
6	28079160	RS9393891	RS66868086	PRUNED_LD	LD		EUR	3852	2.553E-11	1	0.25
6	28069621	RS113211083	6:28301195_A_G	PRUNED_DISTANCE_FALLBACK	DISTANCE_FALLBACK		NA	3853	2.555E-11	16	
6	28063855	RS9393890	RS66868086	PRUNED_LD	LD		EUR	3854	2.556E-11	1	0.25
10	104652323	RS11191447	RS12219247	PRUNED_LD	LD		ASN	3855	2.56E-11	54	0.25
6	28081394	RS9393892	RS66868086	PRUNED_LD	LD		EUR	3856	2.563E-11	1	0.25
1	98310239	RS61787782	RS4950119	PRUNED_LD	LD		MULTI	3857	2.566E-11	47	0.78
10	104764271	RS11191499	RS11191580	PRUNED_LD	LD		MULTI	3858	2.569E-11	48	0.87
6	28051772	RS9357061	RS66868086	PRUNED_LD	LD		EUR	3859	2.57E-11	1	0.25
6	28078411	RS6931858	RS66868086	PRUNED_LD	LD		EUR	3860	2.574E-11	1	0.25
12	2335941	RS2239030	RS1860002	PRUNED_LD	LD		MULTI	3861	2.575E-11	45	0.57
6	28079428	RS9468286	RS66868086	PRUNED_LD	LD		EUR	3862	2.575E-11	1	0.25
6	28057594	RS2273564	RS66868086	PRUNED_LD	LD		EUR	3863	2.58E-11	1	0.25
6	28078032	RS36078605	RS66868086	PRUNED_LD	LD		EUR	3864	2.58E-11	1	0.25
10	104769275	RS74444347	RS11191580	PRUNED_LD	LD		MULTI	3865	2.583E-11	48	0.87
15	91428589	RS7183988	RS6226	PRUNED_LD	LD		EUR	3866	2.584E-11	41	0.37
6	28061744	RS3823180	RS66868086	PRUNED_LD	LD		EUR	3867	2.584E-11	1	0.25
6	28079946	RS7739216	RS66868086	PRUNED_LD	LD		EUR	3868	2.584E-11	1	0.25
6	28079953	RS35512245	RS66868086	PRUNED_LD	LD		EUR	3869	2.584E-11	1	0.25
6	28103691	RS1340004	RS66868086	PRUNED_LD	LD		EUR	3870	2.584E-11	1	0.25
6	31229462	RS2844627	RS7748141	PRUNED_DISTANCE_FALLBACK	DISTANCE_FALLBACK		NA	3871	2.586E-11	24	
6	28081629	RS9380055	RS66868086	PRUNED_LD	LD		EUR	3872	2.587E-11	1	0.25
6	31327660	RS1811197	RS7748141	PRUNED_DISTANCE_FALLBACK	DISTANCE_FALLBACK		NA	3873	2.587E-11	24	
6	31332496	RS2523549	RS7748141	PRUNED_DISTANCE_FALLBACK	DISTANCE_FALLBACK		NA	3874	2.588E-11	24	
6	31331954	RS2523552	RS7748141	PRUNED_DISTANCE_FALLBACK	DISTANCE_FALLBACK		NA	3875	2.593E-11	24	
6	28082265	RS9368553	RS66868086	PRUNED_LD	LD		EUR	3876	2.594E-11	1	0.25
10	104681143	RS17115213	RS11191580	PRUNED_LD	LD		MULTI	3877	2.596E-11	48	0.78
6	28082711	RS9368554	RS66868086	PRUNED_LD	LD		EUR	3878	2.596E-11	1	0.25
6	29820638	RS9258621	RS3131856	PRUNED_LD	LD		EUR	3879	2.597E-11	12	0.21
6	25869848	RS523383	RS71557335	PRUNED_DISTANCE_FALLBACK	DISTANCE_FALLBACK		NA	3880	2.6E-11	29	
6	28084189	RS9348793	RS66868086	PRUNED_LD	LD		EUR	3881	2.6E-11	1	0.25
6	28087674	RS9468290	RS66868086	PRUNED_LD	LD		EUR	3882	2.601E-11	1	0.24
12	123451018	RS61955196	RS4460848	PRUNED_LD	LD		MULTI	3883	2.602E-11	34	0.53
6	28083521	RS4713137	RS66868086	PRUNED_LD	LD		EUR	3884	2.603E-11	1	0.25
6	31332256	RS2853997	RS7748141	PRUNED_DISTANCE_FALLBACK	DISTANCE_FALLBACK		NA	3885	2.604E-11	24	
6	28061792	RS9368551	RS66868086	PRUNED_LD	LD		EUR	3886	2.605E-11	1	0.25
7	2028663	RS4721287	RS12154473	PRUNED_LD	LD		MULTI	3887	2.606E-11	51	0.84
6	29820494	RS5013092	RS3131856	PRUNED_LD	LD		EUR	3888	2.608E-11	12	0.22
6	29820487	RS5013091	RS3131856	PRUNED_LD	LD		EUR	3889	2.615E-11	12	0.22
6	28058635	RS1853097	RS66868086	PRUNED_LD	LD		EUR	3890	2.616E-11	1	0.25
10	104769392	RS12221335	RS11191580	PRUNED_LD	LD		MULTI	3891	2.618E-11	48	0.84
6	25869371	RS548987	RS71557335	PRUNED_DISTANCE_FALLBACK	DISTANCE_FALLBACK		NA	3892	2.62E-11	29	
6	31331977	RS2844583	RS7748141	PRUNED_DISTANCE_FALLBACK	DISTANCE_FALLBACK		NA	3893	2.628E-11	24	
6	28067537	RS9380054	RS66868086	PRUNED_LD	LD		EUR	3894	2.63E-11	1	0.25
6	31331095	RS2250399	RS7748141	PRUNED_DISTANCE_FALLBACK	DISTANCE_FALLBACK		NA	3895	2.631E-11	24	
6	28060005	RS9357063	RS66868086	PRUNED_LD	LD		EUR	3896	2.632E-11	1	0.25
6	28059217	RS9393888	RS66868086	PRUNED_LD	LD		EUR	3897	2.634E-11	1	0.25
10	104677126	RS12221064	RS11191580	PRUNED_LD	LD		MULTI	3898	2.636E-11	48	0.78
10	104766120	RS113554404	RS11191580	PRUNED_LD	LD		MULTI	3899	2.636E-11	48	0.87
6	28059437	RS3734573	RS66868086	PRUNED_LD	LD		EUR	3900	2.638E-11	1	0.25
10	104598995	RS138009835	RS12219247	PRUNED_LD	LD		ASN	3901	2.643E-11	54	0.34
6	28033087	RS149951	6:28301195_A_G	PRUNED_DISTANCE_FALLBACK	DISTANCE_FALLBACK		NA	3902	2.645E-11	16	
11	130894131	RS7130938	RS961491	PRUNED_LD	LD		MULTI	3903	2.648E-11	44	0.76
6	28033039	RS149950	6:28301195_A_G	PRUNED_DISTANCE_FALLBACK	DISTANCE_FALLBACK		NA	3904	2.651E-11	16	
6	28092307	RS17711801	RS66868086	PRUNED_LD	LD		EUR	3905	2.651E-11	1	0.25
6	31228860	RS2524122	RS7748141	PRUNED_DISTANCE_FALLBACK	DISTANCE_FALLBACK		NA	3906	2.654E-11	24	
15	91428636	RS7177338	RS6226	PRUNED_LD	LD		EUR	3907	2.66E-11	41	0.37
6	28078303	RS6932109	RS66868086	PRUNED_LD	LD		EUR	3908	2.662E-11	1	0.25
6	29820587	RS5013094	RS547591961	PRUNED_DISTANCE_FALLBACK	DISTANCE_FALLBACK		NA	3909	2.674E-11	13	
1	73845360	RS10749822	RS1160682	PRUNED_LD	LD		MULTI	3910	2.678E-11	53	0.98
10	104765494	RS11191502	RS11191580	PRUNED_LD	LD		MULTI	3911	2.68E-11	48	0.87
1	73846542	RS11210217	RS1160682	PRUNED_LD	LD		MULTI	3912	2.682E-11	53	0.93
6	32614127	RS3998176	6:32634952_G_T	PRUNED_DISTANCE_FALLBACK	DISTANCE_FALLBACK		NA	3913	2.682E-11	33	
6	28090931	RS6934769	RS66868086	PRUNED_LD	LD		EUR	3914	2.704E-11	1	0.25
6	28059020	RS9393887	RS66868086	PRUNED_LD	LD		EUR	3915	2.712E-11	1	0.25
6	28065993	RS34466819	RS66868086	PRUNED_LD	LD		EUR	3916	2.712E-11	1	0.25
6	28101678	RS4713141	RS66868086	PRUNED_LD	LD		EUR	3917	2.714E-11	1	0.25
1	73845941	RS10736419	RS1160682	PRUNED_LD	LD		MULTI	3918	2.721E-11	53	0.98
6	31232451	RS2524108	RS7748141	PRUNED_DISTANCE_FALLBACK	DISTANCE_FALLBACK		NA	3919	2.725E-11	24	
10	104741031	RS112390216	RS11191580	PRUNED_LD	LD		MULTI	3920	2.727E-11	48	0.87
6	28031838	RS183244	6:28301195_A_G	PRUNED_DISTANCE_FALLBACK	DISTANCE_FALLBACK		NA	3921	2.731E-11	16	
6	29820586	RS5013093	RS547591961	PRUNED_DISTANCE_FALLBACK	DISTANCE_FALLBACK		NA	3922	2.736E-11	13	
10	104778812	RS113970872	RS11191580	PRUNED_LD	LD		MULTI	3923	2.749E-11	48	0.9
10	104780038	RS11191517	RS11191580	PRUNED_LD	LD		MULTI	3924	2.75E-11	48	0.9
6	28205502	RS9366718	RS67981811	PRUNED_LD	LD		EUR	3925	2.758E-11	2	0.35
2	58208074	RS1518395	RS1356545	PRUNED_LD	LD		MULTI	3926	2.771E-11	39	0.78
6	29820389	RS5013088	RS3131856	PRUNED_LD	LD		EUR	3927	2.776E-11	12	0.22
6	31147476	RS3130507	RS1793894	PRUNED_LD	LD		EUR	3928	2.78E-11	17	0.23
1	73842480	RS11210216	RS1160682	PRUNED_LD	LD		MULTI	3929	2.789E-11	53	0.97
6	28099344	RS1947863	RS66868086	PRUNED_LD	LD		EUR	3930	2.81E-11	1	0.24
3	52555316	RS13081028	RS13083798	PRUNED_LD	LD		MULTI	3931	2.816E-11	42	0.72
6	28095172	RS9461433	RS66868086	PRUNED_LD	LD		EUR	3932	2.826E-11	1	0.25
11	130803634	RS12790299	RS961491	PRUNED_LD	LD		MULTI	3933	2.829E-11	44	0.65
6	28095355	RS9468292	RS66868086	PRUNED_LD	LD		EUR	3934	2.832E-11	1	0.25
7	2030104	RS60755037	RS12154473	PRUNED_LD	LD		MULTI	3935	2.853E-11	51	0.85
3	136288405	RS7432375	RS1394094	PRUNED_LD	LD		MULTI	3936	2.854E-11	50	0.61
6	28094366	RS6922063	RS66868086	PRUNED_LD	LD		EUR	3937	2.879E-11	1	0.25
7	2041432	RS1107592	RS12154473	PRUNED_LD	LD		MULTI	3938	2.882E-11	51	0.82
6	32298814	RS3129949	RS431204	PRUNED_DISTANCE_FALLBACK	DISTANCE_FALLBACK		NA	3939	2.895E-11	14	
6	31228084	RS2844630	RS7748141	PRUNED_DISTANCE_FALLBACK	DISTANCE_FALLBACK		NA	3940	2.896E-11	24	
10	104784918	RS11191519	RS11191580	PRUNED_LD	LD		MULTI	3941	2.908E-11	48	0.9
12	2333484	RS1108074	RS1860002	PRUNED_LD	LD		EUR	3942	2.908E-11	45	0.39
12	2337746	RS2239033	RS1860002	PRUNED_LD	LD		MULTI	3943	2.916E-11	45	0.57
7	2029940	RS56727870	RS12154473	PRUNED_LD	LD		MULTI	3944	2.935E-11	51	0.85
10	104958900	RS112913898	RS11191580	PRUNED_LD	LD		MULTI	3945	2.942E-11	48	0.95
6	31330611	RS2523563	RS7748141	PRUNED_DISTANCE_FALLBACK	DISTANCE_FALLBACK		NA	3946	2.944E-11	24	
7	2030007	RS60995052	RS12154473	PRUNED_LD	LD		MULTI	3947	2.948E-11	51	0.85
7	2029629	RS60432611	RS12154473	PRUNED_LD	LD		MULTI	3948	2.953E-11	51	0.85
6	31330359	RS2250293	RS7748141	PRUNED_DISTANCE_FALLBACK	DISTANCE_FALLBACK		NA	3949	2.958E-11	24	
6	28607995	RS34470113	RS13194504	PRUNED_LD	LD		EUR	3950	2.983E-11	7	0.29
6	27232395	RS6456771	RS13215879	PRUNED_DISTANCE_FALLBACK	DISTANCE_FALLBACK		NA	3951	2.989E-11	22	
12	2337460	RS2283291	RS1860002	PRUNED_LD	LD		MULTI	3952	2.99E-11	45	0.57
12	2355806	RS7297582	RS1860002	PRUNED_LD	LD		EUR	3953	3.007E-11	45	0.52
10	104913940	RS74233809	RS11191580	PRUNED_LD	LD		MULTI	3954	3.012E-11	48	1
6	28011551	RS202908	RS66868086	PRUNED_LD	LD		EUR	3955	3.017E-11	1	0.21
3	136298879	RS12163529	RS1394094	PRUNED_LD	LD		MULTI	3956	3.029E-11	50	0.6
6	28094731	RS2275508	RS66868086	PRUNED_LD	LD		EUR	3957	3.032E-11	1	0.25
6	28018689	RS149965	RS66868086	PRUNED_LD	LD		EUR	3958	3.044E-11	1	0.2
10	104682602	RS77602510	RS11191580	PRUNED_LD	LD		MULTI	3959	3.055E-11	48	0.78
6	28013854	RS149959	RS66868086	PRUNED_LD	LD		EUR	3960	3.055E-11	1	0.2
6	32987888	RS17214290	RS75301392	PRUNED_LD	LD		EUR	3961	3.055E-11	20	0.46
6	28013617	RS149958	RS66868086	PRUNED_LD	LD		EUR	3962	3.056E-11	1	0.2
3	52325759	RS2276834	RS2276834	SELECTED_LEAD	LD	OK_LOCAL_CACHE		3963	3.069E-11	63	
6	28013410	RS156739	RS66868086	PRUNED_LD	LD		EUR	3964	3.08E-11	1	0.2
6	25198735	RS76152345	RS116090114	PRUNED_LD	LD		EUR	3965	3.097E-11	57	0.84
1	98409303	RS4423049	RS4950119	PRUNED_LD	LD		MULTI	3966	3.099E-11	47	0.79
10	104748009	RS77860422	RS11191580	PRUNED_LD	LD		MULTI	3967	3.108E-11	48	0.84
6	28010078	RS169431	RS66868086	PRUNED_LD	LD		EUR	3968	3.116E-11	1	0.22
10	104689665	RS10509759	RS11191580	PRUNED_LD	LD		MULTI	3969	3.12E-11	48	0.78
6	27261700	RS7746841	RS13215879	PRUNED_DISTANCE_FALLBACK	DISTANCE_FALLBACK		NA	3970	3.124E-11	22	
6	28411303	RS2531804	RS539591970	PRUNED_DISTANCE_FALLBACK	DISTANCE_FALLBACK		NA	3971	3.124E-11	11	
6	32415426	RS3135386	RS431204	PRUNED_DISTANCE_FALLBACK	DISTANCE_FALLBACK		NA	3972	3.127E-11	14	
10	104613020	RS112468006	RS12219247	PRUNED_LD	LD		ASN	3973	3.135E-11	54	0.37
6	32688189	RS9275709	RS1794282	PRUNED_LD	LD		EUR	3974	3.135E-11	19	0.3
10	104776205	RS77787671	RS11191580	PRUNED_LD	LD		MULTI	3975	3.138E-11	48	0.9
6	28014025	RS156738	RS66868086	PRUNED_LD	LD		EUR	3976	3.138E-11	1	0.2
6	29818841	RS2523760	RS3131856	PRUNED_LD	LD		EUR	3977	3.148E-11	12	0.23
6	31228634	RS3130444	RS7748141	PRUNED_DISTANCE_FALLBACK	DISTANCE_FALLBACK		NA	3978	3.168E-11	24	
6	25588815	RS13212936	RS35789010	PRUNED_LD	LD		EUR	3979	3.171E-11	49	0.6
6	32301910	RS2022537	RS431204	PRUNED_DISTANCE_FALLBACK	DISTANCE_FALLBACK		NA	3980	3.184E-11	14	
6	29818744	RS2517870	RS3131856	PRUNED_LD	LD		EUR	3981	3.186E-11	12	0.23
10	104638480	RS3740390	RS12219247	PRUNED_LD	LD		ASN	3982	3.187E-11	54	0.25
6	28175549	RS1150696	RS67981811	PRUNED_LD	LD		EUR	3983	3.189E-11	2	0.25
10	104684544	RS78821730	RS11191580	PRUNED_LD	LD		MULTI	3984	3.194E-11	48	0.76
10	104635348	RS12765002	RS12219247	PRUNED_LD	LD		MULTI	3985	3.196E-11	54	0.53
1	73839921	RS1923224	RS1160682	PRUNED_LD	LD		MULTI	3986	3.208E-11	53	0.98
6	28028067	RS9368547	6:28301195_A_G	PRUNED_DISTANCE_FALLBACK	DISTANCE_FALLBACK		NA	3987	3.21E-11	16	
15	91429042	RS1894401	RS6226	PRUNED_LD	LD		EUR	3988	3.215E-11	41	0.36
6	31221698	RS1793891	RS7748141	PRUNED_DISTANCE_FALLBACK	DISTANCE_FALLBACK		NA	3989	3.218E-11	24	
6	28015918	RS149962	RS66868086	PRUNED_LD	LD		EUR	3990	3.224E-11	1	0.2
11	134246900	RS7112912	RS7112912	SELECTED_LEAD	LD	OK_LOCAL_CACHE		3991	3.235E-11	64	
6	26376161	RS1985732	RS41266839	PRUNED_LD	LD		EUR	3992	3.254E-11	3	0.2
6	25841122	RS1324088	RS13211947	PRUNED_LD	LD		EUR	3993	3.257E-11	35	0.47
1	73843213	RS7516608	RS1160682	PRUNED_LD	LD		MULTI	3994	3.27E-11	53	0.98
3	136274435	RS7427564	RS1394094	PRUNED_LD	LD		MULTI	3995	3.271E-11	50	0.62
1	73845254	RS10890037	RS1160682	PRUNED_LD	LD		MULTI	3996	3.272E-11	53	0.97
6	25841408	RS1324087	RS13211947	PRUNED_LD	LD		EUR	3997	3.286E-11	35	0.47
7	2030287	RS57216949	RS12154473	PRUNED_LD	LD		MULTI	3998	3.291E-11	51	0.82
6	32299822	RS1003878	RS431204	PRUNED_DISTANCE_FALLBACK	DISTANCE_FALLBACK		NA	3999	3.299E-11	14	
10	104612941	RS150786824	RS12219247	PRUNED_LD	LD		ASN	4000	3.313E-11	54	0.37
6	28007357	RS156734	RS66868086	PRUNED_LD	LD		EUR	4001	3.317E-11	1	0.23
6	29818662	RS2734985	RS3131856	PRUNED_LD	LD		EUR	4002	3.331E-11	12	0.23
1	73842685	RS7544965	RS1160682	PRUNED_LD	LD		MULTI	4003	3.335E-11	53	0.98
6	28006650	RS149897	RS66868086	PRUNED_LD	LD		EUR	4004	3.352E-11	1	0.23
1	98299475	RS10747488	RS4950119	PRUNED_LD	LD		MULTI	4005	3.353E-11	47	0.67
6	31589676	RS2844472	RS431204	PRUNED_DISTANCE_FALLBACK	DISTANCE_FALLBACK		NA	4006	3.37E-11	14	
1	73848944	RS12135094	RS1160682	PRUNED_LD	LD		MULTI	4007	3.398E-11	53	0.9
7	2025040	RS4721282	RS12154473	PRUNED_LD	LD		MULTI	4008	3.407E-11	51	0.85
11	130808679	RS10894288	RS961491	PRUNED_LD	LD		MULTI	4009	3.412E-11	44	0.7
10	104692633	RS112699822	RS11191580	PRUNED_LD	LD		MULTI	4010	3.469E-11	48	0.78
11	130845943	RS10894300	RS961491	PRUNED_LD	LD		MULTI	4011	3.478E-11	44	0.79
10	104694654	RS112314091	RS11191580	PRUNED_LD	LD		MULTI	4012	3.482E-11	48	0.78
1	73859300	RS10890039	RS1160682	PRUNED_LD	LD		MULTI	4013	3.484E-11	53	0.75
11	130806424	RS7131121	RS961491	PRUNED_LD	LD		MULTI	4014	3.51E-11	44	0.69
1	73829128	RS1923216	RS1160682	PRUNED_LD	LD		MULTI	4015	3.513E-11	53	0.96
6	29818716	RS2523762	RS3131856	PRUNED_LD	LD		EUR	4016	3.516E-11	12	0.21
2	233666787	RS283465	RS2293780	PRUNED_LD	LD		EUR	4017	3.521E-11	43	0.78
10	104635620	RS12771681	RS12219247	PRUNED_LD	LD		MULTI	4018	3.524E-11	54	0.53
11	130845590	RS7925594	RS961491	PRUNED_LD	LD		MULTI	4019	3.529E-11	44	0.79
11	130823576	RS10466547	RS961491	PRUNED_LD	LD		MULTI	4020	3.54E-11	44	0.86
10	104697516	RS5011520	RS11191580	PRUNED_LD	LD		MULTI	4021	3.573E-11	48	0.75
6	31593476	RS2260000	RS431204	PRUNED_DISTANCE_FALLBACK	DISTANCE_FALLBACK		NA	4022	3.573E-11	14	
1	98405032	RS6604098	RS4950119	PRUNED_LD	LD		MULTI	4023	3.582E-11	47	0.79
1	73849016	RS11210219	RS1160682	PRUNED_LD	LD		MULTI	4024	3.583E-11	53	0.89
7	2140312	RS4719431	RS12154473	PRUNED_LD	LD		MULTI	4025	3.583E-11	51	0.54
1	73848985	RS12120214	RS1160682	PRUNED_LD	LD		MULTI	4026	3.6E-11	53	0.89
12	2297996	RS11062146	RS1860002	PRUNED_LD	LD		MULTI	4027	3.6E-11	45	0.51
3	52308845	RS6445358	RS2276834	PRUNED_LD	LD		MULTI	4028	3.601E-11	63	1
6	31580245	RS2507957	RS431204	PRUNED_DISTANCE_FALLBACK	DISTANCE_FALLBACK		NA	4029	3.603E-11	14	
6	32305658	RS926592	RS431204	PRUNED_DISTANCE_FALLBACK	DISTANCE_FALLBACK		NA	4030	3.603E-11	14	
1	73848987	RS12127629	RS1160682	PRUNED_LD	LD		MULTI	4031	3.608E-11	53	0.89
1	73766431	RS11210201	RS1160682	PRUNED_LD	LD		MULTI	4032	3.627E-11	53	0.93
10	104634956	RS12764049	RS12219247	PRUNED_LD	LD		MULTI	4033	3.646E-11	54	0.53
6	31578772	RS2844477	RS431204	PRUNED_DISTANCE_FALLBACK	DISTANCE_FALLBACK		NA	4034	3.653E-11	14	
2	233767037	RS4973569	RS2293780	PRUNED_LD	LD		EUR	4035	3.678E-11	43	0.42
6	31233510	RS112229878	RS7748141	PRUNED_DISTANCE_FALLBACK	DISTANCE_FALLBACK		NA	4036	3.712E-11	24	
1	73856933	RS6704461	RS1160682	PRUNED_LD	LD		MULTI	4037	3.727E-11	53	0.9
6	28086479	RS6905522	6:28301195_A_G	PRUNED_DISTANCE_FALLBACK	DISTANCE_FALLBACK		NA	4038	3.731E-11	16	
1	73832675	RS2025080	RS1160682	PRUNED_LD	LD		MULTI	4039	3.734E-11	53	0.98
11	130795698	RS7944782	RS961491	PRUNED_LD	LD		MULTI	4040	3.748E-11	44	0.75
6	31590898	RS2736172	RS431204	PRUNED_DISTANCE_FALLBACK	DISTANCE_FALLBACK		NA	4041	3.748E-11	14	
12	2338396	RS3794297	RS1860002	PRUNED_LD	LD		MULTI	4042	3.754E-11	45	0.57
6	28086478	RS6905516	6:28301195_A_G	PRUNED_DISTANCE_FALLBACK	DISTANCE_FALLBACK		NA	4043	3.76E-11	16	
1	73828831	RS7541529	RS1160682	PRUNED_LD	LD		MULTI	4044	3.766E-11	53	0.98
1	73829623	RS6689032	RS1160682	PRUNED_LD	LD		MULTI	4045	3.769E-11	53	0.98
6	32702864	RS9276292	6:32634952_G_T	PRUNED_DISTANCE_FALLBACK	DISTANCE_FALLBACK		NA	4046	3.77E-11	33	
1	73856841	RS6704376	RS1160682	PRUNED_LD	LD		MULTI	4047	3.791E-11	53	0.9
1	73849297	RS10789370	RS1160682	PRUNED_LD	LD		MULTI	4048	3.794E-11	53	0.9
1	73857097	RS1984201	RS1160682	PRUNED_LD	LD		MULTI	4049	3.796E-11	53	0.9
1	73855051	RS1338645	RS1160682	PRUNED_LD	LD		MULTI	4050	3.797E-11	53	0.9
1	73856471	RS6701544	RS1160682	PRUNED_LD	LD		MULTI	4051	3.802E-11	53	0.9
1	73861924	RS1338651	RS1160682	PRUNED_LD	LD		MULTI	4052	3.802E-11	53	0.9
1	73857494	RS1856410	RS1160682	PRUNED_LD	LD		MULTI	4053	3.813E-11	53	0.9
1	73866598	RS1416269	RS1160682	PRUNED_LD	LD		MULTI	4054	3.815E-11	53	0.9
1	73856091	RS55994666	RS1160682	PRUNED_LD	LD		MULTI	4055	3.818E-11	53	0.9
1	73857058	RS6689493	RS1160682	PRUNED_LD	LD		MULTI	4056	3.826E-11	53	0.9
6	32421272	RS3129896	RS431204	PRUNED_DISTANCE_FALLBACK	DISTANCE_FALLBACK		NA	4057	3.828E-11	14	
1	73866272	RS1416268	RS1160682	PRUNED_LD	LD		MULTI	4058	3.836E-11	53	0.9
1	73851687	RS6671130	RS75407229	PRUNED_DISTANCE_FALLBACK	DISTANCE_FALLBACK		NA	4059	3.84E-11	59	
1	73851936	RS6671203	RS1160682	PRUNED_LD	LD		MULTI	4060	3.855E-11	53	0.9
1	73855015	RS11210227	RS1160682	PRUNED_LD	LD		MULTI	4061	3.855E-11	53	0.9
1	73855495	RS34547319	RS1160682	PRUNED_LD	LD		MULTI	4062	3.859E-11	53	0.9
1	73865740	RS1885249	RS1160682	PRUNED_LD	LD		MULTI	4063	3.869E-11	53	0.9
1	73854284	RS11210226	RS1160682	PRUNED_LD	LD		MULTI	4064	3.881E-11	53	0.9
1	73837608	RS12128235	RS1160682	PRUNED_LD	LD		MULTI	4065	3.883E-11	53	0.98
12	2300207	RS2238048	RS1860002	PRUNED_LD	LD		MULTI	4066	3.885E-11	45	0.51
1	73767064	RS11210202	RS1160682	PRUNED_LD	LD		MULTI	4067	3.886E-11	53	0.93
1	73854147	RS12044079	RS1160682	PRUNED_LD	LD		MULTI	4068	3.889E-11	53	0.9
10	104633244	RS7920657	RS12219247	PRUNED_LD	LD		MULTI	4069	3.892E-11	54	0.53
1	73853460	RS1923233	RS1160682	PRUNED_LD	LD		MULTI	4070	3.895E-11	53	0.9
1	73853481	RS1923234	RS1160682	PRUNED_LD	LD		MULTI	4071	3.897E-11	53	0.9
6	28412326	RS2531805	RS539591970	PRUNED_DISTANCE_FALLBACK	DISTANCE_FALLBACK		NA	4072	3.898E-11	11	
1	73852765	RS1923230	RS1160682	PRUNED_LD	LD		MULTI	4073	3.901E-11	53	0.9
1	73853826	RS1923236	RS1160682	PRUNED_LD	LD		MULTI	4074	3.907E-11	53	0.9
1	73863269	RS10159196	RS1160682	PRUNED_LD	LD		MULTI	4075	3.909E-11	53	0.9
1	73852939	RS1923231	RS1160682	PRUNED_LD	LD		MULTI	4076	3.93E-11	53	0.9
1	73860311	RS1923238	RS1160682	PRUNED_LD	LD		MULTI	4077	3.937E-11	53	0.9
1	73871205	RS12043387	RS1160682	PRUNED_LD	LD		MULTI	4078	3.943E-11	53	0.9
1	73771457	RS1923201	RS1160682	PRUNED_LD	LD		MULTI	4079	3.948E-11	53	0.94
7	2159437	RS3800908	RS12154473	PRUNED_LD	LD		MULTI	4080	3.953E-11	51	0.57
1	73860028	RS11210229	RS1160682	PRUNED_LD	LD		MULTI	4081	3.971E-11	53	0.89
6	32420138	RS3129893	RS431204	PRUNED_DISTANCE_FALLBACK	DISTANCE_FALLBACK		NA	4082	3.971E-11	14	
1	73859367	RS6696623	RS1160682	PRUNED_LD	LD		MULTI	4083	3.974E-11	53	0.89
7	2149967	RS10224497	RS12154473	PRUNED_LD	LD		MULTI	4084	3.974E-11	51	0.54
6	31591928	RS2260050	RS431204	PRUNED_DISTANCE_FALLBACK	DISTANCE_FALLBACK		NA	4085	3.977E-11	14	
1	73858941	RS11809486	RS1160682	PRUNED_LD	LD		MULTI	4086	3.979E-11	53	0.89
1	73852090	RS6673919	RS1160682	PRUNED_LD	LD		MULTI	4087	3.988E-11	53	0.9
6	26374410	RS9379870	RS41266839	PRUNED_LD	LD		EUR	4088	3.998E-11	3	0.21
6	28002818	RS149944	RS66868086	PRUNED_LD	LD		EUR	4089	3.998E-11	1	0.23
6	32298484	RS1003880	RS431204	PRUNED_DISTANCE_FALLBACK	DISTANCE_FALLBACK		NA	4090	4.001E-11	14	
6	28002853	RS149945	RS66868086	PRUNED_LD	LD		EUR	4091	4.004E-11	1	0.23
1	73849687	RS11210222	RS1160682	PRUNED_LD	LD		MULTI	4092	4.009E-11	53	0.9
10	104633337	RS7920697	RS12219247	PRUNED_LD	LD		MULTI	4093	4.009E-11	54	0.53
6	31585821	RS2736178	RS431204	PRUNED_DISTANCE_FALLBACK	DISTANCE_FALLBACK		NA	4094	4.011E-11	14	
1	73870901	RS12035848	RS1160682	PRUNED_LD	LD		MULTI	4095	4.017E-11	53	0.9
1	73849655	RS11210220	RS1160682	PRUNED_LD	LD		MULTI	4096	4.021E-11	53	0.9
1	73849673	RS11210221	RS1160682	PRUNED_LD	LD		MULTI	4097	4.021E-11	53	0.9
6	31060219	RS2535296	RS1793894	PRUNED_LD	LD		EUR	4098	4.022E-11	17	0.34
2	58044533	RS59098844	RS1356545	PRUNED_LD	LD		MULTI	4099	4.027E-11	39	0.75
1	73858463	RS11805871	RS1160682	PRUNED_LD	LD		MULTI	4100	4.032E-11	53	0.8
1	73858561	RS11809098	RS1160682	PRUNED_LD	LD		MULTI	4101	4.034E-11	53	0.86
1	73858261	RS12744582	RS1160682	PRUNED_LD	LD		MULTI	4102	4.049E-11	53	0.9
6	25195517	RS78712602	RS116090114	PRUNED_LD	LD		EUR	4103	4.065E-11	57	0.84
11	130808685	RS10894289	RS961491	PRUNED_LD	LD		MULTI	4104	4.079E-11	44	0.71
1	73835726	RS2340401	RS1160682	PRUNED_LD	LD		MULTI	4105	4.091E-11	53	0.98
3	52338852	RS9311474	RS2276834	PRUNED_LD	LD		MULTI	4106	4.094E-11	63	0.99
1	73772981	RS1475061	RS1160682	PRUNED_LD	LD		MULTI	4107	4.095E-11	53	0.94
6	32420286	RS3129894	RS431204	PRUNED_DISTANCE_FALLBACK	DISTANCE_FALLBACK		NA	4108	4.099E-11	14	
3	52333671	RS7622851	RS2276834	PRUNED_LD	LD		MULTI	4109	4.1E-11	63	0.98
1	73773043	RS4593766	RS1160682	PRUNED_LD	LD		MULTI	4110	4.101E-11	53	0.94
2	233778896	RS778363	RS2293780	PRUNED_LD	LD		EUR	4111	4.101E-11	43	0.33
12	2299048	RS2283288	RS1860002	PRUNED_LD	LD		MULTI	4112	4.111E-11	45	0.51
1	73773048	RS6424545	RS1160682	PRUNED_LD	LD		MULTI	4113	4.115E-11	53	0.94
11	130805444	RS6590540	RS961491	PRUNED_LD	LD		MULTI	4114	4.123E-11	44	0.69
1	73851752	RS6671002	RS1160682	PRUNED_LD	LD		MULTI	4115	4.126E-11	53	0.9
1	73858039	RS11809026	RS1160682	PRUNED_LD	LD		MULTI	4116	4.13E-11	53	0.9
1	73858079	RS11805813	RS1160682	PRUNED_LD	LD		MULTI	4117	4.135E-11	53	0.9
1	73773189	RS1475062	RS1160682	PRUNED_LD	LD		MULTI	4118	4.142E-11	53	0.94
1	73857844	RS5015578	RS1160682	PRUNED_LD	LD		MULTI	4119	4.143E-11	53	0.9
12	2292690	RS10774030	RS1860002	PRUNED_LD	LD		MULTI	4120	4.148E-11	45	0.44
1	73857839	RS5015579	RS1160682	PRUNED_LD	LD		MULTI	4121	4.151E-11	53	0.9
1	73773255	RS1475063	RS1160682	PRUNED_LD	LD		MULTI	4122	4.165E-11	53	0.94
11	130846439	RS10791107	RS961491	PRUNED_LD	LD		MULTI	4123	4.165E-11	44	0.78
1	73857724	RS1338654	RS1160682	PRUNED_LD	LD		MULTI	4124	4.168E-11	53	0.9
1	73771766	RS9425118	RS1160682	PRUNED_LD	LD		MULTI	4125	4.17E-11	53	0.94
1	73857613	RS1338655	RS1160682	PRUNED_LD	LD		MULTI	4126	4.17E-11	53	0.9
6	31583827	RS2259571	RS431204	PRUNED_DISTANCE_FALLBACK	DISTANCE_FALLBACK		NA	4127	4.172E-11	14	
1	73775513	RS11210203	RS1160682	PRUNED_LD	LD		MULTI	4128	4.174E-11	53	0.94
6	31299899	RS9265628	RS7748141	PRUNED_DISTANCE_FALLBACK	DISTANCE_FALLBACK		NA	4129	4.176E-11	24	
1	73824909	RS10789369	RS1160682	PRUNED_LD	LD		MULTI	4130	4.191E-11	53	0.98
10	104631663	RS12767543	RS12219247	PRUNED_LD	LD		MULTI	4131	4.209E-11	54	0.54
2	58007905	RS112345168	RS1356545	PRUNED_LD	LD		MULTI	4132	4.217E-11	39	0.74
1	73777991	RS11210204	RS1160682	PRUNED_LD	LD		MULTI	4133	4.232E-11	53	0.93
6	28001610	RS149942	RS66868086	PRUNED_LD	LD		EUR	4134	4.233E-11	1	0.23
1	73778378	RS12061680	RS1160682	PRUNED_LD	LD		MULTI	4135	4.254E-11	53	0.94
7	2017445	RS6461049	RS12154473	PRUNED_LD	LD		MULTI	4136	4.256E-11	51	0.88
12	2294263	RS758171	RS1860002	PRUNED_LD	LD		MULTI	4137	4.259E-11	45	0.45
6	28001033	RS149941	RS66868086	PRUNED_LD	LD		EUR	4138	4.262E-11	1	0.23
11	130808483	RS10894287	RS961491	PRUNED_LD	LD		MULTI	4139	4.277E-11	44	0.7
1	73849773	RS1923228	RS1160682	PRUNED_LD	LD		MULTI	4140	4.279E-11	53	0.9
2	233790649	RS1878287	RS2293780	PRUNED_LD	LD		EUR	4141	4.286E-11	43	0.34
3	136278251	RS4630889	RS1394094	PRUNED_LD	LD		MULTI	4142	4.288E-11	50	0.66
1	73776850	RS6424548	RS1160682	PRUNED_LD	LD		MULTI	4143	4.294E-11	53	0.94
15	91428290	RS11539637	RS6226	PRUNED_LD	LD		EUR	4144	4.301E-11	41	0.37
1	73776696	RS6424547	RS1160682	PRUNED_LD	LD		MULTI	4145	4.305E-11	53	0.94
3	52288945	RS1060330	RS2276834	PRUNED_LD	LD		MULTI	4146	4.305E-11	63	0.98
1	98390072	RS4456128	RS4950119	PRUNED_LD	LD		MULTI	4147	4.306E-11	47	0.73
3	136290529	RS10935185	RS1394094	PRUNED_LD	LD		MULTI	4148	4.308E-11	50	0.59
1	73776673	RS6424546	RS1160682	PRUNED_LD	LD		MULTI	4149	4.31E-11	53	0.94
1	73837640	RS12117304	RS1160682	PRUNED_LD	LD		MULTI	4150	4.317E-11	53	0.98
1	73771528	RS1923202	RS1160682	PRUNED_LD	LD		MULTI	4151	4.325E-11	53	0.94
3	52287468	RS11717383	RS2276834	PRUNED_LD	LD		MULTI	4152	4.329E-11	63	0.94
1	73839564	RS1923223	RS1160682	PRUNED_LD	LD		MULTI	4153	4.34E-11	53	0.98
6	30769726	RS1264372	RS1264353	PRUNED_LD	LD		EUR	4154	4.341E-11	15	0.31
1	98400439	RS9662232	RS4950119	PRUNED_LD	LD		MULTI	4155	4.357E-11	47	0.73
6	28035246	RS149954	6:28301195_A_G	PRUNED_DISTANCE_FALLBACK	DISTANCE_FALLBACK		NA	4156	4.375E-11	16	
7	2050401	RS11771625	RS12154473	PRUNED_LD	LD		MULTI	4157	4.375E-11	51	0.62
1	73840843	RS7554968	RS1160682	PRUNED_LD	LD		MULTI	4158	4.384E-11	53	0.98
1	73852554	RS11210224	RS1160682	PRUNED_LD	LD		MULTI	4159	4.387E-11	53	0.9
6	32316312	RS969892	RS431204	PRUNED_DISTANCE_FALLBACK	DISTANCE_FALLBACK		NA	4160	4.415E-11	14	
6	28036225	RS149955	6:28301195_A_G	PRUNED_DISTANCE_FALLBACK	DISTANCE_FALLBACK		NA	4161	4.43E-11	16	
1	98394864	RS4970725	RS4950119	PRUNED_LD	LD		MULTI	4162	4.436E-11	47	0.73
1	73769330	RS12145432	RS1160682	PRUNED_LD	LD		MULTI	4163	4.456E-11	53	0.94
3	52845105	RS2535627	RS13083798	PRUNED_LD	LD		MULTI	4164	4.456E-11	42	0.67
1	73835777	RS2340403	RS1160682	PRUNED_LD	LD		MULTI	4165	4.477E-11	53	0.98
1	98399903	RS10875120	RS4950119	PRUNED_LD	LD		MULTI	4166	4.477E-11	47	0.73
11	130834811	RS12420126	RS961491	PRUNED_LD	LD		MULTI	4167	4.478E-11	44	0.73
3	52305633	RS7629072	RS2276834	PRUNED_LD	LD		MULTI	4168	4.478E-11	63	1
3	52295895	RS7614727	RS2276834	PRUNED_LD	LD		MULTI	4169	4.507E-11	63	0.98
6	27032711	RS36048693	RS66975207	PRUNED_LD	LD		EUR	4170	4.51E-11	6	0.26
1	73852067	RS6673911	RS1160682	PRUNED_LD	LD		MULTI	4171	4.516E-11	53	0.9
6	32309911	RS3117137	RS431204	PRUNED_DISTANCE_FALLBACK	DISTANCE_FALLBACK		NA	4172	4.518E-11	14	
6	27998184	RS149989	RS66868086	PRUNED_LD	LD		EUR	4173	4.528E-11	1	0.23
1	73828271	RS10890035	RS1160682	PRUNED_LD	LD		MULTI	4174	4.539E-11	53	0.98
1	73767587	RS12128495	RS1160682	PRUNED_LD	LD		MULTI	4175	4.541E-11	53	0.93
1	73821281	RS2340400	RS1160682	PRUNED_LD	LD		MULTI	4176	4.543E-11	53	0.96
1	73852445	RS11210223	RS1160682	PRUNED_LD	LD		MULTI	4177	4.546E-11	53	0.86
2	233777859	RS778364	RS2293780	PRUNED_LD	LD		EUR	4178	4.61E-11	43	0.33
3	52273421	RS610060	RS2276834	PRUNED_LD	LD		MULTI	4179	4.612E-11	63	0.92
3	52566682	RS7636227	RS13083798	PRUNED_LD	LD		MULTI	4180	4.612E-11	42	0.78
1	73786858	RS10732841	RS1160682	PRUNED_LD	LD		MULTI	4181	4.624E-11	53	0.96
1	98395714	RS4294451	RS4950119	PRUNED_LD	LD		MULTI	4182	4.629E-11	47	0.73
11	46648432	RS7108770	RS7108770	SELECTED_LEAD	LD	OK_LOCAL_CACHE		4183	4.642E-11	65	
11	46343189	RS12285419	RS12285419	SELECTED_LEAD	LD	OK_LOCAL_CACHE		4184	4.683E-11	66	
1	73768276	RS12144370	RS1160682	PRUNED_LD	LD		MULTI	4185	4.692E-11	53	0.93
1	73836769	RS12034860	RS1160682	PRUNED_LD	LD		MULTI	4186	4.7E-11	53	0.97
2	233791988	RS2675959	RS2293780	PRUNED_LD	LD		EUR	4187	4.7E-11	43	0.33
6	29477821	RS1233478	RS3131856	PRUNED_LD	LD		EUR	4188	4.724E-11	12	0.34
7	2041638	RS1107591	RS12154473	PRUNED_LD	LD		MULTI	4189	4.742E-11	51	0.81
1	73852585	RS11210225	RS1160682	PRUNED_LD	LD		MULTI	4190	4.755E-11	53	0.9
10	104631189	RS10786718	RS12219247	PRUNED_LD	LD		MULTI	4191	4.755E-11	54	0.53
1	98391864	RS9729897	RS4950119	PRUNED_LD	LD		MULTI	4192	4.76E-11	47	0.73
6	29819093	RS2523759	RS3131856	PRUNED_LD	LD		EUR	4193	4.773E-11	12	0.22
10	104449444	RS11191368	RS77335224	PRUNED_LD	LD		EUR	4194	4.779E-11	58	0.21
1	73782938	RS11210207	RS1160682	PRUNED_LD	LD		MULTI	4195	4.782E-11	53	0.96
6	31249217	RS2253491	RS7748141	PRUNED_DISTANCE_FALLBACK	DISTANCE_FALLBACK		NA	4196	4.789E-11	24	
7	2046328	RS58227534	RS12154473	PRUNED_LD	LD		MULTI	4197	4.799E-11	51	0.67
11	130801786	RS1991898	RS961491	PRUNED_LD	LD		MULTI	4198	4.81E-11	44	0.67
2	233792565	RS2921705	RS2921705	SELECTED_LEAD	LD	OK		4199	4.821E-11	67	
12	123482424	RS61955214	RS4460848	PRUNED_LD	LD		MULTI	4200	4.863E-11	34	0.47
1	73778100	RS11210205	RS1160682	PRUNED_LD	LD		MULTI	4201	4.875E-11	53	0.94
10	104604916	RS11191416	RS12219247	PRUNED_LD	LD		ASN	4202	4.879E-11	54	0.39
2	58222928	RS2312147	RS1356545	PRUNED_LD	LD		MULTI	4203	4.915E-11	39	0.81
6	31858530	RS34929649	RS431204	PRUNED_DISTANCE_FALLBACK	DISTANCE_FALLBACK		NA	4204	4.921E-11	14	
11	130832276	RS7480903	RS961491	PRUNED_LD	LD		MULTI	4205	5.016E-11	44	0.86
10	104471975	RS4919669	RS77335224	PRUNED_LD	LD		EUR	4206	5.038E-11	58	0.22
12	2304357	RS2239018	RS1860002	PRUNED_LD	LD		MULTI	4207	5.05E-11	45	0.47
1	73784686	RS7528322	RS1160682	PRUNED_LD	LD		MULTI	4208	5.08E-11	53	0.96
6	28048538	RS9380050	RS66868086	PRUNED_LD	LD		EUR	4209	5.104E-11	1	0.25
6	32644553	RS3134986	RS1794282	PRUNED_LD	LD		EUR	4210	5.116E-11	19	0.55
3	136398387	RS7634476	RS1394094	PRUNED_LD	LD		MULTI	4211	5.13E-11	50	0.5
11	46377770	RS12577142	RS12285419	PRUNED_LD	LD		MULTI	4212	5.138E-11	66	0.68
12	2344960	RS2007044	RS1860002	PRUNED_LD	LD		MULTI	4213	5.144E-11	45	0.6
11	130794253	RS7925214	RS961491	PRUNED_LD	LD		MULTI	4214	5.159E-11	44	0.76
6	27986340	RS149975	RS66868086	PRUNED_LD	LD		EUR	4215	5.165E-11	1	0.23
6	32415788	RS2395183	RS431204	PRUNED_DISTANCE_FALLBACK	DISTANCE_FALLBACK		NA	4216	5.18E-11	14	
1	73769279	RS12145429	RS1160682	PRUNED_LD	LD		MULTI	4217	5.207E-11	53	0.94
12	2340798	RS34382810	RS1860002	PRUNED_LD	LD		MULTI	4218	5.218E-11	45	0.67
6	29855945	RS2734945	RS547591961	PRUNED_DISTANCE_FALLBACK	DISTANCE_FALLBACK		NA	4219	5.231E-11	13	
6	32429894	RS9268861	RS431204	PRUNED_DISTANCE_FALLBACK	DISTANCE_FALLBACK		NA	4220	5.235E-11	14	
6	27244590	RS9379968	RS13215879	PRUNED_DISTANCE_FALLBACK	DISTANCE_FALLBACK		NA	4221	5.236E-11	22	
3	136154828	RS66691851	RS1394094	PRUNED_LD	LD		MULTI	4222	5.269E-11	50	0.67
6	31586742	RS3091280	RS431204	PRUNED_DISTANCE_FALLBACK	DISTANCE_FALLBACK		NA	4223	5.301E-11	14	
2	233784749	RS778355	RS2293780	PRUNED_LD	LD		EUR	4224	5.309E-11	43	0.33
6	31579956	RS2051552	RS431204	PRUNED_DISTANCE_FALLBACK	DISTANCE_FALLBACK		NA	4225	5.325E-11	14	
1	73803542	RS1923207	RS1160682	PRUNED_LD	LD		MULTI	4226	5.351E-11	53	0.96
11	130846432	RS10791106	RS961491	PRUNED_LD	LD		MULTI	4227	5.386E-11	44	0.79
1	73796794	RS10890033	RS1160682	PRUNED_LD	LD		MULTI	4228	5.415E-11	53	0.98
11	130805066	RS11222399	RS961491	PRUNED_LD	LD		MULTI	4229	5.418E-11	44	0.69
12	2299823	RS2238045	RS1860002	PRUNED_LD	LD		MULTI	4230	5.43E-11	45	0.51
2	233745521	RS1083522	RS2293780	PRUNED_LD	LD		MULTI	4231	5.436E-11	43	0.68
11	130814893	RS10791104	RS961491	PRUNED_LD	LD		MULTI	4232	5.476E-11	44	0.71
1	98316355	RS12089031	RS4950119	PRUNED_LD	LD		MULTI	4233	5.481E-11	47	0.78
15	91416550	RS17514846	RS6226	PRUNED_LD	LD		EUR	4234	5.496E-11	41	0.37
7	2047845	RS871924	RS12154473	PRUNED_LD	LD		MULTI	4235	5.507E-11	51	0.62
11	46548754	RS61882743	RS7108770	PRUNED_LD	LD		MULTI	4236	5.52E-11	65	0.87
11	130796248	RS7933085	RS961491	PRUNED_LD	LD		MULTI	4237	5.524E-11	44	0.7
3	136309710	RS940174	RS1394094	PRUNED_LD	LD		MULTI	4238	5.525E-11	50	0.58
1	73836340	RS1923222	RS1160682	PRUNED_LD	LD		MULTI	4239	5.535E-11	53	0.98
7	2046830	RS12670737	RS12154473	PRUNED_LD	LD		MULTI	4240	5.571E-11	51	0.67
12	2300607	RS11614764	RS1860002	PRUNED_LD	LD		MULTI	4241	5.617E-11	45	0.49
6	27033104	RS12204280	RS66975207	PRUNED_LD	LD		EUR	4242	5.627E-11	6	0.26
6	26355758	RS4712980	RS41266839	PRUNED_LD	LD		EUR	4243	5.629E-11	3	0.21
3	52565100	RS6778735	RS13083798	PRUNED_LD	LD		MULTI	4244	5.638E-11	42	0.77
7	2048136	RS4719391	RS12154473	PRUNED_LD	LD		MULTI	4245	5.642E-11	51	0.62
6	27245173	RS2038044	RS13215879	PRUNED_DISTANCE_FALLBACK	DISTANCE_FALLBACK		NA	4246	5.673E-11	22	
6	26356822	RS9467725	RS41266839	PRUNED_LD	LD		EUR	4247	5.674E-11	3	0.21
6	32387221	RS3135369	RS431204	PRUNED_DISTANCE_FALLBACK	DISTANCE_FALLBACK		NA	4248	5.693E-11	14	
3	136400420	RS7618871	RS1394094	PRUNED_LD	LD		MULTI	4249	5.694E-11	50	0.51
1	44097530	RS2970610	RS2970610	SELECTED_LEAD	LD	OK_LOCAL_CACHE		4250	5.732E-11	68	
6	27030980	RS13207365	RS66975207	PRUNED_LD	LD		EUR	4251	5.737E-11	6	0.26
6	26355283	RS6933583	RS41266839	PRUNED_LD	LD		EUR	4252	5.751E-11	3	0.21
6	27031100	RS12203454	RS66975207	PRUNED_LD	LD		EUR	4253	5.754E-11	6	0.26
1	73848505	RS7546987	RS1160682	PRUNED_LD	LD		MULTI	4254	5.766E-11	53	0.89
11	46469900	RS7951579	RS7108770	PRUNED_LD	LD		MULTI	4255	5.785E-11	65	0.91
1	73830471	RS1923219	RS1160682	PRUNED_LD	LD		MULTI	4256	5.787E-11	53	0.98
1	73811954	RS1951361	RS1160682	PRUNED_LD	LD		MULTI	4257	5.811E-11	53	0.98
11	130810282	RS3910267	RS961491	PRUNED_LD	LD		MULTI	4258	5.815E-11	44	0.71
1	73848331	RS7515828	RS1160682	PRUNED_LD	LD		MULTI	4259	5.84E-11	53	0.91
6	27030924	RS3922717	RS66975207	PRUNED_LD	LD		EUR	4260	5.868E-11	6	0.26
6	32613026	6:32613026_G_A	6:32634952_G_T	PRUNED_DISTANCE_FALLBACK	DISTANCE_FALLBACK		NA	4261	5.874E-11	33	
12	2300008	RS2238047	RS1860002	PRUNED_LD	LD		MULTI	4262	5.879E-11	45	0.5
6	32412004	RS539718048	RS431204	PRUNED_DISTANCE_FALLBACK	DISTANCE_FALLBACK		NA	4263	5.886E-11	14	
12	2299998	RS2238046	RS1860002	PRUNED_LD	LD		MULTI	4264	5.905E-11	45	0.51
6	27430126	RS113039233	RS13215879	PRUNED_DISTANCE_FALLBACK	DISTANCE_FALLBACK		NA	4265	5.946E-11	22	
3	136252601	RS2688601	RS1394094	PRUNED_LD	LD		MULTI	4266	5.963E-11	50	0.7
10	104520277	RS12571643	RS77335224	PRUNED_LD	LD		EUR	4267	5.986E-11	58	0.4
1	73824279	RS10890034	RS1160682	PRUNED_LD	LD		MULTI	4268	6.018E-11	53	0.98
6	25859413	RS1177441	RS13211947	PRUNED_LD	LD		EUR	4269	6.018E-11	35	0.53
6	27025281	RS12199218	RS66975207	PRUNED_LD	LD		EUR	4270	6.045E-11	6	0.26
6	31580699	RS7765613	RS431204	PRUNED_DISTANCE_FALLBACK	DISTANCE_FALLBACK		NA	4271	6.052E-11	14	
6	31580507	RS3993747	RS431204	PRUNED_DISTANCE_FALLBACK	DISTANCE_FALLBACK		NA	4272	6.066E-11	14	
1	44100084	RS11210892	RS2970610	PRUNED_LD	LD		MULTI	4273	6.092E-11	68	0.98
11	130819634	RS10750456	RS961491	PRUNED_LD	LD		MULTI	4274	6.133E-11	44	0.73
12	2306128	RS2238049	RS1860002	PRUNED_LD	LD		MULTI	4275	6.141E-11	45	0.47
6	25859508	RS1165168	RS13211947	PRUNED_LD	LD		EUR	4276	6.16E-11	35	0.53
1	73810422	RS2208566	RS1160682	PRUNED_LD	LD		MULTI	4277	6.194E-11	53	0.98
3	136235908	RS711975	RS1394094	PRUNED_LD	LD		MULTI	4278	6.198E-11	50	0.79
10	104604563	RS7912206	RS12219247	PRUNED_LD	LD		ASN	4279	6.212E-11	54	0.35
3	136252596	RS2688600	RS1394094	PRUNED_LD	LD		MULTI	4280	6.224E-11	50	0.7
6	27983227	RS149972	RS66868086	PRUNED_LD	LD		EUR	4281	6.228E-11	1	0.23
6	31851469	RS2844458	RS431204	PRUNED_DISTANCE_FALLBACK	DISTANCE_FALLBACK		NA	4282	6.234E-11	14	
1	73827012	RS6681595	RS1160682	PRUNED_LD	LD		MULTI	4283	6.264E-11	53	0.96
1	73793499	RS1885246	RS1160682	PRUNED_LD	LD		MULTI	4284	6.313E-11	53	0.96
6	25430149	RS2328887	RS35789010	PRUNED_LD	LD		EUR	4285	6.319E-11	49	0.51
11	46599248	RS11038927	RS7108770	PRUNED_LD	LD		MULTI	4286	6.32E-11	65	0.94
1	73812598	RS10749820	RS1160682	PRUNED_LD	LD		MULTI	4287	6.347E-11	53	0.96
12	2310310	RS2239019	RS1860002	PRUNED_LD	LD		MULTI	4288	6.399E-11	45	0.52
3	136346206	RS10935186	RS1394094	PRUNED_LD	LD		MULTI	4289	6.404E-11	50	0.52
6	27024687	RS12190473	RS66975207	PRUNED_LD	LD		EUR	4290	6.416E-11	6	0.26
1	73848631	RS11581459	RS1160682	PRUNED_LD	LD		MULTI	4291	6.423E-11	53	0.91
11	130814272	RS3910266	RS961491	PRUNED_LD	LD		MULTI	4292	6.444E-11	44	0.72
1	73805179	RS1120981	RS1160682	PRUNED_LD	LD		MULTI	4293	6.489E-11	53	0.98
6	29893960	RS2517775	RS547591961	PRUNED_DISTANCE_FALLBACK	DISTANCE_FALLBACK		NA	4294	6.499E-11	13	
10	104536360	RS4147157	RS77335224	PRUNED_LD	LD		EUR	4295	6.514E-11	58	0.4
7	2027324	RS11765550	RS12154473	PRUNED_LD	LD		MULTI	4296	6.518E-11	51	0.84
2	58200748	RS12713370	RS1356545	PRUNED_LD	LD		MULTI	4297	6.602E-11	39	0.76
6	31351887	RS2507976	RS7748141	PRUNED_DISTANCE_FALLBACK	DISTANCE_FALLBACK		NA	4298	6.618E-11	24	
11	46582072	RS7127529	RS7108770	PRUNED_LD	LD		MULTI	4299	6.642E-11	65	0.92
6	32426271	RS4601112	RS431204	PRUNED_DISTANCE_FALLBACK	DISTANCE_FALLBACK		NA	4300	6.643E-11	14	
6	32613313	RS9273181	6:32634952_G_T	PRUNED_DISTANCE_FALLBACK	DISTANCE_FALLBACK		NA	4301	6.677E-11	33	
11	46650438	RS60722866	RS7108770	PRUNED_LD	LD		MULTI	4302	6.678E-11	65	1
1	73793630	RS1885247	RS1160682	PRUNED_LD	LD		MULTI	4303	6.687E-11	53	0.96
12	2297353	RS11062145	RS1860002	PRUNED_LD	LD		MULTI	4304	6.697E-11	45	0.5
1	73794923	RS10749819	RS1160682	PRUNED_LD	LD		MULTI	4305	6.722E-11	53	0.98
1	73834346	RS11210215	RS1160682	PRUNED_LD	LD		MULTI	4306	6.739E-11	53	0.98
12	2298724	RS2283287	RS1860002	PRUNED_LD	LD		MULTI	4307	6.748E-11	45	0.51
10	104595849	RS3824755	RS12219247	PRUNED_LD	LD		ASN	4308	6.753E-11	54	0.33
1	73833914	RS10749821	RS1160682	PRUNED_LD	LD		MULTI	4309	6.762E-11	53	0.98
10	104591393	RS17115100	RS12219247	PRUNED_LD	LD		ASN	4310	6.776E-11	54	0.29
22	42370991	RS5751191	RS5751191	SELECTED_LEAD	LD	OK_LOCAL_CACHE		4311	6.816E-11	69	
1	73833009	RS6702039	RS1160682	PRUNED_LD	LD		MULTI	4312	6.821E-11	53	0.98
6	31921475	RS2072632	RS431204	PRUNED_DISTANCE_FALLBACK	DISTANCE_FALLBACK		NA	4313	6.833E-11	14	
11	46567475	RS61882746	RS7108770	PRUNED_LD	LD		MULTI	4314	6.837E-11	65	0.9
11	46646030	RS7122039	RS7108770	PRUNED_LD	LD		MULTI	4315	6.852E-11	65	1
6	31144717	RS3130505	RS7748141	PRUNED_DISTANCE_FALLBACK	DISTANCE_FALLBACK		NA	4316	6.863E-11	24	
11	46551918	RS10160701	RS7108770	PRUNED_LD	LD		MULTI	4317	6.894E-11	65	0.87
11	46536442	RS11038906	RS7108770	PRUNED_LD	LD		MULTI	4318	6.904E-11	65	0.88
6	29814778	RS1611750	RS3131856	PRUNED_LD	LD		EUR	4319	6.926E-11	12	0.2
6	26363688	RS9358933	RS41266839	PRUNED_LD	LD		EUR	4320	6.961E-11	3	0.21
6	29813380	RS2517878	RS3131856	PRUNED_LD	LD		EUR	4321	7.025E-11	12	0.23
6	31154434	RS3130458	RS1793894	PRUNED_LD	LD		EUR	4322	7.044E-11	17	0.24
6	28142276	RS1150678	6:28301195_A_G	PRUNED_DISTANCE_FALLBACK	DISTANCE_FALLBACK		NA	4323	7.062E-11	16	
7	2048335	RS2008263	RS12154473	PRUNED_LD	LD		MULTI	4324	7.07E-11	51	0.62
11	46560680	RS11819869	RS7108770	PRUNED_LD	LD		MULTI	4325	7.081E-11	65	0.87
12	2306707	RS2238050	RS1860002	PRUNED_LD	LD		MULTI	4326	7.106E-11	45	0.47
1	73829928	RS7415137	RS1160682	PRUNED_LD	LD		MULTI	4327	7.109E-11	53	0.98
1	73830081	RS10890036	RS1160682	PRUNED_LD	LD		MULTI	4328	7.135E-11	53	0.97
23	68377485	RS2361468	RS2361468	SELECTED_LEAD	LD	OK		4329	7.142E-11	70	
6	28037032	RS61471148	RS66868086	PRUNED_LD	LD		EUR	4330	7.148E-11	1	0.24
11	46639582	RS61884264	RS7108770	PRUNED_LD	LD		MULTI	4331	7.166E-11	65	1
11	46673344	RS7109698	RS7108770	PRUNED_LD	LD		MULTI	4332	7.188E-11	65	0.9
6	29825434	RS1611674	RS547591961	PRUNED_DISTANCE_FALLBACK	DISTANCE_FALLBACK		NA	4333	7.188E-11	13	
6	25863487	RS1165163	RS13211947	PRUNED_LD	LD		EUR	4334	7.202E-11	35	0.53
11	46524013	RS2902858	RS7108770	PRUNED_LD	LD		MULTI	4335	7.225E-11	65	0.89
1	73821577	RS6655995	RS1160682	PRUNED_LD	LD		MULTI	4336	7.231E-11	53	0.98
1	73821093	RS2340399	RS1160682	PRUNED_LD	LD		MULTI	4337	7.259E-11	53	0.98
1	73821779	RS6673702	RS1160682	PRUNED_LD	LD		MULTI	4338	7.261E-11	53	0.98
6	27296364	RS7744605	RS13215879	PRUNED_DISTANCE_FALLBACK	DISTANCE_FALLBACK		NA	4339	7.262E-11	22	
1	73797927	RS2145784	RS1160682	PRUNED_LD	LD		MULTI	4340	7.287E-11	53	0.98
1	73820227	RS1923214	RS1160682	PRUNED_LD	LD		MULTI	4341	7.32E-11	53	0.98
1	73829282	RS1923218	RS1160682	PRUNED_LD	LD		MULTI	4342	7.324E-11	53	0.95
10	104957629	RS12414028	RS11191580	PRUNED_LD	LD		MULTI	4343	7.341E-11	48	0.86
6	33395199	RS9461856	RS9461856	SELECTED_LEAD	LD	OK_LOCAL_CACHE		4344	7.351E-11	71	
11	46460038	RS2864076	RS7108770	PRUNED_LD	LD		MULTI	4345	7.425E-11	65	0.91
6	29811131	RS1611136	RS3131856	PRUNED_LD	LD		EUR	4346	7.426E-11	12	0.23
12	2419896	RS4765913	RS1860002	PRUNED_LD	LD		EUR	4347	7.432E-11	45	0.34
6	31152818	RS3131016	RS1793894	PRUNED_LD	LD		EUR	4348	7.494E-11	17	0.23
6	26361946	RS10946816	RS41266839	PRUNED_LD	LD		EUR	4349	7.509E-11	3	0.21
1	73819848	RS2180946	RS1160682	PRUNED_LD	LD		MULTI	4350	7.587E-11	53	0.98
1	44086831	RS1143702	RS2970610	PRUNED_LD	LD		MULTI	4351	7.636E-11	68	0.87
12	2301189	RS61909095	RS1860002	PRUNED_LD	LD		MULTI	4352	7.638E-11	45	0.51
6	26361430	RS4712981	RS41266839	PRUNED_LD	LD		EUR	4353	7.642E-11	3	0.21
2	233753281	RS2675955	RS2293780	PRUNED_LD	LD		EUR	4354	7.664E-11	43	0.46
11	46446264	RS6485682	RS7108770	PRUNED_LD	LD		MULTI	4355	7.704E-11	65	0.91
6	31153020	RS3134788	RS1793894	PRUNED_LD	LD		EUR	4356	7.716E-11	17	0.23
11	46467092	RS2171667	RS7108770	PRUNED_LD	LD		MULTI	4357	7.722E-11	65	0.91
11	46466828	RS2171668	RS7108770	PRUNED_LD	LD		MULTI	4358	7.765E-11	65	0.91
12	2303546	RS7308351	RS1860002	PRUNED_LD	LD		MULTI	4359	7.765E-11	45	0.51
11	130831224	RS2162059	RS961491	PRUNED_LD	LD		MULTI	4360	7.774E-11	44	0.73
10	104464657	RS11191375	RS77335224	PRUNED_LD	LD		EUR	4361	7.776E-11	58	0.21
11	130831373	RS1821384	RS961491	PRUNED_LD	LD		MULTI	4362	7.796E-11	44	0.73
7	2027354	RS11773316	RS12154473	PRUNED_LD	LD		MULTI	4363	7.822E-11	51	0.85
10	104464763	RS10883766	RS77335224	PRUNED_LD	LD		EUR	4364	7.827E-11	58	0.21
11	46635695	RS7924401	RS7108770	PRUNED_LD	LD		MULTI	4365	7.864E-11	65	1
11	130830763	RS2162060	RS961491	PRUNED_LD	LD		MULTI	4366	7.954E-11	44	0.73
6	33045699	RS56934772	RS75301392	PRUNED_LD	LD		EUR	4367	7.965E-11	20	0.21
11	46611805	RS61882758	RS7108770	PRUNED_LD	LD		MULTI	4368	7.976E-11	65	0.94
1	98316285	RS4421623	RS4950119	PRUNED_LD	LD		MULTI	4369	7.98E-11	47	0.78
12	2338858	RS6489353	RS1860002	PRUNED_LD	LD		MULTI	4370	8.041E-11	45	0.52
12	2350452	RS882194	RS1860002	PRUNED_LD	LD		MULTI	4371	8.082E-11	45	0.56
12	2350401	RS882195	RS1860002	PRUNED_LD	LD		MULTI	4372	8.115E-11	45	0.58
6	28113746	RS1225716	6:28301195_A_G	PRUNED_DISTANCE_FALLBACK	DISTANCE_FALLBACK		NA	4373	8.121E-11	16	
11	46373311	RS7951870	RS12285419	PRUNED_LD	LD		MULTI	4374	8.149E-11	66	0.71
3	52837793	RS4481150	RS13083798	PRUNED_LD	LD		MULTI	4375	8.247E-11	42	0.68
6	31154354	RS3095240	RS1793894	PRUNED_LD	LD		EUR	4376	8.34E-11	17	0.24
1	73814973	RS1923212	RS1160682	PRUNED_LD	LD		MULTI	4377	8.362E-11	53	0.96
1	73816745	RS2008280	RS1160682	PRUNED_LD	LD		MULTI	4378	8.37E-11	53	0.98
1	73814908	RS1923211	RS1160682	PRUNED_LD	LD		MULTI	4379	8.38E-11	53	0.98
6	28123928	RS1150666	6:28301195_A_G	PRUNED_DISTANCE_FALLBACK	DISTANCE_FALLBACK		NA	4380	8.476E-11	16	
1	73817816	RS6668602	RS1160682	PRUNED_LD	LD		MULTI	4381	8.496E-11	53	0.96
7	2027311	RS11765549	RS12154473	PRUNED_LD	LD		MULTI	4382	8.58E-11	51	0.78
6	28120401	RS2622319	6:28301195_A_G	PRUNED_DISTANCE_FALLBACK	DISTANCE_FALLBACK		NA	4383	8.583E-11	16	
1	73813579	RS11210211	RS1160682	PRUNED_LD	LD		MULTI	4384	8.587E-11	53	0.98
1	73818516	RS10493516	RS1160682	PRUNED_LD	LD		MULTI	4385	8.605E-11	53	0.98
11	46584227	RS61882750	RS7108770	PRUNED_LD	LD		MULTI	4386	8.635E-11	65	0.92
12	2303486	RS7133502	RS1860002	PRUNED_LD	LD		MULTI	4387	8.657E-11	45	0.51
15	91422543	RS8039305	RS6226	PRUNED_LD	LD		EUR	4388	8.678E-11	41	0.39
2	57971343	RS2125925	RS1356545	PRUNED_LD	LD		MULTI	4389	8.695E-11	39	0.65
12	123733086	RS2337630	RS4460848	PRUNED_LD	LD		MULTI	4390	8.707E-11	34	0.7
1	73786469	RS10127961	RS1160682	PRUNED_LD	LD		MULTI	4391	8.71E-11	53	0.96
6	32602396	RS9272226	6:32634952_G_T	PRUNED_DISTANCE_FALLBACK	DISTANCE_FALLBACK		NA	4392	8.72E-11	33	
6	32736695	RS9276606	6:32634952_G_T	PRUNED_DISTANCE_FALLBACK	DISTANCE_FALLBACK		NA	4393	8.77E-11	33	
6	29648398	RS365052	RS3131856	PRUNED_LD	LD		EUR	4394	8.772E-11	12	0.23
12	123733324	RS2337631	RS4460848	PRUNED_LD	LD		MULTI	4395	8.802E-11	34	0.7
6	28108788	RS2791332	6:28301195_A_G	PRUNED_DISTANCE_FALLBACK	DISTANCE_FALLBACK		NA	4396	8.809E-11	16	
6	29809382	RS1611133	RS3131856	PRUNED_LD	LD		EUR	4397	8.821E-11	12	0.23
11	46631181	RS35623865	RS7108770	PRUNED_LD	LD		MULTI	4398	8.826E-11	65	1
6	29893982	RS2517774	RS547591961	PRUNED_DISTANCE_FALLBACK	DISTANCE_FALLBACK		NA	4399	8.835E-11	13	
11	130811437	RS11222400	RS961491	PRUNED_LD	LD		MULTI	4400	8.839E-11	44	0.62
11	46342942	RS1044796	RS12285419	PRUNED_LD	LD		MULTI	4401	8.844E-11	66	0.94
11	46561301	RS11038914	RS7108770	PRUNED_LD	LD		MULTI	4402	8.862E-11	65	0.87
6	28150242	RS1225592	6:28301195_A_G	PRUNED_DISTANCE_FALLBACK	DISTANCE_FALLBACK		NA	4403	8.881E-11	16	
11	133834104	RS612823	RS4936215	PRUNED_LD	LD		EUR	4404	8.904E-11	36	0.44
1	73810915	RS6700324	RS1160682	PRUNED_LD	LD		MULTI	4405	8.948E-11	53	0.98
1	73810973	RS6702943	RS1160682	PRUNED_LD	LD		MULTI	4406	8.995E-11	53	0.98
6	28153897	RS1233691	6:28301195_A_G	PRUNED_DISTANCE_FALLBACK	DISTANCE_FALLBACK		NA	4407	9.001E-11	16	
1	73788694	RS2340398	RS1160682	PRUNED_LD	LD		MULTI	4408	9.032E-11	53	0.96
6	29648564	RS2747431	RS3131856	PRUNED_LD	LD		EUR	4409	9.058E-11	12	0.23
1	73810229	RS2208565	RS1160682	PRUNED_LD	LD		MULTI	4410	9.103E-11	53	0.98
12	2307296	RS2238052	RS1860002	PRUNED_LD	LD		MULTI	4411	9.118E-11	45	0.47
3	136371504	RS6808312	RS1394094	PRUNED_LD	LD		MULTI	4412	9.119E-11	50	0.5
6	28151340	RS1225595	6:28301195_A_G	PRUNED_DISTANCE_FALLBACK	DISTANCE_FALLBACK		NA	4413	9.121E-11	16	
6	28147385	RS9295760	6:28301195_A_G	PRUNED_DISTANCE_FALLBACK	DISTANCE_FALLBACK		NA	4414	9.132E-11	16	
1	73784077	RS7517355	RS1160682	PRUNED_LD	LD		MULTI	4415	9.164E-11	53	0.96
6	32990195	RS114545731	RS75301392	PRUNED_LD	LD		EUR	4416	9.191E-11	20	0.29
1	44037685	RS3001723	RS2970610	PRUNED_LD	LD		MULTI	4417	9.213E-11	68	0.75
3	136151631	RS12492510	RS1394094	PRUNED_LD	LD		MULTI	4418	9.262E-11	50	0.7
1	98309251	RS6658412	RS4950119	PRUNED_LD	LD		MULTI	4419	9.303E-11	47	0.78
1	73793245	RS11210209	RS1160682	PRUNED_LD	LD		MULTI	4420	9.304E-11	53	0.94
11	46499874	RS7130141	RS7108770	PRUNED_LD	LD		MULTI	4421	9.309E-11	65	0.89
6	25772639	RS1892252	RS13211947	PRUNED_LD	LD		EUR	4422	9.342E-11	35	0.37
3	180881223	RS12152501	RS12152501	SELECTED_LEAD	LD	OK_LOCAL_CACHE		4423	9.364E-11	72	
6	26354219	RS9366652	RS41266839	PRUNED_LD	LD		EUR	4424	9.52E-11	3	0.21
6	29647628	RS416568	RS3131856	PRUNED_LD	LD		EUR	4425	9.52E-11	12	0.23
11	46495302	RS11038900	RS7108770	PRUNED_LD	LD		MULTI	4426	9.538E-11	65	0.89
6	32438850	RS9269049	RS431204	PRUNED_DISTANCE_FALLBACK	DISTANCE_FALLBACK		NA	4427	9.563E-11	14	
6	29809826	6:29809826_A_C	RS547591961	PRUNED_DISTANCE_FALLBACK	DISTANCE_FALLBACK		NA	4428	9.578E-11	13	
10	104963893	RS11191610	RS1163238	PRUNED_LD	LD		MULTI	4429	9.59E-11	55	0.95
1	73806923	RS6689226	RS1160682	PRUNED_LD	LD		MULTI	4430	9.614E-11	53	0.82
6	31840625	RS614549	RS431204	PRUNED_DISTANCE_FALLBACK	DISTANCE_FALLBACK		NA	4431	9.631E-11	14	
6	31163161	RS3134786	RS1793894	PRUNED_LD	LD		EUR	4432	9.635E-11	17	0.25
3	136353193	RS55970317	RS1394094	PRUNED_LD	LD		MULTI	4433	9.687E-11	50	0.54
15	59174200	RS71407077	RS793571	PRUNED_LD	LD		MULTI	4434	9.699E-11	52	0.84
6	31166352	RS3130465	RS1793894	PRUNED_LD	LD		EUR	4435	9.804E-11	17	0.25
6	32439048	RS7450278	RS431204	PRUNED_DISTANCE_FALLBACK	DISTANCE_FALLBACK		NA	4436	9.857E-11	14	
12	123727443	RS1879379	RS4460848	PRUNED_LD	LD		MULTI	4437	9.86E-11	34	0.68
6	31163638	RS3094612	RS1793894	PRUNED_LD	LD		EUR	4438	9.911E-11	17	0.25
6	32561327	RS9270588	6:32634952_G_T	PRUNED_DISTANCE_FALLBACK	DISTANCE_FALLBACK		NA	4439	9.925E-11	33	
6	29781521	RS1610702	RS3131856	PRUNED_LD	LD		EUR	4440	9.927E-11	12	0.22
12	123725977	RS34841857	RS4460848	PRUNED_LD	LD		MULTI	4441	1.002E-10	34	0.68
11	46515902	RS3802888	RS7108770	PRUNED_LD	LD		MULTI	4442	1.01E-10	65	0.89
10	104504564	RS999867	RS77335224	PRUNED_LD	LD		EUR	4443	1.016E-10	58	0.38
3	180880582	RS12629509	RS12152501	PRUNED_LD	LD		MULTI	4444	1.021E-10	72	0.96
11	46422686	RS12574668	RS7108770	PRUNED_LD	LD		MULTI	4445	1.022E-10	65	0.88
6	32991987	RS1594470	RS75301392	PRUNED_LD	LD		EUR	4446	1.022E-10	20	0.29
11	130800572	RS10736592	RS961491	PRUNED_LD	LD		MULTI	4447	1.023E-10	44	0.66
10	104482330	RS11191379	RS77335224	PRUNED_LD	LD		EUR	4448	1.031E-10	58	0.21
11	46515004	RS12578042	RS7108770	PRUNED_LD	LD		MULTI	4449	1.035E-10	65	0.89
11	130800330	RS10750455	RS961491	PRUNED_LD	LD		MULTI	4450	1.036E-10	44	0.66
7	2012997	RS4721264	RS12154473	PRUNED_LD	LD		MULTI	4451	1.046E-10	51	0.88
11	46399538	RS2279465	RS7108770	PRUNED_LD	LD		MULTI	4452	1.047E-10	65	0.89
6	29801324	RS1610682	RS3131856	PRUNED_LD	LD		EUR	4453	1.074E-10	12	0.23
1	73799968	RS1923206	RS1160682	PRUNED_LD	LD		MULTI	4454	1.085E-10	53	0.98
1	73848537	RS7547059	RS1160682	PRUNED_LD	LD		MULTI	4455	1.092E-10	53	0.89
15	59183646	RS11071400	RS793571	PRUNED_LD	LD		MULTI	4456	1.095E-10	52	0.86
6	32757102	RS9276710	6:32634952_G_T	PRUNED_DISTANCE_FALLBACK	DISTANCE_FALLBACK		NA	4457	1.095E-10	33	
3	180738859	RS11711791	RS12152501	PRUNED_LD	LD		MULTI	4458	1.097E-10	72	0.76
12	2317096	RS2238053	RS1860002	PRUNED_LD	LD		MULTI	4459	1.098E-10	45	0.52
10	104436641	RS8354	RS77335224	PRUNED_LD	LD		EUR	4460	1.1E-10	58	0.21
11	46470827	RS11038897	RS7108770	PRUNED_LD	LD		MULTI	4461	1.123E-10	65	0.91
3	180735825	RS11715401	RS12152501	PRUNED_LD	LD		MULTI	4462	1.13E-10	72	0.75
3	180733150	RS7647398	RS12152501	PRUNED_LD	LD		MULTI	4463	1.134E-10	72	0.76
15	59203129	RS10162821	RS793571	PRUNED_LD	LD		MULTI	4464	1.138E-10	52	0.78
2	58061127	RS2717076	RS1356545	PRUNED_LD	LD		MULTI	4465	1.143E-10	39	0.83
11	46454313	RS16938506	RS7108770	PRUNED_LD	LD		MULTI	4466	1.146E-10	65	0.91
3	180738372	RS4855007	RS12152501	PRUNED_LD	LD		MULTI	4467	1.147E-10	72	0.76
1	44083015	RS653953	RS2970610	PRUNED_LD	LD		MULTI	4468	1.15E-10	68	0.98
6	32702449	RS2859078	6:32634952_G_T	PRUNED_DISTANCE_FALLBACK	DISTANCE_FALLBACK		NA	4469	1.159E-10	33	
3	180733746	RS11711326	RS12152501	PRUNED_LD	LD		MULTI	4470	1.162E-10	72	0.76
12	123719528	RS7139321	RS4460848	PRUNED_LD	LD		MULTI	4471	1.165E-10	34	0.71
1	44078384	RS499257	RS2970610	PRUNED_LD	LD		MULTI	4472	1.167E-10	68	0.97
12	2310529	RS2239021	RS1860002	PRUNED_LD	LD		MULTI	4473	1.168E-10	45	0.52
5	60508492	RS56219078	RS56219078	SELECTED_LEAD	LD	OK_LOCAL_CACHE		4474	1.169E-10	73	
12	2310616	RS2239023	RS1860002	PRUNED_LD	LD		MULTI	4475	1.179E-10	45	0.52
3	180871913	RS13065466	RS12152501	PRUNED_LD	LD		MULTI	4476	1.179E-10	72	0.96
15	59181985	RS2270664	RS793571	PRUNED_LD	LD		MULTI	4477	1.18E-10	52	0.86
12	2309864	RS10459125	RS1860002	PRUNED_LD	LD		MULTI	4478	1.184E-10	45	0.52
12	2309023	RS2098013	RS1860002	PRUNED_LD	LD		MULTI	4479	1.186E-10	45	0.52
12	2314825	RS10848631	RS1860002	PRUNED_LD	LD		MULTI	4480	1.19E-10	45	0.52
3	136371691	RS6439649	RS1394094	PRUNED_LD	LD		MULTI	4481	1.197E-10	50	0.5
6	28601796	RS6926221	RS539591970	PRUNED_DISTANCE_FALLBACK	DISTANCE_FALLBACK		NA	4482	1.205E-10	11	
12	2310452	RS2239020	RS1860002	PRUNED_LD	LD		MULTI	4483	1.217E-10	45	0.52
3	180737641	RS34293605	RS12152501	PRUNED_LD	LD		MULTI	4484	1.224E-10	72	0.76
11	46396479	RS2046768	RS12285419	PRUNED_LD	LD		MULTI	4485	1.225E-10	66	0.7
18	53156707	RS1993193	RS1993193	SELECTED_LEAD	LD	OK_MIXED		4486	1.227E-10	74	
11	46397323	RS3740974	RS12285419	PRUNED_LD	LD		MULTI	4487	1.228E-10	66	0.7
3	136165695	RS10804640	RS1394094	PRUNED_LD	LD		MULTI	4488	1.231E-10	50	0.72
2	58032553	RS2683620	RS1356545	PRUNED_LD	LD		MULTI	4489	1.236E-10	39	0.84
6	28601301	RS9368568	RS539591970	PRUNED_DISTANCE_FALLBACK	DISTANCE_FALLBACK		NA	4490	1.239E-10	11	
12	2310551	RS2239022	RS1860002	PRUNED_LD	LD		MULTI	4491	1.246E-10	45	0.52
6	28162087	RS1225597	6:28301195_A_G	PRUNED_DISTANCE_FALLBACK	DISTANCE_FALLBACK		NA	4492	1.249E-10	16	
11	46393958	RS7936413	RS12285419	PRUNED_LD	LD		MULTI	4493	1.252E-10	66	0.7
3	136149139	RS10935183	RS1394094	PRUNED_LD	LD		MULTI	4494	1.26E-10	50	0.7
1	44079411	RS603542	RS2970610	PRUNED_LD	LD		MULTI	4495	1.261E-10	68	0.97
6	32432571	RS9268916	RS431204	PRUNED_DISTANCE_FALLBACK	DISTANCE_FALLBACK		NA	4496	1.261E-10	14	
3	180739696	RS4855008	RS12152501	PRUNED_LD	LD		MULTI	4497	1.263E-10	72	0.76
3	180873343	RS13071836	RS12152501	PRUNED_LD	LD		MULTI	4498	1.265E-10	72	0.96
3	180872987	RS13071279	RS12152501	PRUNED_LD	LD		MULTI	4499	1.276E-10	72	0.96
6	28077374	RS203884	6:28301195_A_G	PRUNED_DISTANCE_FALLBACK	DISTANCE_FALLBACK		NA	4500	1.276E-10	16	
23	21380266	RS1378559	RS1378559	SELECTED_LEAD	LD	OK		4501	1.278E-10	75	
11	46402852	RS35324223	RS7108770	PRUNED_LD	LD		MULTI	4502	1.284E-10	65	0.79
11	46500654	RS58147945	RS7108770	PRUNED_LD	LD		MULTI	4503	1.285E-10	65	0.89
15	59212111	RS3145	RS793571	PRUNED_LD	LD		MULTI	4504	1.288E-10	52	0.82
3	180857105	RS11708198	RS12152501	PRUNED_LD	LD		MULTI	4505	1.298E-10	72	0.85
3	180880563	RS12629507	RS12152501	PRUNED_LD	LD		MULTI	4506	1.298E-10	72	0.96
3	180743946	RS80167953	RS12152501	PRUNED_LD	LD		MULTI	4507	1.301E-10	72	0.76
6	28239681	RS2394049	6:28301195_A_G	PRUNED_DISTANCE_FALLBACK	DISTANCE_FALLBACK		NA	4508	1.328E-10	16	
3	180741862	RS13089835	RS12152501	PRUNED_LD	LD		MULTI	4509	1.329E-10	72	0.76
6	32623371	RS9273336	RS3021302	PRUNED_LD	LD		MULTI	4510	1.329E-10	27	0.88
6	28602631	RS12211927	RS539591970	PRUNED_DISTANCE_FALLBACK	DISTANCE_FALLBACK		NA	4511	1.33E-10	11	
6	28658554	RS2394122	RS13194504	PRUNED_LD	LD		EUR	4512	1.33E-10	7	0.26
3	180744625	RS1897421	RS12152501	PRUNED_LD	LD		MULTI	4513	1.332E-10	72	0.76
6	31019806	RS2844642	RS1264353	PRUNED_LD	LD		EUR	4514	1.333E-10	15	0.43
5	45285752	RS16902086	RS16902086	SELECTED_LEAD	LD	OK_LOCAL_CACHE		4515	1.336E-10	76	
6	28167635	RS1071893	6:28301195_A_G	PRUNED_DISTANCE_FALLBACK	DISTANCE_FALLBACK		NA	4516	1.342E-10	16	
6	30900427	RS2253718	RS7748141	PRUNED_DISTANCE_FALLBACK	DISTANCE_FALLBACK		NA	4517	1.342E-10	24	
6	32996999	RS114132738	RS75301392	PRUNED_LD	LD		EUR	4518	1.344E-10	20	0.25
11	46391602	RS12575519	RS12285419	PRUNED_LD	LD		MULTI	4519	1.347E-10	66	0.7
3	180851257	RS4854913	RS12152501	PRUNED_LD	LD		MULTI	4520	1.347E-10	72	0.83
3	180894780	RS74896883	RS12152501	PRUNED_LD	LD		MULTI	4521	1.349E-10	72	0.93
3	180832739	RS6801189	RS12152501	PRUNED_LD	LD		MULTI	4522	1.352E-10	72	0.83
6	28089699	RS1631552	6:28301195_A_G	PRUNED_DISTANCE_FALLBACK	DISTANCE_FALLBACK		NA	4523	1.355E-10	16	
5	45250730	RS10512875	RS16902086	PRUNED_LD	LD		MULTI	4524	1.364E-10	76	0.85
6	25183640	RS115578938	RS116090114	PRUNED_LD	LD		EUR	4525	1.365E-10	57	0.84
11	46472414	RS61882709	RS7108770	PRUNED_LD	LD		MULTI	4526	1.368E-10	65	0.91
3	180887112	RS57296786	RS12152501	PRUNED_LD	LD		MULTI	4527	1.37E-10	72	0.93
3	180849619	RS13077245	RS12152501	PRUNED_LD	LD		MULTI	4528	1.373E-10	72	0.83
6	28223731	RS12214383	6:28301195_A_G	PRUNED_DISTANCE_FALLBACK	DISTANCE_FALLBACK		NA	4529	1.383E-10	16	
10	104467609	RS12415043	RS77335224	PRUNED_LD	LD		EUR	4530	1.394E-10	58	0.21
3	180890280	RS34196490	RS12152501	PRUNED_LD	LD		MULTI	4531	1.409E-10	72	0.92
12	2312620	RS12422554	RS1860002	PRUNED_LD	LD		MULTI	4532	1.413E-10	45	0.52
6	28359170	RS2859348	RS539591970	PRUNED_DISTANCE_FALLBACK	DISTANCE_FALLBACK		NA	4533	1.416E-10	11	
10	104456686	RS10883765	RS77335224	PRUNED_LD	LD		EUR	4534	1.419E-10	58	0.21
10	104627230	RS11191426	RS12219247	PRUNED_LD	LD		ASN	4535	1.419E-10	54	0.26
12	2312408	RS10848627	RS1860002	PRUNED_LD	LD		MULTI	4536	1.42E-10	45	0.52
6	28086413	RS1770131	6:28301195_A_G	PRUNED_DISTANCE_FALLBACK	DISTANCE_FALLBACK		NA	4537	1.421E-10	16	
3	136317402	RS4678436	RS1394094	PRUNED_LD	LD		MULTI	4538	1.423E-10	50	0.56
12	2312489	RS10848628	RS1860002	PRUNED_LD	LD		MULTI	4539	1.424E-10	45	0.52
3	180874238	RS13100468	RS12152501	PRUNED_LD	LD		MULTI	4540	1.424E-10	72	0.96
3	180904082	RS11716918	RS12152501	PRUNED_LD	LD		MULTI	4541	1.433E-10	72	0.92
3	180812691	RS4855018	RS12152501	PRUNED_LD	LD		MULTI	4542	1.438E-10	72	0.83
15	59202598	RS4774315	RS793571	PRUNED_LD	LD		MULTI	4543	1.443E-10	52	0.84
3	180813831	RS34331582	RS12152501	PRUNED_LD	LD		MULTI	4544	1.448E-10	72	0.83
3	180871950	RS13065310	RS12152501	PRUNED_LD	LD		MULTI	4545	1.449E-10	72	0.96
6	28092603	RS536704	6:28301195_A_G	PRUNED_DISTANCE_FALLBACK	DISTANCE_FALLBACK		NA	4546	1.45E-10	16	
3	180856453	RS6784620	RS12152501	PRUNED_LD	LD		MULTI	4547	1.453E-10	72	0.85
3	180846831	RS11713600	RS12152501	PRUNED_LD	LD		MULTI	4548	1.459E-10	72	0.83
3	180731458	RS62289566	RS12152501	PRUNED_LD	LD		MULTI	4549	1.465E-10	72	0.76
2	57987201	RS12997222	RS1356545	PRUNED_LD	LD		MULTI	4550	1.467E-10	39	0.79
12	2309393	RS10774032	RS1860002	PRUNED_LD	LD		MULTI	4551	1.469E-10	45	0.52
12	2315228	RS758173	RS1860002	PRUNED_LD	LD		MULTI	4552	1.477E-10	45	0.52
6	27242681	RS9393801	RS13215879	PRUNED_DISTANCE_FALLBACK	DISTANCE_FALLBACK		NA	4553	1.486E-10	22	
12	2312826	RS4765668	RS1860002	PRUNED_LD	LD		MULTI	4554	1.489E-10	45	0.51
12	2311313	RS2239024	RS1860002	PRUNED_LD	LD		MULTI	4555	1.49E-10	45	0.52
3	180928466	RS10804885	RS12152501	PRUNED_LD	LD		MULTI	4556	1.496E-10	72	0.88
15	59174282	RS67851431	RS793571	PRUNED_LD	LD		MULTI	4557	1.498E-10	52	0.86
11	46509344	RS1489192	RS7108770	PRUNED_LD	LD		MULTI	4558	1.505E-10	65	0.89
18	53160491	RS55794506	RS1993193	PRUNED_LD	LD		EUR	4559	1.513E-10	74	1
3	180830337	RS918253	RS12152501	PRUNED_LD	LD		MULTI	4560	1.517E-10	72	0.83
3	180860415	RS12635535	RS12152501	PRUNED_LD	LD		MULTI	4561	1.519E-10	72	0.83
12	2312897	RS10848629	RS1860002	PRUNED_LD	LD		MULTI	4562	1.529E-10	45	0.52
6	29851895	RS1611586	RS547591961	PRUNED_DISTANCE_FALLBACK	DISTANCE_FALLBACK		NA	4563	1.53E-10	13	
3	180839048	RS62289605	RS12152501	PRUNED_LD	LD		MULTI	4564	1.533E-10	72	0.8
6	28173219	RS1233708	6:28301195_A_G	PRUNED_DISTANCE_FALLBACK	DISTANCE_FALLBACK		NA	4565	1.552E-10	16	
3	180879878	RS4855022	RS12152501	PRUNED_LD	LD		MULTI	4566	1.558E-10	72	0.96
10	18726218	RS7071123	RS7071123	SELECTED_LEAD	LD	OK_LOCAL_CACHE		4567	1.559E-10	77	
2	58058069	RS2683630	RS1356545	PRUNED_LD	LD		MULTI	4568	1.561E-10	39	0.83
3	52833805	RS3617	RS13083798	PRUNED_LD	LD		MULTI	4569	1.561E-10	42	0.65
3	136319949	RS73228043	RS1394094	PRUNED_LD	LD		MULTI	4570	1.57E-10	50	0.51
12	2312965	RS4765902	RS1860002	PRUNED_LD	LD		MULTI	4571	1.572E-10	45	0.52
12	2313111	RS4765669	RS1860002	PRUNED_LD	LD		MULTI	4572	1.574E-10	45	0.52
3	180808344	RS1897424	RS12152501	PRUNED_LD	LD		MULTI	4573	1.575E-10	72	0.83
6	27235866	RS6915678	RS13215879	PRUNED_DISTANCE_FALLBACK	DISTANCE_FALLBACK		NA	4574	1.576E-10	22	
12	2313126	RS4765670	RS1860002	PRUNED_LD	LD		MULTI	4575	1.581E-10	45	0.52
7	104599208	RS17777642	RS17777642	SELECTED_LEAD	LD	OK_LOCAL_CACHE		4576	1.588E-10	78	
10	18726326	RS6482437	RS7071123	PRUNED_LD	LD		MULTI	4577	1.594E-10	77	1
11	130794355	RS11222395	RS961491	PRUNED_LD	LD		MULTI	4578	1.594E-10	44	0.59
12	2314426	RS10774033	RS1860002	PRUNED_LD	LD		MULTI	4579	1.606E-10	45	0.53
3	136189865	RS4678269	RS1394094	PRUNED_LD	LD		MULTI	4580	1.608E-10	50	0.79
3	180838644	RS4855019	RS12152501	PRUNED_LD	LD		MULTI	4581	1.617E-10	72	0.83
7	104598610	RS6466033	RS17777642	PRUNED_LD	LD		MULTI	4582	1.622E-10	78	1
7	2166319	RS3778983	RS12154473	PRUNED_LD	LD		MULTI	4583	1.633E-10	51	0.46
3	180829652	RS35032109	RS12152501	PRUNED_LD	LD		MULTI	4584	1.634E-10	72	0.83
6	29710380	RS885941	RS547591961	PRUNED_DISTANCE_FALLBACK	DISTANCE_FALLBACK		NA	4585	1.637E-10	13	
18	53151337	RS72930757	RS1993193	PRUNED_LD	LD		EUR	4586	1.638E-10	74	1
12	2316195	RS10848635	RS1860002	PRUNED_LD	LD		MULTI	4587	1.645E-10	45	0.52
18	53153593	RS140282719	RS1993193	PRUNED_LD	LD		EUR	4588	1.645E-10	74	1
6	28078356	RS203883	6:28301195_A_G	PRUNED_DISTANCE_FALLBACK	DISTANCE_FALLBACK		NA	4589	1.651E-10	16	
12	2316127	RS10848634	RS1860002	PRUNED_LD	LD		MULTI	4590	1.652E-10	45	0.49
2	57972834	RS13002041	RS1356545	PRUNED_LD	LD		MULTI	4591	1.657E-10	39	0.69
6	28078502	RS203882	6:28301195_A_G	PRUNED_DISTANCE_FALLBACK	DISTANCE_FALLBACK		NA	4592	1.667E-10	16	
22	40051166	RS732381	RS732381	SELECTED_LEAD	LD	OK_LOCAL_CACHE		4593	1.668E-10	79	
12	2315706	RS758174	RS1860002	PRUNED_LD	LD		MULTI	4594	1.672E-10	45	0.52
2	58032759	RS2683619	RS1356545	PRUNED_LD	LD		MULTI	4595	1.673E-10	39	0.84
12	2314997	RS758172	RS1860002	PRUNED_LD	LD		MULTI	4596	1.675E-10	45	0.52
2	233774828	RS778365	RS2293780	PRUNED_LD	LD		EUR	4597	1.676E-10	43	0.31
6	28260249	RS1233660	6:28301195_A_G	PRUNED_DISTANCE_FALLBACK	DISTANCE_FALLBACK		NA	4598	1.676E-10	16	
6	33441648	RS13198907	RS9461856	PRUNED_LD	LD		MULTI	4599	1.689E-10	71	0.87
2	58002818	RS10865304	RS1356545	PRUNED_LD	LD		MULTI	4600	1.691E-10	39	0.82
12	2316019	RS10848633	RS1860002	PRUNED_LD	LD		MULTI	4601	1.698E-10	45	0.52
11	133832131	RS10894771	RS4936215	PRUNED_LD	LD		EUR	4602	1.704E-10	36	0.72
2	58032530	RS2717075	RS1356545	PRUNED_LD	LD		MULTI	4603	1.704E-10	39	0.84
18	53154887	RS72930763	RS1993193	PRUNED_LD	LD		EUR	4604	1.708E-10	74	1
2	58037369	RS2683629	RS1356545	PRUNED_LD	LD		MULTI	4605	1.712E-10	39	0.84
3	180730244	RS7638244	RS12152501	PRUNED_LD	LD		MULTI	4606	1.72E-10	72	0.76
6	32207181	RS3130304	RS2071278	PRUNED_LD	LD		EUR	4607	1.72E-10	10	0.33
5	60586625	RS4352559	RS56219078	PRUNED_LD	LD		EUR	4608	1.726E-10	73	0.47
3	136377377	RS6791142	RS1394094	PRUNED_LD	LD		MULTI	4609	1.728E-10	50	0.5
12	2315993	RS10848632	RS1860002	PRUNED_LD	LD		MULTI	4610	1.73E-10	45	0.52
6	28067196	RS203892	6:28301195_A_G	PRUNED_DISTANCE_FALLBACK	DISTANCE_FALLBACK		NA	4611	1.731E-10	16	
3	180805770	RS57671339	RS12152501	PRUNED_LD	LD		MULTI	4612	1.733E-10	72	0.76
18	53153294	RS72930759	RS1993193	PRUNED_LD	LD		EUR	4613	1.734E-10	74	1
6	28071393	RS188105	6:28301195_A_G	PRUNED_DISTANCE_FALLBACK	DISTANCE_FALLBACK		NA	4614	1.737E-10	16	
2	233597196	RS10205801	RS2293780	PRUNED_LD	LD		MULTI	4615	1.738E-10	43	0.73
3	180752138	RS13096176	RS12152501	PRUNED_LD	LD		MULTI	4616	1.747E-10	72	0.76
2	58006624	RS11898858	RS1356545	PRUNED_LD	LD		MULTI	4617	1.749E-10	39	0.83
2	58030962	RS2717071	RS1356545	PRUNED_LD	LD		MULTI	4618	1.749E-10	39	0.83
18	53151150	RS72930755	RS1993193	PRUNED_LD	LD		EUR	4619	1.75E-10	74	1
18	53151155	RS72930756	RS1993193	PRUNED_LD	LD		EUR	4620	1.757E-10	74	1
3	180729148	RS71312200	RS12152501	PRUNED_LD	LD		MULTI	4621	1.76E-10	72	0.76
18	53163569	RS72930787	RS1993193	PRUNED_LD	LD		EUR	4622	1.763E-10	74	1
12	123750748	RS4553407	RS4460848	PRUNED_LD	LD		MULTI	4623	1.767E-10	34	0.61
6	32776590	RS4513843	6:32634952_G_T	PRUNED_DISTANCE_FALLBACK	DISTANCE_FALLBACK		NA	4624	1.768E-10	33	
6	28065888	RS476167	6:28301195_A_G	PRUNED_DISTANCE_FALLBACK	DISTANCE_FALLBACK		NA	4625	1.769E-10	16	
2	58007475	RS12713358	RS1356545	PRUNED_LD	LD		MULTI	4626	1.77E-10	39	0.83
6	29711173	RS947819	RS547591961	PRUNED_DISTANCE_FALLBACK	DISTANCE_FALLBACK		NA	4627	1.773E-10	13	
3	180794914	RS62289596	RS12152501	PRUNED_LD	LD		MULTI	4628	1.776E-10	72	0.8
2	233803208	RS778350	RS2293780	PRUNED_LD	LD		EUR	4629	1.779E-10	43	0.28
3	136435162	RS9825700	RS1394094	PRUNED_LD	LD		ASN	4630	1.781E-10	50	0.37
3	180786608	RS6775889	RS12152501	PRUNED_LD	LD		MULTI	4631	1.781E-10	72	0.82
3	180853911	RS62289619	RS12152501	PRUNED_LD	LD		MULTI	4632	1.785E-10	72	0.85
23	68379039	RS5937159	RS5937159	SELECTED_LEAD	LD	OK		4633	1.788E-10	80	
3	136245815	RS1070228	RS1394094	PRUNED_LD	LD		MULTI	4634	1.792E-10	50	0.67
3	180798672	RS13086700	RS12152501	PRUNED_LD	LD		MULTI	4635	1.805E-10	72	0.83
3	180791117	RS62289595	RS12152501	PRUNED_LD	LD		MULTI	4636	1.808E-10	72	0.82
6	28659407	RS7748643	RS539591970	PRUNED_DISTANCE_FALLBACK	DISTANCE_FALLBACK		NA	4637	1.81E-10	11	
6	25182925	RS148149244	RS116090114	PRUNED_LD	LD		EUR	4638	1.811E-10	57	0.84
3	136188837	RS9714347	RS1394094	PRUNED_LD	LD		MULTI	4639	1.822E-10	50	0.78
2	58045395	RS1402399	RS1356545	PRUNED_LD	LD		MULTI	4640	1.823E-10	39	0.84
6	28062066	RS203893	6:28301195_A_G	PRUNED_DISTANCE_FALLBACK	DISTANCE_FALLBACK		NA	4641	1.825E-10	16	
3	180788614	RS138977875	RS12152501	PRUNED_LD	LD		MULTI	4642	1.83E-10	72	0.82
10	104419465	RS10883760	RS77335224	PRUNED_LD	LD		EUR	4643	1.841E-10	58	0.2
3	136213310	RS73226190	RS1394094	PRUNED_LD	LD		MULTI	4644	1.842E-10	50	0.91
7	104598479	RS6466031	RS17777642	PRUNED_LD	LD		MULTI	4645	1.844E-10	78	0.99
2	58032029	RS1474215	RS1356545	PRUNED_LD	LD		MULTI	4646	1.847E-10	39	0.84
3	180789970	RS112011743	RS112011743	SELECTED_LEAD	DISTANCE_FALLBACK	NO_LD_RESPONSE		4647	1.848E-10	81	
3	180853192	RS13100379	RS12152501	PRUNED_LD	LD		MULTI	4648	1.85E-10	72	0.85
12	2312282	RS2239025	RS1860002	PRUNED_LD	LD		MULTI	4649	1.858E-10	45	0.52
6	28553779	RS35480587	RS539591970	PRUNED_DISTANCE_FALLBACK	DISTANCE_FALLBACK		NA	4650	1.86E-10	11	
6	27255017	RS6914521	RS13215879	PRUNED_DISTANCE_FALLBACK	DISTANCE_FALLBACK		NA	4651	1.863E-10	22	
3	180792579	RS13062475	RS12152501	PRUNED_LD	LD		MULTI	4652	1.866E-10	72	0.82
3	180849838	RS13077643	RS12152501	PRUNED_LD	LD		MULTI	4653	1.866E-10	72	0.83
2	58039357	RS2953439	RS1356545	PRUNED_LD	LD		MULTI	4654	1.889E-10	39	0.84
5	45252500	RS10035564	RS16902086	PRUNED_LD	LD		MULTI	4655	1.892E-10	76	0.86
11	130786308	RS7106771	RS7106771	SELECTED_LEAD	LD	OK_LOCAL_CACHE		4656	1.899E-10	82	
3	180796379	RS34196661	RS12152501	PRUNED_LD	LD		MULTI	4657	1.904E-10	72	0.82
3	136103287	RS655748	RS1394094	PRUNED_LD	LD		MULTI	4658	1.907E-10	50	0.56
3	136381368	RS4038587	RS1394094	PRUNED_LD	LD		MULTI	4659	1.908E-10	50	0.5
2	233749565	RS2675953	RS2293780	PRUNED_LD	LD		MULTI	4660	1.919E-10	43	0.68
2	57975170	RS11125729	RS1356545	PRUNED_LD	LD		MULTI	4661	1.936E-10	39	0.69
3	136426822	RS4038578	RS1394094	PRUNED_LD	LD		ASN	4662	1.936E-10	50	0.41
11	130794272	RS11222394	RS961491	PRUNED_LD	LD		MULTI	4663	1.937E-10	44	0.61
3	180755882	RS35607144	RS12152501	PRUNED_LD	LD		MULTI	4664	1.944E-10	72	0.77
10	104420018	RS10883761	RS77335224	PRUNED_LD	LD		EUR	4665	1.954E-10	58	0.2
12	2317523	RS11062156	RS1860002	PRUNED_LD	LD		MULTI	4666	1.959E-10	45	0.52
3	180840488	RS4456860	RS12152501	PRUNED_LD	LD		MULTI	4667	1.965E-10	72	0.74
6	29711334	RS1610615	RS547591961	PRUNED_DISTANCE_FALLBACK	DISTANCE_FALLBACK		NA	4668	1.974E-10	13	
3	135914476	RS9845457	RS9845457	SELECTED_LEAD	LD	OK_LOCAL_CACHE		4669	1.998E-10	83	
3	136402293	RS7637129	RS1394094	PRUNED_LD	LD		MULTI	4670	2.002E-10	50	0.5
6	31878495	RS622871	RS431204	PRUNED_DISTANCE_FALLBACK	DISTANCE_FALLBACK		NA	4671	2.002E-10	14	
6	32440771	RS9269073	RS431204	PRUNED_DISTANCE_FALLBACK	DISTANCE_FALLBACK		NA	4672	2.003E-10	14	
6	32603880	RS9272306	6:32634952_G_T	PRUNED_DISTANCE_FALLBACK	DISTANCE_FALLBACK		NA	4673	2.01E-10	33	
3	180827808	RS35212830	RS12152501	PRUNED_LD	LD		MULTI	4674	2.011E-10	72	0.76
12	2317644	RS2238054	RS1860002	PRUNED_LD	LD		MULTI	4675	2.016E-10	45	0.52
3	180787494	RS12638820	RS12152501	PRUNED_LD	LD		MULTI	4676	2.018E-10	72	0.8
6	29860879	RS1611546	RS547591961	PRUNED_DISTANCE_FALLBACK	DISTANCE_FALLBACK		NA	4677	2.02E-10	13	
12	2316554	RS10848637	RS1860002	PRUNED_LD	LD		MULTI	4678	2.022E-10	45	0.52
3	136337029	RS34438032	RS1394094	PRUNED_LD	LD		MULTI	4679	2.029E-10	50	0.52
12	2316493	RS10848636	RS1860002	PRUNED_LD	LD		MULTI	4680	2.037E-10	45	0.52
18	53159915	RS72930774	RS1993193	PRUNED_LD	LD		EUR	4681	2.048E-10	74	1
2	57973344	RS3886275	RS1356545	PRUNED_LD	LD		MULTI	4682	2.048E-10	39	0.69
6	32774274	RS6912056	6:32634952_G_T	PRUNED_DISTANCE_FALLBACK	DISTANCE_FALLBACK		NA	4683	2.05E-10	33	
3	136196754	RS11719310	RS1394094	PRUNED_LD	LD		MULTI	4684	2.051E-10	50	0.88
2	233799633	RS778345	RS2293780	PRUNED_LD	LD		EUR	4685	2.056E-10	43	0.29
6	28226878	RS1531681	6:28301195_A_G	PRUNED_DISTANCE_FALLBACK	DISTANCE_FALLBACK		NA	4686	2.057E-10	16	
6	27858837	RS200972	6:28301195_A_G	PRUNED_DISTANCE_FALLBACK	DISTANCE_FALLBACK		NA	4687	2.062E-10	16	
2	58010040	RS6761347	RS1356545	PRUNED_LD	LD		MULTI	4688	2.064E-10	39	0.84
3	180761900	RS112171696	RS112011743	PRUNED_DISTANCE_FALLBACK	DISTANCE_FALLBACK		NA	4689	2.069E-10	81	
18	53148136	RS148421571	RS1993193	PRUNED_LD	LD		EUR	4690	2.074E-10	74	0.94
2	58036044	RS2683628	RS1356545	PRUNED_LD	LD		MULTI	4691	2.079E-10	39	0.84
6	28046673	RS203876	6:28301195_A_G	PRUNED_DISTANCE_FALLBACK	DISTANCE_FALLBACK		NA	4692	2.079E-10	16	
3	180760431	RS34095791	RS112011743	PRUNED_DISTANCE_FALLBACK	DISTANCE_FALLBACK		NA	4693	2.084E-10	81	
6	28624894	RS11970339	RS13194504	PRUNED_LD	LD		EUR	4694	2.089E-10	7	0.29
10	104594507	RS1004467	RS12219247	PRUNED_LD	LD		ASN	4695	2.104E-10	54	0.37
3	180768642	RS1001417	RS12152501	PRUNED_LD	LD		MULTI	4696	2.105E-10	72	0.79
6	28250236	RS1150724	6:28301195_A_G	PRUNED_DISTANCE_FALLBACK	DISTANCE_FALLBACK		NA	4697	2.105E-10	16	
3	180769147	RS13092557	RS12152501	PRUNED_LD	LD		MULTI	4698	2.106E-10	72	0.79
3	180774673	RS1805646	RS12152501	PRUNED_LD	LD		MULTI	4699	2.106E-10	72	0.79
4	103146890	RS35518360	RS35518360	SELECTED_LEAD	LD	OK_MIXED		4700	2.11E-10	84	
3	180763497	RS4855013	RS12152501	PRUNED_LD	LD		MULTI	4701	2.115E-10	72	0.79
6	33056146	RS58649023	6:32634952_G_T	PRUNED_DISTANCE_FALLBACK	DISTANCE_FALLBACK		NA	4702	2.115E-10	33	
2	58027337	RS954593	RS1356545	PRUNED_LD	LD		MULTI	4703	2.124E-10	39	0.84
10	104625970	RS11191425	RS12219247	PRUNED_LD	LD		ASN	4704	2.132E-10	54	0.25
3	136404683	RS4408829	RS1394094	PRUNED_LD	LD		MULTI	4705	2.133E-10	50	0.48
3	180765374	RS10513778	RS12152501	PRUNED_LD	LD		MULTI	4706	2.137E-10	72	0.79
11	134250818	RS4937881	RS7112912	PRUNED_LD	LD		MULTI	4707	2.141E-10	64	0.75
6	31506138	RS3093975	RS431204	PRUNED_DISTANCE_FALLBACK	DISTANCE_FALLBACK		NA	4708	2.141E-10	14	
6	31179193	RS3134785	RS1793894	PRUNED_LD	LD		EUR	4709	2.154E-10	17	0.31
6	32603854	RS9272302	6:32634952_G_T	PRUNED_DISTANCE_FALLBACK	DISTANCE_FALLBACK		NA	4710	2.155E-10	33	
6	31184524	RS3130514	RS1793894	PRUNED_LD	LD		EUR	4711	2.162E-10	17	0.31
3	180764312	RS6807057	RS12152501	PRUNED_LD	LD		MULTI	4712	2.171E-10	72	0.79
6	28048624	RS203877	6:28301195_A_G	PRUNED_DISTANCE_FALLBACK	DISTANCE_FALLBACK		NA	4713	2.174E-10	16	
3	180948059	RS13090638	RS12152501	PRUNED_LD	LD		MULTI	4714	2.183E-10	72	0.89
2	57993643	RS10496078	RS1356545	PRUNED_LD	LD		MULTI	4715	2.187E-10	39	0.82
3	180728415	RS11705702	RS12152501	PRUNED_LD	LD		MULTI	4716	2.187E-10	72	0.76
6	28243042	RS1150726	6:28301195_A_G	PRUNED_DISTANCE_FALLBACK	DISTANCE_FALLBACK		NA	4717	2.193E-10	16	
6	28256947	RS1150718	6:28301195_A_G	PRUNED_DISTANCE_FALLBACK	DISTANCE_FALLBACK		NA	4718	2.194E-10	16	
10	104430251	RS11191365	RS77335224	PRUNED_LD	LD		EUR	4719	2.209E-10	58	0.22
2	58007759	RS6737913	RS1356545	PRUNED_LD	LD		MULTI	4720	2.209E-10	39	0.81
15	85148231	RS11638554	RS11638554	SELECTED_LEAD	LD	OK_LOCAL_CACHE		4721	2.21E-10	85	
3	180768320	RS1001416	RS12152501	PRUNED_LD	LD		MULTI	4722	2.214E-10	72	0.79
6	28457818	RS2213806	RS539591970	PRUNED_DISTANCE_FALLBACK	DISTANCE_FALLBACK		NA	4723	2.221E-10	11	
2	57973452	RS717817	RS1356545	PRUNED_LD	LD		MULTI	4724	2.224E-10	39	0.69
6	28622337	RS2893966	RS13194504	PRUNED_LD	LD		EUR	4725	2.232E-10	7	0.29
3	180728136	RS34456631	RS12152501	PRUNED_LD	LD		MULTI	4726	2.236E-10	72	0.76
6	32767620	RS4947350	6:32634952_G_T	PRUNED_DISTANCE_FALLBACK	DISTANCE_FALLBACK		NA	4727	2.241E-10	33	
12	2312291	RS2239026	RS1860002	PRUNED_LD	LD		MULTI	4728	2.251E-10	45	0.52
12	123738876	RS1568428	RS4460848	PRUNED_LD	LD		MULTI	4729	2.268E-10	34	0.68
6	28634891	RS56389860	RS13194504	PRUNED_LD	LD		EUR	4730	2.268E-10	7	0.29
6	32678867	RS4476871	6:32634952_G_T	PRUNED_DISTANCE_FALLBACK	DISTANCE_FALLBACK		NA	4731	2.276E-10	33	
6	32678999	RS9275572	6:32634952_G_T	PRUNED_DISTANCE_FALLBACK	DISTANCE_FALLBACK		NA	4732	2.279E-10	33	
6	29766085	RS1632999	RS547591961	PRUNED_DISTANCE_FALLBACK	DISTANCE_FALLBACK		NA	4733	2.28E-10	13	
15	59227902	RS12909894	RS793571	PRUNED_LD	LD		MULTI	4734	2.283E-10	52	0.8
15	59215835	RS12708456	RS793571	PRUNED_LD	LD		MULTI	4735	2.29E-10	52	0.81
12	123757861	RS1109559	RS4460848	PRUNED_LD	LD		MULTI	4736	2.294E-10	34	0.59
6	27267008	RS4559087	RS13215879	PRUNED_DISTANCE_FALLBACK	DISTANCE_FALLBACK		NA	4737	2.295E-10	22	
2	233798909	RS778344	RS2293780	PRUNED_LD	LD		EUR	4738	2.299E-10	43	0.29
3	136414321	RS9836231	RS1394094	PRUNED_LD	LD		MULTI	4739	2.301E-10	50	0.46
18	53158629	RS72930767	RS1993193	PRUNED_LD	LD		EUR	4740	2.303E-10	74	1
2	57974429	RS7567497	RS1356545	PRUNED_LD	LD		MULTI	4741	2.303E-10	39	0.68
6	32679146	RS9275573	6:32634952_G_T	PRUNED_DISTANCE_FALLBACK	DISTANCE_FALLBACK		NA	4742	2.303E-10	33	
11	134251252	RS7951640	RS7112912	PRUNED_LD	LD		MULTI	4743	2.314E-10	64	0.75
3	180732505	RS16832256	RS12152501	PRUNED_LD	LD		MULTI	4744	2.318E-10	72	0.69
3	180736253	RS10049181	RS12152501	PRUNED_LD	LD		MULTI	4745	2.318E-10	72	0.69
18	53158650	RS72930769	RS1993193	PRUNED_LD	LD		EUR	4746	2.321E-10	74	1
12	2312301	RS2239027	RS1860002	PRUNED_LD	LD		MULTI	4747	2.329E-10	45	0.52
2	58040729	RS7598169	RS1356545	PRUNED_LD	LD		MULTI	4748	2.33E-10	39	0.84
18	53114756	RS2958172	RS1993193	PRUNED_LD	LD		EUR	4749	2.333E-10	74	0.55
6	26342749	RS4711107	RS41266839	PRUNED_LD	LD		EUR	4750	2.334E-10	3	0.2
12	123743927	RS10846489	RS4460848	PRUNED_LD	LD		MULTI	4751	2.336E-10	34	0.61
6	31501558	RS1055384	RS3094012	PRUNED_LD	LD		EUR	4752	2.337E-10	18	0.33
6	30899052	RS3095154	RS1264353	PRUNED_LD	LD		EUR	4753	2.339E-10	15	0.4
6	28622277	RS7775683	RS13194504	PRUNED_LD	LD		EUR	4754	2.343E-10	7	0.29
6	32678477	RS3998157	6:32634952_G_T	PRUNED_DISTANCE_FALLBACK	DISTANCE_FALLBACK		NA	4755	2.348E-10	33	
2	58008872	RS4296411	RS1356545	PRUNED_LD	LD		MULTI	4756	2.356E-10	39	0.73
6	30899524	RS3131787	RS1264353	PRUNED_LD	LD		EUR	4757	2.361E-10	15	0.4
2	57995586	RS7561842	RS1356545	PRUNED_LD	LD		MULTI	4758	2.365E-10	39	0.82
6	28240798	RS1778484	6:28301195_A_G	PRUNED_DISTANCE_FALLBACK	DISTANCE_FALLBACK		NA	4759	2.368E-10	16	
6	29328834	RS7754402	RS539591970	PRUNED_DISTANCE_FALLBACK	DISTANCE_FALLBACK		NA	4760	2.378E-10	11	
18	53150381	RS56029033	RS1993193	PRUNED_LD	LD		EUR	4761	2.384E-10	74	1
3	136348599	RS11919030	RS1394094	PRUNED_LD	LD		MULTI	4762	2.385E-10	50	0.57
6	31176226	RS3132506	RS1793894	PRUNED_LD	LD		EUR	4763	2.386E-10	17	0.31
3	52719816	RS10933	RS13083798	PRUNED_LD	LD		MULTI	4764	2.388E-10	42	0.9
6	32678597	RS4273729	6:32634952_G_T	PRUNED_DISTANCE_FALLBACK	DISTANCE_FALLBACK		NA	4765	2.392E-10	33	
3	52745087	RS11235	RS13083798	PRUNED_LD	LD		MULTI	4766	2.398E-10	42	0.9
6	28629510	RS34177106	RS13194504	PRUNED_LD	LD		EUR	4767	2.409E-10	7	0.29
6	31220450	RS2394944	RS1793894	PRUNED_LD	LD		EUR	4768	2.41E-10	17	0.28
10	104468583	RS10883767	RS77335224	PRUNED_LD	LD		EUR	4769	2.412E-10	58	0.21
18	53164762	RS56016607	RS1993193	PRUNED_LD	LD		EUR	4770	2.417E-10	74	1
2	58005792	RS6730037	RS1356545	PRUNED_LD	LD		MULTI	4771	2.428E-10	39	0.83
2	233801356	RS778347	RS2293780	PRUNED_LD	LD		EUR	4772	2.432E-10	43	0.28
6	31492453	RS3093988	RS3094012	PRUNED_LD	LD		EUR	4773	2.432E-10	18	0.33
2	58011697	RS1568450	RS1356545	PRUNED_LD	LD		MULTI	4774	2.454E-10	39	0.84
6	31177503	RS3132505	RS1793894	PRUNED_LD	LD		EUR	4775	2.455E-10	17	0.31
6	33062357	RS115991849	6:32634952_G_T	PRUNED_DISTANCE_FALLBACK	DISTANCE_FALLBACK		NA	4776	2.46E-10	33	
3	180741070	RS1897422	RS12152501	PRUNED_LD	LD		MULTI	4777	2.461E-10	72	0.76
7	2158390	RS10239050	RS12154473	PRUNED_LD	LD		MULTI	4778	2.462E-10	51	0.46
2	233802635	RS778348	RS2293780	PRUNED_LD	LD		EUR	4779	2.478E-10	43	0.28
2	200823360	RS166845	RS166845	SELECTED_LEAD	LD	OK_LOCAL_CACHE		4780	2.488E-10	86	
2	233802585	RS709935	RS2293780	PRUNED_LD	LD		EUR	4781	2.491E-10	43	0.28
6	33066323	RS573846179	6:32634952_G_T	PRUNED_DISTANCE_FALLBACK	DISTANCE_FALLBACK		NA	4782	2.495E-10	33	
3	180758644	RS35077784	RS12152501	PRUNED_LD	LD		MULTI	4783	2.505E-10	72	0.77
6	32677190	RS9275556	6:32634952_G_T	PRUNED_DISTANCE_FALLBACK	DISTANCE_FALLBACK		NA	4784	2.505E-10	33	
6	31191867	RS3130949	RS1793894	PRUNED_LD	LD		EUR	4785	2.509E-10	17	0.31
2	200814720	RS176008	RS166845	PRUNED_LD	LD		MULTI	4786	2.512E-10	86	0.96
2	200814809	RS1509835	RS166845	PRUNED_LD	LD		MULTI	4787	2.529E-10	86	1
2	200814572	RS281774	RS166845	PRUNED_LD	LD		MULTI	4788	2.542E-10	86	0.99
2	200820505	RS281766	RS166845	PRUNED_LD	LD		MULTI	4789	2.542E-10	86	1
4	103146888	RS35225200	RS35518360	PRUNED_LD	LD		EUR	4790	2.566E-10	84	1
2	58016412	RS10166481	RS1356545	PRUNED_LD	LD		MULTI	4791	2.603E-10	39	0.84
6	28219826	RS1736895	6:28301195_A_G	PRUNED_DISTANCE_FALLBACK	DISTANCE_FALLBACK		NA	4792	2.62E-10	16	
6	32687218	RS9275680	RS1794282	PRUNED_LD	LD		EUR	4793	2.62E-10	19	0.22
18	53160790	RS72930780	RS1993193	PRUNED_LD	LD		EUR	4794	2.635E-10	74	1
10	104426177	RS4244354	RS77335224	PRUNED_LD	LD		EUR	4795	2.641E-10	58	0.21
6	31325056	RS2596487	RS7748141	PRUNED_DISTANCE_FALLBACK	DISTANCE_FALLBACK		NA	4796	2.649E-10	24	
18	77653508	RS55858161	RS55858161	SELECTED_LEAD	LD	OK_LOCAL_CACHE		4797	2.651E-10	87	
2	233804330	RS778352	RS2293780	PRUNED_LD	LD		EUR	4798	2.659E-10	43	0.27
6	32675109	RS9275524	6:32634952_G_T	PRUNED_DISTANCE_FALLBACK	DISTANCE_FALLBACK		NA	4799	2.659E-10	33	
6	29899677	RS2524005	RS547591961	PRUNED_DISTANCE_FALLBACK	DISTANCE_FALLBACK		NA	4800	2.661E-10	13	
6	26466035	RS2273558	RS71557335	PRUNED_DISTANCE_FALLBACK	DISTANCE_FALLBACK		NA	4801	2.672E-10	29	
3	136425514	RS6764567	RS1394094	PRUNED_LD	LD		MULTI	4802	2.675E-10	50	0.42
11	46370767	RS876701	RS12285419	PRUNED_LD	LD		MULTI	4803	2.707E-10	66	0.68
2	233802603	RS709936	RS2293780	PRUNED_LD	LD		EUR	4804	2.707E-10	43	0.28
2	200816382	RS1658810	RS166845	PRUNED_LD	LD		MULTI	4805	2.708E-10	86	0.95
3	136444589	RS7616204	RS1394094	PRUNED_LD	LD		MULTI	4806	2.711E-10	50	0.41
11	46368241	RS61882678	RS12285419	PRUNED_LD	LD		MULTI	4807	2.712E-10	66	0.76
2	200812202	RS281771	RS166845	PRUNED_LD	LD		MULTI	4808	2.724E-10	86	0.99
2	57967563	RS6709720	RS1356545	PRUNED_LD	LD		MULTI	4809	2.732E-10	39	0.62
2	233799736	RS778346	RS2293780	PRUNED_LD	LD		EUR	4810	2.742E-10	43	0.29
2	199990107	RS1451488	RS1451488	SELECTED_LEAD	LD	OK_LOCAL_CACHE		4811	2.743E-10	88	
2	58035491	RS2717018	RS1356545	PRUNED_LD	LD		MULTI	4812	2.748E-10	39	0.84
2	200825240	RS281768	RS166845	PRUNED_LD	LD		MULTI	4813	2.753E-10	86	0.96
6	31283886	RS1634741	RS7748141	PRUNED_DISTANCE_FALLBACK	DISTANCE_FALLBACK		NA	4814	2.754E-10	24	
6	28212748	RS13408	6:28301195_A_G	PRUNED_DISTANCE_FALLBACK	DISTANCE_FALLBACK		NA	4815	2.778E-10	16	
6	27236048	RS3800314	RS13215879	PRUNED_DISTANCE_FALLBACK	DISTANCE_FALLBACK		NA	4816	2.779E-10	22	
3	136369710	RS4521165	RS1394094	PRUNED_LD	LD		MULTI	4817	2.811E-10	50	0.5
3	136227387	RS711977	RS1394094	PRUNED_LD	LD		MULTI	4818	2.82E-10	50	0.83
3	136370092	RS7618518	RS1394094	PRUNED_LD	LD		MULTI	4819	2.825E-10	50	0.5
6	28255040	RS1150721	6:28301195_A_G	PRUNED_DISTANCE_FALLBACK	DISTANCE_FALLBACK		NA	4820	2.843E-10	16	
12	123817576	RS11611680	RS4460848	PRUNED_LD	LD		MULTI	4821	2.844E-10	34	0.37
6	26745384	RS1565465	RS13215879	PRUNED_DISTANCE_FALLBACK	DISTANCE_FALLBACK		NA	4822	2.849E-10	22	
2	200819177	RS4673611	RS166845	PRUNED_LD	LD		MULTI	4823	2.851E-10	86	1
6	28165298	RS1150690	6:28301195_A_G	PRUNED_DISTANCE_FALLBACK	DISTANCE_FALLBACK		NA	4824	2.886E-10	16	
2	200818258	RS4410273	RS166845	PRUNED_LD	LD		MULTI	4825	2.896E-10	86	1
3	136357705	RS1017882	RS1394094	PRUNED_LD	LD		MULTI	4826	2.9E-10	50	0.55
7	1982779	RS7792631	RS12154473	PRUNED_LD	LD		MULTI	4827	2.9E-10	51	0.81
3	180781100	RS4854912	RS12152501	PRUNED_LD	LD		MULTI	4828	2.911E-10	72	0.79
12	57622371	RS12826178	RS61937595	PRUNED_LD	LD		EUR	4829	2.926E-10	46	0.55
3	180826998	RS11708192	RS12152501	PRUNED_LD	LD		MULTI	4830	2.936E-10	72	0.83
2	57975524	RS11679364	RS1356545	PRUNED_LD	LD		MULTI	4831	2.939E-10	39	0.68
6	27878738	RS149878	RS66868086	PRUNED_LD	LD		EUR	4832	2.946E-10	1	0.23
1	98375391	RS61787823	RS4950119	PRUNED_LD	LD		MULTI	4833	2.958E-10	47	0.63
2	200846666	RS281794	RS166845	PRUNED_LD	LD		MULTI	4834	2.964E-10	86	0.99
10	18725985	RS7095057	RS7071123	PRUNED_LD	LD		MULTI	4835	2.971E-10	77	1
2	58019903	RS1589407	RS1356545	PRUNED_LD	LD		MULTI	4836	2.985E-10	39	0.84
1	98383395	RS79055225	RS4950119	PRUNED_LD	LD		MULTI	4837	2.997E-10	47	0.67
12	2324042	RS7957545	RS1860002	PRUNED_LD	LD		MULTI	4838	2.999E-10	45	0.52
6	31218239	RS3130424	RS1793894	PRUNED_LD	LD		EUR	4839	3.003E-10	17	0.29
1	98376245	RS9727976	RS4950119	PRUNED_LD	LD		MULTI	4840	3.006E-10	47	0.67
1	98381860	RS61787826	RS4950119	PRUNED_LD	LD		MULTI	4841	3.012E-10	47	0.67
3	180753383	RS13060352	RS12152501	PRUNED_LD	LD		MULTI	4842	3.017E-10	72	0.76
2	58021882	RS4672223	RS1356545	PRUNED_LD	LD		MULTI	4843	3.018E-10	39	0.84
20	37438824	RS6124079	RS6124079	SELECTED_LEAD	LD	OK_LOCAL_CACHE		4844	3.025E-10	89	
15	61872197	RS35351411	RS35351411	SELECTED_LEAD	LD	OK_LOCAL_CACHE		4845	3.029E-10	90	
2	200847990	RS281793	RS166845	PRUNED_LD	LD		MULTI	4846	3.03E-10	86	1
3	180779152	RS34193500	RS12152501	PRUNED_LD	LD		MULTI	4847	3.03E-10	72	0.79
6	32674649	RS9275517	6:32634952_G_T	PRUNED_DISTANCE_FALLBACK	DISTANCE_FALLBACK		NA	4848	3.034E-10	33	
6	32674643	RS9275516	6:32634952_G_T	PRUNED_DISTANCE_FALLBACK	DISTANCE_FALLBACK		NA	4849	3.044E-10	33	
6	31741659	RS707930	RS431204	PRUNED_DISTANCE_FALLBACK	DISTANCE_FALLBACK		NA	4850	3.047E-10	14	
2	233759695	RS938569	RS2293780	PRUNED_LD	LD		MULTI	4851	3.054E-10	43	0.68
6	27040273	RS12190859	RS66975207	PRUNED_LD	LD		EUR	4852	3.064E-10	6	0.26
6	27039233	RS12215773	RS66975207	PRUNED_LD	LD		EUR	4853	3.07E-10	6	0.26
10	104412308	RS10786701	RS10786701	SELECTED_LEAD	LD	OK_LOCAL_CACHE		4854	3.079E-10	91	
2	200834282	RS281776	RS166845	PRUNED_LD	LD		MULTI	4855	3.106E-10	86	0.98
6	29766125	RS1736997	RS547591961	PRUNED_DISTANCE_FALLBACK	DISTANCE_FALLBACK		NA	4856	3.108E-10	13	
2	58008155	RS6756221	RS1356545	PRUNED_LD	LD		MULTI	4857	3.112E-10	39	0.84
6	28194629	RS9461443	RS67981811	PRUNED_LD	LD		EUR	4858	3.124E-10	2	0.26
6	27290082	RS2092114	RS13215879	PRUNED_DISTANCE_FALLBACK	DISTANCE_FALLBACK		NA	4859	3.126E-10	22	
6	33003119	RS6914052	RS75301392	PRUNED_LD	LD		EUR	4860	3.133E-10	20	0.21
6	32674700	RS9275518	6:32634952_G_T	PRUNED_DISTANCE_FALLBACK	DISTANCE_FALLBACK		NA	4861	3.134E-10	33	
15	59167865	RS1078001	RS793571	PRUNED_LD	LD		MULTI	4862	3.136E-10	52	0.69
3	52648265	RS9879090	RS13083798	PRUNED_LD	LD		MULTI	4863	3.173E-10	42	0.99
6	27240956	RS7759694	RS13215879	PRUNED_DISTANCE_FALLBACK	DISTANCE_FALLBACK		NA	4864	3.18E-10	22	
6	27046250	RS6940638	RS66975207	PRUNED_LD	LD		EUR	4865	3.19E-10	6	0.26
6	26914611	RS10946881	RS13215879	PRUNED_DISTANCE_FALLBACK	DISTANCE_FALLBACK		NA	4866	3.191E-10	22	
2	58023134	RS6545664	RS1356545	PRUNED_LD	LD		MULTI	4867	3.239E-10	39	0.84
6	30900150	RS3095151	RS1264353	PRUNED_LD	LD		EUR	4868	3.246E-10	15	0.41
2	200838613	RS11895190	RS166845	PRUNED_LD	LD		MULTI	4869	3.258E-10	86	1
12	123817563	RS11611677	RS4460848	PRUNED_LD	LD		MULTI	4870	3.297E-10	34	0.38
2	233750627	RS2675954	RS2293780	PRUNED_LD	LD		MULTI	4871	3.303E-10	43	0.68
1	44107428	RS2367724	RS2970610	PRUNED_LD	LD		MULTI	4872	3.317E-10	68	0.9
7	2140330	RS4719432	RS12154473	PRUNED_LD	LD		MULTI	4873	3.319E-10	51	0.5
2	58047101	RS2717053	RS1356545	PRUNED_LD	LD		MULTI	4874	3.333E-10	39	0.84
6	28630793	RS7767008	RS13194504	PRUNED_LD	LD		EUR	4875	3.339E-10	7	0.29
6	27224633	RS4546474	RS13215879	PRUNED_DISTANCE_FALLBACK	DISTANCE_FALLBACK		NA	4876	3.343E-10	22	
18	77647406	RS56071379	RS55858161	PRUNED_LD	LD		MULTI	4877	3.348E-10	87	0.99
2	57997136	RS10496079	RS1356545	PRUNED_LD	LD		MULTI	4878	3.348E-10	39	0.81
2	58041482	RS2953441	RS1356545	PRUNED_LD	LD		MULTI	4879	3.353E-10	39	0.84
2	58025937	RS2717048	RS1356545	PRUNED_LD	LD		MULTI	4880	3.371E-10	39	0.83
2	57993568	RS12990792	RS1356545	PRUNED_LD	LD		MULTI	4881	3.385E-10	39	0.82
2	57980955	RS10204616	RS1356545	PRUNED_LD	LD		MULTI	4882	3.407E-10	39	0.68
2	233757679	RS748002	RS2293780	PRUNED_LD	LD		MULTI	4883	3.426E-10	43	0.68
1	98379562	RS76003396	RS4950119	PRUNED_LD	LD		MULTI	4884	3.49E-10	47	0.67
11	134296384	RS893949	RS893949	SELECTED_LEAD	LD	OK_LOCAL_CACHE		4885	3.496E-10	92	
6	32189841	RS715299	RS2071278	PRUNED_LD	LD		EUR	4886	3.497E-10	10	0.39
6	26799460	RS2636425	RS13215879	PRUNED_DISTANCE_FALLBACK	DISTANCE_FALLBACK		NA	4887	3.498E-10	22	
3	180847721	RS12637938	RS12152501	PRUNED_LD	LD		MULTI	4888	3.509E-10	72	0.76
6	31228410	RS1986997	RS7748141	PRUNED_DISTANCE_FALLBACK	DISTANCE_FALLBACK		NA	4889	3.529E-10	24	
2	58023218	RS6545665	RS1356545	PRUNED_LD	LD		MULTI	4890	3.53E-10	39	0.84
2	58035555	RS2683616	RS1356545	PRUNED_LD	LD		MULTI	4891	3.532E-10	39	0.84
2	58014831	RS13026830	RS1356545	PRUNED_LD	LD		MULTI	4892	3.548E-10	39	0.84
3	180845657	RS13075474	RS12152501	PRUNED_LD	LD		MULTI	4893	3.584E-10	72	0.75
11	46544072	RS12272795	RS7108770	PRUNED_LD	LD		MULTI	4894	3.599E-10	65	0.83
6	26906017	RS12203512	RS13215879	PRUNED_DISTANCE_FALLBACK	DISTANCE_FALLBACK		NA	4895	3.616E-10	22	
6	27023081	RS12215241	RS66975207	PRUNED_LD	LD		EUR	4896	3.63E-10	6	0.26
6	26906310	RS12203782	RS13215879	PRUNED_DISTANCE_FALLBACK	DISTANCE_FALLBACK		NA	4897	3.637E-10	22	
15	59147800	RS431414	RS793571	PRUNED_LD	LD		MULTI	4898	3.672E-10	52	0.76
2	58016879	RS12991325	RS1356545	PRUNED_LD	LD		MULTI	4899	3.674E-10	39	0.84
3	180754046	RS9852289	RS12152501	PRUNED_LD	LD		MULTI	4900	3.69E-10	72	0.76
2	57995852	RS7588492	RS1356545	PRUNED_LD	LD		MULTI	4901	3.694E-10	39	0.8
15	59218094	RS4775101	RS793571	PRUNED_LD	LD		MULTI	4902	3.704E-10	52	0.82
3	180751175	RS62289571	RS12152501	PRUNED_LD	LD		MULTI	4903	3.708E-10	72	0.67
8	38274193	RS10958683	RS10958683	SELECTED_LEAD	LD	OK_LOCAL_CACHE		4904	3.741E-10	93	
2	201193373	RS3769472	RS3769472	SELECTED_LEAD	LD	OK_LOCAL_CACHE		4905	3.745E-10	94	
2	200810957	RS11680723	RS166845	PRUNED_LD	LD		MULTI	4906	3.752E-10	86	0.86
15	59213041	RS12148858	RS793571	PRUNED_LD	LD		MULTI	4907	3.764E-10	52	0.78
8	38258154	RS10958670	RS10958683	PRUNED_LD	LD		MULTI	4908	3.768E-10	93	0.89
8	38257506	RS7816998	RS10958683	PRUNED_LD	LD		MULTI	4909	3.77E-10	93	0.85
3	180761638	RS62289575	RS112011743	PRUNED_DISTANCE_FALLBACK	DISTANCE_FALLBACK		NA	4910	3.782E-10	81	
10	104849468	RS3740387	RS11191580	PRUNED_LD	LD		ASN	4911	3.795E-10	48	0.42
1	44109749	RS607296	RS2970610	PRUNED_LD	LD		MULTI	4912	3.829E-10	68	0.94
2	200830137	RS4263095	RS166845	PRUNED_LD	LD		MULTI	4913	3.83E-10	86	1
3	136408886	RS2062322	RS2062322	SELECTED_LEAD	LD	OK_LOCAL_CACHE		4914	3.833E-10	95	
3	180727215	RS61263335	RS12152501	PRUNED_LD	LD		MULTI	4915	3.845E-10	72	0.73
15	59141699	RS813219	RS793571	PRUNED_LD	LD		MULTI	4916	3.859E-10	52	0.78
6	31195793	RS6933647	RS1793894	PRUNED_LD	LD		EUR	4917	3.859E-10	17	0.28
2	58023009	RS6545663	RS1356545	PRUNED_LD	LD		MULTI	4918	3.864E-10	39	0.84
8	38240392	RS72630624	RS10958683	PRUNED_LD	LD		MULTI	4919	3.868E-10	93	0.79
2	58046995	RS2683621	RS1356545	PRUNED_LD	LD		MULTI	4920	3.882E-10	39	0.83
6	31196671	RS3130944	RS1793894	PRUNED_LD	LD		EUR	4921	3.9E-10	17	0.28
3	180833269	RS9853264	RS12152501	PRUNED_LD	LD		MULTI	4922	3.912E-10	72	0.76
3	136119909	RS864437	RS1394094	PRUNED_LD	LD		MULTI	4923	3.922E-10	50	0.63
3	180798727	RS13086738	RS12152501	PRUNED_LD	LD		MULTI	4924	3.926E-10	72	0.83
2	58046683	RS2717054	RS1356545	PRUNED_LD	LD		MULTI	4925	3.928E-10	39	0.84
15	59221741	RS12916751	RS793571	PRUNED_LD	LD		MULTI	4926	3.938E-10	52	0.81
3	52637486	RS2276824	RS13083798	PRUNED_LD	LD		MULTI	4927	3.957E-10	42	0.99
11	46684677	RS4423142	RS7108770	PRUNED_LD	LD		MULTI	4928	3.96E-10	65	0.88
6	31820400	RS2607013	RS431204	PRUNED_DISTANCE_FALLBACK	DISTANCE_FALLBACK		NA	4929	3.966E-10	14	
6	32674573	RS9275515	6:32634952_G_T	PRUNED_DISTANCE_FALLBACK	DISTANCE_FALLBACK		NA	4930	3.971E-10	33	
1	44029353	RS11210871	RS2970610	PRUNED_LD	LD		MULTI	4931	3.987E-10	68	0.7
6	31872551	RS2763982	RS431204	PRUNED_DISTANCE_FALLBACK	DISTANCE_FALLBACK		NA	4932	3.99E-10	14	
3	180772171	RS1805609	RS12152501	PRUNED_LD	LD		MULTI	4933	4.002E-10	72	0.78
3	52551284	RS67409736	RS13083798	PRUNED_LD	LD		MULTI	4934	4.01E-10	42	0.62
8	38135412	RS7845911	RS10958683	PRUNED_LD	LD		MULTI	4935	4.016E-10	93	0.63
2	58311684	RS12620940	RS1356545	PRUNED_LD	LD		MULTI	4936	4.026E-10	39	0.51
8	38272952	RS10958682	RS10958683	PRUNED_LD	LD		MULTI	4937	4.038E-10	93	0.91
6	26935797	RS10456344	RS13215879	PRUNED_DISTANCE_FALLBACK	DISTANCE_FALLBACK		NA	4938	4.04E-10	22	
11	46652582	RS60932698	RS7108770	PRUNED_LD	LD		MULTI	4939	4.041E-10	65	1
11	46378032	RS12576115	RS12285419	PRUNED_LD	LD		MULTI	4940	4.048E-10	66	0.68
6	26939856	RS3931464	RS13215879	PRUNED_DISTANCE_FALLBACK	DISTANCE_FALLBACK		NA	4941	4.052E-10	22	
2	58047263	RS2717052	RS1356545	PRUNED_LD	LD		MULTI	4942	4.054E-10	39	0.84
11	134247187	RS7113199	RS7112912	PRUNED_LD	LD		MULTI	4943	4.067E-10	64	0.97
6	31198067	RS3134781	RS1793894	PRUNED_LD	LD		EUR	4944	4.071E-10	17	0.27
3	180799879	RS4855015	RS12152501	PRUNED_LD	LD		MULTI	4945	4.075E-10	72	0.83
11	46570286	RS57535407	RS7108770	PRUNED_LD	LD		MULTI	4946	4.084E-10	65	0.89
6	31210866	RS3134762	RS1793894	PRUNED_LD	LD		EUR	4947	4.1E-10	17	0.31
6	26936240	RS12203587	RS13215879	PRUNED_DISTANCE_FALLBACK	DISTANCE_FALLBACK		NA	4948	4.11E-10	22	
2	58026312	RS2683614	RS1356545	PRUNED_LD	LD		MULTI	4949	4.113E-10	39	0.84
3	180824830	RS11710991	RS12152501	PRUNED_LD	LD		MULTI	4950	4.118E-10	72	0.76
8	38260440	RS28681082	RS10958683	PRUNED_LD	LD		MULTI	4951	4.123E-10	93	0.9
6	26391395	RS2237235	RS71557335	PRUNED_DISTANCE_FALLBACK	DISTANCE_FALLBACK		NA	4952	4.144E-10	29	
11	46524389	RS12576359	RS7108770	PRUNED_LD	LD		MULTI	4953	4.15E-10	65	0.87
3	180830910	RS9859557	RS12152501	PRUNED_LD	LD		MULTI	4954	4.177E-10	72	0.74
8	38260433	RS59498392	RS10958683	PRUNED_LD	LD		MULTI	4955	4.185E-10	93	0.9
11	46585781	RS11038919	RS7108770	PRUNED_LD	LD		MULTI	4956	4.192E-10	65	0.88
6	26938361	RS10498732	RS13215879	PRUNED_DISTANCE_FALLBACK	DISTANCE_FALLBACK		NA	4957	4.199E-10	22	
2	58021528	RS2090793	RS1356545	PRUNED_LD	LD		MULTI	4958	4.202E-10	39	0.84
6	31205392	RS3130530	RS1793894	PRUNED_LD	LD		EUR	4959	4.213E-10	17	0.31
7	104598448	RS6466030	RS17777642	PRUNED_LD	LD		MULTI	4960	4.215E-10	78	0.94
3	180764204	RS6782579	RS12152501	PRUNED_LD	LD		MULTI	4961	4.217E-10	72	0.78
2	200829993	RS10178177	RS166845	PRUNED_LD	LD		MULTI	4962	4.232E-10	86	1
17	43903842	RS62057151	RS62057151	SELECTED_LEAD	LD	OK_LOCAL_CACHE		4963	4.233E-10	96	
2	233793736	RS2675965	RS2293780	PRUNED_LD	LD		EUR	4964	4.259E-10	43	0.3
2	58017224	RS11676055	RS1356545	PRUNED_LD	LD		MULTI	4965	4.262E-10	39	0.84
23	68381264	RS11539157	RS11539157	SELECTED_LEAD	LD	OK		4966	4.276E-10	97	
6	26913214	RS6911401	RS13215879	PRUNED_DISTANCE_FALLBACK	DISTANCE_FALLBACK		NA	4967	4.277E-10	22	
3	180836848	RS12634129	RS12152501	PRUNED_LD	LD		MULTI	4968	4.283E-10	72	0.76
6	28129789	RS1150668	6:28301195_A_G	PRUNED_DISTANCE_FALLBACK	DISTANCE_FALLBACK		NA	4969	4.285E-10	16	
6	31196935	RS3134784	RS1793894	PRUNED_LD	LD		EUR	4970	4.289E-10	17	0.26
11	46450821	RS61882702	RS7108770	PRUNED_LD	LD		MULTI	4971	4.297E-10	65	0.89
2	233793676	RS2675964	RS2293780	PRUNED_LD	LD		EUR	4972	4.316E-10	43	0.29
6	26944783	RS9379948	RS13215879	PRUNED_DISTANCE_FALLBACK	DISTANCE_FALLBACK		NA	4973	4.318E-10	22	
6	31196295	RS3130945	RS1793894	PRUNED_LD	LD		EUR	4974	4.345E-10	17	0.27
18	77631679	RS72980085	RS55858161	PRUNED_LD	LD		MULTI	4975	4.352E-10	87	0.92
6	31329291	RS2596544	RS7748141	PRUNED_DISTANCE_FALLBACK	DISTANCE_FALLBACK		NA	4976	4.366E-10	24	
6	31195095	RS3095251	RS1793894	PRUNED_LD	LD		EUR	4977	4.371E-10	17	0.27
6	29766158	RS1736996	RS547591961	PRUNED_DISTANCE_FALLBACK	DISTANCE_FALLBACK		NA	4978	4.382E-10	13	
11	46524472	RS10838602	RS7108770	PRUNED_LD	LD		MULTI	4979	4.385E-10	65	0.87
1	98325947	RS11165920	RS4950119	PRUNED_LD	LD		MULTI	4980	4.396E-10	47	0.72
2	201186572	RS1347551	RS3769472	PRUNED_LD	LD		MULTI	4981	4.398E-10	94	1
15	59138270	RS637918	RS793571	PRUNED_LD	LD		MULTI	4982	4.411E-10	52	0.76
7	104598750	RS6466034	RS17777642	PRUNED_LD	LD		MULTI	4983	4.412E-10	78	0.98
11	46641654	RS79317378	RS7108770	PRUNED_LD	LD		MULTI	4984	4.415E-10	65	1
6	28623724	RS1884937	RS13194504	PRUNED_LD	LD		EUR	4985	4.416E-10	7	0.28
20	37426580	RS6071524	RS6124079	PRUNED_LD	LD		MULTI	4986	4.422E-10	89	0.97
6	27021173	RS72838268	RS66975207	PRUNED_LD	LD		EUR	4987	4.423E-10	6	0.26
19	50148052	RS12104272	RS12104272	SELECTED_LEAD	LD	OK_LOCAL_CACHE		4988	4.436E-10	98	
3	53003021	RS2245424	RS2245424	SELECTED_LEAD	LD	OK_LOCAL_CACHE		4989	4.444E-10	99	
18	77632194	RS72980087	RS55858161	PRUNED_LD	LD		MULTI	4990	4.456E-10	87	0.92
2	58027493	RS2683615	RS1356545	PRUNED_LD	LD		MULTI	4991	4.459E-10	39	0.84
11	46634963	RS55657382	RS7108770	PRUNED_LD	LD		MULTI	4992	4.471E-10	65	1
6	27819353	RS200988	RS66868086	PRUNED_LD	LD		EUR	4993	4.474E-10	1	0.23
20	37425958	RS2103655	RS6124079	PRUNED_LD	LD		MULTI	4994	4.479E-10	89	0.96
1	98328093	RS4523552	RS4950119	PRUNED_LD	LD		MULTI	4995	4.496E-10	47	0.72
3	136471815	RS900818	RS2062322	PRUNED_LD	LD		MULTI	4996	4.503E-10	95	0.36
8	38235387	RS10099378	RS10958683	PRUNED_LD	LD		MULTI	4997	4.503E-10	93	0.81
11	46634465	RS6485685	RS7108770	PRUNED_LD	LD		MULTI	4998	4.505E-10	65	0.96
2	233793664	RS2592120	RS2293780	PRUNED_LD	LD		EUR	4999	4.513E-10	43	0.29
7	2160931	RS1860831	RS12154473	PRUNED_LD	LD		MULTI	5000	4.516E-10	51	0.54
3	53014657	RS2581816	RS2245424	PRUNED_LD	LD		MULTI	5001	4.517E-10	99	0.97
6	31928691	RS2280774	RS431204	PRUNED_DISTANCE_FALLBACK	DISTANCE_FALLBACK		NA	5002	4.517E-10	14	
6	26939797	RS3931463	RS13215879	PRUNED_DISTANCE_FALLBACK	DISTANCE_FALLBACK		NA	5003	4.519E-10	22	
8	38240498	RS60558877	RS10958683	PRUNED_LD	LD		MULTI	5004	4.524E-10	93	0.78
6	28522695	RS6456825	RS539591970	PRUNED_DISTANCE_FALLBACK	DISTANCE_FALLBACK		NA	5005	4.537E-10	11	
8	38262233	RS7001340	RS10958683	PRUNED_LD	LD		MULTI	5006	4.542E-10	93	0.91
12	110723245	RS4766428	RS4766428	SELECTED_LEAD	LD	OK_LOCAL_CACHE		5007	4.551E-10	100	
18	77641902	RS11662267	RS55858161	PRUNED_LD	LD		MULTI	5008	4.557E-10	87	0.99
7	104597669	RS7807853	RS17777642	PRUNED_LD	LD		MULTI	5009	4.566E-10	78	0.98
18	53200117	RS9636107	RS9636107	SELECTED_LEAD	LD	OK_LOCAL_CACHE		5010	4.583E-10	101	
3	136470004	RS35874192	RS2062322	PRUNED_LD	LD		MULTI	5011	4.583E-10	95	0.36
8	38248306	RS112537273	RS10958683	PRUNED_LD	LD		MULTI	5012	4.603E-10	93	0.78
6	31198660	RS3130937	RS1793894	PRUNED_LD	LD		EUR	5013	4.61E-10	17	0.27
3	180807615	RS4855017	RS12152501	PRUNED_LD	LD		MULTI	5014	4.615E-10	72	0.76
8	38234509	RS72630620	RS10958683	PRUNED_LD	LD		MULTI	5015	4.62E-10	93	0.8
6	28636643	RS61229539	RS13194504	PRUNED_LD	LD		EUR	5016	4.643E-10	7	0.28
11	46622392	RS7125907	RS7108770	PRUNED_LD	LD		MULTI	5017	4.648E-10	65	0.94
6	31206920	RS2394894	RS1793894	PRUNED_LD	LD		EUR	5018	4.651E-10	17	0.31
11	46631299	RS61884262	RS7108770	PRUNED_LD	LD		MULTI	5019	4.656E-10	65	1
12	123762004	RS7303754	RS4460848	PRUNED_LD	LD		MULTI	5020	4.661E-10	34	0.47
19	19530270	RS2916074	RS2916074	SELECTED_LEAD	LD	OK_LOCAL_CACHE		5021	4.668E-10	102	
6	31198778	RS3130936	RS1793894	PRUNED_LD	LD		EUR	5022	4.685E-10	17	0.27
19	19528324	RS2916073	RS2916074	PRUNED_LD	LD		MULTI	5023	4.688E-10	102	1
11	46513249	RS7112229	RS7108770	PRUNED_LD	LD		MULTI	5024	4.705E-10	65	0.87
8	38236890	RS10095753	RS10958683	PRUNED_LD	LD		MULTI	5025	4.713E-10	93	0.81
8	38236594	RS12681196	RS10958683	PRUNED_LD	LD		MULTI	5026	4.715E-10	93	0.81
6	28648271	RS16894197	RS13194504	PRUNED_LD	LD		EUR	5027	4.725E-10	7	0.28
6	31199208	RS3130473	RS1793894	PRUNED_LD	LD		EUR	5028	4.734E-10	17	0.27
6	32429204	RS9268845	RS431204	PRUNED_DISTANCE_FALLBACK	DISTANCE_FALLBACK		NA	5029	4.734E-10	14	
3	53009595	RS6801235	RS2245424	PRUNED_LD	LD		MULTI	5030	4.736E-10	99	1
6	31206979	RS2394895	RS1793894	PRUNED_LD	LD		EUR	5031	4.742E-10	17	0.31
3	136119354	RS834305	RS1394094	PRUNED_LD	LD		MULTI	5032	4.763E-10	50	0.61
19	50162909	RS7251	RS12104272	PRUNED_LD	LD		MULTI	5033	4.771E-10	98	0.91
11	46484685	RS1472001	RS7108770	PRUNED_LD	LD		MULTI	5034	4.843E-10	65	0.87
3	180954118	RS35678296	RS12152501	PRUNED_LD	LD		MULTI	5035	4.864E-10	72	0.88
11	46640503	RS7484002	RS7108770	PRUNED_LD	LD		MULTI	5036	4.888E-10	65	1
6	32603242	RS9272261	6:32634952_G_T	PRUNED_DISTANCE_FALLBACK	DISTANCE_FALLBACK		NA	5037	4.922E-10	33	
6	29765865	RS1633000	RS547591961	PRUNED_DISTANCE_FALLBACK	DISTANCE_FALLBACK		NA	5038	4.933E-10	13	
4	103188709	RS13107325	RS35518360	PRUNED_LD	LD		EUR	5039	4.935E-10	84	0.82
1	98335004	RS10875111	RS4950119	PRUNED_LD	LD		MULTI	5040	4.939E-10	47	0.72
18	77631219	RS61090726	RS55858161	PRUNED_LD	LD		MULTI	5041	4.942E-10	87	0.92
19	19519518	RS2965189	RS2916074	PRUNED_LD	LD		MULTI	5042	4.948E-10	102	0.95
6	31195979	RS7768955	RS1793894	PRUNED_LD	LD		EUR	5043	4.957E-10	17	0.27
6	28648083	RS16894194	RS13194504	PRUNED_LD	LD		EUR	5044	4.959E-10	7	0.28
15	61834227	RS11071612	RS35351411	PRUNED_LD	LD		MULTI	5045	4.964E-10	90	0.97
3	52969128	RS2710314	RS2245424	PRUNED_LD	LD		MULTI	5046	4.972E-10	99	0.98
19	19528806	RS1469713	RS2916074	PRUNED_LD	LD		MULTI	5047	4.979E-10	102	0.99
11	46376094	RS61882682	RS12285419	PRUNED_LD	LD		MULTI	5048	4.98E-10	66	0.7
18	77632565	RS8091497	RS55858161	PRUNED_LD	LD		MULTI	5049	4.98E-10	87	0.92
2	58044220	RS2717055	RS1356545	PRUNED_LD	LD		MULTI	5050	4.985E-10	39	0.84
19	19520358	RS2916069	RS2916074	PRUNED_LD	LD		MULTI	5051	4.988E-10	102	0.95
6	31199781	RS3134778	RS1793894	PRUNED_LD	LD		EUR	5052	4.993E-10	17	0.27
11	46644143	RS12292425	RS7108770	PRUNED_LD	LD		MULTI	5053	5.005E-10	65	1
6	28096280	RS1654774	6:28301195_A_G	PRUNED_DISTANCE_FALLBACK	DISTANCE_FALLBACK		NA	5054	5.008E-10	16	
3	53017307	RS2564930	RS2245424	PRUNED_LD	LD		MULTI	5055	5.014E-10	99	1
6	28648320	RS35466817	RS13194504	PRUNED_LD	LD		EUR	5056	5.021E-10	7	0.28
15	61838313	RS4635285	RS35351411	PRUNED_LD	LD		MULTI	5057	5.05E-10	90	0.88
18	53125938	RS56127529	RS1993193	PRUNED_LD	LD		EUR	5058	5.075E-10	74	0.55
3	136473728	RS1681817	RS2062322	PRUNED_LD	LD		MULTI	5059	5.079E-10	95	0.36
11	46548094	RS7932866	RS7108770	PRUNED_LD	LD		MULTI	5060	5.081E-10	65	0.78
3	180763555	RS4855014	RS12152501	PRUNED_LD	LD		MULTI	5061	5.092E-10	72	0.71
1	98520219	RS2660302	RS4950119	PRUNED_LD	LD		MULTI	5062	5.1E-10	47	0.71
19	19518316	RS1000237	RS2916074	PRUNED_LD	LD		MULTI	5063	5.106E-10	102	0.95
11	46484254	RS7930103	RS7108770	PRUNED_LD	LD		MULTI	5064	5.131E-10	65	0.87
18	77630600	RS11660941	RS55858161	PRUNED_LD	LD		MULTI	5065	5.138E-10	87	0.92
11	46352266	RS61882674	RS12285419	PRUNED_LD	LD		MULTI	5066	5.139E-10	66	0.83
18	52751708	RS12969453	RS12969453	SELECTED_LEAD	LD	OK_LOCAL_CACHE		5067	5.147E-10	103	
18	77622879	RS28735056	RS55858161	PRUNED_LD	LD		MULTI	5068	5.156E-10	87	0.84
11	46611239	RS61882757	RS7108770	PRUNED_LD	LD		MULTI	5069	5.168E-10	65	0.94
18	52751297	RS35360904	RS12969453	PRUNED_LD	LD		MULTI	5070	5.171E-10	103	1
1	98320492	RS4372296	RS4950119	PRUNED_LD	LD		MULTI	5071	5.182E-10	47	0.78
7	137069055	RS1669025	RS10954580	PRUNED_LD	LD		MULTI	5072	5.185E-10	38	0.45
6	30893941	RS4678	RS1264353	PRUNED_LD	LD		EUR	5073	5.195E-10	15	0.4
11	46443275	RS61882701	RS7108770	PRUNED_LD	LD		MULTI	5074	5.204E-10	65	0.89
11	134247315	RS11223774	RS7112912	PRUNED_LD	LD		MULTI	5075	5.208E-10	64	0.97
6	33083197	RS6928350	6:32634952_G_T	PRUNED_DISTANCE_FALLBACK	DISTANCE_FALLBACK		NA	5076	5.215E-10	33	
11	46376953	RS59319338	RS12285419	PRUNED_LD	LD		MULTI	5077	5.219E-10	66	0.69
2	58014723	RS13026612	RS1356545	PRUNED_LD	LD		MULTI	5078	5.222E-10	39	0.84
3	52965713	RS2710339	RS2245424	PRUNED_LD	LD		MULTI	5079	5.228E-10	99	0.95
19	19550464	RS12975119	RS2916074	PRUNED_LD	LD		MULTI	5080	5.258E-10	102	1
15	59173310	RS2013117	RS793571	PRUNED_LD	LD		MULTI	5081	5.264E-10	52	0.64
18	52750688	RS11874716	RS12969453	PRUNED_LD	LD		MULTI	5082	5.268E-10	103	1
11	46442526	RS12283172	RS7108770	PRUNED_LD	LD		MULTI	5083	5.271E-10	65	0.89
19	19548246	RS2965182	RS2916074	PRUNED_LD	LD		MULTI	5084	5.287E-10	102	1
6	31606392	RS2077492	RS431204	PRUNED_DISTANCE_FALLBACK	DISTANCE_FALLBACK		NA	5085	5.299E-10	14	
1	98318735	RS10747489	RS4950119	PRUNED_LD	LD		MULTI	5086	5.303E-10	47	0.63
8	38221468	RS11777811	RS10958683	PRUNED_LD	LD		MULTI	5087	5.303E-10	93	0.8
11	46578400	RS12573978	RS7108770	PRUNED_LD	LD		MULTI	5088	5.32E-10	65	0.89
1	98318162	RS4970719	RS4950119	PRUNED_LD	LD		MULTI	5089	5.33E-10	47	0.78
1	98322379	RS4379706	RS4950119	PRUNED_LD	LD		MULTI	5090	5.342E-10	47	0.78
2	58231314	RS1518399	RS1356545	PRUNED_LD	LD		MULTI	5091	5.351E-10	39	0.74
18	77702976	RS12458585	RS12458585	SELECTED_LEAD	LD	OK_LOCAL_CACHE		5092	5.359E-10	104	
12	123819125	RS11057275	RS4460848	PRUNED_LD	LD		MULTI	5093	5.388E-10	34	0.39
2	57952870	RS2290867	RS1356545	PRUNED_LD	LD		MULTI	5094	5.393E-10	39	0.64
6	33085350	RS59968964	6:32634952_G_T	PRUNED_DISTANCE_FALLBACK	DISTANCE_FALLBACK		NA	5095	5.405E-10	33	
11	46682217	RS55896955	RS7108770	PRUNED_LD	LD		MULTI	5096	5.408E-10	65	0.89
11	46553399	RS112419908	RS7108770	PRUNED_LD	LD		MULTI	5097	5.424E-10	65	0.86
8	38116792	RS9643870	RS10958683	PRUNED_LD	LD		MULTI	5098	5.447E-10	93	0.66
18	52750469	RS4309482	RS12969453	PRUNED_LD	LD		MULTI	5099	5.453E-10	103	1
11	46468859	RS2864072	RS7108770	PRUNED_LD	LD		MULTI	5100	5.466E-10	65	0.89
8	38120276	RS6981405	RS10958683	PRUNED_LD	LD		MULTI	5101	5.495E-10	93	0.69
11	46457259	RS75748389	RS7108770	PRUNED_LD	LD		MULTI	5102	5.497E-10	65	0.89
6	29654409	RS3129044	RS3131856	PRUNED_LD	LD		EUR	5103	5.499E-10	12	0.25
12	123820397	RS11057276	RS4460848	PRUNED_LD	LD		MULTI	5104	5.517E-10	34	0.41
11	46684524	RS61884292	RS7108770	PRUNED_LD	LD		MULTI	5105	5.522E-10	65	0.89
6	32678136	RS9275569	6:32634952_G_T	PRUNED_DISTANCE_FALLBACK	DISTANCE_FALLBACK		NA	5106	5.531E-10	33	
6	31577283	RS2857702	RS431204	PRUNED_DISTANCE_FALLBACK	DISTANCE_FALLBACK		NA	5107	5.533E-10	14	
11	46427855	RS111449880	RS7108770	PRUNED_LD	LD		MULTI	5108	5.557E-10	65	0.88
6	27217719	RS9393795	RS13215879	PRUNED_DISTANCE_FALLBACK	DISTANCE_FALLBACK		NA	5109	5.559E-10	22	
8	38227564	RS12677360	RS10958683	PRUNED_LD	LD		MULTI	5110	5.56E-10	93	0.8
18	77628953	RS4798922	RS55858161	PRUNED_LD	LD		MULTI	5111	5.561E-10	87	0.91
18	77620911	RS28865701	RS55858161	PRUNED_LD	LD		MULTI	5112	5.563E-10	87	0.84
18	52752017	RS12966547	RS12969453	PRUNED_LD	LD		MULTI	5113	5.578E-10	103	1
6	31219982	RS9264185	RS1793894	PRUNED_LD	LD		EUR	5114	5.603E-10	17	0.21
10	104401632	RS4146429	RS77335224	PRUNED_LD	LD		EUR	5115	5.608E-10	58	0.21
10	104401721	RS4146428	RS77335224	PRUNED_LD	LD		EUR	5116	5.61E-10	58	0.2
3	180816853	RS9870874	RS12152501	PRUNED_LD	LD		MULTI	5117	5.615E-10	72	0.74
18	77629373	RS4798923	RS55858161	PRUNED_LD	LD		MULTI	5118	5.622E-10	87	0.92
6	31201472	RS3132531	RS1793894	PRUNED_LD	LD		EUR	5119	5.623E-10	17	0.28
19	19545990	RS2916076	RS2916074	PRUNED_LD	LD		MULTI	5120	5.629E-10	102	1
18	52752700	RS4801131	RS12969453	PRUNED_LD	LD		MULTI	5121	5.641E-10	103	1
6	33091624	RS7769761	6:32634952_G_T	PRUNED_DISTANCE_FALLBACK	DISTANCE_FALLBACK		NA	5122	5.645E-10	33	
6	31195996	RS7769059	RS1793894	PRUNED_LD	LD		EUR	5123	5.655E-10	17	0.27
11	46607954	RS12295266	RS7108770	PRUNED_LD	LD		MULTI	5124	5.657E-10	65	0.94
11	130719061	RS10750450	RS961491	PRUNED_LD	LD		EUR	5125	5.687E-10	44	0.26
3	53007803	RS2336672	RS2245424	PRUNED_LD	LD		MULTI	5126	5.691E-10	99	1
8	38272582	RS4647903	RS10958683	PRUNED_LD	LD		MULTI	5127	5.695E-10	93	0.91
11	130718813	RS10791099	RS961491	PRUNED_LD	LD		EUR	5128	5.703E-10	44	0.26
19	19545696	RS2965183	RS2916074	PRUNED_LD	LD		MULTI	5129	5.719E-10	102	1
10	104401218	RS5011218	RS77335224	PRUNED_LD	LD		EUR	5130	5.737E-10	58	0.21
19	19552413	RS4808955	RS2916074	PRUNED_LD	LD		MULTI	5131	5.743E-10	102	0.99
6	30073259	RS2517664	RS547591961	PRUNED_DISTANCE_FALLBACK	DISTANCE_FALLBACK		NA	5132	5.747E-10	13	
12	123812629	RS28419092	RS4460848	PRUNED_LD	LD		MULTI	5133	5.753E-10	34	0.42
6	28521570	RS6926470	RS539591970	PRUNED_DISTANCE_FALLBACK	DISTANCE_FALLBACK		NA	5134	5.766E-10	11	
5	137892170	RS10117	RS10117	SELECTED_LEAD	LD	OK_LOCAL_CACHE		5135	5.767E-10	105	
12	123810873	RS61388686	RS4460848	PRUNED_LD	LD		MULTI	5136	5.773E-10	34	0.43
1	30432219	RS4949526	RS4949526	SELECTED_LEAD	LD	OK_LOCAL_CACHE		5137	5.787E-10	106	
11	46612332	RS73449983	RS7108770	PRUNED_LD	LD		MULTI	5138	5.799E-10	65	0.94
3	180791065	RS62289594	RS12152501	PRUNED_LD	LD		MULTI	5139	5.804E-10	72	0.74
2	57970943	RS6722461	RS1356545	PRUNED_LD	LD		MULTI	5140	5.828E-10	39	0.53
15	85153804	RS71395455	RS11638554	PRUNED_LD	LD		MULTI	5141	5.85E-10	85	0.99
18	52747871	RS4131791	RS12969453	PRUNED_LD	LD		MULTI	5142	5.852E-10	103	1
18	52747689	RS4128242	RS12969453	PRUNED_LD	LD		MULTI	5143	5.862E-10	103	1
6	31197696	RS3130471	RS1793894	PRUNED_LD	LD		EUR	5144	5.908E-10	17	0.27
11	46596674	RS7481312	RS7108770	PRUNED_LD	LD		MULTI	5145	5.913E-10	65	0.93
5	137882698	RS187653	RS10117	PRUNED_LD	LD		MULTI	5146	5.918E-10	105	0.91
19	19497669	RS1858999	RS2916074	PRUNED_LD	LD		MULTI	5147	5.941E-10	102	0.94
11	46578601	RS61882748	RS7108770	PRUNED_LD	LD		MULTI	5148	5.943E-10	65	0.89
6	31199900	RS3134777	RS1793894	PRUNED_LD	LD		EUR	5149	5.952E-10	17	0.27
6	28656452	RS2394120	RS13194504	PRUNED_LD	LD		EUR	5150	5.955E-10	7	0.26
7	1912988	RS10950413	RS12154473	PRUNED_LD	LD		MULTI	5151	5.956E-10	51	0.57
15	61840103	RS4775413	RS35351411	PRUNED_LD	LD		MULTI	5152	5.969E-10	90	0.89
3	180789706	RS13064866	RS12152501	PRUNED_LD	LD		MULTI	5153	5.975E-10	72	0.74
6	31197729	RS3130524	RS1793894	PRUNED_LD	LD		EUR	5154	5.98E-10	17	0.27
3	136120300	RS696518	RS1394094	PRUNED_LD	LD		MULTI	5155	5.983E-10	50	0.61
6	33088214	RS6915809	6:32634952_G_T	PRUNED_DISTANCE_FALLBACK	DISTANCE_FALLBACK		NA	5156	5.991E-10	33	
15	61835519	RS28615721	RS35351411	PRUNED_LD	LD		MULTI	5157	5.998E-10	90	0.96
11	46666271	RS61884273	RS7108770	PRUNED_LD	LD		MULTI	5158	6.017E-10	65	0.96
11	46666664	RS61884274	RS7108770	PRUNED_LD	LD		MULTI	5159	6.021E-10	65	0.96
6	26404374	RS3799378	RS41266839	PRUNED_LD	LD		EUR	5160	6.027E-10	3	0.29
3	52551265	RS66824127	RS13083798	PRUNED_LD	LD		MULTI	5161	6.04E-10	42	0.63
5	137881104	RS188731	RS10117	PRUNED_LD	LD		MULTI	5162	6.046E-10	105	0.97
6	31202680	RS3132521	RS1793894	PRUNED_LD	LD		EUR	5163	6.053E-10	17	0.27
11	46655961	RS7128092	RS7108770	PRUNED_LD	LD		MULTI	5164	6.079E-10	65	0.95
11	130718630	RS10791097	RS961491	PRUNED_LD	LD		EUR	5165	6.081E-10	44	0.26
11	46668395	RS4307676	RS7108770	PRUNED_LD	LD		MULTI	5166	6.092E-10	65	0.96
15	59173643	RS7173317	RS793571	PRUNED_LD	LD		MULTI	5167	6.1E-10	52	0.72
3	53160360	RS11713763	RS2245424	PRUNED_LD	LD		MULTI	5168	6.109E-10	99	0.59
11	46654404	RS61884271	RS7108770	PRUNED_LD	LD		MULTI	5169	6.114E-10	65	1
11	130717256	RS4366492	RS961491	PRUNED_LD	LD		EUR	5170	6.118E-10	44	0.26
3	52998504	RS2336670	RS2245424	PRUNED_LD	LD		MULTI	5171	6.133E-10	99	1
11	46660623	RS7126343	RS7108770	PRUNED_LD	LD		MULTI	5172	6.134E-10	65	0.96
6	26404958	RS10456045	RS71557335	PRUNED_DISTANCE_FALLBACK	DISTANCE_FALLBACK		NA	5173	6.14E-10	29	
18	53132830	RS72928959	RS1993193	PRUNED_LD	LD		EUR	5174	6.153E-10	74	0.57
19	19554803	RS4808200	RS2916074	PRUNED_LD	LD		MULTI	5175	6.162E-10	102	1
11	46491159	RS12574250	RS7108770	PRUNED_LD	LD		MULTI	5176	6.164E-10	65	0.86
15	59199937	RS17302045	RS793571	PRUNED_LD	LD		MULTI	5177	6.192E-10	52	0.72
6	29819541	RS7451408	RS3131856	PRUNED_LD	LD		EUR	5178	6.203E-10	12	0.22
12	123791227	RS11057251	RS4460848	PRUNED_LD	LD		MULTI	5179	6.23E-10	34	0.45
10	104849116	RS10786736	RS11191580	PRUNED_LD	LD		MULTI	5180	6.246E-10	48	0.9
12	123782866	RS12582153	RS4460848	PRUNED_LD	LD		MULTI	5181	6.269E-10	34	0.45
5	137882612	RS181919	RS10117	PRUNED_LD	LD		MULTI	5182	6.27E-10	105	0.98
5	137895218	RS256002	RS10117	PRUNED_LD	LD		MULTI	5183	6.271E-10	105	1
8	38272542	RS4647905	RS10958683	PRUNED_LD	LD		MULTI	5184	6.274E-10	93	0.91
6	28533265	RS420478	RS539591970	PRUNED_DISTANCE_FALLBACK	DISTANCE_FALLBACK		NA	5185	6.279E-10	11	
6	31197293	RS3130942	RS1793894	PRUNED_LD	LD		EUR	5186	6.28E-10	17	0.28
6	29819599	RS9258593	RS547591961	PRUNED_DISTANCE_FALLBACK	DISTANCE_FALLBACK		NA	5187	6.31E-10	13	
6	31864547	RS7887	RS431204	PRUNED_DISTANCE_FALLBACK	DISTANCE_FALLBACK		NA	5188	6.316E-10	14	
11	46462786	RS61882706	RS7108770	PRUNED_LD	LD		MULTI	5189	6.323E-10	65	0.88
2	58322226	RS2118899	RS1356545	PRUNED_LD	LD		MULTI	5190	6.374E-10	39	0.44
3	53002150	RS9823697	RS2245424	PRUNED_LD	LD		MULTI	5191	6.376E-10	99	1
6	31208881	RS3132495	RS1793894	PRUNED_LD	LD		EUR	5192	6.395E-10	17	0.31
2	201172999	RS3769484	RS3769472	PRUNED_LD	LD		MULTI	5193	6.398E-10	94	1
18	77636101	RS56328473	RS55858161	PRUNED_LD	LD		MULTI	5194	6.403E-10	87	0.92
6	31198213	RS3130940	RS1793894	PRUNED_LD	LD		EUR	5195	6.414E-10	17	0.27
8	38225349	RS7821392	RS10958683	PRUNED_LD	LD		MULTI	5196	6.416E-10	93	0.8
6	31861141	RS2844457	RS431204	PRUNED_DISTANCE_FALLBACK	DISTANCE_FALLBACK		NA	5197	6.419E-10	14	
6	31198632	RS3130938	RS1793894	PRUNED_LD	LD		EUR	5198	6.422E-10	17	0.27
6	31197528	RS3130470	RS1793894	PRUNED_LD	LD		EUR	5199	6.436E-10	17	0.27
2	201173100	RS3769482	RS3769472	PRUNED_LD	LD		MULTI	5200	6.437E-10	94	1
12	123771475	RS7974099	RS4460848	PRUNED_LD	LD		MULTI	5201	6.44E-10	34	0.43
2	201173048	RS3769483	RS3769472	PRUNED_LD	LD		MULTI	5202	6.45E-10	94	1
6	32193219	RS3130295	RS2071278	PRUNED_LD	LD		EUR	5203	6.451E-10	10	0.31
18	77619009	RS11662248	RS55858161	PRUNED_LD	LD		MULTI	5204	6.477E-10	87	0.84
11	46660550	RS7126316	RS7108770	PRUNED_LD	LD		MULTI	5205	6.486E-10	65	0.94
6	32428804	RS9268840	RS431204	PRUNED_DISTANCE_FALLBACK	DISTANCE_FALLBACK		NA	5206	6.493E-10	14	
2	58042241	RS1402398	RS1356545	PRUNED_LD	LD		MULTI	5207	6.509E-10	39	0.84
6	31606376	RS2077491	RS431204	PRUNED_DISTANCE_FALLBACK	DISTANCE_FALLBACK		NA	5208	6.515E-10	14	
7	104593713	RS2470951	RS17777642	PRUNED_LD	LD		MULTI	5209	6.515E-10	78	0.93
6	29819554	RS1317834	RS3131856	PRUNED_LD	LD		EUR	5210	6.519E-10	12	0.22
6	31198897	RS3134779	RS1793894	PRUNED_LD	LD		EUR	5211	6.571E-10	17	0.27
6	31862322	RS3130680	RS431204	PRUNED_DISTANCE_FALLBACK	DISTANCE_FALLBACK		NA	5212	6.575E-10	14	
6	32432664	RS9268922	RS431204	PRUNED_DISTANCE_FALLBACK	DISTANCE_FALLBACK		NA	5213	6.58E-10	14	
2	233805812	RS2102788	RS2293780	PRUNED_LD	LD		EUR	5214	6.582E-10	43	0.26
6	28656489	RS2394121	RS13194504	PRUNED_LD	LD		EUR	5215	6.622E-10	7	0.28
19	19495954	RS2905435	RS2916074	PRUNED_LD	LD		MULTI	5216	6.629E-10	102	0.87
11	46538988	RS61882720	RS7108770	PRUNED_LD	LD		MULTI	5217	6.69E-10	65	0.86
10	104401486	RS11191359	RS77335224	PRUNED_LD	LD		EUR	5218	6.712E-10	58	0.21
3	52996032	RS4515041	RS2245424	PRUNED_LD	LD		MULTI	5219	6.756E-10	99	1
10	104387735	RS10786700	RS10786701	PRUNED_LD	LD		MULTI	5220	6.762E-10	91	0.72
5	137889799	RS255999	RS10117	PRUNED_LD	LD		MULTI	5221	6.767E-10	105	0.98
10	104391285	RS17114808	RS10786701	PRUNED_LD	LD		MULTI	5222	6.786E-10	91	0.74
3	52995444	RS2710326	RS2245424	PRUNED_LD	LD		MULTI	5223	6.79E-10	99	1
11	46421158	RS7946705	RS7108770	PRUNED_LD	LD		MULTI	5224	6.793E-10	65	0.89
10	104391545	RS17114810	RS10786701	PRUNED_LD	LD		MULTI	5225	6.795E-10	91	0.74
6	25772047	RS4712972	RS13211947	PRUNED_LD	LD		EUR	5226	6.814E-10	35	0.41
6	32576719	RS149490268	6:32634952_G_T	PRUNED_DISTANCE_FALLBACK	DISTANCE_FALLBACK		NA	5227	6.828E-10	33	
6	32438741	RS9269046	RS431204	PRUNED_DISTANCE_FALLBACK	DISTANCE_FALLBACK		NA	5228	6.839E-10	14	
6	32438792	RS9269048	RS431204	PRUNED_DISTANCE_FALLBACK	DISTANCE_FALLBACK		NA	5229	6.844E-10	14	
6	29819741	RS3892860	RS3131856	PRUNED_LD	LD		EUR	5230	6.869E-10	12	0.22
6	28655388	RS11966966	RS13194504	PRUNED_LD	LD		EUR	5231	6.879E-10	7	0.27
11	46624218	RS75966121	RS7108770	PRUNED_LD	LD		MULTI	5232	6.893E-10	65	1
6	32438598	RS9269043	RS431204	PRUNED_DISTANCE_FALLBACK	DISTANCE_FALLBACK		NA	5233	6.902E-10	14	
12	123736084	RS10773000	RS4460848	PRUNED_LD	LD		MULTI	5234	6.959E-10	34	0.65
8	38206242	RS11785041	RS10958683	PRUNED_LD	LD		MULTI	5235	6.966E-10	93	0.76
5	137897094	RS256006	RS10117	PRUNED_LD	LD		MULTI	5236	6.977E-10	105	1
6	31922254	RS630379	RS431204	PRUNED_DISTANCE_FALLBACK	DISTANCE_FALLBACK		NA	5237	6.989E-10	14	
6	32438677	RS9269044	RS431204	PRUNED_DISTANCE_FALLBACK	DISTANCE_FALLBACK		NA	5238	6.996E-10	14	
6	32434731	RS9268972	RS431204	PRUNED_DISTANCE_FALLBACK	DISTANCE_FALLBACK		NA	5239	6.999E-10	14	
18	77631198	RS59183289	RS55858161	PRUNED_LD	LD		MULTI	5240	7.012E-10	87	0.9
6	32438715	RS9269045	RS431204	PRUNED_DISTANCE_FALLBACK	DISTANCE_FALLBACK		NA	5241	7.017E-10	14	
11	46627803	RS55661562	RS7108770	PRUNED_LD	LD		MULTI	5242	7.036E-10	65	1
11	46473942	RS61882710	RS7108770	PRUNED_LD	LD		MULTI	5243	7.055E-10	65	0.89
6	31196018	RS7769211	RS1793894	PRUNED_LD	LD		EUR	5244	7.056E-10	17	0.27
12	123767971	RS11057238	RS4460848	PRUNED_LD	LD		MULTI	5245	7.078E-10	34	0.46
8	38160043	RS11985168	RS10958683	PRUNED_LD	LD		MULTI	5246	7.081E-10	93	0.72
6	32429672	RS9268854	RS431204	PRUNED_DISTANCE_FALLBACK	DISTANCE_FALLBACK		NA	5247	7.093E-10	14	
6	32434844	RS9268975	RS431204	PRUNED_DISTANCE_FALLBACK	DISTANCE_FALLBACK		NA	5248	7.097E-10	14	
6	29819695	RS7451468	RS3131856	PRUNED_LD	LD		EUR	5249	7.122E-10	12	0.22
12	123830692	RS11057284	RS4460848	PRUNED_LD	LD		MULTI	5250	7.125E-10	34	0.42
15	59168802	RS17302038	RS793571	PRUNED_LD	LD		MULTI	5251	7.13E-10	52	0.72
6	32429675	RS9268855	RS431204	PRUNED_DISTANCE_FALLBACK	DISTANCE_FALLBACK		NA	5252	7.132E-10	14	
11	46573776	RS12576317	RS7108770	PRUNED_LD	LD		MULTI	5253	7.134E-10	65	0.89
6	32434830	RS9268974	RS431204	PRUNED_DISTANCE_FALLBACK	DISTANCE_FALLBACK		NA	5254	7.141E-10	14	
6	32429719	RS9268856	RS431204	PRUNED_DISTANCE_FALLBACK	DISTANCE_FALLBACK		NA	5255	7.142E-10	14	
11	130718711	RS10791098	RS961491	PRUNED_LD	LD		EUR	5256	7.146E-10	44	0.26
6	32439865	RS5026741	RS431204	PRUNED_DISTANCE_FALLBACK	DISTANCE_FALLBACK		NA	5257	7.146E-10	14	
1	98344661	RS61787820	RS4950119	PRUNED_LD	LD		MULTI	5258	7.149E-10	47	0.72
6	32435170	RS9268983	RS431204	PRUNED_DISTANCE_FALLBACK	DISTANCE_FALLBACK		NA	5259	7.151E-10	14	
10	104388710	RS4917979	RS10786701	PRUNED_LD	LD		MULTI	5260	7.157E-10	91	0.72
3	136111658	RS834304	RS1394094	PRUNED_LD	LD		MULTI	5261	7.166E-10	50	0.6
2	233806771	RS4973576	RS2293780	PRUNED_LD	LD		EUR	5262	7.168E-10	43	0.26
7	2019875	RS12668156	RS12154473	PRUNED_LD	LD		MULTI	5263	7.176E-10	51	0.69
2	233794821	RS2944591	RS2293780	PRUNED_LD	LD		EUR	5264	7.183E-10	43	0.28
3	52968726	RS2257216	RS2245424	PRUNED_LD	LD		MULTI	5265	7.188E-10	99	0.97
6	32435123	RS9268980	RS431204	PRUNED_DISTANCE_FALLBACK	DISTANCE_FALLBACK		NA	5266	7.196E-10	14	
6	29819813	RS2428509	RS3131856	PRUNED_LD	LD		EUR	5267	7.202E-10	12	0.22
2	233806232	RS1980168	RS2293780	PRUNED_LD	LD		EUR	5268	7.205E-10	43	0.26
6	32429739	RS9268857	RS431204	PRUNED_DISTANCE_FALLBACK	DISTANCE_FALLBACK		NA	5269	7.207E-10	14	
2	57957572	RS10186791	RS1356545	PRUNED_LD	LD		MULTI	5270	7.209E-10	39	0.64
3	136112109	RS11717954	RS1394094	PRUNED_LD	LD		MULTI	5271	7.23E-10	50	0.58
6	28197186	RS34477097	RS67981811	PRUNED_LD	LD		EUR	5272	7.247E-10	2	0.25
12	123826642	RS11608297	RS4460848	PRUNED_LD	LD		MULTI	5273	7.26E-10	34	0.34
1	44076019	RS11210887	RS2970610	PRUNED_LD	LD		MULTI	5274	7.291E-10	68	0.92
15	85149575	RS748455	RS11638554	PRUNED_LD	LD		MULTI	5275	7.303E-10	85	0.99
6	31200433	RS3130529	RS1793894	PRUNED_LD	LD		EUR	5276	7.316E-10	17	0.27
11	46456344	RS2291487	RS7108770	PRUNED_LD	LD		MULTI	5277	7.325E-10	65	0.89
10	104400133	RS10883757	RS77335224	PRUNED_LD	LD		EUR	5278	7.335E-10	58	0.21
6	32432007	RS9268901	RS431204	PRUNED_DISTANCE_FALLBACK	DISTANCE_FALLBACK		NA	5279	7.341E-10	14	
6	28542520	RS370520	RS539591970	PRUNED_DISTANCE_FALLBACK	DISTANCE_FALLBACK		NA	5280	7.377E-10	11	
10	104391627	RS11818043	RS10786701	PRUNED_LD	LD		MULTI	5281	7.387E-10	91	0.74
6	32434874	RS9268976	RS431204	PRUNED_DISTANCE_FALLBACK	DISTANCE_FALLBACK		NA	5282	7.395E-10	14	
3	180774987	RS1805611	RS12152501	PRUNED_LD	LD		MULTI	5283	7.408E-10	72	0.71
3	136231067	RS833861	RS1394094	PRUNED_LD	LD		MULTI	5284	7.43E-10	50	0.78
6	32431914	RS9268891	RS431204	PRUNED_DISTANCE_FALLBACK	DISTANCE_FALLBACK		NA	5285	7.43E-10	14	
8	38223697	RS16887340	RS10958683	PRUNED_LD	LD		MULTI	5286	7.433E-10	93	0.8
6	31196840	RS3130522	RS1793894	PRUNED_LD	LD		EUR	5287	7.45E-10	17	0.29
10	104855656	RS1926030	RS11191580	PRUNED_LD	LD		ASN	5288	7.453E-10	48	0.3
11	46483948	RS61882712	RS7108770	PRUNED_LD	LD		MULTI	5289	7.477E-10	65	0.87
3	136489563	RS6802702	RS2062322	PRUNED_LD	LD		MULTI	5290	7.481E-10	95	0.36
3	136153468	RS10935184	RS1394094	PRUNED_LD	LD		MULTI	5291	7.494E-10	50	0.67
3	52966558	RS2581827	RS2245424	PRUNED_LD	LD		MULTI	5292	7.516E-10	99	0.98
6	26945278	RS7771289	RS13215879	PRUNED_DISTANCE_FALLBACK	DISTANCE_FALLBACK		NA	5293	7.517E-10	22	
2	185601420	RS11693094	RS11693094	SELECTED_LEAD	LD	OK_LOCAL_CACHE		5294	7.523E-10	107	
6	32434778	RS9268973	RS431204	PRUNED_DISTANCE_FALLBACK	DISTANCE_FALLBACK		NA	5295	7.557E-10	14	
6	32434939	RS9268977	RS431204	PRUNED_DISTANCE_FALLBACK	DISTANCE_FALLBACK		NA	5296	7.569E-10	14	
12	123794450	RS2277343	RS4460848	PRUNED_LD	LD		MULTI	5297	7.57E-10	34	0.32
6	29819198	RS2523758	RS3131856	PRUNED_LD	LD		EUR	5298	7.575E-10	12	0.22
12	123826774	RS56197170	RS4460848	PRUNED_LD	LD		MULTI	5299	7.583E-10	34	0.38
6	32439915	RS5026742	RS431204	PRUNED_DISTANCE_FALLBACK	DISTANCE_FALLBACK		NA	5300	7.599E-10	14	
1	98382114	RS6692580	RS4950119	PRUNED_LD	LD		MULTI	5301	7.608E-10	47	0.56
1	98382113	RS6689552	RS4950119	PRUNED_LD	LD		MULTI	5302	7.609E-10	47	0.56
10	104386934	RS17114803	RS10786701	PRUNED_LD	LD		MULTI	5303	7.639E-10	91	0.72
11	46438715	RS61882691	RS7108770	PRUNED_LD	LD		MULTI	5304	7.655E-10	65	0.89
3	180778763	RS1806190	RS12152501	PRUNED_LD	LD		MULTI	5305	7.674E-10	72	0.71
2	233806297	RS1980169	RS2293780	PRUNED_LD	LD		EUR	5306	7.684E-10	43	0.26
6	32432044	RS9268902	RS431204	PRUNED_DISTANCE_FALLBACK	DISTANCE_FALLBACK		NA	5307	7.703E-10	14	
6	32429087	RS6940440	RS431204	PRUNED_DISTANCE_FALLBACK	DISTANCE_FALLBACK		NA	5308	7.704E-10	14	
12	123832912	RS35818434	RS4460848	PRUNED_LD	LD		MULTI	5309	7.72E-10	34	0.41
8	38209129	RS10156310	RS10958683	PRUNED_LD	LD		MULTI	5310	7.731E-10	93	0.64
6	32439753	RS5026740	RS431204	PRUNED_DISTANCE_FALLBACK	DISTANCE_FALLBACK		NA	5311	7.735E-10	14	
6	31206844	RS3134768	RS1793894	PRUNED_LD	LD		EUR	5312	7.742E-10	17	0.28
2	57947440	RS13402331	RS1356545	PRUNED_LD	LD		MULTI	5313	7.755E-10	39	0.63
1	30436000	RS2008141	RS4949526	PRUNED_LD	LD		MULTI	5314	7.815E-10	106	0.96
12	123791165	RS11608305	RS4460848	PRUNED_LD	LD		MULTI	5315	7.816E-10	34	0.45
6	32439323	RS2157338	RS431204	PRUNED_DISTANCE_FALLBACK	DISTANCE_FALLBACK		NA	5316	7.841E-10	14	
6	32429477	RS9268850	RS431204	PRUNED_DISTANCE_FALLBACK	DISTANCE_FALLBACK		NA	5317	7.859E-10	14	
6	31196847	RS3130943	RS1793894	PRUNED_LD	LD		EUR	5318	7.873E-10	17	0.29
12	123794581	RS11057254	RS4460848	PRUNED_LD	LD		MULTI	5319	7.875E-10	34	0.43
1	44076469	RS549845	RS2970610	PRUNED_LD	LD		MULTI	5320	7.904E-10	68	0.92
3	52974152	RS2710346	RS2245424	PRUNED_LD	LD		MULTI	5321	7.905E-10	99	0.98
6	31289710	RS9265198	RS7748141	PRUNED_DISTANCE_FALLBACK	DISTANCE_FALLBACK		NA	5322	7.926E-10	24	
1	98344088	RS61787819	RS4950119	PRUNED_LD	LD		MULTI	5323	7.936E-10	47	0.72
11	46590943	RS79445785	RS7108770	PRUNED_LD	LD		MULTI	5324	7.938E-10	65	0.9
12	123797567	RS11057261	RS4460848	PRUNED_LD	LD		MULTI	5325	7.945E-10	34	0.43
8	38123188	RS7007097	RS10958683	PRUNED_LD	LD		MULTI	5326	7.963E-10	93	0.69
6	32430167	RS9268862	RS431204	PRUNED_DISTANCE_FALLBACK	DISTANCE_FALLBACK		NA	5327	7.984E-10	14	
6	31205617	RS3130713	RS1793894	PRUNED_LD	LD		EUR	5328	8.011E-10	17	0.27
11	46610283	RS61882756	RS7108770	PRUNED_LD	LD		MULTI	5329	8.018E-10	65	0.94
7	1916397	RS4719336	RS12154473	PRUNED_LD	LD		MULTI	5330	8.022E-10	51	0.58
8	38164287	RS1599918	RS10958683	PRUNED_LD	LD		MULTI	5331	8.044E-10	93	0.72
6	30914552	RS3130781	RS1264353	PRUNED_LD	LD		EUR	5332	8.083E-10	15	0.39
8	38165072	RS12056642	RS10958683	PRUNED_LD	LD		MULTI	5333	8.102E-10	93	0.72
11	46481259	RS80031726	RS7108770	PRUNED_LD	LD		MULTI	5334	8.103E-10	65	0.89
1	98342685	RS12062845	RS4950119	PRUNED_LD	LD		MULTI	5335	8.107E-10	47	0.72
1	98378786	RS9662870	RS4950119	PRUNED_LD	LD		MULTI	5336	8.114E-10	47	0.67
1	98381437	RS4246515	RS4950119	PRUNED_LD	LD		MULTI	5337	8.119E-10	47	0.67
6	28656109	RS11967609	RS13194504	PRUNED_LD	LD		EUR	5338	8.134E-10	7	0.28
6	32430362	RS4428528	RS431204	PRUNED_DISTANCE_FALLBACK	DISTANCE_FALLBACK		NA	5339	8.135E-10	14	
6	32434639	RS9268971	RS431204	PRUNED_DISTANCE_FALLBACK	DISTANCE_FALLBACK		NA	5340	8.152E-10	14	
18	53111922	RS4801156	RS1993193	PRUNED_LD	LD		EUR	5341	8.188E-10	74	0.55
6	32432233	RS9268907	RS431204	PRUNED_DISTANCE_FALLBACK	DISTANCE_FALLBACK		NA	5342	8.193E-10	14	
6	32431828	RS9268886	RS431204	PRUNED_DISTANCE_FALLBACK	DISTANCE_FALLBACK		NA	5343	8.21E-10	14	
6	29782633	RS1736957	RS547591961	PRUNED_DISTANCE_FALLBACK	DISTANCE_FALLBACK		NA	5344	8.219E-10	13	
2	233805499	RS1996342	RS2293780	PRUNED_LD	LD		EUR	5345	8.236E-10	43	0.26
6	28219270	RS1736904	RS67981811	PRUNED_LD	LD		EUR	5346	8.249E-10	2	0.33
6	32431833	RS9268887	RS431204	PRUNED_DISTANCE_FALLBACK	DISTANCE_FALLBACK		NA	5347	8.251E-10	14	
1	98353416	RS4970723	RS4950119	PRUNED_LD	LD		MULTI	5348	8.283E-10	47	0.72
10	104866958	RS7896547	RS11191580	PRUNED_LD	LD		ASN	5349	8.299E-10	48	0.3
8	38166401	RS16887324	RS10958683	PRUNED_LD	LD		MULTI	5350	8.319E-10	93	0.72
3	136137422	RS10935182	RS1394094	PRUNED_LD	LD		MULTI	5351	8.326E-10	50	0.61
6	29660940	RS3116812	RS547591961	PRUNED_DISTANCE_FALLBACK	DISTANCE_FALLBACK		NA	5352	8.328E-10	13	
6	31572956	RS2844479	RS431204	PRUNED_DISTANCE_FALLBACK	DISTANCE_FALLBACK		NA	5353	8.333E-10	14	
1	98376502	RS4399192	RS4950119	PRUNED_LD	LD		MULTI	5354	8.336E-10	47	0.67
11	133809385	RS558709	RS4936215	PRUNED_LD	LD		EUR	5355	8.345E-10	36	0.2
6	32430508	RS4434496	RS431204	PRUNED_DISTANCE_FALLBACK	DISTANCE_FALLBACK		NA	5356	8.372E-10	14	
8	38167649	RS7841617	RS10958683	PRUNED_LD	LD		MULTI	5357	8.4E-10	93	0.72
2	58296890	RS968653	RS1356545	PRUNED_LD	LD		MULTI	5358	8.406E-10	39	0.59
6	28542424	RS450630	RS539591970	PRUNED_DISTANCE_FALLBACK	DISTANCE_FALLBACK		NA	5359	8.412E-10	11	
20	37429409	RS12481241	RS6124079	PRUNED_LD	LD		MULTI	5360	8.434E-10	89	0.96
6	32430604	RS4280993	RS431204	PRUNED_DISTANCE_FALLBACK	DISTANCE_FALLBACK		NA	5361	8.441E-10	14	
3	136500733	RS1729951	RS2062322	PRUNED_LD	LD		MULTI	5362	8.471E-10	95	0.35
10	104680137	RS2297787	RS11191580	PRUNED_LD	LD		MULTI	5363	8.513E-10	48	0.74
7	137038092	RS320682	RS320682	SELECTED_LEAD	LD	OK_LOCAL_CACHE		5364	8.527E-10	108	
5	137876920	RS154069	RS10117	PRUNED_LD	LD		MULTI	5365	8.542E-10	105	0.98
6	28525265	RS9295772	RS539591970	PRUNED_DISTANCE_FALLBACK	DISTANCE_FALLBACK		NA	5366	8.547E-10	11	
15	59197669	RS35477914	RS793571	PRUNED_LD	LD		MULTI	5367	8.556E-10	52	0.72
6	32432858	RS9268924	RS431204	PRUNED_DISTANCE_FALLBACK	DISTANCE_FALLBACK		NA	5368	8.588E-10	14	
11	134297345	RS10750561	RS893949	PRUNED_LD	LD		MULTI	5369	8.595E-10	92	0.87
3	52969529	RS2710313	RS2245424	PRUNED_LD	LD		MULTI	5370	8.621E-10	99	0.98
6	32432406	RS9268911	RS431204	PRUNED_DISTANCE_FALLBACK	DISTANCE_FALLBACK		NA	5371	8.625E-10	14	
10	104384337	RS74558061	RS10786701	PRUNED_LD	LD		MULTI	5372	8.639E-10	91	0.71
6	32433256	RS2395188	RS431204	PRUNED_DISTANCE_FALLBACK	DISTANCE_FALLBACK		NA	5373	8.641E-10	14	
1	98352053	RS4970722	RS4950119	PRUNED_LD	LD		MULTI	5374	8.645E-10	47	0.72
3	52991189	RS2439434	RS2245424	PRUNED_LD	LD		MULTI	5375	8.654E-10	99	0.99
2	57945522	RS6720888	RS1356545	PRUNED_LD	LD		MULTI	5376	8.741E-10	39	0.63
10	104896486	RS10883837	RS11191580	PRUNED_LD	LD		ASN	5377	8.746E-10	48	0.31
6	26827896	RS2475068	RS13215879	PRUNED_DISTANCE_FALLBACK	DISTANCE_FALLBACK		NA	5378	8.77E-10	22	
5	137903084	RS256014	RS10117	PRUNED_LD	LD		MULTI	5379	8.773E-10	105	0.98
6	32430729	RS7766843	RS431204	PRUNED_DISTANCE_FALLBACK	DISTANCE_FALLBACK		NA	5380	8.785E-10	14	
2	57948635	RS13418015	RS1356545	PRUNED_LD	LD		MULTI	5381	8.81E-10	39	0.64
8	38133793	RS1488935	RS10958683	PRUNED_LD	LD		MULTI	5382	8.815E-10	93	0.7
6	32430752	RS7766854	RS431204	PRUNED_DISTANCE_FALLBACK	DISTANCE_FALLBACK		NA	5383	8.828E-10	14	
2	201167854	RS6435048	RS3769472	PRUNED_LD	LD		MULTI	5384	8.844E-10	94	0.99
20	37453194	RS6065094	RS6124079	PRUNED_LD	LD		MULTI	5385	8.851E-10	89	0.93
15	61873251	RS2899670	RS35351411	PRUNED_LD	LD		MULTI	5386	8.856E-10	90	0.98
6	32430814	RS7747025	RS431204	PRUNED_DISTANCE_FALLBACK	DISTANCE_FALLBACK		NA	5387	8.87E-10	14	
6	32430800	RS7747010	RS431204	PRUNED_DISTANCE_FALLBACK	DISTANCE_FALLBACK		NA	5388	8.898E-10	14	
18	77630170	RS72980082	RS55858161	PRUNED_LD	LD		MULTI	5389	8.902E-10	87	0.9
1	98327831	RS4523551	RS4950119	PRUNED_LD	LD		MULTI	5390	8.903E-10	47	0.72
8	38178767	RS2234555	RS10958683	PRUNED_LD	LD		MULTI	5391	8.908E-10	93	0.73
3	52855865	RS2256332	RS13083798	PRUNED_LD	LD		MULTI	5392	8.91E-10	42	0.39
6	32431105	RS7747521	RS431204	PRUNED_DISTANCE_FALLBACK	DISTANCE_FALLBACK		NA	5393	8.919E-10	14	
11	133809660	RS644854	RS4936215	PRUNED_LD	LD		EUR	5394	8.932E-10	36	0.2
11	133812299	RS329642	RS4936215	PRUNED_LD	LD		EUR	5395	8.973E-10	36	0.21
6	32433197	RS2395187	RS431204	PRUNED_DISTANCE_FALLBACK	DISTANCE_FALLBACK		NA	5396	8.975E-10	14	
3	52994981	RS2581803	RS2245424	PRUNED_LD	LD		MULTI	5397	9.003E-10	99	1
1	30433951	RS1498232	RS4949526	PRUNED_LD	LD		MULTI	5398	9.019E-10	106	1
22	42364057	RS4822076	RS5751191	PRUNED_LD	LD		MULTI	5399	9.046E-10	69	0.97
6	32431306	RS9268879	RS431204	PRUNED_DISTANCE_FALLBACK	DISTANCE_FALLBACK		NA	5400	9.047E-10	14	
3	52991307	RS2465101	RS2245424	PRUNED_LD	LD		MULTI	5401	9.088E-10	99	0.99
6	32431292	RS9268878	RS431204	PRUNED_DISTANCE_FALLBACK	DISTANCE_FALLBACK		NA	5402	9.091E-10	14	
2	201240086	RS994280	RS3769472	PRUNED_LD	LD		MULTI	5403	9.092E-10	94	0.56
6	32430867	RS7746751	RS431204	PRUNED_DISTANCE_FALLBACK	DISTANCE_FALLBACK		NA	5404	9.108E-10	14	
17	43893751	RS8073146	RS62057151	PRUNED_LD	LD		MULTI	5405	9.116E-10	96	1
6	32430975	RS7746922	RS431204	PRUNED_DISTANCE_FALLBACK	DISTANCE_FALLBACK		NA	5406	9.13E-10	14	
6	26391190	RS2072804	RS71557335	PRUNED_DISTANCE_FALLBACK	DISTANCE_FALLBACK		NA	5407	9.131E-10	29	
19	19568659	RS4808203	RS2916074	PRUNED_LD	LD		MULTI	5408	9.157E-10	102	1
7	1954732	RS4721190	RS12154473	PRUNED_LD	LD		MULTI	5409	9.159E-10	51	0.59
6	32582513	RS9271325	6:32634952_G_T	PRUNED_DISTANCE_FALLBACK	DISTANCE_FALLBACK		NA	5410	9.178E-10	33	
8	38193518	RS10101168	RS10958683	PRUNED_LD	LD		MULTI	5411	9.208E-10	93	0.73
15	59203615	RS10518992	RS793571	PRUNED_LD	LD		MULTI	5412	9.218E-10	52	0.72
11	133817333	RS502834	RS4936215	PRUNED_LD	LD		EUR	5413	9.246E-10	36	0.2
2	57951208	RS10196378	RS1356545	PRUNED_LD	LD		MULTI	5414	9.248E-10	39	0.64
8	38183595	RS59978327	RS10958683	PRUNED_LD	LD		MULTI	5415	9.265E-10	93	0.73
6	28618751	RS1884936	RS13194504	PRUNED_LD	LD		EUR	5416	9.289E-10	7	0.28
7	104595664	RS2428162	RS17777642	PRUNED_LD	LD		MULTI	5417	9.29E-10	78	0.99
6	32431705	RS9268885	RS431204	PRUNED_DISTANCE_FALLBACK	DISTANCE_FALLBACK		NA	5418	9.319E-10	14	
7	104594253	RS2252074	RS17777642	PRUNED_LD	LD		MULTI	5419	9.324E-10	78	0.97
5	60549520	RS62366215	RS56219078	PRUNED_LD	LD		MULTI	5420	9.382E-10	73	0.81
10	104891396	RS12571568	RS11191580	PRUNED_LD	LD		ASN	5421	9.398E-10	48	0.3
6	30066031	RS916570	RS547591961	PRUNED_DISTANCE_FALLBACK	DISTANCE_FALLBACK		NA	5422	9.42E-10	13	
10	104897254	RS746293	RS11191580	PRUNED_LD	LD		ASN	5423	9.427E-10	48	0.31
17	43853922	RS56303031	RS62057151	PRUNED_LD	LD		MULTI	5424	9.49E-10	96	1
1	98370375	RS12077442	RS4950119	PRUNED_LD	LD		MULTI	5425	9.501E-10	47	0.67
6	28580593	RS9393920	RS539591970	PRUNED_DISTANCE_FALLBACK	DISTANCE_FALLBACK		NA	5426	9.505E-10	11	
10	104891975	RS2148197	RS11191580	PRUNED_LD	LD		ASN	5427	9.511E-10	48	0.29
6	32431129	RS7767493	RS431204	PRUNED_DISTANCE_FALLBACK	DISTANCE_FALLBACK		NA	5428	9.541E-10	14	
5	137917826	RS11957778	RS10117	PRUNED_LD	LD		MULTI	5429	9.57E-10	105	0.96
5	137917639	RS7378744	RS10117	PRUNED_LD	LD		MULTI	5430	9.575E-10	105	0.96
1	30433886	RS6679167	RS4949526	PRUNED_LD	LD		MULTI	5431	9.584E-10	106	1
6	28579471	RS9501180	RS539591970	PRUNED_DISTANCE_FALLBACK	DISTANCE_FALLBACK		NA	5432	9.611E-10	11	
5	60601434	RS4583848	RS56219078	PRUNED_LD	LD		EUR	5433	9.614E-10	73	0.43
1	98369744	RS9662719	RS4950119	PRUNED_LD	LD		MULTI	5434	9.653E-10	47	0.67
12	123846812	RS28631104	RS4460848	PRUNED_LD	LD		MULTI	5435	9.66E-10	34	0.36
10	104872547	RS7899084	RS11191580	PRUNED_LD	LD		ASN	5436	9.697E-10	48	0.3
5	45187804	RS4492120	RS16902086	PRUNED_LD	LD		MULTI	5437	9.705E-10	76	0.74
7	1947958	RS6952727	RS12154473	PRUNED_LD	LD		MULTI	5438	9.728E-10	51	0.59
6	31610686	RS1052486	RS431204	PRUNED_DISTANCE_FALLBACK	DISTANCE_FALLBACK		NA	5439	9.773E-10	14	
10	18721986	RS10734056	RS7071123	PRUNED_LD	LD		MULTI	5440	9.776E-10	77	1
5	137927619	RS11738995	RS10117	PRUNED_LD	LD		MULTI	5441	9.791E-10	105	0.96
2	200916230	RS11694236	RS166845	PRUNED_LD	LD		MULTI	5442	9.821E-10	86	0.8
6	28569949	RS380914	RS539591970	PRUNED_DISTANCE_FALLBACK	DISTANCE_FALLBACK		NA	5443	9.822E-10	11	
10	18725659	RS1926026	RS7071123	PRUNED_LD	LD		MULTI	5444	9.842E-10	77	0.95
10	104886188	RS10786739	RS11191580	PRUNED_LD	LD		ASN	5445	9.875E-10	48	0.3
15	85153184	RS12913702	RS11638554	PRUNED_LD	LD		MULTI	5446	9.891E-10	85	0.99
15	59160188	RS173214	RS793571	PRUNED_LD	LD		MULTI	5447	9.9E-10	52	0.73
7	137040466	RS320684	RS10954580	PRUNED_LD	LD		MULTI	5448	9.909E-10	38	0.39
15	59201222	RS28538484	RS793571	PRUNED_LD	LD		MULTI	5449	9.912E-10	52	0.72
1	98334990	RS11165921	RS4950119	PRUNED_LD	LD		MULTI	5450	9.915E-10	47	0.72
11	133810259	RS476821	RS4936215	PRUNED_LD	LD		EUR	5451	9.925E-10	36	0.22
6	31610529	RS1077393	RS431204	PRUNED_DISTANCE_FALLBACK	DISTANCE_FALLBACK		NA	5452	1E-9	14	
11	46589107	RS112705011	RS7108770	PRUNED_LD	LD		MULTI	5453	1.001E-9	65	0.86
2	200089792	RS55848302	RS1451488	PRUNED_LD	LD		MULTI	5454	1.001E-9	88	0.8
6	28595646	RS9348810	RS539591970	PRUNED_DISTANCE_FALLBACK	DISTANCE_FALLBACK		NA	5455	1.004E-9	11	
2	58350571	RS2043890	RS1356545	PRUNED_LD	LD		MULTI	5456	1.005E-9	39	0.48
6	28557133	RS436827	RS539591970	PRUNED_DISTANCE_FALLBACK	DISTANCE_FALLBACK		NA	5457	1.006E-9	11	
8	38130433	RS3824289	RS10958683	PRUNED_LD	LD		MULTI	5458	1.008E-9	93	0.68
3	52755592	RS11130319	RS13083798	PRUNED_LD	LD		MULTI	5459	1.011E-9	42	0.85
10	104836047	RS943036	RS11191580	PRUNED_LD	LD		ASN	5460	1.016E-9	48	0.39
2	200916239	RS11688194	RS166845	PRUNED_LD	LD		MULTI	5461	1.016E-9	86	0.8
10	18721065	RS10734054	RS7071123	PRUNED_LD	LD		MULTI	5462	1.017E-9	77	1
10	18721071	RS10741060	RS7071123	PRUNED_LD	LD		MULTI	5463	1.017E-9	77	1
2	200089482	RS7559104	RS1451488	PRUNED_LD	LD		MULTI	5464	1.017E-9	88	0.79
6	28585581	RS9380079	RS539591970	PRUNED_DISTANCE_FALLBACK	DISTANCE_FALLBACK		NA	5465	1.02E-9	11	
10	104871361	RS2066323	RS11191580	PRUNED_LD	LD		ASN	5466	1.022E-9	48	0.3
17	43855228	RS4074462	RS62057151	PRUNED_LD	LD		MULTI	5467	1.022E-9	96	1
10	18720877	RS10741059	RS7071123	PRUNED_LD	LD		MULTI	5468	1.029E-9	77	1
6	32432520	RS9268913	RS431204	PRUNED_DISTANCE_FALLBACK	DISTANCE_FALLBACK		NA	5469	1.031E-9	14	
1	30431560	RS1009080	RS4949526	PRUNED_LD	LD		MULTI	5470	1.034E-9	106	1
11	46393574	RS3740977	RS12285419	PRUNED_LD	LD		MULTI	5471	1.034E-9	66	0.71
15	59175228	RS11858989	RS793571	PRUNED_LD	LD		MULTI	5472	1.039E-9	52	0.72
7	1914757	RS12669758	RS12154473	PRUNED_LD	LD		MULTI	5473	1.041E-9	51	0.58
10	104880236	RS10748837	RS11191580	PRUNED_LD	LD		ASN	5474	1.043E-9	48	0.31
14	33303540	RS12883788	RS12883788	SELECTED_LEAD	LD	OK_LOCAL_CACHE		5475	1.043E-9	109	
8	38201232	RS72630609	RS10958683	PRUNED_LD	LD		MULTI	5476	1.044E-9	93	0.76
10	104806654	RS7094843	RS11191580	PRUNED_LD	LD		ASN	5477	1.047E-9	48	0.28
3	53016552	RS2581819	RS2245424	PRUNED_LD	LD		MULTI	5478	1.048E-9	99	1
12	123856443	RS78455769	RS4460848	PRUNED_LD	LD		MULTI	5479	1.049E-9	34	0.38
19	19528821	RS1469712	RS2916074	PRUNED_LD	LD		MULTI	5480	1.049E-9	102	1
10	104920232	RS3977751	RS11191580	PRUNED_LD	LD		ASN	5481	1.054E-9	48	0.31
6	27835930	RS200951	RS66868086	PRUNED_LD	LD		EUR	5482	1.054E-9	1	0.23
6	31907837	RS2293751	RS431204	PRUNED_DISTANCE_FALLBACK	DISTANCE_FALLBACK		NA	5483	1.057E-9	14	
10	104848123	RS8139	RS11191580	PRUNED_LD	LD		ASN	5484	1.058E-9	48	0.4
15	59198396	RS11637077	RS793571	PRUNED_LD	LD		MULTI	5485	1.059E-9	52	0.72
17	43892784	RS55915917	RS62057151	PRUNED_LD	LD		MULTI	5486	1.059E-9	96	1
6	26802050	RS4713042	RS13215879	PRUNED_DISTANCE_FALLBACK	DISTANCE_FALLBACK		NA	5487	1.061E-9	22	
5	137931590	RS17207604	RS10117	PRUNED_LD	LD		MULTI	5488	1.062E-9	105	0.96
10	104390303	RS2298278	RS10786701	PRUNED_LD	LD		MULTI	5489	1.064E-9	91	0.73
10	104893568	RS12766205	RS11191580	PRUNED_LD	LD		ASN	5490	1.069E-9	48	0.31
15	59173382	RS28529423	RS793571	PRUNED_LD	LD		MULTI	5491	1.072E-9	52	0.72
6	27119826	RS7744759	RS13215879	PRUNED_DISTANCE_FALLBACK	DISTANCE_FALLBACK		NA	5492	1.075E-9	22	
11	133811396	RS329641	RS4936215	PRUNED_LD	LD		EUR	5493	1.076E-9	36	0.2
5	137926467	RS68128065	RS10117	PRUNED_LD	LD		MULTI	5494	1.077E-9	105	0.96
5	60550041	RS6868457	RS56219078	PRUNED_LD	LD		MULTI	5495	1.079E-9	73	0.81
10	104386152	RS7086898	RS10786701	PRUNED_LD	LD		MULTI	5496	1.082E-9	91	0.72
15	59177400	RS8035628	RS793571	PRUNED_LD	LD		MULTI	5497	1.082E-9	52	0.69
10	104384029	RS4919666	RS10786701	PRUNED_LD	LD		MULTI	5498	1.083E-9	91	0.71
20	37440046	RS6101301	RS6124079	PRUNED_LD	LD		MULTI	5499	1.084E-9	89	0.99
5	137897589	RS256007	RS10117	PRUNED_LD	LD		MULTI	5500	1.084E-9	105	0.98
17	43893716	RS8072451	RS62057151	PRUNED_LD	LD		MULTI	5501	1.088E-9	96	1
7	137037202	RS161095	RS320682	PRUNED_LD	LD		MULTI	5502	1.088E-9	108	0.99
11	133813626	RS329646	RS4936215	PRUNED_LD	LD		EUR	5503	1.089E-9	36	0.2
15	59173481	RS28709922	RS793571	PRUNED_LD	LD		MULTI	5504	1.099E-9	52	0.72
19	19522557	RS2965188	RS2916074	PRUNED_LD	LD		MULTI	5505	1.099E-9	102	0.94
8	38152592	RS12386951	RS10958683	PRUNED_LD	LD		MULTI	5506	1.1E-9	93	0.61
18	53106326	RS72928910	RS1993193	PRUNED_LD	LD		EUR	5507	1.101E-9	74	0.57
15	61839660	RS11853920	RS35351411	PRUNED_LD	LD		MULTI	5508	1.102E-9	90	0.96
5	137863134	RS154076	RS10117	PRUNED_LD	LD		MULTI	5509	1.103E-9	105	0.96
7	137037689	RS321200	RS320682	PRUNED_LD	LD		MULTI	5510	1.107E-9	108	0.99
5	137900039	RS256017	RS10117	PRUNED_LD	LD		MULTI	5511	1.109E-9	105	0.97
17	43849415	RS79730878	RS62057151	PRUNED_LD	LD		MULTI	5512	1.11E-9	96	1
10	104902165	RS11191577	RS11191580	PRUNED_LD	LD		ASN	5513	1.112E-9	48	0.31
6	26380032	RS9467736	RS71557335	PRUNED_DISTANCE_FALLBACK	DISTANCE_FALLBACK		NA	5514	1.113E-9	29	
10	104829469	RS1926032	RS11191580	PRUNED_LD	LD		MULTI	5515	1.114E-9	48	0.84
7	1915731	RS10269191	RS12154473	PRUNED_LD	LD		MULTI	5516	1.12E-9	51	0.58
7	137053934	RS320709	RS10954580	PRUNED_LD	LD		MULTI	5517	1.126E-9	38	0.4
10	104839152	RS943035	RS11191580	PRUNED_LD	LD		ASN	5518	1.129E-9	48	0.39
8	38190934	RS55634742	RS10958683	PRUNED_LD	LD		MULTI	5519	1.13E-9	93	0.73
8	38149404	RS10958606	RS10958683	PRUNED_LD	LD		MULTI	5520	1.135E-9	93	0.71
6	31605199	RS2736155	RS431204	PRUNED_DISTANCE_FALLBACK	DISTANCE_FALLBACK		NA	5521	1.136E-9	14	
8	38134780	RS72644720	RS10958683	PRUNED_LD	LD		MULTI	5522	1.137E-9	93	0.7
19	19657632	RS7245983	RS2916074	PRUNED_LD	LD		MULTI	5523	1.142E-9	102	0.86
6	26805725	RS10946853	RS13215879	PRUNED_DISTANCE_FALLBACK	DISTANCE_FALLBACK		NA	5524	1.143E-9	22	
6	32593003	RS9271690	6:32634952_G_T	PRUNED_DISTANCE_FALLBACK	DISTANCE_FALLBACK		NA	5525	1.145E-9	33	
3	136496690	RS1280624	RS2062322	PRUNED_LD	LD		MULTI	5526	1.148E-9	95	0.35
5	60598543	RS4391122	RS56219078	PRUNED_LD	LD		EUR	5527	1.148E-9	73	0.44
3	136056861	RS696520	RS1394094	PRUNED_LD	LD		MULTI	5528	1.15E-9	50	0.55
10	104925829	RS4917996	RS11191580	PRUNED_LD	LD		ASN	5529	1.152E-9	48	0.3
17	43810851	RS77807457	RS62057151	PRUNED_LD	LD		EUR	5530	1.153E-9	96	0.82
6	31243884	RS3130696	RS7748141	PRUNED_DISTANCE_FALLBACK	DISTANCE_FALLBACK		NA	5531	1.153E-9	24	
5	137938573	RS4835691	RS10117	PRUNED_LD	LD		MULTI	5532	1.159E-9	105	0.93
12	123861420	RS28450974	RS4460848	PRUNED_LD	LD		MULTI	5533	1.162E-9	34	0.37
6	27057945	RS9348750	RS13215879	PRUNED_DISTANCE_FALLBACK	DISTANCE_FALLBACK		NA	5534	1.166E-9	22	
6	29819338	RS2517868	RS3131856	PRUNED_LD	LD		EUR	5535	1.169E-9	12	0.22
10	104616663	RS4409766	RS12219247	PRUNED_LD	LD		ASN	5536	1.172E-9	54	0.3
18	53108857	RS72928914	RS1993193	PRUNED_LD	LD		EUR	5537	1.177E-9	74	0.57
6	31298240	RS9265549	RS7748141	PRUNED_DISTANCE_FALLBACK	DISTANCE_FALLBACK		NA	5538	1.177E-9	24	
10	104929191	RS7081075	RS11191580	PRUNED_LD	LD		ASN	5539	1.178E-9	48	0.3
11	46406767	RS2067482	RS7108770	PRUNED_LD	LD		MULTI	5540	1.179E-9	65	0.89
6	27067190	RS9348751	RS13215879	PRUNED_DISTANCE_FALLBACK	DISTANCE_FALLBACK		NA	5541	1.181E-9	22	
5	137903798	RS256013	RS10117	PRUNED_LD	LD		MULTI	5542	1.185E-9	105	0.94
17	43859640	RS62057070	RS62057151	PRUNED_LD	LD		MULTI	5543	1.189E-9	96	1
17	43858482	RS78917495	RS62057151	PRUNED_LD	LD		MULTI	5544	1.192E-9	96	1
7	137037140	RS161094	RS320682	PRUNED_LD	LD		MULTI	5545	1.193E-9	108	0.99
6	26818968	RS3004034	RS13215879	PRUNED_DISTANCE_FALLBACK	DISTANCE_FALLBACK		NA	5546	1.196E-9	22	
8	38191375	RS11786625	RS10958683	PRUNED_LD	LD		MULTI	5547	1.203E-9	93	0.75
6	29663889	RS3131888	RS547591961	PRUNED_DISTANCE_FALLBACK	DISTANCE_FALLBACK		NA	5548	1.204E-9	13	
10	104927634	RS6584540	RS11191580	PRUNED_LD	LD		ASN	5549	1.207E-9	48	0.31
8	38147840	RS7837189	RS10958683	PRUNED_LD	LD		MULTI	5550	1.207E-9	93	0.71
3	136031358	RS527888	RS1394094	PRUNED_LD	LD		MULTI	5551	1.208E-9	50	0.53
17	43893259	RS117365970	RS62057151	PRUNED_LD	LD		MULTI	5552	1.216E-9	96	1
17	43852742	RS111370985	RS62057151	PRUNED_LD	LD		MULTI	5553	1.219E-9	96	1
6	31363026	RS2523466	RS3094012	PRUNED_LD	LD		EUR	5554	1.22E-9	18	0.23
10	104830819	RS10883826	RS11191580	PRUNED_LD	LD		ASN	5555	1.221E-9	48	0.39
6	27862127	RS200967	RS66868086	PRUNED_LD	LD		EUR	5556	1.221E-9	1	0.24
2	200076923	RS13029315	RS1451488	PRUNED_LD	LD		MULTI	5557	1.222E-9	88	0.81
17	43853133	RS62055950	RS62057151	PRUNED_LD	LD		MULTI	5558	1.223E-9	96	1
12	123860939	RS60835840	RS4460848	PRUNED_LD	LD		MULTI	5559	1.224E-9	34	0.38
3	136066051	RS517319	RS1394094	PRUNED_LD	LD		MULTI	5560	1.225E-9	50	0.59
10	18721204	RS10741061	RS7071123	PRUNED_LD	LD		MULTI	5561	1.227E-9	77	1
17	43853457	RS77965652	RS62057151	PRUNED_LD	LD		MULTI	5562	1.23E-9	96	1
17	43879308	RS80184151	RS62057151	PRUNED_LD	LD		MULTI	5563	1.231E-9	96	1
2	58082205	RS68084872	RS1356545	PRUNED_LD	LD		MULTI	5564	1.233E-9	39	0.66
6	32442261	RS6901541	RS431204	PRUNED_DISTANCE_FALLBACK	DISTANCE_FALLBACK		NA	5565	1.233E-9	14	
7	1949198	RS60605830	RS12154473	PRUNED_LD	LD		MULTI	5566	1.233E-9	51	0.59
7	2155250	RS11770254	RS12154473	PRUNED_LD	LD		EUR	5567	1.234E-9	51	0.52
17	43853526	RS55849949	RS62057151	PRUNED_LD	LD		MULTI	5568	1.235E-9	96	1
17	43858187	RS62057065	RS62057151	PRUNED_LD	LD		MULTI	5569	1.235E-9	96	1
17	43848412	RS62055932	RS62057151	PRUNED_LD	LD		MULTI	5570	1.236E-9	96	1
17	43928614	RS885639	RS62057151	PRUNED_LD	LD		MULTI	5571	1.236E-9	96	1
2	200913822	RS79156935	RS166845	PRUNED_LD	LD		MULTI	5572	1.236E-9	86	0.8
17	43861117	RS62057073	RS62057151	PRUNED_LD	LD		EUR	5573	1.239E-9	96	0.89
3	180797921	RS12635178	RS12152501	PRUNED_LD	LD		MULTI	5574	1.239E-9	72	0.7
6	27019575	RS6456766	RS13215879	PRUNED_DISTANCE_FALLBACK	DISTANCE_FALLBACK		NA	5575	1.239E-9	22	
18	53120997	RS72928933	RS1993193	PRUNED_LD	LD		EUR	5576	1.24E-9	74	0.55
2	200913743	RS74771155	RS166845	PRUNED_LD	LD		MULTI	5577	1.24E-9	86	0.8
6	32442741	RS9269102	RS431204	PRUNED_DISTANCE_FALLBACK	DISTANCE_FALLBACK		NA	5578	1.244E-9	14	
6	29130282	RS3129138	RS9257566	PRUNED_LD	LD		EUR	5579	1.248E-9	8	0.27
7	137053704	RS320708	RS10954580	PRUNED_LD	LD		MULTI	5580	1.248E-9	38	0.4
17	43871982	RS56319902	RS62057151	PRUNED_LD	LD		MULTI	5581	1.249E-9	96	1
17	43909022	RS62054762	RS62057151	PRUNED_LD	LD		MULTI	5582	1.249E-9	96	1
17	43858629	RS62057068	RS62057151	PRUNED_LD	LD		MULTI	5583	1.25E-9	96	1
17	43840107	RS11079721	RS62057151	PRUNED_LD	LD		MULTI	5584	1.252E-9	96	1
3	52252969	RS352162	RS2276834	PRUNED_LD	LD		MULTI	5585	1.252E-9	63	0.76
17	43859065	RS62057069	RS62057151	PRUNED_LD	LD		MULTI	5586	1.255E-9	96	1
17	43930955	RS2873268	RS62057151	PRUNED_LD	LD		MULTI	5587	1.257E-9	96	1
2	200916004	RS11688168	RS166845	PRUNED_LD	LD		MULTI	5588	1.257E-9	86	0.8
10	104826261	RS943038	RS11191580	PRUNED_LD	LD		ASN	5589	1.258E-9	48	0.28
15	59206518	RS11636723	RS793571	PRUNED_LD	LD		MULTI	5590	1.26E-9	52	0.72
17	43856730	RS62057063	RS62057151	PRUNED_LD	LD		MULTI	5591	1.262E-9	96	1
6	27080205	RS6921388	RS13215879	PRUNED_DISTANCE_FALLBACK	DISTANCE_FALLBACK		NA	5592	1.262E-9	22	
17	43848750	RS62055935	RS62057151	PRUNED_LD	LD		MULTI	5593	1.263E-9	96	1
12	123886384	RS28574664	RS4460848	PRUNED_LD	LD		MULTI	5594	1.264E-9	34	0.31
6	29819325	RS2517869	RS3131856	PRUNED_LD	LD		EUR	5595	1.264E-9	12	0.22
17	43881790	RS17689378	RS62057151	PRUNED_LD	LD		MULTI	5596	1.265E-9	96	1
20	37382585	RS1406855	RS6124079	PRUNED_LD	LD		MULTI	5597	1.265E-9	89	0.45
17	43857033	RS62057064	RS62057151	PRUNED_LD	LD		MULTI	5598	1.266E-9	96	1
17	43858326	RS62057067	RS62057151	PRUNED_LD	LD		MULTI	5599	1.267E-9	96	1
17	43903089	RS41280118	RS62057151	PRUNED_LD	LD		MULTI	5600	1.269E-9	96	1
17	43856710	RS62057062	RS62057151	PRUNED_LD	LD		MULTI	5601	1.271E-9	96	1
6	27128806	RS9295730	RS13215879	PRUNED_DISTANCE_FALLBACK	DISTANCE_FALLBACK		NA	5602	1.271E-9	22	
8	38134877	RS10100090	RS10958683	PRUNED_LD	LD		MULTI	5603	1.271E-9	93	0.69
2	200913453	RS78527234	RS166845	PRUNED_LD	LD		MULTI	5604	1.272E-9	86	0.8
2	200916403	RS34381014	RS166845	PRUNED_LD	LD		MULTI	5605	1.272E-9	86	0.8
17	43932129	RS56323304	RS62057151	PRUNED_LD	LD		MULTI	5606	1.273E-9	96	1
17	43885291	RS62057101	RS62057151	PRUNED_LD	LD		MULTI	5607	1.276E-9	96	1
2	58297664	RS10205421	RS1356545	PRUNED_LD	LD		MULTI	5608	1.277E-9	39	0.6
17	43854267	RS55991914	RS62057151	PRUNED_LD	LD		MULTI	5609	1.278E-9	96	1
10	104840970	RS7921574	RS11191580	PRUNED_LD	LD		ASN	5610	1.281E-9	48	0.39
10	104922039	RS10883840	RS11191580	PRUNED_LD	LD		ASN	5611	1.281E-9	48	0.27
2	57942987	RS10496076	RS1356545	PRUNED_LD	LD		MULTI	5612	1.281E-9	39	0.63
17	43853235	RS56043078	RS62057151	PRUNED_LD	LD		MULTI	5613	1.282E-9	96	1
17	43859691	RS62057071	RS62057151	PRUNED_LD	LD		MULTI	5614	1.282E-9	96	1
7	1949328	RS73048162	RS12154473	PRUNED_LD	LD		MULTI	5615	1.283E-9	51	0.59
3	52874753	RS56019197	RS13083798	PRUNED_LD	LD		MULTI	5616	1.284E-9	42	0.39
17	43856639	RS62057061	RS62057151	PRUNED_LD	LD		MULTI	5617	1.286E-9	96	1
6	26803782	RS4521582	RS13215879	PRUNED_DISTANCE_FALLBACK	DISTANCE_FALLBACK		NA	5618	1.286E-9	22	
7	1914477	RS10950415	RS12154473	PRUNED_LD	LD		MULTI	5619	1.288E-9	51	0.59
15	61842905	RS11636336	RS35351411	PRUNED_LD	LD		MULTI	5620	1.29E-9	90	0.73
17	43902944	RS1912151	RS62057151	PRUNED_LD	LD		MULTI	5621	1.291E-9	96	1
17	43901001	RS62057122	RS62057151	PRUNED_LD	LD		MULTI	5622	1.293E-9	96	0.99
6	26804022	RS11754686	RS13215879	PRUNED_DISTANCE_FALLBACK	DISTANCE_FALLBACK		NA	5623	1.293E-9	22	
17	43843395	RS75257002	RS62057151	PRUNED_LD	LD		MULTI	5624	1.301E-9	96	1
17	43852733	RS113871181	RS62057151	PRUNED_LD	LD		MULTI	5625	1.302E-9	96	1
6	32634126	RS9274505	RS9274514	PRUNED_LD	LD		MULTI	5626	1.302E-9	32	0.81
17	43849366	RS75916678	RS62057151	PRUNED_LD	LD		MULTI	5627	1.307E-9	96	0.93
17	43930980	RS4340365	RS62057151	PRUNED_LD	LD		MULTI	5628	1.307E-9	96	1
6	32447058	RS2894260	RS431204	PRUNED_DISTANCE_FALLBACK	DISTANCE_FALLBACK		NA	5629	1.307E-9	14	
7	137048213	RS320697	RS10954580	PRUNED_LD	LD		MULTI	5630	1.307E-9	38	0.4
17	43851851	RS62055945	RS62057151	PRUNED_LD	LD		MULTI	5631	1.309E-9	96	1
17	43851018	RS62055943	RS62057151	PRUNED_LD	LD		MULTI	5632	1.31E-9	96	1
17	43927708	RS62054822	RS62057151	PRUNED_LD	LD		MULTI	5633	1.311E-9	96	1
6	31243859	RS2524075	RS7748141	PRUNED_DISTANCE_FALLBACK	DISTANCE_FALLBACK		NA	5634	1.311E-9	24	
6	26811191	RS4711126	RS13215879	PRUNED_DISTANCE_FALLBACK	DISTANCE_FALLBACK		NA	5635	1.313E-9	22	
6	32446840	RS9269164	RS431204	PRUNED_DISTANCE_FALLBACK	DISTANCE_FALLBACK		NA	5636	1.314E-9	14	
12	123891209	RS73216931	RS4460848	PRUNED_LD	LD		MULTI	5637	1.315E-9	34	0.35
17	43902799	RS3885075	RS62057151	PRUNED_LD	LD		MULTI	5638	1.315E-9	96	1
17	43903336	RS17763050	RS62057151	PRUNED_LD	LD		MULTI	5639	1.315E-9	96	1
6	27138529	RS9461335	RS13215879	PRUNED_DISTANCE_FALLBACK	DISTANCE_FALLBACK		NA	5640	1.316E-9	22	
17	43902738	RS3885074	RS62057151	PRUNED_LD	LD		MULTI	5641	1.317E-9	96	1
6	32443358	RS9269111	RS431204	PRUNED_DISTANCE_FALLBACK	DISTANCE_FALLBACK		NA	5642	1.318E-9	14	
19	19556651	RS10410664	RS2916074	PRUNED_LD	LD		MULTI	5643	1.319E-9	102	1
17	43850966	RS62055942	RS62057151	PRUNED_LD	LD		EUR	5644	1.32E-9	96	0.93
6	32444040	RS6457595	RS431204	PRUNED_DISTANCE_FALLBACK	DISTANCE_FALLBACK		NA	5645	1.321E-9	14	
17	43902861	RS34283254	RS34283254	SELECTED_LEAD	LD	OK		5646	1.322E-9	110	
5	137931091	RS2043273	RS10117	PRUNED_LD	LD		MULTI	5647	1.323E-9	105	0.93
17	43902522	RS4523962	RS62057151	PRUNED_LD	LD		MULTI	5648	1.324E-9	96	1
6	32445650	RS9269147	RS431204	PRUNED_DISTANCE_FALLBACK	DISTANCE_FALLBACK		NA	5649	1.324E-9	14	
7	2155251	RS11770255	RS12154473	PRUNED_LD	LD		EUR	5650	1.324E-9	51	0.52
17	43857129	RS76830096	RS62057151	PRUNED_LD	LD		MULTI	5651	1.326E-9	96	1
17	43902505	RS4341787	RS62057151	PRUNED_LD	LD		MULTI	5652	1.327E-9	96	1
6	31287454	RS9265113	RS7748141	PRUNED_DISTANCE_FALLBACK	DISTANCE_FALLBACK		NA	5653	1.327E-9	24	
7	1948110	RS10232234	RS12154473	PRUNED_LD	LD		MULTI	5654	1.327E-9	51	0.55
17	43896032	RS62057107	RS62057151	PRUNED_LD	LD		MULTI	5655	1.328E-9	96	1
6	26817762	RS12189867	RS13215879	PRUNED_DISTANCE_FALLBACK	DISTANCE_FALLBACK		NA	5656	1.328E-9	22	
6	32445658	RS9269148	RS431204	PRUNED_DISTANCE_FALLBACK	DISTANCE_FALLBACK		NA	5657	1.328E-9	14	
17	43849787	RS62055939	RS62057151	PRUNED_LD	LD		MULTI	5658	1.329E-9	96	1
17	43892788	RS55668363	RS62057151	PRUNED_LD	LD		MULTI	5659	1.329E-9	96	1
6	32443034	RS9269105	RS431204	PRUNED_DISTANCE_FALLBACK	DISTANCE_FALLBACK		NA	5660	1.33E-9	14	
6	32968487	RS28496707	6:32634952_G_T	PRUNED_DISTANCE_FALLBACK	DISTANCE_FALLBACK		NA	5661	1.33E-9	33	
8	38133612	RS1488934	RS10958683	PRUNED_LD	LD		MULTI	5662	1.33E-9	93	0.7
17	43903485	RS62057148	RS62057151	PRUNED_LD	LD		MULTI	5663	1.331E-9	96	1
6	32447120	RS9269171	RS431204	PRUNED_DISTANCE_FALLBACK	DISTANCE_FALLBACK		NA	5664	1.331E-9	14	
17	43902216	RS4335809	RS62057151	PRUNED_LD	LD		MULTI	5665	1.334E-9	96	1
17	43850519	RS76885724	RS62057151	PRUNED_LD	LD		MULTI	5666	1.336E-9	96	1
10	104824199	RS11191541	RS11191580	PRUNED_LD	LD		ASN	5667	1.338E-9	48	0.28
6	27858904	RS200971	RS66868086	PRUNED_LD	LD		EUR	5668	1.338E-9	1	0.23
17	43903546	RS62057149	RS62057151	PRUNED_LD	LD		MULTI	5669	1.34E-9	96	1
17	43927255	RS56385754	RS62057151	PRUNED_LD	LD		MULTI	5670	1.34E-9	96	1
17	43903548	RS62057150	RS62057151	PRUNED_LD	LD		MULTI	5671	1.341E-9	96	1
2	200919836	RS56285751	RS166845	PRUNED_LD	LD		MULTI	5672	1.341E-9	86	0.8
6	32710010	RS4403295	6:32634952_G_T	PRUNED_DISTANCE_FALLBACK	DISTANCE_FALLBACK		NA	5673	1.341E-9	33	
6	32443032	RS9269104	RS431204	PRUNED_DISTANCE_FALLBACK	DISTANCE_FALLBACK		NA	5674	1.343E-9	14	
1	73934725	RS11210258	RS1160682	PRUNED_LD	LD		MULTI	5675	1.344E-9	53	0.66
17	43900817	RS112137135	RS62057151	PRUNED_LD	LD		MULTI	5676	1.344E-9	96	1
1	98325796	RS10747490	RS4950119	PRUNED_LD	LD		MULTI	5677	1.346E-9	47	0.72
17	43902997	RS1396862	RS62057151	PRUNED_LD	LD		MULTI	5678	1.346E-9	96	1
17	43872228	RS55943044	RS62057151	PRUNED_LD	LD		MULTI	5679	1.347E-9	96	1
17	43849896	RS62055940	RS62057151	PRUNED_LD	LD		MULTI	5680	1.348E-9	96	1
17	43925966	RS62054817	RS62057151	PRUNED_LD	LD		MULTI	5681	1.348E-9	96	1
17	43897130	RS62057111	RS62057151	PRUNED_LD	LD		MULTI	5682	1.351E-9	96	1
6	32709990	RS4496840	6:32634952_G_T	PRUNED_DISTANCE_FALLBACK	DISTANCE_FALLBACK		NA	5683	1.355E-9	33	
1	98326447	RS4970720	RS4950119	PRUNED_LD	LD		MULTI	5684	1.36E-9	47	0.72
17	43895696	RS4566211	RS62057151	PRUNED_LD	LD		MULTI	5685	1.361E-9	96	1
17	43901238	RS62057123	RS62057151	PRUNED_LD	LD		MULTI	5686	1.363E-9	96	1
17	43902842	RS41280116	RS62057151	PRUNED_LD	LD		MULTI	5687	1.364E-9	96	1
6	26822727	RS6936897	RS13215879	PRUNED_DISTANCE_FALLBACK	DISTANCE_FALLBACK		NA	5688	1.366E-9	22	
2	200910653	RS56225698	RS166845	PRUNED_LD	LD		MULTI	5689	1.367E-9	86	0.8
5	60545970	RS6864489	RS56219078	PRUNED_LD	LD		MULTI	5690	1.37E-9	73	0.82
6	32970717	RS17214106	6:32634952_G_T	PRUNED_DISTANCE_FALLBACK	DISTANCE_FALLBACK		NA	5691	1.37E-9	33	
19	19475717	RS2905425	RS2916074	PRUNED_LD	LD		MULTI	5692	1.372E-9	102	0.78
17	43900697	RS79501144	RS62057151	PRUNED_LD	LD		MULTI	5693	1.373E-9	96	1
2	200910347	RS12619136	RS166845	PRUNED_LD	LD		MULTI	5694	1.373E-9	86	0.8
7	2056253	RS939946	RS12154473	PRUNED_LD	LD		MULTI	5695	1.373E-9	51	0.64
17	43933879	RS76563578	RS62057151	PRUNED_LD	LD		EUR	5696	1.375E-9	96	0.97
17	43904397	RS17689824	RS62057151	PRUNED_LD	LD		MULTI	5697	1.376E-9	96	1
2	200082621	RS1349507	RS1451488	PRUNED_LD	LD		MULTI	5698	1.376E-9	88	0.8
2	200915716	RS79333757	RS166845	PRUNED_LD	LD		MULTI	5699	1.376E-9	86	0.8
20	37380203	RS2254488	RS6124079	PRUNED_LD	LD		MULTI	5700	1.376E-9	89	0.45
5	60614879	RS4132385	RS56219078	PRUNED_LD	LD		EUR	5701	1.378E-9	73	0.41
17	43926149	RS62054819	RS62057151	PRUNED_LD	LD		MULTI	5702	1.379E-9	96	1
6	31945646	RS2734325	RS431204	PRUNED_DISTANCE_FALLBACK	DISTANCE_FALLBACK		NA	5703	1.381E-9	14	
17	43925605	RS17769490	RS62057151	PRUNED_LD	LD		MULTI	5704	1.382E-9	96	1
1	98345019	RS7524038	RS4950119	PRUNED_LD	LD		MULTI	5705	1.383E-9	47	0.72
5	60545515	RS6864095	RS56219078	PRUNED_LD	LD		MULTI	5706	1.383E-9	73	0.83
17	43904110	RS62057152	RS62057151	PRUNED_LD	LD		MULTI	5707	1.384E-9	96	1
17	43911898	RS16940677	RS62057151	PRUNED_LD	LD		MULTI	5708	1.385E-9	96	1
17	43849327	RS76294809	RS62057151	PRUNED_LD	LD		MULTI	5709	1.386E-9	96	0.93
17	43904528	RS62057153	RS62057151	PRUNED_LD	LD		MULTI	5710	1.388E-9	96	1
17	44297148	RS560050580	RS560050580	SELECTED_LEAD	DISTANCE_FALLBACK	NO_LD_RESPONSE		5711	1.389E-9	111	
18	53126330	RS55776938	RS1993193	PRUNED_LD	LD		EUR	5712	1.389E-9	74	0.52
17	43847741	RS56268325	RS62057151	PRUNED_LD	LD		MULTI	5713	1.391E-9	96	1
17	43847912	RS56387266	RS62057151	PRUNED_LD	LD		MULTI	5714	1.392E-9	96	1
17	43901558	RS62057144	RS62057151	PRUNED_LD	LD		MULTI	5715	1.392E-9	96	1
17	43904610	RS62057154	RS62057151	PRUNED_LD	LD		MULTI	5716	1.392E-9	96	1
17	43904673	RS62057155	RS62057151	PRUNED_LD	LD		MULTI	5717	1.394E-9	96	1
3	52912214	RS9850563	RS2245424	PRUNED_LD	LD		MULTI	5718	1.395E-9	99	0.7
17	43904948	RS62057156	RS62057151	PRUNED_LD	LD		MULTI	5719	1.396E-9	96	1
15	59231221	RS12443436	RS793571	PRUNED_LD	LD		MULTI	5720	1.397E-9	52	0.67
17	43901528	RS62057143	RS62057151	PRUNED_LD	LD		MULTI	5721	1.397E-9	96	1
20	37386119	RS2255202	RS6124079	PRUNED_LD	LD		MULTI	5722	1.397E-9	89	0.45
5	152244165	RS17488630	RS17488630	SELECTED_LEAD	LD	OK_LOCAL_CACHE		5723	1.398E-9	112	
7	1952582	RS6944877	RS12154473	PRUNED_LD	LD		MULTI	5724	1.4E-9	51	0.6
17	43848461	RS62055933	RS62057151	PRUNED_LD	LD		MULTI	5725	1.401E-9	96	1
17	43847039	RS113934115	RS62057151	PRUNED_LD	LD		MULTI	5726	1.402E-9	96	1
17	43847374	RS62055928	RS62057151	PRUNED_LD	LD		MULTI	5727	1.402E-9	96	1
17	43848181	RS34303488	RS62057151	PRUNED_LD	LD		MULTI	5728	1.402E-9	96	1
7	1950385	RS10243920	RS12154473	PRUNED_LD	LD		MULTI	5729	1.402E-9	51	0.6
17	43926056	RS62054818	RS62057151	PRUNED_LD	LD		MULTI	5730	1.404E-9	96	1
17	43908989	RS62054760	RS62057151	PRUNED_LD	LD		MULTI	5731	1.405E-9	96	1
6	27129757	RS1028308	RS13215879	PRUNED_DISTANCE_FALLBACK	DISTANCE_FALLBACK		NA	5732	1.405E-9	22	
3	52787603	RS2336545	RS13083798	PRUNED_LD	LD		MULTI	5733	1.406E-9	42	0.78
17	43853109	RS55787105	RS62057151	PRUNED_LD	LD		MULTI	5734	1.408E-9	96	1
17	43898887	RS17762882	RS62057151	PRUNED_LD	LD		MULTI	5735	1.408E-9	96	1
6	26379440	RS9467732	RS71557335	PRUNED_DISTANCE_FALLBACK	DISTANCE_FALLBACK		NA	5736	1.408E-9	29	
17	43846820	RS111374028	RS62057151	PRUNED_LD	LD		MULTI	5737	1.409E-9	96	1
17	43847868	RS56070245	RS62057151	PRUNED_LD	LD		MULTI	5738	1.409E-9	96	1
6	32443797	RS9269119	RS431204	PRUNED_DISTANCE_FALLBACK	DISTANCE_FALLBACK		NA	5739	1.411E-9	14	
17	43895602	RS2316764	RS62057151	PRUNED_LD	LD		MULTI	5740	1.413E-9	96	1
17	43896528	RS17689608	RS62057151	PRUNED_LD	LD		MULTI	5741	1.415E-9	96	1
17	43895797	RS4309444	RS62057151	PRUNED_LD	LD		MULTI	5742	1.416E-9	96	1
17	43896616	RS62057108	RS62057151	PRUNED_LD	LD		MULTI	5743	1.417E-9	96	1
17	43896637	RS62057109	RS62057151	PRUNED_LD	LD		MULTI	5744	1.418E-9	96	1
3	52785168	RS13082960	RS13083798	PRUNED_LD	LD		MULTI	5745	1.42E-9	42	0.78
17	43897480	RS78506181	RS62057151	PRUNED_LD	LD		MULTI	5746	1.421E-9	96	1
17	43896734	RS62057110	RS62057151	PRUNED_LD	LD		MULTI	5747	1.422E-9	96	1
17	43898963	RS17689653	RS62057151	PRUNED_LD	LD		MULTI	5748	1.422E-9	96	1
17	43896690	RS78074121	RS62057151	PRUNED_LD	LD		MULTI	5749	1.423E-9	96	1
17	43905313	RS62057157	RS62057151	PRUNED_LD	LD		MULTI	5750	1.423E-9	96	1
17	43925729	RS77063768	RS62057151	PRUNED_LD	LD		MULTI	5751	1.423E-9	96	1
17	43843943	RS62055894	RS62057151	PRUNED_LD	LD		MULTI	5752	1.424E-9	96	1
17	43851971	RS62055946	RS62057151	PRUNED_LD	LD		MULTI	5753	1.424E-9	96	1
17	43897449	RS62057113	RS62057151	PRUNED_LD	LD		MULTI	5754	1.427E-9	96	1
6	26823798	RS10946856	RS13215879	PRUNED_DISTANCE_FALLBACK	DISTANCE_FALLBACK		NA	5755	1.429E-9	22	
17	43848761	RS62055936	RS62057151	PRUNED_LD	LD		MULTI	5756	1.43E-9	96	1
17	43909008	RS62054761	RS62057151	PRUNED_LD	LD		MULTI	5757	1.43E-9	96	1
17	43905481	RS17763086	RS62057151	PRUNED_LD	LD		MULTI	5758	1.432E-9	96	1
17	43899417	RS62057115	RS62057151	PRUNED_LD	LD		MULTI	5759	1.433E-9	96	1
17	43850645	RS60814418	RS62057151	PRUNED_LD	LD		MULTI	5760	1.434E-9	96	1
17	43899401	RS62057114	RS62057151	PRUNED_LD	LD		MULTI	5761	1.434E-9	96	1
17	43905134	RS78872653	RS62057151	PRUNED_LD	LD		MULTI	5762	1.434E-9	96	1
5	137925635	RS13185992	RS10117	PRUNED_LD	LD		MULTI	5763	1.434E-9	105	0.92
17	43846668	RS62055903	RS62057151	PRUNED_LD	LD		MULTI	5764	1.436E-9	96	1
5	137936905	RS1811371	RS10117	PRUNED_LD	LD		MULTI	5765	1.436E-9	105	0.93
6	29754015	RS1002045	RS547591961	PRUNED_DISTANCE_FALLBACK	DISTANCE_FALLBACK		NA	5766	1.436E-9	13	
6	27121325	RS9379960	RS13215879	PRUNED_DISTANCE_FALLBACK	DISTANCE_FALLBACK		NA	5767	1.441E-9	22	
17	43895530	RS2316763	RS62057151	PRUNED_LD	LD		MULTI	5768	1.442E-9	96	1
20	37382402	RS1406856	RS6124079	PRUNED_LD	LD		MULTI	5769	1.443E-9	89	0.45
6	32970871	RS13191715	6:32634952_G_T	PRUNED_DISTANCE_FALLBACK	DISTANCE_FALLBACK		NA	5770	1.444E-9	33	
17	43894510	RS55779147	RS62057151	PRUNED_LD	LD		MULTI	5771	1.445E-9	96	1
17	43895653	RS4277389	RS62057151	PRUNED_LD	LD		MULTI	5772	1.445E-9	96	1
17	43896228	RS12150390	RS62057151	PRUNED_LD	LD		MULTI	5773	1.446E-9	96	1
19	19562332	RS10414830	RS2916074	PRUNED_LD	LD		MULTI	5774	1.446E-9	102	1
11	130813834	RS10894291	RS961491	PRUNED_LD	LD		EUR	5775	1.447E-9	44	0.31
17	43854536	RS62055957	RS62057151	PRUNED_LD	LD		MULTI	5776	1.447E-9	96	1
17	43897202	RS62057112	RS62057151	PRUNED_LD	LD		MULTI	5777	1.448E-9	96	1
17	43933579	RS62054832	RS62057151	PRUNED_LD	LD		EUR	5778	1.448E-9	96	0.98
6	31856070	RS486416	RS431204	PRUNED_DISTANCE_FALLBACK	DISTANCE_FALLBACK		NA	5779	1.448E-9	14	
17	43903106	RS62057146	RS62057151	PRUNED_LD	LD		MULTI	5780	1.45E-9	96	1
8	17076616	RS2904684	RS2904684	SELECTED_LEAD	LD	OK_LOCAL_CACHE		5781	1.452E-9	113	
17	43897246	RS78587102	RS62057151	PRUNED_LD	LD		MULTI	5782	1.454E-9	96	1
20	37457106	RS6129111	RS6124079	PRUNED_LD	LD		MULTI	5783	1.455E-9	89	0.91
17	43842462	RS55707339	RS62057151	PRUNED_LD	LD		MULTI	5784	1.458E-9	96	1
7	1949507	RS34967784	RS12154473	PRUNED_LD	LD		MULTI	5785	1.458E-9	51	0.59
17	43894159	RS28364023	RS62057151	PRUNED_LD	LD		MULTI	5786	1.459E-9	96	1
6	31330618	RS2523562	RS7748141	PRUNED_DISTANCE_FALLBACK	DISTANCE_FALLBACK		NA	5787	1.459E-9	24	
17	43899657	RS62057117	RS62057151	PRUNED_LD	LD		MULTI	5788	1.46E-9	96	1
17	43894609	RS56099546	RS62057151	PRUNED_LD	LD		MULTI	5789	1.465E-9	96	1
17	43895501	RS4564621	RS62057151	PRUNED_LD	LD		MULTI	5790	1.465E-9	96	1
17	43894547	RS56357543	RS62057151	PRUNED_LD	LD		MULTI	5791	1.466E-9	96	1
17	43895008	RS739644	RS62057151	PRUNED_LD	LD		MULTI	5792	1.466E-9	96	1
19	19491973	RS2965180	RS2916074	PRUNED_LD	LD		MULTI	5793	1.466E-9	102	0.9
17	43899655	RS62057116	RS62057151	PRUNED_LD	LD		MULTI	5794	1.468E-9	96	1
11	130729430	RS4601795	RS961491	PRUNED_LD	LD		EUR	5795	1.47E-9	44	0.26
7	1950292	RS10227517	RS12154473	PRUNED_LD	LD		MULTI	5796	1.47E-9	51	0.59
17	43895751	RS4566212	RS62057151	PRUNED_LD	LD		MULTI	5797	1.471E-9	96	1
17	43958079	RS56040418	RS62057151	PRUNED_LD	LD		MULTI	5798	1.471E-9	96	1
2	200905136	RS203762	RS166845	PRUNED_LD	LD		MULTI	5799	1.471E-9	86	0.8
10	104602215	RS12265066	RS12219247	PRUNED_LD	LD		MULTI	5800	1.472E-9	54	0.7
17	43894990	RS739645	RS62057151	PRUNED_LD	LD		MULTI	5801	1.473E-9	96	1
17	43899611	RS78917479	RS62057151	PRUNED_LD	LD		MULTI	5802	1.473E-9	96	1
17	43912159	RS16940681	RS62057151	PRUNED_LD	LD		MULTI	5803	1.474E-9	96	1
2	200923081	RS11679658	RS166845	PRUNED_LD	LD		MULTI	5804	1.474E-9	86	0.8
6	26376868	RS9393716	RS41266839	PRUNED_LD	LD		EUR	5805	1.474E-9	3	0.32
17	43892973	RS17689471	RS62057151	PRUNED_LD	LD		MULTI	5806	1.475E-9	96	1
17	43849656	RS62055938	RS62057151	PRUNED_LD	LD		MULTI	5807	1.476E-9	96	1
17	43900434	RS55638417	RS62057151	PRUNED_LD	LD		MULTI	5808	1.476E-9	96	1
17	43845041	RS62055901	RS62057151	PRUNED_LD	LD		MULTI	5809	1.478E-9	96	1
3	136027549	RS556788	RS1394094	PRUNED_LD	LD		MULTI	5810	1.478E-9	50	0.53
17	43844859	RS56109643	RS62057151	PRUNED_LD	LD		MULTI	5811	1.479E-9	96	1
17	43854340	RS62055955	RS62057151	PRUNED_LD	LD		MULTI	5812	1.479E-9	96	1
17	43903298	RS62057147	RS62057151	PRUNED_LD	LD		MULTI	5813	1.481E-9	96	1
20	37385240	RS2425367	RS6124079	PRUNED_LD	LD		MULTI	5814	1.481E-9	89	0.45
7	1950405	RS10274300	RS12154473	PRUNED_LD	LD		MULTI	5815	1.484E-9	51	0.59
19	19476365	RS2965200	RS2916074	PRUNED_LD	LD		MULTI	5816	1.49E-9	102	0.72
17	43893260	RS117646503	RS62057151	PRUNED_LD	LD		MULTI	5817	1.491E-9	96	1
5	137913882	RS409273	RS10117	PRUNED_LD	LD		MULTI	5818	1.491E-9	105	0.97
17	43852621	RS62055948	RS62057151	PRUNED_LD	LD		MULTI	5819	1.493E-9	96	1
10	104603588	RS10883785	RS12219247	PRUNED_LD	LD		MULTI	5820	1.494E-9	54	0.96
7	1954273	RS2056479	RS12154473	PRUNED_LD	LD		MULTI	5821	1.494E-9	51	0.58
14	72450618	RS10137909	RS10137909	SELECTED_LEAD	LD	OK_LOCAL_CACHE		5822	1.495E-9	114	
17	43840016	RS11079720	RS62057151	PRUNED_LD	LD		EUR	5823	1.496E-9	96	0.93
6	31355318	RS2596560	RS3094012	PRUNED_LD	LD		EUR	5824	1.496E-9	18	0.21
17	43838710	RS62055887	RS62057151	PRUNED_LD	LD		EUR	5825	1.499E-9	96	0.92
17	43899161	RS17762912	RS62057151	PRUNED_LD	LD		MULTI	5826	1.499E-9	96	1
5	60621839	RS4700418	RS56219078	PRUNED_LD	LD		EUR	5827	1.499E-9	73	0.39
17	43838678	RS62055886	RS62057151	PRUNED_LD	LD		EUR	5828	1.5E-9	96	0.92
3	52899284	RS4687679	RS13083798	PRUNED_LD	LD		MULTI	5829	1.5E-9	42	0.33
17	43844044	RS62055895	RS62057151	PRUNED_LD	LD		MULTI	5830	1.503E-9	96	1
17	43841729	RS11079723	RS62057151	PRUNED_LD	LD		MULTI	5831	1.504E-9	96	1
17	43906726	RS17425752	RS62057151	PRUNED_LD	LD		MULTI	5832	1.504E-9	96	1
7	2151398	RS1558465	RS12154473	PRUNED_LD	LD		EUR	5833	1.504E-9	51	0.53
17	43844201	RS62055896	RS62057151	PRUNED_LD	LD		MULTI	5834	1.505E-9	96	1
17	43926992	RS56269136	RS62057151	PRUNED_LD	LD		MULTI	5835	1.505E-9	96	1
18	53103368	RS72928904	RS1993193	PRUNED_LD	LD		EUR	5836	1.505E-9	74	0.57
17	43844486	RS55725840	RS62057151	PRUNED_LD	LD		MULTI	5837	1.506E-9	96	1
17	43832940	RS62055876	RS62057151	PRUNED_LD	LD		EUR	5838	1.508E-9	96	0.88
17	43893403	RS17762769	RS62057151	PRUNED_LD	LD		MULTI	5839	1.511E-9	96	1
7	1950113	RS10230383	RS12154473	PRUNED_LD	LD		MULTI	5840	1.511E-9	51	0.59
6	32966702	RS35520555	6:32634952_G_T	PRUNED_DISTANCE_FALLBACK	DISTANCE_FALLBACK		NA	5841	1.512E-9	33	
20	37381455	RS2757518	RS6124079	PRUNED_LD	LD		MULTI	5842	1.514E-9	89	0.45
20	37387985	RS2244193	RS6124079	PRUNED_LD	LD		MULTI	5843	1.515E-9	89	0.45
6	31740454	RS805825	RS431204	PRUNED_DISTANCE_FALLBACK	DISTANCE_FALLBACK		NA	5844	1.515E-9	14	
15	59151916	RS677933	RS793571	PRUNED_LD	LD		MULTI	5845	1.517E-9	52	0.82
20	37386377	RS2255213	RS6124079	PRUNED_LD	LD		MULTI	5846	1.517E-9	89	0.45
6	31183509	RS3132502	RS1793894	PRUNED_LD	LD		EUR	5847	1.52E-9	17	0.24
15	59210935	RS11071401	RS793571	PRUNED_LD	LD		MULTI	5848	1.521E-9	52	0.72
17	43926755	RS62054820	RS62057151	PRUNED_LD	LD		MULTI	5849	1.523E-9	96	1
2	200077931	RS28853425	RS1451488	PRUNED_LD	LD		MULTI	5850	1.526E-9	88	0.81
17	43842494	RS62055893	RS62057151	PRUNED_LD	LD		MULTI	5851	1.527E-9	96	1
10	104595719	RS3781286	RS12219247	PRUNED_LD	LD		MULTI	5852	1.529E-9	54	0.94
17	43908826	RS55865707	RS62057151	PRUNED_LD	LD		MULTI	5853	1.529E-9	96	1
2	185640728	RS10196799	RS11693094	PRUNED_LD	LD		MULTI	5854	1.529E-9	107	0.92
17	43908773	RS55763795	RS62057151	PRUNED_LD	LD		MULTI	5855	1.531E-9	96	1
17	43899727	RS62057118	RS62057151	PRUNED_LD	LD		MULTI	5856	1.534E-9	96	1
17	43852605	RS62055947	RS62057151	PRUNED_LD	LD		MULTI	5857	1.535E-9	96	1
17	43854449	RS62055956	RS62057151	PRUNED_LD	LD		MULTI	5858	1.535E-9	96	1
17	43894102	RS28364025	RS62057151	PRUNED_LD	LD		MULTI	5859	1.535E-9	96	1
10	104913870	RS7067970	RS11191580	PRUNED_LD	LD		ASN	5860	1.538E-9	48	0.26
17	43911443	RS1876829	RS62057151	PRUNED_LD	LD		MULTI	5861	1.538E-9	96	1
2	58299326	RS10188070	RS1356545	PRUNED_LD	LD		MULTI	5862	1.538E-9	39	0.6
20	37383841	RS2757521	RS6124079	PRUNED_LD	LD		MULTI	5863	1.54E-9	89	0.43
6	26828913	RS2893884	RS13215879	PRUNED_DISTANCE_FALLBACK	DISTANCE_FALLBACK		NA	5864	1.54E-9	22	
17	43907143	RS62057158	RS62057151	PRUNED_LD	LD		MULTI	5865	1.541E-9	96	1
17	43907896	RS16940665	RS62057151	PRUNED_LD	LD		MULTI	5866	1.542E-9	96	1
17	43907745	RS1876831	RS62057151	PRUNED_LD	LD		MULTI	5867	1.543E-9	96	1
17	43911525	RS1876828	RS62057151	PRUNED_LD	LD		MULTI	5868	1.544E-9	96	1
17	43910262	RS62054763	RS62057151	PRUNED_LD	LD		MULTI	5869	1.545E-9	96	1
6	27142614	RS858964	RS13215879	PRUNED_DISTANCE_FALLBACK	DISTANCE_FALLBACK		NA	5870	1.548E-9	22	
17	43926948	RS56113217	RS62057151	PRUNED_LD	LD		MULTI	5871	1.553E-9	96	1
6	31894626	RS3020644	RS431204	PRUNED_DISTANCE_FALLBACK	DISTANCE_FALLBACK		NA	5872	1.553E-9	14	
6	27847517	RS510987	RS66868086	PRUNED_LD	LD		EUR	5873	1.554E-9	1	0.24
17	43899786	RS17762954	RS62057151	PRUNED_LD	LD		MULTI	5874	1.555E-9	96	1
17	43911832	RS1876827	RS62057151	PRUNED_LD	LD		MULTI	5875	1.555E-9	96	1
5	60624958	RS11954859	RS56219078	PRUNED_LD	LD		EUR	5876	1.556E-9	73	0.39
6	32709964	RS4394270	6:32634952_G_T	PRUNED_DISTANCE_FALLBACK	DISTANCE_FALLBACK		NA	5877	1.556E-9	33	
17	43911352	RS1876830	RS62057151	PRUNED_LD	LD		MULTI	5878	1.557E-9	96	1
8	38153571	RS55703821	RS10958683	PRUNED_LD	LD		MULTI	5879	1.558E-9	93	0.72
17	43907966	RS16940668	RS62057151	PRUNED_LD	LD		MULTI	5880	1.559E-9	96	1
17	43899736	RS62057119	RS62057151	PRUNED_LD	LD		MULTI	5881	1.561E-9	96	1
1	98342067	RS4970721	RS4950119	PRUNED_LD	LD		MULTI	5882	1.562E-9	47	0.72
17	43911424	RS41457044	RS62057151	PRUNED_LD	LD		MULTI	5883	1.562E-9	96	1
17	43931626	RS17690987	RS62057151	PRUNED_LD	LD		MULTI	5884	1.562E-9	96	1
17	43841571	RS56369036	RS62057151	PRUNED_LD	LD		MULTI	5885	1.565E-9	96	1
17	43911036	RS16940676	RS62057151	PRUNED_LD	LD		MULTI	5886	1.566E-9	96	1
7	137045186	RS192936	RS10954580	PRUNED_LD	LD		MULTI	5887	1.566E-9	38	0.4
3	52758942	RS11714088	RS13083798	PRUNED_LD	LD		MULTI	5888	1.567E-9	42	0.8
17	43910507	RS16940674	RS62057151	PRUNED_LD	LD		MULTI	5889	1.569E-9	96	1
6	32696666	RS9276084	6:32634952_G_T	PRUNED_DISTANCE_FALLBACK	DISTANCE_FALLBACK		NA	5890	1.57E-9	33	
17	43910088	RS17689918	RS62057151	PRUNED_LD	LD		MULTI	5891	1.571E-9	96	1
15	59156140	RS694918	RS793571	PRUNED_LD	LD		MULTI	5892	1.572E-9	52	0.75
14	72450699	RS10138176	RS10137909	PRUNED_LD	LD		MULTI	5893	1.578E-9	114	1
20	37379357	RS2425366	RS6124079	PRUNED_LD	LD		MULTI	5894	1.578E-9	89	0.45
3	52759169	RS34610878	RS13083798	PRUNED_LD	LD		MULTI	5895	1.579E-9	42	0.81
5	152235215	RS72802868	RS17488630	PRUNED_LD	LD		MULTI	5896	1.58E-9	112	1
17	43912282	RS28364021	RS62057151	PRUNED_LD	LD		MULTI	5897	1.581E-9	96	1
7	137045777	RS161345	RS10954580	PRUNED_LD	LD		MULTI	5898	1.582E-9	38	0.4
2	200121161	RS260755	RS1451488	PRUNED_LD	LD		MULTI	5899	1.586E-9	88	0.72
2	233788869	RS1083519	RS1083519	SELECTED_LEAD	LD	OK_LOCAL_CACHE		5900	1.587E-9	115	
10	104819770	RS11191539	RS11191580	PRUNED_LD	LD		ASN	5901	1.596E-9	48	0.28
3	52864584	RS2071042	RS13083798	PRUNED_LD	LD		MULTI	5902	1.597E-9	42	0.43
17	43840864	RS77849344	RS62057151	PRUNED_LD	LD		MULTI	5903	1.599E-9	96	1
10	104609365	RS7092690	RS12219247	PRUNED_LD	LD		MULTI	5904	1.6E-9	54	0.97
17	43931245	RS56329743	RS62057151	PRUNED_LD	LD		MULTI	5905	1.6E-9	96	1
2	58073897	RS2176931	RS1356545	PRUNED_LD	LD		MULTI	5906	1.601E-9	39	0.65
2	200100125	RS57772917	RS1451488	PRUNED_LD	LD		MULTI	5907	1.601E-9	88	0.76
2	233753340	RS2675956	RS2293780	PRUNED_LD	LD		MULTI	5908	1.601E-9	43	0.39
3	52782839	RS62255396	RS13083798	PRUNED_LD	LD		MULTI	5909	1.603E-9	42	0.78
10	104609466	RS7096183	RS12219247	PRUNED_LD	LD		MULTI	5910	1.604E-9	54	0.97
10	104814162	RS2275271	RS11191580	PRUNED_LD	LD		ASN	5911	1.604E-9	48	0.28
17	43930798	RS2316769	RS62057151	PRUNED_LD	LD		MULTI	5912	1.604E-9	96	1
15	61862802	RS8042151	RS35351411	PRUNED_LD	LD		MULTI	5913	1.607E-9	90	0.92
10	104393506	RS12573474	RS10786701	PRUNED_LD	LD		MULTI	5914	1.609E-9	91	0.74
17	43897722	RS79600142	RS62057151	PRUNED_LD	LD		MULTI	5915	1.609E-9	96	1
7	1979750	RS10950456	RS12154473	PRUNED_LD	LD		MULTI	5916	1.609E-9	51	0.79
17	43931244	RS56026128	RS62057151	PRUNED_LD	LD		MULTI	5917	1.61E-9	96	1
17	43898459	RS111739681	RS62057151	PRUNED_LD	LD		MULTI	5918	1.611E-9	96	1
22	40049592	RS8140771	RS732381	PRUNED_LD	LD		MULTI	5919	1.612E-9	79	0.91
1	98342417	RS10747492	RS4950119	PRUNED_LD	LD		MULTI	5920	1.614E-9	47	0.72
20	37379629	RS2254377	RS6124079	PRUNED_LD	LD		MULTI	5921	1.614E-9	89	0.45
18	77633629	RS56181785	RS55858161	PRUNED_LD	LD		MULTI	5922	1.615E-9	87	0.92
2	200902411	RS203767	RS166845	PRUNED_LD	LD		MULTI	5923	1.615E-9	86	0.8
3	52874446	RS6769789	RS13083798	PRUNED_LD	LD		MULTI	5924	1.616E-9	42	0.39
6	29622220	RS1233367	RS3131856	PRUNED_LD	LD		EUR	5925	1.618E-9	12	0.2
20	37440918	RS6071578	RS6124079	PRUNED_LD	LD		MULTI	5926	1.62E-9	89	0.98
17	43838482	RS12150621	RS62057151	PRUNED_LD	LD		EUR	5927	1.625E-9	96	0.92
17	43932277	RS113856644	RS62057151	PRUNED_LD	LD		MULTI	5928	1.626E-9	96	1
5	137872116	RS462783	RS10117	PRUNED_LD	LD		MULTI	5929	1.626E-9	105	0.94
2	200002567	RS1530873	RS1451488	PRUNED_LD	LD		MULTI	5930	1.629E-9	88	0.91
17	43841912	RS11079724	RS62057151	PRUNED_LD	LD		MULTI	5931	1.63E-9	96	1
17	43932381	RS62054831	RS62057151	PRUNED_LD	LD		MULTI	5932	1.631E-9	96	1
20	37388431	RS2244281	RS6124079	PRUNED_LD	LD		MULTI	5933	1.632E-9	89	0.45
6	29610435	RS3129077	RS547591961	PRUNED_DISTANCE_FALLBACK	DISTANCE_FALLBACK		NA	5934	1.632E-9	13	
17	43845002	RS62055900	RS62057151	PRUNED_LD	LD		MULTI	5935	1.633E-9	96	1
17	43832337	RS35631660	RS62057151	PRUNED_LD	LD		EUR	5936	1.634E-9	96	0.88
17	43934016	RS111962225	RS62057151	PRUNED_LD	LD		EUR	5937	1.638E-9	96	0.97
1	98359342	RS12406713	RS4950119	PRUNED_LD	LD		MULTI	5938	1.639E-9	47	0.72
17	43834970	RS7350923	RS62057151	PRUNED_LD	LD		EUR	5939	1.643E-9	96	0.88
10	104824324	RS11191542	RS11191580	PRUNED_LD	LD		ASN	5940	1.644E-9	48	0.38
5	152247221	RS12153328	RS17488630	PRUNED_LD	LD		MULTI	5941	1.646E-9	112	1
2	200001233	RS4144848	RS1451488	PRUNED_LD	LD		MULTI	5942	1.647E-9	88	0.91
7	1953056	RS12699453	RS12154473	PRUNED_LD	LD		MULTI	5943	1.647E-9	51	0.6
3	180774428	RS1805645	RS12152501	PRUNED_LD	LD		MULTI	5944	1.648E-9	72	0.7
15	59225818	RS2279719	RS793571	PRUNED_LD	LD		MULTI	5945	1.649E-9	52	0.67
5	45457077	RS13354798	RS16902086	PRUNED_LD	LD		MULTI	5946	1.65E-9	76	0.36
7	2151633	RS1476887	RS12154473	PRUNED_LD	LD		EUR	5947	1.65E-9	51	0.53
20	37376984	RS2748662	RS6124079	PRUNED_LD	LD		MULTI	5948	1.653E-9	89	0.45
6	27132529	RS9393791	RS13215879	PRUNED_DISTANCE_FALLBACK	DISTANCE_FALLBACK		NA	5949	1.653E-9	22	
6	31883957	RS644045	RS431204	PRUNED_DISTANCE_FALLBACK	DISTANCE_FALLBACK		NA	5950	1.653E-9	14	
10	104816947	RS7908280	RS11191580	PRUNED_LD	LD		ASN	5951	1.654E-9	48	0.28
6	32662974	RS9275282	6:32634952_G_T	PRUNED_DISTANCE_FALLBACK	DISTANCE_FALLBACK		NA	5952	1.654E-9	33	
10	104596396	RS10786712	RS12219247	PRUNED_LD	LD		MULTI	5953	1.655E-9	54	0.94
17	43838071	RS28439278	RS62057151	PRUNED_LD	LD		EUR	5954	1.656E-9	96	0.92
17	43832367	RS17426195	RS62057151	PRUNED_LD	LD		EUR	5955	1.657E-9	96	0.88
20	37379564	RS2254369	RS6124079	PRUNED_LD	LD		MULTI	5956	1.657E-9	89	0.45
20	37383640	RS2748663	RS6124079	PRUNED_LD	LD		MULTI	5957	1.657E-9	89	0.46
5	152249082	RS72802887	RS17488630	PRUNED_LD	LD		MULTI	5958	1.658E-9	112	1
20	37376808	RS2748661	RS6124079	PRUNED_LD	LD		MULTI	5959	1.66E-9	89	0.45
6	29610281	RS3131855	RS547591961	PRUNED_DISTANCE_FALLBACK	DISTANCE_FALLBACK		NA	5960	1.66E-9	13	
6	31177094	RS3130953	RS1793894	PRUNED_LD	LD		EUR	5961	1.66E-9	17	0.25
17	43910183	RS17763199	RS62057151	PRUNED_LD	LD		MULTI	5962	1.662E-9	96	1
17	43931122	RS2873269	RS62057151	PRUNED_LD	LD		MULTI	5963	1.662E-9	96	1
17	43931380	RS56288604	RS62057151	PRUNED_LD	LD		MULTI	5964	1.662E-9	96	1
17	43838014	RS62055885	RS62057151	PRUNED_LD	LD		EUR	5965	1.664E-9	96	0.92
6	29189531	RS3130807	RS9257566	PRUNED_LD	LD		EUR	5966	1.664E-9	8	0.21
10	104605892	RS4919689	RS12219247	PRUNED_LD	LD		MULTI	5967	1.666E-9	54	0.97
6	31885930	RS3128759	RS431204	PRUNED_DISTANCE_FALLBACK	DISTANCE_FALLBACK		NA	5968	1.666E-9	14	
2	200114739	RS260746	RS1451488	PRUNED_LD	LD		MULTI	5969	1.668E-9	88	0.76
17	43906828	RS17689882	RS62057151	PRUNED_LD	LD		MULTI	5970	1.669E-9	96	1
17	43912454	RS2316765	RS62057151	PRUNED_LD	LD		MULTI	5971	1.671E-9	96	1
2	233788997	RS1083517	RS1083519	PRUNED_LD	LD		MULTI	5972	1.671E-9	115	0.97
2	233788889	RS1083518	RS1083519	PRUNED_LD	LD		MULTI	5973	1.677E-9	115	0.99
7	137040948	RS320686	RS10954580	PRUNED_LD	LD		MULTI	5974	1.678E-9	38	0.39
6	31176948	RS3130511	RS1793894	PRUNED_LD	LD		EUR	5975	1.679E-9	17	0.25
17	43832864	RS62055875	RS62057151	PRUNED_LD	LD		EUR	5976	1.681E-9	96	0.88
10	104597152	RS743572	RS12219247	PRUNED_LD	LD		MULTI	5977	1.683E-9	54	0.94
17	43912490	RS878886	RS62057151	PRUNED_LD	LD		MULTI	5978	1.683E-9	96	1
6	31187075	RS3130467	RS1793894	PRUNED_LD	LD		EUR	5979	1.683E-9	17	0.24
17	43832618	RS35282504	RS62057151	PRUNED_LD	LD		EUR	5980	1.686E-9	96	0.88
7	137041561	RS192935	RS10954580	PRUNED_LD	LD		MULTI	5981	1.686E-9	38	0.39
17	43836051	RS76669427	RS62057151	PRUNED_LD	LD		EUR	5982	1.688E-9	96	0.86
6	28583392	RS116591906	RS67981811	PRUNED_LD	LD		EUR	5983	1.688E-9	2	0.46
17	43831112	RS62055871	RS62057151	PRUNED_LD	LD		EUR	5984	1.692E-9	96	0.88
17	43835351	RS11079717	RS62057151	PRUNED_LD	LD		EUR	5985	1.693E-9	96	0.88
17	43934776	RS10445369	RS62057151	PRUNED_LD	LD		EUR	5986	1.693E-9	96	0.98
10	104811699	RS4917994	RS11191580	PRUNED_LD	LD		ASN	5987	1.696E-9	48	0.28
15	59190930	RS10518991	RS793571	PRUNED_LD	LD		MULTI	5988	1.697E-9	52	0.71
17	43833981	RS34579278	RS62057151	PRUNED_LD	LD		EUR	5989	1.698E-9	96	0.88
17	43836673	RS12948216	RS62057151	PRUNED_LD	LD		EUR	5990	1.698E-9	96	0.88
6	26998567	RS4358615	RS13215879	PRUNED_DISTANCE_FALLBACK	DISTANCE_FALLBACK		NA	5991	1.699E-9	22	
2	200127614	RS2084217	RS1451488	PRUNED_LD	LD		MULTI	5992	1.701E-9	88	0.7
17	43836920	RS56013908	RS62057151	PRUNED_LD	LD		EUR	5993	1.703E-9	96	0.88
6	26819808	RS10946854	RS13215879	PRUNED_DISTANCE_FALLBACK	DISTANCE_FALLBACK		NA	5994	1.705E-9	22	
17	43834074	RS34211253	RS62057151	PRUNED_LD	LD		EUR	5995	1.706E-9	96	0.88
17	43835854	RS62055878	RS62057151	PRUNED_LD	LD		EUR	5996	1.707E-9	96	0.88
17	43936011	RS55886302	RS62057151	PRUNED_LD	LD		EUR	5997	1.707E-9	96	0.98
17	43938882	RS55673092	RS62057151	PRUNED_LD	LD		EUR	5998	1.707E-9	96	0.98
17	43936298	RS56136075	RS62057151	PRUNED_LD	LD		EUR	5999	1.708E-9	96	0.96
20	37380319	RS2254492	RS6124079	PRUNED_LD	LD		MULTI	6000	1.708E-9	89	0.45
1	98336329	RS9661794	RS4950119	PRUNED_LD	LD		MULTI	6001	1.709E-9	47	0.72
17	43834314	RS34008514	RS62057151	PRUNED_LD	LD		EUR	6002	1.709E-9	96	0.88
19	19487302	RS34277109	RS2916074	PRUNED_LD	LD		MULTI	6003	1.71E-9	102	0.9
20	37377139	RS2254105	RS6124079	PRUNED_LD	LD		MULTI	6004	1.71E-9	89	0.45
17	43833921	RS34195569	RS62057151	PRUNED_LD	LD		EUR	6005	1.711E-9	96	0.88
17	43832115	RS55645418	RS62057151	PRUNED_LD	LD		EUR	6006	1.713E-9	96	0.88
17	43836191	RS74514268	RS62057151	PRUNED_LD	LD		EUR	6007	1.713E-9	96	0.88
2	233788350	RS778353	RS1083519	PRUNED_LD	LD		MULTI	6008	1.713E-9	115	0.97
17	43833824	RS36047693	RS62057151	PRUNED_LD	LD		EUR	6009	1.716E-9	96	0.88
2	233788862	RS1083520	RS1083519	PRUNED_LD	LD		MULTI	6010	1.717E-9	115	1
20	37463814	RS4812316	RS6124079	PRUNED_LD	LD		MULTI	6011	1.717E-9	89	0.88
17	43838919	RS62055889	RS62057151	PRUNED_LD	LD		EUR	6012	1.719E-9	96	0.91
6	32602269	RS9272219	6:32634952_G_T	PRUNED_DISTANCE_FALLBACK	DISTANCE_FALLBACK		NA	6013	1.719E-9	33	
17	43940021	RS79412431	RS62057151	PRUNED_LD	LD		EUR	6014	1.727E-9	96	0.9
17	43830938	RS17426174	RS62057151	PRUNED_LD	LD		EUR	6015	1.729E-9	96	0.88
17	43844977	RS62055899	RS62057151	PRUNED_LD	LD		MULTI	6016	1.729E-9	96	1
17	43830382	RS35879086	RS62057151	PRUNED_LD	LD		EUR	6017	1.73E-9	96	0.88
6	27023694	RS10946899	RS66975207	PRUNED_LD	LD		EUR	6018	1.731E-9	6	0.24
10	104599323	RS2150927	RS12219247	PRUNED_LD	LD		MULTI	6019	1.738E-9	54	0.94
10	104596924	RS6163	RS12219247	PRUNED_LD	LD		MULTI	6020	1.739E-9	54	0.94
17	43934314	RS62054834	RS62057151	PRUNED_LD	LD		EUR	6021	1.739E-9	96	0.96
17	43929992	RS62054824	RS62057151	PRUNED_LD	LD		MULTI	6022	1.741E-9	96	1
20	37475516	RS6028161	RS6124079	PRUNED_LD	LD		MULTI	6023	1.741E-9	89	0.86
17	44316449	RS62073098	RS560050580	PRUNED_DISTANCE_FALLBACK	DISTANCE_FALLBACK		NA	6024	1.743E-9	111	
7	1953521	RS6950151	RS12154473	PRUNED_LD	LD		MULTI	6025	1.743E-9	51	0.59
17	44340253	RS561504284	RS560050580	PRUNED_DISTANCE_FALLBACK	DISTANCE_FALLBACK		NA	6026	1.745E-9	111	
17	43934672	RS62054835	RS62057151	PRUNED_LD	LD		EUR	6027	1.746E-9	96	0.96
20	37424958	RS11699770	RS6124079	PRUNED_LD	LD		MULTI	6028	1.746E-9	89	0.94
10	104285086	RS10786674	RS10786701	PRUNED_LD	LD		MULTI	6029	1.747E-9	91	0.59
17	43937736	RS77489223	RS62057151	PRUNED_LD	LD		EUR	6030	1.747E-9	96	0.98
5	137862582	RS154075	RS10117	PRUNED_LD	LD		MULTI	6031	1.748E-9	105	0.93
17	43937633	RS79889833	RS62057151	PRUNED_LD	LD		EUR	6032	1.75E-9	96	0.98
17	43837446	RS62055883	RS62057151	PRUNED_LD	LD		EUR	6033	1.751E-9	96	0.88
19	19487102	RS35418933	RS2916074	PRUNED_LD	LD		MULTI	6034	1.752E-9	102	0.88
17	43837115	RS55747440	RS62057151	PRUNED_LD	LD		EUR	6035	1.753E-9	96	0.88
17	43937671	RS77625338	RS62057151	PRUNED_LD	LD		EUR	6036	1.753E-9	96	0.98
17	43837091	RS56168907	RS62057151	PRUNED_LD	LD		EUR	6037	1.754E-9	96	0.88
7	137041669	RS161340	RS10954580	PRUNED_LD	LD		MULTI	6038	1.756E-9	38	0.39
17	43933673	RS62054833	RS62057151	PRUNED_LD	LD		EUR	6039	1.757E-9	96	0.98
17	43937460	RS76627340	RS62057151	PRUNED_LD	LD		EUR	6040	1.758E-9	96	0.98
2	233788734	RS1083521	RS1083519	PRUNED_LD	LD		MULTI	6041	1.758E-9	115	0.99
17	43938107	RS55888391	RS62057151	PRUNED_LD	LD		EUR	6042	1.761E-9	96	0.98
17	43837567	RS62055884	RS62057151	PRUNED_LD	LD		EUR	6043	1.766E-9	96	0.88
10	104361711	RS3934495	RS10786701	PRUNED_LD	LD		MULTI	6044	1.768E-9	91	0.7
17	43932028	RS55942528	RS62057151	PRUNED_LD	LD		MULTI	6045	1.768E-9	96	1
17	43937162	RS62054842	RS62057151	PRUNED_LD	LD		EUR	6046	1.768E-9	96	0.98
17	43934896	RS10445335	RS62057151	PRUNED_LD	LD		EUR	6047	1.769E-9	96	0.98
17	43834482	RS12943085	RS62057151	PRUNED_LD	LD		EUR	6048	1.77E-9	96	0.88
5	152242327	RS111770575	RS17488630	PRUNED_LD	LD		MULTI	6049	1.771E-9	112	1
17	43937333	RS62054844	RS62057151	PRUNED_LD	LD		EUR	6050	1.772E-9	96	0.98
2	200000088	RS12624145	RS1451488	PRUNED_LD	LD		MULTI	6051	1.772E-9	88	0.93
6	33103580	RS111925602	6:32634952_G_T	PRUNED_DISTANCE_FALLBACK	DISTANCE_FALLBACK		NA	6052	1.773E-9	33	
12	123878262	RS28825193	RS4460848	PRUNED_LD	LD		MULTI	6053	1.774E-9	34	0.36
17	43935118	RS10445370	RS62057151	PRUNED_LD	LD		EUR	6054	1.775E-9	96	0.98
17	43937104	RS62054841	RS62057151	PRUNED_LD	LD		EUR	6055	1.775E-9	96	0.98
6	29130276	RS3129137	RS9257566	PRUNED_LD	LD		EUR	6056	1.775E-9	8	0.27
7	1953523	RS6964522	RS12154473	PRUNED_LD	LD		MULTI	6057	1.779E-9	51	0.59
1	98499843	RS1782813	RS4950119	PRUNED_LD	LD		MULTI	6058	1.782E-9	47	1
3	180903028	RS13070997	RS12152501	PRUNED_LD	LD		MULTI	6059	1.783E-9	72	0.78
17	43830685	RS62055869	RS62057151	PRUNED_LD	LD		EUR	6060	1.785E-9	96	0.88
17	43938634	RS62054846	RS62057151	PRUNED_LD	LD		EUR	6061	1.788E-9	96	0.98
6	27115786	RS6925226	RS13215879	PRUNED_DISTANCE_FALLBACK	DISTANCE_FALLBACK		NA	6062	1.789E-9	22	
17	43837782	RS79882507	RS62057151	PRUNED_LD	LD		EUR	6063	1.791E-9	96	0.88
17	43930033	RS62054825	RS62057151	PRUNED_LD	LD		MULTI	6064	1.791E-9	96	1
6	31054511	RS3130955	RS7748141	PRUNED_DISTANCE_FALLBACK	DISTANCE_FALLBACK		NA	6065	1.794E-9	24	
7	1951236	RS11772205	RS12154473	PRUNED_LD	LD		MULTI	6066	1.794E-9	51	0.59
1	30427639	RS56335113	RS4949526	PRUNED_LD	LD		MULTI	6067	1.796E-9	106	0.91
19	19572108	RS4808959	RS2916074	PRUNED_LD	LD		MULTI	6068	1.796E-9	102	0.99
17	43938796	RS55646970	RS62057151	PRUNED_LD	LD		EUR	6069	1.799E-9	96	0.98
17	43935888	RS55996632	RS62057151	PRUNED_LD	LD		EUR	6070	1.8E-9	96	0.98
17	43938499	RS76329216	RS62057151	PRUNED_LD	LD		EUR	6071	1.8E-9	96	0.98
17	43944158	RS55781174	RS62057151	PRUNED_LD	LD		EUR	6072	1.802E-9	96	0.98
19	19473030	RS2965198	RS2916074	PRUNED_LD	LD		MULTI	6073	1.802E-9	102	0.77
7	1951227	RS12699449	RS12154473	PRUNED_LD	LD		MULTI	6074	1.802E-9	51	0.59
7	137041777	RS320687	RS10954580	PRUNED_LD	LD		MULTI	6075	1.806E-9	38	0.39
7	137043484	RS320692	RS10954580	PRUNED_LD	LD		MULTI	6076	1.806E-9	38	0.4
1	98362040	RS7418577	RS4950119	PRUNED_LD	LD		MULTI	6077	1.81E-9	47	0.63
17	43939609	RS56227067	RS62057151	PRUNED_LD	LD		EUR	6078	1.81E-9	96	0.98
17	44319366	RS2668632	RS560050580	PRUNED_DISTANCE_FALLBACK	DISTANCE_FALLBACK		NA	6079	1.813E-9	111	
7	137041731	RS178612	RS10954580	PRUNED_LD	LD		MULTI	6080	1.816E-9	38	0.39
17	43939432	RS56249080	RS62057151	PRUNED_LD	LD		EUR	6081	1.817E-9	96	0.98
17	44319369	RS578109777	RS560050580	PRUNED_DISTANCE_FALLBACK	DISTANCE_FALLBACK		NA	6082	1.817E-9	111	
17	43930238	RS79589869	RS62057151	PRUNED_LD	LD		MULTI	6083	1.819E-9	96	1
17	43939255	RS56347602	RS62057151	PRUNED_LD	LD		EUR	6084	1.82E-9	96	0.98
6	27114052	RS9393790	RS13215879	PRUNED_DISTANCE_FALLBACK	DISTANCE_FALLBACK		NA	6085	1.82E-9	22	
6	31190303	RS3130517	RS1793894	PRUNED_LD	LD		EUR	6086	1.824E-9	17	0.25
12	123710835	RS1626703	RS4460848	PRUNED_LD	LD		MULTI	6087	1.827E-9	34	0.76
17	43934826	RS10445334	RS62057151	PRUNED_LD	LD		EUR	6088	1.828E-9	96	0.98
17	43830640	RS62055868	RS62057151	PRUNED_LD	LD		EUR	6089	1.832E-9	96	0.88
17	43940012	RS75210307	RS62057151	PRUNED_LD	LD		EUR	6090	1.836E-9	96	0.97
2	200075653	RS17195503	RS1451488	PRUNED_LD	LD		MULTI	6091	1.838E-9	88	0.81
17	43937184	RS62054843	RS62057151	PRUNED_LD	LD		EUR	6092	1.839E-9	96	0.98
2	233789095	RS895435	RS1083519	PRUNED_LD	LD		MULTI	6093	1.839E-9	115	0.97
17	43840681	RS62055890	RS62057151	PRUNED_LD	LD		MULTI	6094	1.84E-9	96	1
17	43939936	RS62054857	RS62057151	PRUNED_LD	LD		EUR	6095	1.841E-9	96	0.97
3	52258372	RS352139	RS2276834	PRUNED_LD	LD		MULTI	6096	1.841E-9	63	0.77
7	137032717	RS321199	RS10954580	PRUNED_LD	LD		MULTI	6097	1.843E-9	38	0.46
17	43927290	RS17769552	RS62057151	PRUNED_LD	LD		MULTI	6098	1.844E-9	96	1
2	200004974	RS4673248	RS1451488	PRUNED_LD	LD		MULTI	6099	1.845E-9	88	0.91
10	104345225	RS11191343	RS10786701	PRUNED_LD	LD		MULTI	6100	1.847E-9	91	0.68
2	200882610	RS2202922	RS166845	PRUNED_LD	LD		MULTI	6101	1.847E-9	86	0.82
1	30428943	RS2015244	RS4949526	PRUNED_LD	LD		MULTI	6102	1.85E-9	106	0.99
19	19484295	RS2905432	RS2916074	PRUNED_LD	LD		MULTI	6103	1.856E-9	102	0.81
1	98371449	RS4394694	RS4950119	PRUNED_LD	LD		MULTI	6104	1.857E-9	47	0.67
17	43924337	RS12373168	RS62057151	PRUNED_LD	LD		MULTI	6105	1.857E-9	96	1
18	77589759	RS499472	RS55858161	PRUNED_LD	LD		MULTI	6106	1.858E-9	87	0.68
17	43919105	RS2106785	RS62057151	PRUNED_LD	LD		MULTI	6107	1.86E-9	96	1
17	43837237	RS55801356	RS62057151	PRUNED_LD	LD		EUR	6108	1.861E-9	96	0.88
19	19566255	RS7256149	RS2916074	PRUNED_LD	LD		MULTI	6109	1.861E-9	102	0.98
7	137027042	RS320726	RS320682	PRUNED_LD	LD		MULTI	6110	1.862E-9	108	0.97
3	135993599	RS684195	RS1394094	PRUNED_LD	LD		MULTI	6111	1.865E-9	50	0.47
17	43924521	RS17690661	RS62057151	PRUNED_LD	LD		MULTI	6112	1.868E-9	96	1
17	43912582	RS878887	RS62057151	PRUNED_LD	LD		MULTI	6113	1.869E-9	96	1
6	26961548	RS9379950	RS13215879	PRUNED_DISTANCE_FALLBACK	DISTANCE_FALLBACK		NA	6114	1.87E-9	22	
10	104338370	RS77630251	RS10786701	PRUNED_LD	LD		MULTI	6115	1.871E-9	91	0.68
2	200884615	RS3106089	RS166845	PRUNED_LD	LD		MULTI	6116	1.871E-9	86	0.73
3	52891707	RS7620690	RS13083798	PRUNED_LD	LD		MULTI	6117	1.871E-9	42	0.38
1	98507718	RS4411173	RS4950119	PRUNED_LD	LD		MULTI	6118	1.873E-9	47	1
17	43931907	RS56146262	RS62057151	PRUNED_LD	LD		MULTI	6119	1.873E-9	96	1
6	31881731	RS685031	RS431204	PRUNED_DISTANCE_FALLBACK	DISTANCE_FALLBACK		NA	6120	1.873E-9	14	
18	77589689	RS499260	RS55858161	PRUNED_LD	LD		MULTI	6121	1.874E-9	87	0.68
3	52923251	RS9880978	RS2245424	PRUNED_LD	LD		MULTI	6122	1.874E-9	99	0.7
6	27004551	RS6930959	RS13215879	PRUNED_DISTANCE_FALLBACK	DISTANCE_FALLBACK		NA	6123	1.877E-9	22	
3	52747321	RS62255371	RS13083798	PRUNED_LD	LD		MULTI	6124	1.878E-9	42	0.85
3	52770984	RS11130325	RS13083798	PRUNED_LD	LD		MULTI	6125	1.878E-9	42	0.77
17	44318184	RS566979023	RS560050580	PRUNED_DISTANCE_FALLBACK	DISTANCE_FALLBACK		NA	6126	1.88E-9	111	
17	43825339	RS62054435	RS62057151	PRUNED_LD	LD		EUR	6127	1.881E-9	96	0.88
17	43932155	RS55751924	RS62057151	PRUNED_LD	LD		MULTI	6128	1.882E-9	96	1
19	19473445	RS2905424	RS2916074	PRUNED_LD	LD		MULTI	6129	1.882E-9	102	0.77
17	43943974	RS56036719	RS62057151	PRUNED_LD	LD		EUR	6130	1.883E-9	96	0.98
18	77589655	RS498541	RS55858161	PRUNED_LD	LD		MULTI	6131	1.887E-9	87	0.68
17	43943957	RS56327054	RS62057151	PRUNED_LD	LD		EUR	6132	1.889E-9	96	0.98
10	104317785	RS11191337	RS10786701	PRUNED_LD	LD		MULTI	6133	1.891E-9	91	0.64
17	43913315	RS56127111	RS62057151	PRUNED_LD	LD		MULTI	6134	1.891E-9	96	1
17	43914809	RS62054804	RS62057151	PRUNED_LD	LD		MULTI	6135	1.891E-9	96	1
17	43941350	RS62055461	RS62057151	PRUNED_LD	LD		EUR	6136	1.891E-9	96	0.98
17	43940188	RS62054858	RS62057151	PRUNED_LD	LD		EUR	6137	1.892E-9	96	0.98
17	43940685	RS62054859	RS62057151	PRUNED_LD	LD		EUR	6138	1.892E-9	96	0.98
17	43940825	RS62055460	RS62057151	PRUNED_LD	LD		EUR	6139	1.893E-9	96	0.98
17	43924803	RS17690679	RS62057151	PRUNED_LD	LD		MULTI	6140	1.895E-9	96	1
17	43941858	RS62055464	RS62057151	PRUNED_LD	LD		EUR	6141	1.897E-9	96	0.98
3	52891570	RS7630552	RS13083798	PRUNED_LD	LD		MULTI	6142	1.897E-9	42	0.38
2	200125479	RS7561479	RS1451488	PRUNED_LD	LD		MULTI	6143	1.898E-9	88	0.7
17	43912723	RS4525537	RS62057151	PRUNED_LD	LD		MULTI	6144	1.899E-9	96	1
3	52666650	RS4687548	RS13083798	PRUNED_LD	LD		MULTI	6145	1.901E-9	42	0.91
6	26967224	RS9357028	RS13215879	PRUNED_DISTANCE_FALLBACK	DISTANCE_FALLBACK		NA	6146	1.901E-9	22	
17	43848968	RS62055937	RS62057151	PRUNED_LD	LD		MULTI	6147	1.905E-9	96	1
17	43924776	RS55943825	RS62057151	PRUNED_LD	LD		MULTI	6148	1.906E-9	96	1
17	43934948	RS10445336	RS62057151	PRUNED_LD	LD		EUR	6149	1.906E-9	96	0.98
17	43941710	RS75690239	RS62057151	PRUNED_LD	LD		EUR	6150	1.906E-9	96	0.98
17	43941476	RS62055462	RS62057151	PRUNED_LD	LD		EUR	6151	1.908E-9	96	0.98
17	43941608	RS77652965	RS62057151	PRUNED_LD	LD		EUR	6152	1.908E-9	96	0.98
17	43942046	RS62055465	RS62057151	PRUNED_LD	LD		EUR	6153	1.908E-9	96	0.98
19	19567248	RS4808957	RS2916074	PRUNED_LD	LD		MULTI	6154	1.908E-9	102	0.99
2	233793211	RS73102769	RS1083519	PRUNED_LD	LD		MULTI	6155	1.908E-9	115	0.94
20	37472478	RS34431148	RS6124079	PRUNED_LD	LD		MULTI	6156	1.908E-9	89	0.86
17	43942656	RS62055466	RS62057151	PRUNED_LD	LD		EUR	6157	1.909E-9	96	0.98
17	43942820	RS62055467	RS62057151	PRUNED_LD	LD		EUR	6158	1.909E-9	96	0.98
17	43940020	RS74944644	RS62057151	PRUNED_LD	LD		EUR	6159	1.91E-9	96	0.9
6	32439121	RS9269055	RS431204	PRUNED_DISTANCE_FALLBACK	DISTANCE_FALLBACK		NA	6160	1.91E-9	14	
17	43939638	RS55719714	RS62057151	PRUNED_LD	LD		EUR	6161	1.911E-9	96	0.98
17	43941491	RS62055463	RS62057151	PRUNED_LD	LD		EUR	6162	1.911E-9	96	0.98
5	152242554	RS113635099	RS17488630	PRUNED_LD	LD		EUR	6163	1.911E-9	112	0.99
6	31875712	RS586346	RS431204	PRUNED_DISTANCE_FALLBACK	DISTANCE_FALLBACK		NA	6164	1.912E-9	14	
3	52666866	RS13069481	RS13083798	PRUNED_LD	LD		MULTI	6165	1.913E-9	42	0.91
3	52876389	RS11719137	RS13083798	PRUNED_LD	LD		MULTI	6166	1.913E-9	42	0.4
10	104320898	RS10883737	RS10786701	PRUNED_LD	LD		MULTI	6167	1.914E-9	91	0.64
10	104812897	RS10883824	RS11191580	PRUNED_LD	LD		ASN	6168	1.914E-9	48	0.4
17	43912635	RS878888	RS62057151	PRUNED_LD	LD		MULTI	6169	1.915E-9	96	1
17	44313757	RS552419936	RS560050580	PRUNED_DISTANCE_FALLBACK	DISTANCE_FALLBACK		NA	6170	1.915E-9	111	
20	37424257	RS6071514	RS6124079	PRUNED_LD	LD		MULTI	6171	1.915E-9	89	0.94
6	29225795	RS3117330	RS539591970	PRUNED_DISTANCE_FALLBACK	DISTANCE_FALLBACK		NA	6172	1.916E-9	11	
10	104794947	RS10786733	RS11191580	PRUNED_LD	LD		ASN	6173	1.917E-9	48	0.39
6	26985026	RS9357030	RS13215879	PRUNED_DISTANCE_FALLBACK	DISTANCE_FALLBACK		NA	6174	1.918E-9	22	
6	33151880	RS41317102	RS41317102	SELECTED_LEAD	LD	OK_MIXED		6175	1.918E-9	116	
5	152242673	RS72802882	RS17488630	PRUNED_LD	LD		EUR	6176	1.919E-9	112	1
6	26975581	RS10456350	RS13215879	PRUNED_DISTANCE_FALLBACK	DISTANCE_FALLBACK		NA	6177	1.919E-9	22	
3	52770277	RS11130323	RS13083798	PRUNED_LD	LD		MULTI	6178	1.923E-9	42	0.78
3	52866535	RS7652667	RS13083798	PRUNED_LD	LD		MULTI	6179	1.923E-9	42	0.43
3	52883070	RS11715347	RS13083798	PRUNED_LD	LD		MULTI	6180	1.923E-9	42	0.39
17	44316076	RS55653937	RS560050580	PRUNED_DISTANCE_FALLBACK	DISTANCE_FALLBACK		NA	6181	1.924E-9	111	
17	43825912	RS17334797	RS62057151	PRUNED_LD	LD		EUR	6182	1.925E-9	96	0.88
2	58399905	RS1100190	RS7596038	PRUNED_LD	LD		MULTI	6183	1.925E-9	56	0.62
17	43912830	RS4482334	RS62057151	PRUNED_LD	LD		MULTI	6184	1.926E-9	96	1
17	43825725	RS62054439	RS62057151	PRUNED_LD	LD		EUR	6185	1.927E-9	96	0.88
3	136004925	RS1153877	RS1394094	PRUNED_LD	LD		MULTI	6186	1.928E-9	50	0.49
3	52698560	RS12488527	RS13083798	PRUNED_LD	LD		MULTI	6187	1.929E-9	42	0.86
10	104941589	RS10883842	RS11191580	PRUNED_LD	LD		ASN	6188	1.93E-9	48	0.29
17	43915054	RS62054805	RS62057151	PRUNED_LD	LD		MULTI	6189	1.93E-9	96	1
17	43839253	RS71375313	RS62057151	PRUNED_LD	LD		EUR	6190	1.931E-9	96	0.91
19	19568439	RS4808202	RS2916074	PRUNED_LD	LD		MULTI	6191	1.933E-9	102	1
6	26961560	RS9348742	RS13215879	PRUNED_DISTANCE_FALLBACK	DISTANCE_FALLBACK		NA	6192	1.933E-9	22	
17	43943000	RS62055468	RS62057151	PRUNED_LD	LD		EUR	6193	1.934E-9	96	0.98
20	37423863	RS6071511	RS6124079	PRUNED_LD	LD		MULTI	6194	1.934E-9	89	0.94
17	43939659	RS56299858	RS62057151	PRUNED_LD	LD		EUR	6195	1.936E-9	96	0.98
17	43955487	RS17691328	RS62057151	PRUNED_LD	LD		EUR	6196	1.937E-9	96	0.98
17	43912786	RS4640231	RS62057151	PRUNED_LD	LD		MULTI	6197	1.938E-9	96	1
5	152253548	RS55992747	RS17488630	PRUNED_LD	LD		MULTI	6198	1.938E-9	112	1
2	200929531	RS76568708	RS166845	PRUNED_LD	LD		MULTI	6199	1.939E-9	86	0.8
17	43915312	RS62054806	RS62057151	PRUNED_LD	LD		MULTI	6200	1.943E-9	96	1
17	43840899	RS74918686	RS62057151	PRUNED_LD	LD		MULTI	6201	1.944E-9	96	1
3	52878600	RS56214994	RS13083798	PRUNED_LD	LD		MULTI	6202	1.944E-9	42	0.39
17	43825711	RS62054438	RS62057151	PRUNED_LD	LD		EUR	6203	1.945E-9	96	0.88
17	43916932	RS78328427	RS62057151	PRUNED_LD	LD		MULTI	6204	1.947E-9	96	1
17	43917086	RS77692262	RS62057151	PRUNED_LD	LD		MULTI	6205	1.949E-9	96	1
2	200000022	RS2345457	RS1451488	PRUNED_LD	LD		MULTI	6206	1.949E-9	88	0.91
6	26967881	RS9467956	RS13215879	PRUNED_DISTANCE_FALLBACK	DISTANCE_FALLBACK		NA	6207	1.949E-9	22	
10	104704017	RS4919695	RS11191580	PRUNED_LD	LD		ASN	6208	1.951E-9	48	0.22
15	59215233	RS28641638	RS793571	PRUNED_LD	LD		MULTI	6209	1.957E-9	52	0.67
6	33144466	RS41317098	RS41317102	PRUNED_LD	LD		EUR	6210	1.957E-9	116	1
3	52711531	RS9714129	RS13083798	PRUNED_LD	LD		MULTI	6211	1.959E-9	42	0.81
17	44281452	RS555346866	RS560050580	PRUNED_DISTANCE_FALLBACK	DISTANCE_FALLBACK		NA	6212	1.961E-9	111	
7	137043253	RS320691	RS10954580	PRUNED_LD	LD		MULTI	6213	1.963E-9	38	0.4
17	43908151	RS16940671	RS62057151	PRUNED_LD	LD		MULTI	6214	1.964E-9	96	1
3	52711974	RS67539070	RS13083798	PRUNED_LD	LD		MULTI	6215	1.964E-9	42	0.85
3	52866845	RS11915546	RS13083798	PRUNED_LD	LD		MULTI	6216	1.964E-9	42	0.39
17	44338735	RS569025098	RS560050580	PRUNED_DISTANCE_FALLBACK	DISTANCE_FALLBACK		NA	6217	1.968E-9	111	
3	52862753	RS2245647	RS13083798	PRUNED_LD	LD		MULTI	6218	1.969E-9	42	0.43
6	26964601	RS9368483	RS13215879	PRUNED_DISTANCE_FALLBACK	DISTANCE_FALLBACK		NA	6219	1.969E-9	22	
5	152230416	RS72802861	RS17488630	PRUNED_LD	LD		EUR	6220	1.97E-9	112	0.99
11	130805871	RS73031129	RS961491	PRUNED_LD	LD		EUR	6221	1.971E-9	44	0.29
6	29220100	RS3117331	RS539591970	PRUNED_DISTANCE_FALLBACK	DISTANCE_FALLBACK		NA	6222	1.972E-9	11	
17	43825478	RS75715199	RS62057151	PRUNED_LD	LD		EUR	6223	1.973E-9	96	0.88
17	43943655	RS62055469	RS62057151	PRUNED_LD	LD		EUR	6224	1.973E-9	96	0.97
17	43943657	RS62055470	RS62057151	PRUNED_LD	LD		EUR	6225	1.974E-9	96	0.97
17	43908152	RS16940672	RS62057151	PRUNED_LD	LD		MULTI	6226	1.975E-9	96	1
17	43840935	RS79545140	RS62057151	PRUNED_LD	LD		MULTI	6227	1.976E-9	96	1
17	43943755	RS62055471	RS62057151	PRUNED_LD	LD		EUR	6228	1.976E-9	96	0.98
17	43940497	RS79406732	RS62057151	PRUNED_LD	LD		EUR	6229	1.977E-9	96	0.98
17	43944204	RS12150223	RS62057151	PRUNED_LD	LD		EUR	6230	1.977E-9	96	0.98
5	45401817	RS7446182	RS16902086	PRUNED_LD	LD		MULTI	6231	1.977E-9	76	0.41
2	200874443	RS1509832	RS166845	PRUNED_LD	LD		MULTI	6232	1.981E-9	86	0.82
18	53121831	RS72928936	RS1993193	PRUNED_LD	LD		EUR	6233	1.984E-9	74	0.55
3	52763163	RS34291015	RS34291015	SELECTED_LEAD	DISTANCE_FALLBACK	NO_LD_RESPONSE		6234	1.984E-9	117	
10	104702050	RS11191471	RS11191580	PRUNED_LD	LD		ASN	6235	1.986E-9	48	0.22
3	52868145	RS11918800	RS13083798	PRUNED_LD	LD		MULTI	6236	1.988E-9	42	0.39
2	233792207	RS2944590	RS1083519	PRUNED_LD	LD		MULTI	6237	1.99E-9	115	0.96
6	29748646	RS146526194	RS547591961	PRUNED_DISTANCE_FALLBACK	DISTANCE_FALLBACK		NA	6238	1.994E-9	13	
17	43914598	RS62054802	RS62057151	PRUNED_LD	LD		MULTI	6239	1.996E-9	96	1
17	43929029	RS62054823	RS62057151	PRUNED_LD	LD		MULTI	6240	1.996E-9	96	1
10	104701122	RS4917987	RS11191580	PRUNED_LD	LD		ASN	6241	1.999E-9	48	0.22
18	53108005	RS72928911	RS1993193	PRUNED_LD	LD		EUR	6242	1.999E-9	74	0.53
2	200011446	RS6733580	RS1451488	PRUNED_LD	LD		MULTI	6243	2E-9	88	0.89
17	43839951	RS11079718	RS62057151	PRUNED_LD	LD		EUR	6244	2.001E-9	96	0.89
6	27003483	RS12661756	RS13215879	PRUNED_DISTANCE_FALLBACK	DISTANCE_FALLBACK		NA	6245	2.001E-9	22	
6	30451904	RS3094694	RS3130247	PRUNED_LD	LD		EUR	6246	2.001E-9	21	0.41
3	52701502	RS62255364	RS13083798	PRUNED_LD	LD		MULTI	6247	2.002E-9	42	0.82
17	43887480	RS62057103	RS62057151	PRUNED_LD	LD		MULTI	6248	2.003E-9	96	1
6	29230683	RS3130827	RS539591970	PRUNED_DISTANCE_FALLBACK	DISTANCE_FALLBACK		NA	6249	2.004E-9	11	
17	43827209	RS17334894	RS62057151	PRUNED_LD	LD		EUR	6250	2.007E-9	96	0.88
17	43914728	RS62054803	RS62057151	PRUNED_LD	LD		MULTI	6251	2.01E-9	96	1
17	43828617	RS17334944	RS62057151	PRUNED_LD	LD		EUR	6252	2.012E-9	96	0.88
20	37477034	RS6028163	RS6124079	PRUNED_LD	LD		MULTI	6253	2.013E-9	89	0.86
17	43914554	RS10445362	RS62057151	PRUNED_LD	LD		MULTI	6254	2.014E-9	96	1
17	43827508	RS12150455	RS62057151	PRUNED_LD	LD		EUR	6255	2.015E-9	96	0.88
17	43914558	RS10445363	RS62057151	PRUNED_LD	LD		MULTI	6256	2.016E-9	96	1
17	43916509	RS10445333	RS62057151	PRUNED_LD	LD		MULTI	6257	2.019E-9	96	1
17	44205690	RS4471723	RS560050580	PRUNED_DISTANCE_FALLBACK	DISTANCE_FALLBACK		NA	6258	2.02E-9	111	
2	200870197	RS1605900	RS166845	PRUNED_LD	LD		MULTI	6259	2.02E-9	86	0.82
17	43826637	RS12150672	RS62057151	PRUNED_LD	LD		EUR	6260	2.021E-9	96	0.88
17	43932049	RS56254732	RS62057151	PRUNED_LD	LD		MULTI	6261	2.022E-9	96	1
17	43946423	RS2316772	RS62057151	PRUNED_LD	LD		EUR	6262	2.022E-9	96	0.97
3	52868610	RS11922961	RS13083798	PRUNED_LD	LD		MULTI	6263	2.022E-9	42	0.38
3	52924227	RS9810807	RS2245424	PRUNED_LD	LD		MULTI	6264	2.024E-9	99	0.7
3	52913006	RS3821873	RS2245424	PRUNED_LD	LD		MULTI	6265	2.025E-9	99	0.7
2	200112625	RS11687524	RS11687524	SELECTED_LEAD	LD	OK		6266	2.026E-9	118	
17	43826351	RS12150363	RS62057151	PRUNED_LD	LD		EUR	6267	2.027E-9	96	0.88
2	200107956	RS62178738	RS62178738	SELECTED_LEAD	DISTANCE_FALLBACK	NO_LD_RESPONSE		6268	2.027E-9	119	
2	200903189	RS188102	RS166845	PRUNED_LD	LD		MULTI	6269	2.028E-9	86	0.8
17	43917776	RS56023973	RS62057151	PRUNED_LD	LD		MULTI	6270	2.029E-9	96	1
10	104308446	RS10883735	RS10786701	PRUNED_LD	LD		MULTI	6271	2.03E-9	91	0.6
17	43918524	RS74922289	RS62057151	PRUNED_LD	LD		MULTI	6272	2.032E-9	96	1
18	53124039	RS72928943	RS1993193	PRUNED_LD	LD		EUR	6273	2.034E-9	74	0.55
18	53125474	RS72928950	RS1993193	PRUNED_LD	LD		EUR	6274	2.034E-9	74	0.55
2	233790171	RS747462	RS1083519	PRUNED_LD	LD		MULTI	6275	2.035E-9	115	0.97
6	26948195	RS4713062	RS13215879	PRUNED_DISTANCE_FALLBACK	DISTANCE_FALLBACK		NA	6276	2.035E-9	22	
2	233792109	RS2675960	RS1083519	PRUNED_LD	LD		MULTI	6277	2.037E-9	115	0.96
17	43918190	RS17763533	RS62057151	PRUNED_LD	LD		MULTI	6278	2.038E-9	96	1
17	43828698	RS17426064	RS62057151	PRUNED_LD	LD		EUR	6279	2.04E-9	96	0.88
17	43828221	RS12150604	RS62057151	PRUNED_LD	LD		EUR	6280	2.042E-9	96	0.88
17	43919884	RS17690314	RS62057151	PRUNED_LD	LD		MULTI	6281	2.042E-9	96	1
3	52710636	RS2336542	RS13083798	PRUNED_LD	LD		MULTI	6282	2.043E-9	42	0.85
17	43827391	RS62054440	RS62057151	PRUNED_LD	LD		EUR	6283	2.044E-9	96	0.88
17	43921754	RS17763634	RS62057151	PRUNED_LD	LD		MULTI	6284	2.045E-9	96	1
6	29283579	RS4713208	RS539591970	PRUNED_DISTANCE_FALLBACK	DISTANCE_FALLBACK		NA	6285	2.046E-9	11	
17	43918239	RS62054809	RS62057151	PRUNED_LD	LD		MULTI	6286	2.048E-9	96	1
5	152246607	RS72802883	RS17488630	PRUNED_LD	LD		EUR	6287	2.048E-9	112	1
3	52709259	RS12496634	RS13083798	PRUNED_LD	LD		MULTI	6288	2.049E-9	42	0.85
6	33126400	RS112763889	6:32634952_G_T	PRUNED_DISTANCE_FALLBACK	DISTANCE_FALLBACK		NA	6289	2.05E-9	33	
17	43918651	RS62054811	RS62057151	PRUNED_LD	LD		MULTI	6290	2.051E-9	96	1
3	52699741	RS62255362	RS13083798	PRUNED_LD	LD		MULTI	6291	2.051E-9	42	0.9
10	104393489	RS11191356	RS10786701	PRUNED_LD	LD		MULTI	6292	2.052E-9	91	0.7
6	30813097	RS2535333	RS1264353	PRUNED_LD	LD		EUR	6293	2.054E-9	15	0.4
6	32627812	RS9273453	6:32634952_G_T	PRUNED_DISTANCE_FALLBACK	DISTANCE_FALLBACK		NA	6294	2.054E-9	33	
17	43917818	RS17763515	RS62057151	PRUNED_LD	LD		MULTI	6295	2.056E-9	96	1
17	43919301	RS56150806	RS62057151	PRUNED_LD	LD		MULTI	6296	2.056E-9	96	1
17	43924130	RS12373139	RS62057151	PRUNED_LD	LD		MULTI	6297	2.056E-9	96	1
17	43918418	RS112583797	RS62057151	PRUNED_LD	LD		MULTI	6298	2.057E-9	96	1
2	200015428	RS921465	RS1451488	PRUNED_LD	LD		MULTI	6299	2.057E-9	88	0.87
17	43826305	RS12150658	RS62057151	PRUNED_LD	LD		EUR	6300	2.058E-9	96	0.88
3	52697082	RS11130314	RS13083798	PRUNED_LD	LD		MULTI	6301	2.059E-9	42	0.9
6	29210596	RS3117340	RS539591970	PRUNED_DISTANCE_FALLBACK	DISTANCE_FALLBACK		NA	6302	2.059E-9	11	
7	110932739	RS1541472	RS1541472	SELECTED_LEAD	LD	OK_LOCAL_CACHE		6303	2.059E-9	120	
17	43924073	RS12373123	RS62057151	PRUNED_LD	LD		MULTI	6304	2.06E-9	96	1
2	200015504	RS921464	RS1451488	PRUNED_LD	LD		MULTI	6305	2.06E-9	88	0.88
2	200072082	RS12615841	RS1451488	PRUNED_LD	LD		MULTI	6306	2.06E-9	88	0.86
3	52696798	RS34168767	RS13083798	PRUNED_LD	LD		MULTI	6307	2.06E-9	42	0.85
17	43951345	RS62055492	RS62057151	PRUNED_LD	LD		EUR	6308	2.061E-9	96	0.98
2	200126042	RS4280387	RS1451488	PRUNED_LD	LD		MULTI	6309	2.062E-9	88	0.7
3	52697163	RS11130315	RS13083798	PRUNED_LD	LD		MULTI	6310	2.062E-9	42	0.9
17	43828935	RS17426106	RS62057151	PRUNED_LD	LD		EUR	6311	2.064E-9	96	0.88
17	43824908	RS12150332	RS62057151	PRUNED_LD	LD		EUR	6312	2.065E-9	96	0.88
17	43932173	RS55660209	RS62057151	PRUNED_LD	LD		MULTI	6313	2.068E-9	96	1
7	137043312	RS161341	RS10954580	PRUNED_LD	LD		MULTI	6314	2.068E-9	38	0.4
17	43824848	RS12150683	RS62057151	PRUNED_LD	LD		EUR	6315	2.069E-9	96	0.88
2	200007302	RS3963519	RS1451488	PRUNED_LD	LD		MULTI	6316	2.07E-9	88	0.91
17	43916356	RS10445364	RS62057151	PRUNED_LD	LD		MULTI	6317	2.072E-9	96	1
2	200861161	RS6435040	RS166845	PRUNED_LD	LD		MULTI	6318	2.072E-9	86	0.83
3	52778347	RS2268026	RS13083798	PRUNED_LD	LD		MULTI	6319	2.072E-9	42	0.78
3	52692359	RS2590846	RS13083798	PRUNED_LD	LD		MULTI	6320	2.073E-9	42	0.9
6	28525301	RS9295773	RS539591970	PRUNED_DISTANCE_FALLBACK	DISTANCE_FALLBACK		NA	6321	2.074E-9	11	
17	43916773	RS17690176	RS62057151	PRUNED_LD	LD		MULTI	6322	2.076E-9	96	1
17	43920974	RS17690326	RS62057151	PRUNED_LD	LD		MULTI	6323	2.076E-9	96	1
19	19475088	RS2965199	RS2916074	PRUNED_LD	LD		MULTI	6324	2.077E-9	102	0.78
2	200809709	RS281769	RS166845	PRUNED_LD	LD		MULTI	6325	2.077E-9	86	0.98
6	27103580	RS2022272	RS13215879	PRUNED_DISTANCE_FALLBACK	DISTANCE_FALLBACK		NA	6326	2.077E-9	22	
15	61879179	RS34366144	RS35351411	PRUNED_LD	LD		MULTI	6327	2.078E-9	90	0.86
3	52682205	RS34757451	RS13083798	PRUNED_LD	LD		MULTI	6328	2.08E-9	42	0.91
17	43827431	RS12150451	RS62057151	PRUNED_LD	LD		EUR	6329	2.081E-9	96	0.88
17	43921572	RS62054814	RS62057151	PRUNED_LD	LD		MULTI	6330	2.082E-9	96	1
8	38106777	RS10113411	RS10958683	PRUNED_LD	LD		MULTI	6331	2.082E-9	93	0.65
17	43922942	RS62621252	RS62057151	PRUNED_LD	LD		MULTI	6332	2.086E-9	96	1
2	200860138	RS6743396	RS166845	PRUNED_LD	LD		MULTI	6333	2.086E-9	86	0.83
2	200903020	RS203765	RS166845	PRUNED_LD	LD		MULTI	6334	2.086E-9	86	0.8
3	52676190	RS11130313	RS13083798	PRUNED_LD	LD		MULTI	6335	2.086E-9	42	0.91
3	52682946	RS2289250	RS13083798	PRUNED_LD	LD		MULTI	6336	2.086E-9	42	0.91
17	43824382	RS62054434	RS62057151	PRUNED_LD	LD		EUR	6337	2.087E-9	96	0.78
2	200902672	RS203766	RS166845	PRUNED_LD	LD		MULTI	6338	2.087E-9	86	0.8
2	233792425	RS2592118	RS1083519	PRUNED_LD	LD		MULTI	6339	2.087E-9	115	0.88
17	43844798	RS56082319	RS62057151	PRUNED_LD	LD		MULTI	6340	2.091E-9	96	1
17	44334052	RS62073157	RS560050580	PRUNED_DISTANCE_FALLBACK	DISTANCE_FALLBACK		NA	6341	2.092E-9	111	
5	152247852	RS12153071	RS17488630	PRUNED_LD	LD		EUR	6342	2.093E-9	112	1
17	43824348	RS62054433	RS62057151	PRUNED_LD	LD		EUR	6343	2.094E-9	96	0.74
6	31240060	RS2844622	RS7748141	PRUNED_DISTANCE_FALLBACK	DISTANCE_FALLBACK		NA	6344	2.094E-9	24	
17	43937505	RS75945623	RS62057151	PRUNED_LD	LD		EUR	6345	2.096E-9	96	0.98
6	28669315	RS6939576	RS13194504	PRUNED_LD	LD		EUR	6346	2.096E-9	7	0.24
1	98346177	RS10875113	RS4950119	PRUNED_LD	LD		MULTI	6347	2.097E-9	47	0.72
17	43827471	RS12150048	RS62057151	PRUNED_LD	LD		EUR	6348	2.099E-9	96	0.87
2	200126137	RS4449074	RS1451488	PRUNED_LD	LD		MULTI	6349	2.1E-9	88	0.7
3	52675005	RS11130311	RS13083798	PRUNED_LD	LD		MULTI	6350	2.1E-9	42	0.9
2	200013936	RS1817081	RS1451488	PRUNED_LD	LD		MULTI	6351	2.101E-9	88	0.89
3	52678270	RS13085895	RS13083798	PRUNED_LD	LD		MULTI	6352	2.101E-9	42	0.91
2	200129651	RS11695125	RS1451488	PRUNED_LD	LD		MULTI	6353	2.102E-9	88	0.7
3	52686887	RS6770463	RS13083798	PRUNED_LD	LD		MULTI	6354	2.102E-9	42	0.9
3	52677960	RS7642198	RS13083798	PRUNED_LD	LD		MULTI	6355	2.105E-9	42	0.91
7	1986738	RS11765639	RS12154473	PRUNED_LD	LD		MULTI	6356	2.105E-9	51	0.77
1	98345614	RS4546957	RS4950119	PRUNED_LD	LD		MULTI	6357	2.107E-9	47	0.68
1	98345517	RS4394693	RS4950119	PRUNED_LD	LD		MULTI	6358	2.108E-9	47	0.72
3	52675279	RS13086898	RS13083798	PRUNED_LD	LD		MULTI	6359	2.108E-9	42	0.9
5	60535158	RS7712204	RS56219078	PRUNED_LD	LD		MULTI	6360	2.108E-9	73	0.84
1	98345449	RS10875112	RS4950119	PRUNED_LD	LD		MULTI	6361	2.11E-9	47	0.72
3	136007333	RS1279424	RS1394094	PRUNED_LD	LD		MULTI	6362	2.111E-9	50	0.46
17	43921210	RS17763596	RS62057151	PRUNED_LD	LD		MULTI	6363	2.113E-9	96	1
6	29284518	RS720831	RS539591970	PRUNED_DISTANCE_FALLBACK	DISTANCE_FALLBACK		NA	6364	2.113E-9	11	
17	43824201	RS111497072	RS62057151	PRUNED_LD	LD		EUR	6365	2.114E-9	96	0.88
10	104935593	RS10786740	RS11191580	PRUNED_LD	LD		ASN	6366	2.116E-9	48	0.26
3	52674542	RS13081031	RS13083798	PRUNED_LD	LD		MULTI	6367	2.117E-9	42	0.91
3	52683864	RS33967311	RS13083798	PRUNED_LD	LD		MULTI	6368	2.118E-9	42	0.91
3	52685244	RS13065019	RS13083798	PRUNED_LD	LD		MULTI	6369	2.118E-9	42	0.91
6	27220890	RS2295603	RS13215879	PRUNED_DISTANCE_FALLBACK	DISTANCE_FALLBACK		NA	6370	2.119E-9	22	
5	45406321	RS6414906	RS16902086	PRUNED_LD	LD		MULTI	6371	2.121E-9	76	0.39
17	43823889	RS62054432	RS62057151	PRUNED_LD	LD		EUR	6372	2.124E-9	96	0.88
10	104301926	RS11191323	RS10786701	PRUNED_LD	LD		MULTI	6373	2.125E-9	91	0.6
2	200863349	RS4673634	RS166845	PRUNED_LD	LD		MULTI	6374	2.127E-9	86	0.83
17	43944519	RS12150516	RS62057151	PRUNED_LD	LD		EUR	6375	2.13E-9	96	0.98
17	43945495	RS527658313	RS560050580	PRUNED_DISTANCE_FALLBACK	DISTANCE_FALLBACK		NA	6376	2.13E-9	111	
17	43823880	RS62054431	RS62057151	PRUNED_LD	LD		EUR	6377	2.131E-9	96	0.88
3	52672167	RS13068293	RS13083798	PRUNED_LD	LD		MULTI	6378	2.131E-9	42	0.91
17	43945687	RS62055477	RS62057151	PRUNED_LD	LD		EUR	6379	2.132E-9	96	0.98
17	44189855	RS79772780	RS560050580	PRUNED_DISTANCE_FALLBACK	DISTANCE_FALLBACK		NA	6380	2.132E-9	111	
2	200014017	RS2345458	RS1451488	PRUNED_LD	LD		MULTI	6381	2.133E-9	88	0.89
17	43920300	RS56233672	RS62057151	PRUNED_LD	LD		MULTI	6382	2.135E-9	96	1
3	136000743	RS570621	RS1394094	PRUNED_LD	LD		MULTI	6383	2.136E-9	50	0.49
17	43920378	RS56354807	RS62057151	PRUNED_LD	LD		MULTI	6384	2.137E-9	96	1
17	43945931	RS2316771	RS62057151	PRUNED_LD	LD		EUR	6385	2.137E-9	96	0.96
3	52678494	RS13086297	RS13083798	PRUNED_LD	LD		MULTI	6386	2.137E-9	42	0.91
3	52893426	RS7612624	RS13083798	PRUNED_LD	LD		MULTI	6387	2.138E-9	42	0.34
8	38103239	RS7006757	RS10958683	PRUNED_LD	LD		MULTI	6388	2.138E-9	93	0.69
10	104305119	RS12220810	RS10786701	PRUNED_LD	LD		MULTI	6389	2.14E-9	91	0.6
17	43945855	RS78637438	RS62057151	PRUNED_LD	LD		EUR	6390	2.141E-9	96	0.98
17	43946707	RS739643	RS62057151	PRUNED_LD	LD		EUR	6391	2.143E-9	96	0.97
8	38101099	RS16887275	RS10958683	PRUNED_LD	LD		MULTI	6392	2.147E-9	93	0.69
17	43946875	RS757055	RS62057151	PRUNED_LD	LD		EUR	6393	2.149E-9	96	0.97
2	200900866	RS203769	RS166845	PRUNED_LD	LD		MULTI	6394	2.152E-9	86	0.8
3	52701501	RS77146033	RS13083798	PRUNED_LD	LD		MULTI	6395	2.152E-9	42	0.82
7	137042622	RS320689	RS10954580	PRUNED_LD	LD		MULTI	6396	2.153E-9	38	0.4
5	152238341	RS4437425	RS17488630	PRUNED_LD	LD		EUR	6397	2.154E-9	112	1
17	43783803	RS62056909	RS62057151	PRUNED_LD	LD		EUR	6398	2.155E-9	96	0.84
8	38096299	RS6992943	RS10958683	PRUNED_LD	LD		MULTI	6399	2.155E-9	93	0.69
8	38104081	RS10105555	RS10958683	PRUNED_LD	LD		MULTI	6400	2.157E-9	93	0.69
2	233789463	RS1083515	RS1083519	PRUNED_LD	LD		MULTI	6401	2.158E-9	115	0.97
17	43945938	RS62055478	RS62057151	PRUNED_LD	LD		EUR	6402	2.159E-9	96	0.96
6	26987900	RS9379952	RS13215879	PRUNED_DISTANCE_FALLBACK	DISTANCE_FALLBACK		NA	6403	2.159E-9	22	
6	32973303	RS71565360	RS75301392	PRUNED_LD	LD		EUR	6404	2.159E-9	20	0.21
17	43946112	RS1078830	RS62057151	PRUNED_LD	LD		EUR	6405	2.162E-9	96	0.97
10	104749725	RS10883816	RS11191580	PRUNED_LD	LD		ASN	6406	2.163E-9	48	0.26
17	43913557	RS75104593	RS62057151	PRUNED_LD	LD		MULTI	6407	2.164E-9	96	1
3	52656092	RS11717043	RS13083798	PRUNED_LD	LD		MULTI	6408	2.164E-9	42	0.93
17	43946536	RS2316773	RS62057151	PRUNED_LD	LD		EUR	6409	2.168E-9	96	0.97
7	137045385	RS725838	RS10954580	PRUNED_LD	LD		MULTI	6410	2.168E-9	38	0.4
3	52790213	RS13061423	RS13083798	PRUNED_LD	LD		MULTI	6411	2.171E-9	42	0.78
5	45136050	RS6859397	RS16902086	PRUNED_LD	LD		MULTI	6412	2.171E-9	76	0.69
17	43951717	RS2055794	RS62057151	PRUNED_LD	LD		EUR	6413	2.173E-9	96	0.98
6	29759996	RS1610645	RS547591961	PRUNED_DISTANCE_FALLBACK	DISTANCE_FALLBACK		NA	6414	2.173E-9	13	
17	43960911	RS56180212	RS62057151	PRUNED_LD	LD		MULTI	6415	2.175E-9	96	1
17	43814020	RS10451283	RS62057151	PRUNED_LD	LD		EUR	6416	2.176E-9	96	0.87
3	52656340	RS4687639	RS13083798	PRUNED_LD	LD		MULTI	6417	2.177E-9	42	0.93
3	52659963	RS1561337	RS13083798	PRUNED_LD	LD		MULTI	6418	2.177E-9	42	0.93
7	137045382	RS1367593	RS10954580	PRUNED_LD	LD		MULTI	6419	2.177E-9	38	0.4
8	38101724	RS28867132	RS10958683	PRUNED_LD	LD		MULTI	6420	2.179E-9	93	0.68
17	43946838	RS739642	RS62057151	PRUNED_LD	LD		EUR	6421	2.18E-9	96	0.97
17	43838720	RS62055888	RS62057151	PRUNED_LD	LD		EUR	6422	2.181E-9	96	0.91
17	43947488	RS56398500	RS62057151	PRUNED_LD	LD		EUR	6423	2.181E-9	96	0.97
5	137939170	RS11745065	RS10117	PRUNED_LD	LD		MULTI	6424	2.181E-9	105	0.93
17	43823229	RS76171147	RS62057151	PRUNED_LD	LD		EUR	6425	2.183E-9	96	0.86
17	43920411	RS55718212	RS62057151	PRUNED_LD	LD		MULTI	6426	2.183E-9	96	1
17	43823326	RS75643244	RS62057151	PRUNED_LD	LD		EUR	6427	2.184E-9	96	0.88
7	1920826	RS10275045	RS12154473	PRUNED_LD	LD		MULTI	6428	2.184E-9	51	0.56
17	43918613	RS56971664	RS62057151	PRUNED_LD	LD		MULTI	6429	2.185E-9	96	1
3	52657002	RS13064064	RS13083798	PRUNED_LD	LD		MULTI	6430	2.187E-9	42	0.93
17	43948040	RS62055483	RS62057151	PRUNED_LD	LD		EUR	6431	2.188E-9	96	0.98
17	43948159	RS78238042	RS62057151	PRUNED_LD	LD		EUR	6432	2.188E-9	96	0.98
17	43913558	RS74998289	RS62057151	PRUNED_LD	LD		MULTI	6433	2.19E-9	96	1
17	43822398	RS2004260	RS62057151	PRUNED_LD	LD		EUR	6434	2.192E-9	96	0.88
3	52936763	RS11922975	RS2245424	PRUNED_LD	LD		MULTI	6435	2.192E-9	99	0.71
17	43947928	RS56289364	RS62057151	PRUNED_LD	LD		EUR	6436	2.193E-9	96	0.97
22	42423110	RS2301521	RS5751191	PRUNED_LD	LD		MULTI	6437	2.194E-9	69	0.72
5	60533207	RS12513581	RS56219078	PRUNED_LD	LD		MULTI	6438	2.195E-9	73	0.85
5	152241855	RS72802877	RS17488630	PRUNED_LD	LD		EUR	6439	2.197E-9	112	1
2	200124743	RS62178742	RS1451488	PRUNED_LD	LD		MULTI	6440	2.198E-9	88	0.7
6	28526419	RS414205	RS539591970	PRUNED_DISTANCE_FALLBACK	DISTANCE_FALLBACK		NA	6441	2.198E-9	11	
17	43964567	RS62055546	RS62057151	PRUNED_LD	LD		MULTI	6442	2.199E-9	96	0.97
6	26957805	RS3999248	RS13215879	PRUNED_DISTANCE_FALLBACK	DISTANCE_FALLBACK		NA	6443	2.201E-9	22	
5	152240163	RS72802874	RS17488630	PRUNED_LD	LD		EUR	6444	2.202E-9	112	1
17	43951995	RS2055795	RS62057151	PRUNED_LD	LD		EUR	6445	2.206E-9	96	0.98
2	200127707	RS2084218	RS1451488	PRUNED_LD	LD		MULTI	6446	2.207E-9	88	0.65
17	43945106	RS62055475	RS62057151	PRUNED_LD	LD		EUR	6447	2.213E-9	96	0.98
17	43950976	17:43950976_G_T	RS560050580	PRUNED_DISTANCE_FALLBACK	DISTANCE_FALLBACK		NA	6448	2.213E-9	111	
3	52675055	RS11130312	RS13083798	PRUNED_LD	LD		MULTI	6449	2.213E-9	42	0.91
17	43952191	RS2055796	RS62057151	PRUNED_LD	LD		EUR	6450	2.214E-9	96	0.98
17	43950533	RS62055490	RS62057151	PRUNED_LD	LD		EUR	6451	2.215E-9	96	0.94
18	77671830	RS4799108	RS55858161	PRUNED_LD	LD		MULTI	6452	2.215E-9	87	0.49
15	59155540	RS1092172	RS793571	PRUNED_LD	LD		MULTI	6453	2.216E-9	52	0.75
14	72442612	RS7161596	RS10137909	PRUNED_LD	LD		MULTI	6454	2.217E-9	114	0.88
15	59213026	RS28473013	RS793571	PRUNED_LD	LD		MULTI	6455	2.218E-9	52	0.71
3	52661640	RS35249778	RS13083798	PRUNED_LD	LD		MULTI	6456	2.221E-9	42	0.93
17	43950394	RS62055488	RS62057151	PRUNED_LD	LD		EUR	6457	2.222E-9	96	0.98
17	43821685	RS74464991	RS62057151	PRUNED_LD	LD		EUR	6458	2.226E-9	96	0.88
6	30829522	RS2844657	RS1264353	PRUNED_LD	LD		EUR	6459	2.226E-9	15	0.4
8	38100688	RS56365338	RS10958683	PRUNED_LD	LD		MULTI	6460	2.226E-9	93	0.69
17	43950195	RS2158072	RS62057151	PRUNED_LD	LD		EUR	6461	2.227E-9	96	0.98
3	52938092	RS7626551	RS2245424	PRUNED_LD	LD		MULTI	6462	2.227E-9	99	0.72
17	43953016	RS62055494	RS62057151	PRUNED_LD	LD		EUR	6463	2.23E-9	96	0.98
3	52659124	RS34215106	RS13083798	PRUNED_LD	LD		MULTI	6464	2.23E-9	42	0.93
17	43951120	RS62055491	RS62057151	PRUNED_LD	LD		EUR	6465	2.231E-9	96	0.98
17	43951220	RS34416056	RS62057151	PRUNED_LD	LD		EUR	6466	2.234E-9	96	0.98
2	200131695	RS7593422	RS1451488	PRUNED_LD	LD		MULTI	6467	2.234E-9	88	0.69
17	43923934	RS11079725	RS62057151	PRUNED_LD	LD		MULTI	6468	2.235E-9	96	1
17	43949892	RS2106784	RS62057151	PRUNED_LD	LD		EUR	6469	2.235E-9	96	0.98
17	43949008	RS77092481	RS560050580	PRUNED_DISTANCE_FALLBACK	DISTANCE_FALLBACK		NA	6470	2.24E-9	111	
17	43956734	RS55768605	RS62057151	PRUNED_LD	LD		EUR	6471	2.245E-9	96	0.98
3	52886240	RS2336558	RS13083798	PRUNED_LD	LD		MULTI	6472	2.245E-9	42	0.39
17	43949092	RS62055486	RS62057151	PRUNED_LD	LD		EUR	6473	2.248E-9	96	0.98
3	52908398	RS56383738	RS2245424	PRUNED_LD	LD		MULTI	6474	2.251E-9	99	0.7
6	31861815	RS1265945	RS431204	PRUNED_DISTANCE_FALLBACK	DISTANCE_FALLBACK		NA	6475	2.251E-9	14	
17	43952634	RS80348388	RS62057151	PRUNED_LD	LD		EUR	6476	2.252E-9	96	0.98
17	43956505	RS62055518	RS62057151	PRUNED_LD	LD		EUR	6477	2.252E-9	96	0.98
3	52674300	RS13060675	RS13083798	PRUNED_LD	LD		MULTI	6478	2.254E-9	42	0.91
17	43953043	RS62055495	RS62057151	PRUNED_LD	LD		EUR	6479	2.255E-9	96	0.98
17	43948733	RS55673340	RS62057151	PRUNED_LD	LD		EUR	6480	2.256E-9	96	0.98
17	43952944	RS62055493	RS62057151	PRUNED_LD	LD		EUR	6481	2.258E-9	96	0.98
17	43956778	RS55653657	RS62057151	PRUNED_LD	LD		EUR	6482	2.258E-9	96	0.98
19	19482608	RS2905430	RS2916074	PRUNED_LD	LD		MULTI	6483	2.258E-9	102	0.77
3	52642936	RS12487591	RS13083798	PRUNED_LD	LD		MULTI	6484	2.258E-9	42	0.93
6	30815035	RS2517576	RS1264353	PRUNED_LD	LD		EUR	6485	2.258E-9	15	0.4
17	43798902	RS55838058	RS62057151	PRUNED_LD	LD		EUR	6486	2.26E-9	96	0.78
7	137044709	RS320694	RS10954580	PRUNED_LD	LD		MULTI	6487	2.261E-9	38	0.4
17	43821062	RS62054427	RS62057151	PRUNED_LD	LD		EUR	6488	2.265E-9	96	0.88
2	200008807	RS16831039	RS1451488	PRUNED_LD	LD		MULTI	6489	2.265E-9	88	0.89
17	43956425	RS62055517	RS62057151	PRUNED_LD	LD		EUR	6490	2.266E-9	96	0.98
17	43960341	RS56127309	RS62057151	PRUNED_LD	LD		MULTI	6491	2.267E-9	96	1
7	137030345	RS161335	RS10954580	PRUNED_LD	LD		MULTI	6492	2.267E-9	38	0.46
11	133815792	RS11223635	RS4936215	PRUNED_LD	LD		EUR	6493	2.268E-9	36	0.21
17	43946318	RS753236	RS62057151	PRUNED_LD	LD		EUR	6494	2.268E-9	96	0.96
17	43953814	RS62055498	RS62057151	PRUNED_LD	LD		EUR	6495	2.269E-9	96	0.96
6	31837250	RS660594	RS431204	PRUNED_DISTANCE_FALLBACK	DISTANCE_FALLBACK		NA	6496	2.27E-9	14	
17	43954284	RS62055502	RS62057151	PRUNED_LD	LD		EUR	6497	2.271E-9	96	0.98
2	200867144	RS6435041	RS166845	PRUNED_LD	LD		MULTI	6498	2.271E-9	86	0.82
6	31837277	RS660550	RS431204	PRUNED_DISTANCE_FALLBACK	DISTANCE_FALLBACK		NA	6499	2.272E-9	14	
15	59158323	RS12440904	RS793571	PRUNED_LD	LD		MULTI	6500	2.273E-9	52	0.74
17	43955093	RS113414067	RS62057151	PRUNED_LD	LD		EUR	6501	2.273E-9	96	0.98
17	43955365	RS55905252	RS62057151	PRUNED_LD	LD		EUR	6502	2.273E-9	96	0.98
3	52867595	RS60332615	RS13083798	PRUNED_LD	LD		MULTI	6503	2.274E-9	42	0.4
17	43956370	RS62055515	RS62057151	PRUNED_LD	LD		EUR	6504	2.276E-9	96	0.89
17	43953307	RS62055496	RS62057151	PRUNED_LD	LD		EUR	6505	2.277E-9	96	0.98
2	233791608	RS1878289	RS1083519	PRUNED_LD	LD		MULTI	6506	2.277E-9	115	0.97
17	43956642	RS56364632	RS62057151	PRUNED_LD	LD		EUR	6507	2.278E-9	96	0.98
19	19482882	RS2905431	RS2916074	PRUNED_LD	LD		MULTI	6508	2.278E-9	102	0.9
7	1953606	RS6950330	RS12154473	PRUNED_LD	LD		MULTI	6509	2.278E-9	51	0.59
17	43953529	RS62055497	RS62057151	PRUNED_LD	LD		EUR	6510	2.279E-9	96	0.98
17	43955030	RS4441322	RS62057151	PRUNED_LD	LD		EUR	6511	2.279E-9	96	0.98
17	43956390	RS62055516	RS62057151	PRUNED_LD	LD		EUR	6512	2.28E-9	96	0.96
17	43959113	RS55975673	RS62057151	PRUNED_LD	LD		MULTI	6513	2.28E-9	96	1
17	43798903	RS56062621	RS62057151	PRUNED_LD	LD		EUR	6514	2.281E-9	96	0.78
17	43959092	RS56343551	RS62057151	PRUNED_LD	LD		MULTI	6515	2.282E-9	96	1
5	152238850	RS12654450	RS17488630	PRUNED_LD	LD		EUR	6516	2.282E-9	112	1
6	31847012	RS605203	RS431204	PRUNED_DISTANCE_FALLBACK	DISTANCE_FALLBACK		NA	6517	2.282E-9	14	
17	43954134	RS62055500	RS62057151	PRUNED_LD	LD		EUR	6518	2.283E-9	96	0.98
17	43954227	RS62055501	RS62057151	PRUNED_LD	LD		EUR	6519	2.283E-9	96	0.98
17	43825576	RS62054437	RS62057151	PRUNED_LD	LD		EUR	6520	2.285E-9	96	0.88
17	43825568	RS62054436	RS62057151	PRUNED_LD	LD		EUR	6521	2.286E-9	96	0.88
17	43822511	RS62054428	RS62057151	PRUNED_LD	LD		EUR	6522	2.289E-9	96	0.88
3	52731483	RS11130317	RS13083798	PRUNED_LD	LD		MULTI	6523	2.289E-9	42	0.85
6	29907331	RS3132690	RS547591961	PRUNED_DISTANCE_FALLBACK	DISTANCE_FALLBACK		NA	6524	2.289E-9	13	
6	32415080	RS3129891	RS431204	PRUNED_DISTANCE_FALLBACK	DISTANCE_FALLBACK		NA	6525	2.29E-9	14	
2	200806854	RS166846	RS166845	PRUNED_LD	LD		MULTI	6526	2.294E-9	86	0.79
17	43957221	RS55894109	RS62057151	PRUNED_LD	LD		EUR	6527	2.295E-9	96	0.98
17	43953991	RS62055499	RS62057151	PRUNED_LD	LD		EUR	6528	2.296E-9	96	0.98
3	52643685	RS3755806	RS13083798	PRUNED_LD	LD		MULTI	6529	2.297E-9	42	0.93
7	1921068	RS10244946	RS12154473	PRUNED_LD	LD		MULTI	6530	2.297E-9	51	0.56
6	29909797	RS3129022	RS547591961	PRUNED_DISTANCE_FALLBACK	DISTANCE_FALLBACK		NA	6531	2.298E-9	13	
17	43946223	RS753235	RS62057151	PRUNED_LD	LD		EUR	6532	2.299E-9	96	0.94
17	43923683	RS12185268	RS62057151	PRUNED_LD	LD		MULTI	6533	2.3E-9	96	1
2	233790289	RS2004202	RS1083519	PRUNED_LD	LD		MULTI	6534	2.301E-9	115	0.97
3	52629633	RS2164884	RS13083798	PRUNED_LD	LD		MULTI	6535	2.301E-9	42	0.92
12	123614813	RS2510885	RS4460848	PRUNED_LD	LD		MULTI	6536	2.302E-9	34	0.77
17	44333423	RS2532363	RS560050580	PRUNED_DISTANCE_FALLBACK	DISTANCE_FALLBACK		NA	6537	2.303E-9	111	
6	31847196	RS570263	RS431204	PRUNED_DISTANCE_FALLBACK	DISTANCE_FALLBACK		NA	6538	2.304E-9	14	
6	33138015	RS41317094	RS41317102	PRUNED_LD	LD		EUR	6539	2.307E-9	116	1
6	32605423	RS9272446	6:32634952_G_T	PRUNED_DISTANCE_FALLBACK	DISTANCE_FALLBACK		NA	6540	2.308E-9	33	
17	43957328	RS56249780	RS62057151	PRUNED_LD	LD		MULTI	6541	2.309E-9	96	1
17	43954686	RS916793	RS62057151	PRUNED_LD	LD		EUR	6542	2.311E-9	96	0.98
11	46728954	RS11038974	RS7108770	PRUNED_LD	LD		MULTI	6543	2.312E-9	65	0.8
17	43960172	RS79580365	RS62057151	PRUNED_LD	LD		MULTI	6544	2.314E-9	96	1
17	43962017	RS62055541	RS62057151	PRUNED_LD	LD		MULTI	6545	2.316E-9	96	1
3	52642487	RS3774365	RS13083798	PRUNED_LD	LD		MULTI	6546	2.316E-9	42	0.93
7	137043324	RS161342	RS10954580	PRUNED_LD	LD		MULTI	6547	2.316E-9	38	0.4
17	43820741	RS62054426	RS62057151	PRUNED_LD	LD		EUR	6548	2.32E-9	96	0.86
3	52859526	RS2240915	RS13083798	PRUNED_LD	LD		MULTI	6549	2.32E-9	42	0.42
6	30824532	RS2844659	RS1264353	PRUNED_LD	LD		EUR	6550	2.32E-9	15	0.4
17	43957269	RS56101773	RS62057151	PRUNED_LD	LD		EUR	6551	2.321E-9	96	0.98
17	43960283	RS55937610	RS62057151	PRUNED_LD	LD		MULTI	6552	2.322E-9	96	0.98
17	43960020	RS62055529	RS62057151	PRUNED_LD	LD		MULTI	6553	2.329E-9	96	1
17	43959661	RS2019816	RS62057151	PRUNED_LD	LD		MULTI	6554	2.33E-9	96	1
17	43923654	RS12185233	RS62057151	PRUNED_LD	LD		MULTI	6555	2.331E-9	96	1
17	43946642	RS2316774	RS62057151	PRUNED_LD	LD		EUR	6556	2.331E-9	96	0.97
17	43960600	RS56194412	RS62057151	PRUNED_LD	LD		MULTI	6557	2.332E-9	96	1
11	46711854	RS7926389	RS7108770	PRUNED_LD	LD		MULTI	6558	2.333E-9	65	0.84
3	52859630	RS2535633	RS13083798	PRUNED_LD	LD		MULTI	6559	2.334E-9	42	0.43
3	53175017	RS1080500	RS2245424	PRUNED_LD	LD		MULTI	6560	2.334E-9	99	0.5
17	43959918	RS2019822	RS62057151	PRUNED_LD	LD		MULTI	6561	2.336E-9	96	1
7	2022063	RS79950306	RS12154473	PRUNED_LD	LD		MULTI	6562	2.337E-9	51	0.67
18	77595228	RS623546	RS55858161	PRUNED_LD	LD		MULTI	6563	2.339E-9	87	0.79
17	43958744	RS112915466	RS62057151	PRUNED_LD	LD		MULTI	6564	2.341E-9	96	1
5	45409900	RS13162651	RS16902086	PRUNED_LD	LD		MULTI	6565	2.341E-9	76	0.39
17	43923703	RS12185235	RS62057151	PRUNED_LD	LD		MULTI	6566	2.342E-9	96	1
17	43959261	RS56387391	RS62057151	PRUNED_LD	LD		MULTI	6567	2.342E-9	96	1
3	52638482	RS10433615	RS13083798	PRUNED_LD	LD		MULTI	6568	2.345E-9	42	0.85
17	43823125	RS62054429	RS62057151	PRUNED_LD	LD		EUR	6569	2.352E-9	96	0.88
17	43961292	RS17770108	RS62057151	PRUNED_LD	LD		MULTI	6570	2.352E-9	96	1
7	137044532	RS167668	RS10954580	PRUNED_LD	LD		MULTI	6571	2.352E-9	38	0.4
2	200013580	RS1901321	RS1451488	PRUNED_LD	LD		MULTI	6572	2.356E-9	88	0.89
5	45408996	RS13175193	RS16902086	PRUNED_LD	LD		MULTI	6573	2.356E-9	76	0.39
17	43960325	RS55767267	RS62057151	PRUNED_LD	LD		MULTI	6574	2.357E-9	96	1
1	98348885	RS1801265	RS4950119	PRUNED_LD	LD		MULTI	6575	2.358E-9	47	0.72
17	43958736	RS62055525	RS62057151	PRUNED_LD	LD		MULTI	6576	2.359E-9	96	1
7	1999453	RS10950473	RS12154473	PRUNED_LD	LD		MULTI	6577	2.359E-9	51	0.73
17	43960812	RS56338487	RS62057151	PRUNED_LD	LD		MULTI	6578	2.36E-9	96	1
8	38096587	RS10103315	RS10958683	PRUNED_LD	LD		MULTI	6579	2.36E-9	93	0.67
17	43960997	RS62055538	RS62057151	PRUNED_LD	LD		MULTI	6580	2.361E-9	96	1
6	33132314	RS73408005	6:32634952_G_T	PRUNED_DISTANCE_FALLBACK	DISTANCE_FALLBACK		NA	6581	2.361E-9	33	
19	19572785	RS9917108	RS2916074	PRUNED_LD	LD		MULTI	6582	2.362E-9	102	0.98
17	43963120	RS74863825	RS62057151	PRUNED_LD	LD		MULTI	6583	2.363E-9	96	1
17	43959752	RS2006305	RS62057151	PRUNED_LD	LD		MULTI	6584	2.364E-9	96	1
6	32634613	6:32634613_C_T	6:32634952_G_T	PRUNED_DISTANCE_FALLBACK	DISTANCE_FALLBACK		NA	6585	2.364E-9	33	
2	200126019	RS4459679	RS1451488	PRUNED_LD	LD		MULTI	6586	2.367E-9	88	0.7
8	38284581	RS6984358	RS10958683	PRUNED_LD	LD		MULTI	6587	2.368E-9	93	0.8
20	37383517	RS2757520	RS6124079	PRUNED_LD	LD		MULTI	6588	2.37E-9	89	0.45
5	60502010	RS256372	RS56219078	PRUNED_LD	LD		MULTI	6589	2.37E-9	73	0.89
6	29769063	RS885937	RS547591961	PRUNED_DISTANCE_FALLBACK	DISTANCE_FALLBACK		NA	6590	2.37E-9	13	
12	123615098	RS1790119	RS4460848	PRUNED_LD	LD		MULTI	6591	2.373E-9	34	0.67
6	33132365	RS28711386	6:32634952_G_T	PRUNED_DISTANCE_FALLBACK	DISTANCE_FALLBACK		NA	6592	2.373E-9	33	
17	43960323	RS56365901	RS62057151	PRUNED_LD	LD		MULTI	6593	2.374E-9	96	1
12	123634122	RS884548	RS4460848	PRUNED_LD	LD		EUR	6594	2.375E-9	34	0.8
17	43961044	RS62055539	RS62057151	PRUNED_LD	LD		MULTI	6595	2.377E-9	96	1
3	52708075	RS6414569	RS13083798	PRUNED_LD	LD		MULTI	6596	2.377E-9	42	0.77
2	58089599	RS66985942	RS1356545	PRUNED_LD	LD		MULTI	6597	2.379E-9	39	0.67
10	104719378	RS10786729	RS11191580	PRUNED_LD	LD		ASN	6598	2.381E-9	48	0.24
17	43988205	RS2435204	RS62057151	PRUNED_LD	LD		MULTI	6599	2.381E-9	96	1
17	43991781	RS17564020	RS62057151	PRUNED_LD	LD		MULTI	6600	2.381E-9	96	1
7	137043868	RS320693	RS10954580	PRUNED_LD	LD		MULTI	6601	2.381E-9	38	0.4
18	53135314	RS72928962	RS1993193	PRUNED_LD	LD		EUR	6602	2.382E-9	74	0.57
6	32439508	RS2187823	RS431204	PRUNED_DISTANCE_FALLBACK	DISTANCE_FALLBACK		NA	6603	2.382E-9	14	
13	56928696	RS9597388	RS9597388	SELECTED_LEAD	LD	OK_LOCAL_CACHE		6604	2.385E-9	121	
7	2163237	RS3800913	RS12154473	PRUNED_LD	LD		EUR	6605	2.385E-9	51	0.55
17	43962982	RS77426526	RS62057151	PRUNED_LD	LD		MULTI	6606	2.389E-9	96	1
8	38283208	RS3779921	RS10958683	PRUNED_LD	LD		MULTI	6607	2.389E-9	93	0.85
17	43923266	RS62054815	RS62057151	PRUNED_LD	LD		MULTI	6608	2.39E-9	96	1
5	45403735	RS4133429	RS16902086	PRUNED_LD	LD		MULTI	6609	2.39E-9	76	0.39
19	19650096	RS4808208	RS2916074	PRUNED_LD	LD		MULTI	6610	2.393E-9	102	0.87
17	43963046	RS77129180	RS62057151	PRUNED_LD	LD		MULTI	6611	2.394E-9	96	1
10	104943342	RS10786743	RS11191580	PRUNED_LD	LD		ASN	6612	2.399E-9	48	0.24
8	38284011	RS2293971	RS10958683	PRUNED_LD	LD		MULTI	6613	2.4E-9	93	0.85
15	59213678	RS11630160	RS793571	PRUNED_LD	LD		MULTI	6614	2.402E-9	52	0.72
5	45427173	RS6892594	RS16902086	PRUNED_LD	LD		MULTI	6615	2.403E-9	76	0.36
17	44041562	RS112058117	RS62057151	PRUNED_LD	LD		EUR	6616	2.408E-9	96	0.49
17	43963282	RS80254317	RS62057151	PRUNED_LD	LD		MULTI	6617	2.409E-9	96	1
17	43964283	RS17691449	RS62057151	PRUNED_LD	LD		MULTI	6618	2.41E-9	96	1
17	43964899	RS62055548	RS62057151	PRUNED_LD	LD		MULTI	6619	2.41E-9	96	1
3	52869263	RS2276823	RS13083798	PRUNED_LD	LD		MULTI	6620	2.411E-9	42	0.37
5	152251201	RS4958587	RS17488630	PRUNED_LD	LD		EUR	6621	2.411E-9	112	1
6	31864304	RS659445	RS431204	PRUNED_DISTANCE_FALLBACK	DISTANCE_FALLBACK		NA	6622	2.411E-9	14	
17	43818611	RS80072429	RS62057151	PRUNED_LD	LD		EUR	6623	2.412E-9	96	0.88
10	104829102	RS1926034	RS11191580	PRUNED_LD	LD		ASN	6624	2.415E-9	48	0.28
17	43986462	RS12150527	RS62057151	PRUNED_LD	LD		MULTI	6625	2.416E-9	96	1
18	77606001	RS12966161	RS55858161	PRUNED_LD	LD		MULTI	6626	2.416E-9	87	0.79
1	98357727	RS9324374	RS4950119	PRUNED_LD	LD		MULTI	6627	2.417E-9	47	0.72
17	43953695	RS2188888	RS62057151	PRUNED_LD	LD		EUR	6628	2.417E-9	96	0.98
17	43990041	RS62056841	RS62057151	PRUNED_LD	LD		MULTI	6629	2.417E-9	96	1
3	52627660	RS12498066	RS13083798	PRUNED_LD	LD		MULTI	6630	2.42E-9	42	0.92
5	60528806	RS34627	RS56219078	PRUNED_LD	LD		MULTI	6631	2.42E-9	73	0.85
17	43819480	RS62054425	RS62057151	PRUNED_LD	LD		EUR	6632	2.421E-9	96	0.88
17	43978295	RS55691306	RS62057151	PRUNED_LD	LD		MULTI	6633	2.421E-9	96	1
17	43966260	RS62055554	RS62057151	PRUNED_LD	LD		MULTI	6634	2.425E-9	96	1
2	200016332	RS1376595	RS1451488	PRUNED_LD	LD		MULTI	6635	2.425E-9	88	0.88
5	60537401	RS6449522	RS56219078	PRUNED_LD	LD		MULTI	6636	2.425E-9	73	0.85
17	43963416	RS112425426	RS62057151	PRUNED_LD	LD		MULTI	6637	2.426E-9	96	1
17	43965687	RS62055551	RS62057151	PRUNED_LD	LD		MULTI	6638	2.426E-9	96	1
5	60539497	RS77250761	RS56219078	PRUNED_LD	LD		MULTI	6639	2.426E-9	73	0.83
17	43819450	RS17563923	RS62057151	PRUNED_LD	LD		EUR	6640	2.427E-9	96	0.88
17	43966178	RS62055553	RS62057151	PRUNED_LD	LD		MULTI	6641	2.427E-9	96	1
6	29759750	RS1611203	RS547591961	PRUNED_DISTANCE_FALLBACK	DISTANCE_FALLBACK		NA	6642	2.427E-9	13	
2	200794870	RS281763	RS166845	PRUNED_LD	LD		MULTI	6643	2.428E-9	86	0.89
10	104287359	RS17114641	RS10786701	PRUNED_LD	LD		MULTI	6644	2.43E-9	91	0.62
17	43966282	RS62055555	RS62057151	PRUNED_LD	LD		MULTI	6645	2.43E-9	96	1
17	43965063	RS113327263	RS62057151	PRUNED_LD	LD		MULTI	6646	2.431E-9	96	1
1	98341152	RS10747491	RS4950119	PRUNED_LD	LD		MULTI	6647	2.432E-9	47	0.72
17	43829353	RS62054442	RS62057151	PRUNED_LD	LD		EUR	6648	2.432E-9	96	0.87
17	43963943	RS17770120	RS62057151	PRUNED_LD	LD		MULTI	6649	2.433E-9	96	1
17	43965955	RS62055552	RS62057151	PRUNED_LD	LD		MULTI	6650	2.433E-9	96	1
2	200013002	RS1451483	RS1451488	PRUNED_LD	LD		MULTI	6651	2.433E-9	88	0.89
17	43963844	RS62055542	RS62057151	PRUNED_LD	LD		MULTI	6652	2.434E-9	96	1
17	43966608	RS111941646	RS62057151	PRUNED_LD	LD		MULTI	6653	2.434E-9	96	1
3	52632357	RS62253703	RS13083798	PRUNED_LD	LD		MULTI	6654	2.434E-9	42	0.93
6	29768037	RS1736984	RS547591961	PRUNED_DISTANCE_FALLBACK	DISTANCE_FALLBACK		NA	6655	2.434E-9	13	
17	43965680	RS62055550	RS62057151	PRUNED_LD	LD		MULTI	6656	2.435E-9	96	1
17	43968572	RS62056760	RS62057151	PRUNED_LD	LD		MULTI	6657	2.436E-9	96	1
3	52627486	RS13085331	RS13083798	PRUNED_LD	LD		MULTI	6658	2.437E-9	42	0.92
17	43965595	RS62055549	RS62057151	PRUNED_LD	LD		MULTI	6659	2.438E-9	96	1
2	233791648	RS2592127	RS1083519	PRUNED_LD	LD		MULTI	6660	2.439E-9	115	0.97
17	43967138	RS62055559	RS62057151	PRUNED_LD	LD		MULTI	6661	2.441E-9	96	1
17	43966795	RS62055557	RS62057151	PRUNED_LD	LD		MULTI	6662	2.442E-9	96	1
10	104293127	RS10883731	RS10786701	PRUNED_LD	LD		MULTI	6663	2.443E-9	91	0.62
17	43966749	RS62055556	RS62057151	PRUNED_LD	LD		MULTI	6664	2.443E-9	96	1
2	200799201	RS281762	RS166845	PRUNED_LD	LD		MULTI	6665	2.443E-9	86	0.96
8	38108133	RS10958567	RS10958683	PRUNED_LD	LD		MULTI	6666	2.444E-9	93	0.69
18	53134556	RS1377242	RS1993193	PRUNED_LD	LD		EUR	6667	2.446E-9	74	0.57
15	61851859	RS11631683	RS35351411	PRUNED_LD	LD		MULTI	6668	2.449E-9	90	0.92
17	43970108	RS78729125	RS62057151	PRUNED_LD	LD		MULTI	6669	2.449E-9	96	1
6	29769621	RS1632995	RS547591961	PRUNED_DISTANCE_FALLBACK	DISTANCE_FALLBACK		NA	6670	2.45E-9	13	
19	19578072	RS1808653	RS2916074	PRUNED_LD	LD		MULTI	6671	2.451E-9	102	0.96
2	233790447	RS2004203	RS1083519	PRUNED_LD	LD		MULTI	6672	2.451E-9	115	0.97
6	29769696	6:29769696_G_A	RS547591961	PRUNED_DISTANCE_FALLBACK	DISTANCE_FALLBACK		NA	6673	2.452E-9	13	
13	56936402	RS9597391	RS9597388	PRUNED_LD	LD		MULTI	6674	2.454E-9	121	1
6	29771905	RS1611193	RS547591961	PRUNED_DISTANCE_FALLBACK	DISTANCE_FALLBACK		NA	6675	2.455E-9	13	
10	104708251	RS10883805	RS11191580	PRUNED_LD	LD		ASN	6676	2.458E-9	48	0.22
17	43968219	RS17691466	RS62057151	PRUNED_LD	LD		MULTI	6677	2.459E-9	96	1
10	104748718	RS1890185	RS11191580	PRUNED_LD	LD		ASN	6678	2.462E-9	48	0.25
6	29771922	RS1611194	RS547591961	PRUNED_DISTANCE_FALLBACK	DISTANCE_FALLBACK		NA	6679	2.462E-9	13	
7	137042085	RS111317532	RS111317532	SELECTED_LEAD	LD	OK		6680	2.462E-9	122	
6	29210900	RS3130821	RS539591970	PRUNED_DISTANCE_FALLBACK	DISTANCE_FALLBACK		NA	6681	2.464E-9	11	
17	43969833	RS62056773	RS62057151	PRUNED_LD	LD		MULTI	6682	2.465E-9	96	1
17	43969686	RS62056761	RS62057151	PRUNED_LD	LD		MULTI	6683	2.466E-9	96	1
6	29214129	RS2207336	RS539591970	PRUNED_DISTANCE_FALLBACK	DISTANCE_FALLBACK		NA	6684	2.468E-9	11	
2	200073190	RS12616812	RS1451488	PRUNED_LD	LD		MULTI	6685	2.469E-9	88	0.85
12	123590165	RS1617156	RS4460848	PRUNED_LD	LD		MULTI	6686	2.47E-9	34	0.74
3	52584787	RS2251219	RS13083798	PRUNED_LD	LD		MULTI	6687	2.47E-9	42	0.78
17	43969019	RS55877243	RS62057151	PRUNED_LD	LD		MULTI	6688	2.471E-9	96	1
17	43969995	RS62056776	RS62057151	PRUNED_LD	LD		MULTI	6689	2.471E-9	96	1
17	43970154	RS17770343	RS62057151	PRUNED_LD	LD		MULTI	6690	2.471E-9	96	1
5	60535020	RS4699973	RS56219078	PRUNED_LD	LD		MULTI	6691	2.471E-9	73	0.84
17	43819384	RS62054424	RS62057151	PRUNED_LD	LD		EUR	6692	2.472E-9	96	0.88
17	43966955	RS62055558	RS62057151	PRUNED_LD	LD		MULTI	6693	2.472E-9	96	1
17	43969952	RS62056775	RS62057151	PRUNED_LD	LD		MULTI	6694	2.472E-9	96	1
17	43968937	RS55895732	RS62057151	PRUNED_LD	LD		MULTI	6695	2.474E-9	96	1
10	104729996	RS12569617	RS11191580	PRUNED_LD	LD		ASN	6696	2.475E-9	48	0.25
17	43968463	RS17691508	RS62057151	PRUNED_LD	LD		MULTI	6697	2.475E-9	96	1
17	43969901	RS62056774	RS62057151	PRUNED_LD	LD		MULTI	6698	2.475E-9	96	1
6	29769507	RS1632996	RS547591961	PRUNED_DISTANCE_FALLBACK	DISTANCE_FALLBACK		NA	6699	2.475E-9	13	
17	43968994	RS55960528	RS62057151	PRUNED_LD	LD		MULTI	6700	2.479E-9	96	1
6	32602372	RS9272225	6:32634952_G_T	PRUNED_DISTANCE_FALLBACK	DISTANCE_FALLBACK		NA	6701	2.483E-9	33	
17	43969779	RS17770337	RS62057151	PRUNED_LD	LD		MULTI	6702	2.485E-9	96	1
8	38243865	RS6996860	RS10958683	PRUNED_LD	LD		MULTI	6703	2.486E-9	93	0.78
2	200014483	RS12471454	RS1451488	PRUNED_LD	LD		MULTI	6704	2.487E-9	88	0.72
3	52708073	RS12637632	RS13083798	PRUNED_LD	LD		MULTI	6705	2.487E-9	42	0.78
17	43968874	RS55943606	RS62057151	PRUNED_LD	LD		MULTI	6706	2.49E-9	96	1
17	43964163	RS17770150	RS62057151	PRUNED_LD	LD		MULTI	6707	2.491E-9	96	1
3	52851137	RS2240917	RS13083798	PRUNED_LD	LD		MULTI	6708	2.491E-9	42	0.43
17	43970303	RS62056777	RS62057151	PRUNED_LD	LD		MULTI	6709	2.497E-9	96	1
3	52630548	RS4687633	RS13083798	PRUNED_LD	LD		MULTI	6710	2.497E-9	42	0.92
6	29909071	RS9260080	RS547591961	PRUNED_DISTANCE_FALLBACK	DISTANCE_FALLBACK		NA	6711	2.497E-9	13	
2	200008894	RS1376584	RS1451488	PRUNED_LD	LD		MULTI	6712	2.498E-9	88	0.89
17	43818906	RS17563861	RS62057151	PRUNED_LD	LD		EUR	6713	2.5E-9	96	0.88
17	43949448	RS34097347	RS62057151	PRUNED_LD	LD		EUR	6714	2.5E-9	96	0.98
6	29768467	RS909720	RS547591961	PRUNED_DISTANCE_FALLBACK	DISTANCE_FALLBACK		NA	6715	2.5E-9	13	
17	43818946	RS17563889	RS62057151	PRUNED_LD	LD		EUR	6716	2.502E-9	96	0.88
20	37485458	RS4812325	RS6124079	PRUNED_LD	LD		MULTI	6717	2.502E-9	89	0.81
2	200010088	RS1451484	RS1451488	PRUNED_LD	LD		MULTI	6718	2.503E-9	88	0.89
3	135996870	RS1279949	RS1394094	PRUNED_LD	LD		MULTI	6719	2.503E-9	50	0.49
6	31848220	RS589428	RS431204	PRUNED_DISTANCE_FALLBACK	DISTANCE_FALLBACK		NA	6720	2.504E-9	14	
17	43817608	RS56384960	RS62057151	PRUNED_LD	LD		EUR	6721	2.507E-9	96	0.88
20	37392106	RS2244791	RS6124079	PRUNED_LD	LD		MULTI	6722	2.507E-9	89	0.51
10	104654383	RS10786721	RS12219247	PRUNED_LD	LD		MULTI	6723	2.508E-9	54	0.84
1	98337283	RS6677116	RS4950119	PRUNED_LD	LD		MULTI	6724	2.509E-9	47	0.72
17	43818690	RS76311426	RS62057151	PRUNED_LD	LD		EUR	6725	2.512E-9	96	0.88
17	44285531	RS559754274	RS560050580	PRUNED_DISTANCE_FALLBACK	DISTANCE_FALLBACK		NA	6726	2.513E-9	111	
19	19578450	RS2099334	RS2916074	PRUNED_LD	LD		MULTI	6727	2.516E-9	102	1
17	43964755	RS62055547	RS62057151	PRUNED_LD	LD		MULTI	6728	2.517E-9	96	1
5	60534659	RS7444594	RS56219078	PRUNED_LD	LD		MULTI	6729	2.519E-9	73	0.84
17	43964191	RS17770186	RS62057151	PRUNED_LD	LD		MULTI	6730	2.521E-9	96	1
17	43967562	RS79193046	RS62057151	PRUNED_LD	LD		MULTI	6731	2.521E-9	96	1
17	43969136	RS17770296	RS62057151	PRUNED_LD	LD		MULTI	6732	2.521E-9	96	1
1	98360091	RS9727548	RS4950119	PRUNED_LD	LD		MULTI	6733	2.522E-9	47	0.67
23	68381787	RS5937160	RS5937160	SELECTED_LEAD	LD	OK		6734	2.523E-9	123	
6	29707661	RS1736905	RS547591961	PRUNED_DISTANCE_FALLBACK	DISTANCE_FALLBACK		NA	6735	2.523E-9	13	
17	43818657	RS77114624	RS62057151	PRUNED_LD	LD		EUR	6736	2.524E-9	96	0.88
5	45416794	RS56908114	RS16902086	PRUNED_LD	LD		MULTI	6737	2.525E-9	76	0.37
3	52624769	RS68021750	RS13083798	PRUNED_LD	LD		MULTI	6738	2.527E-9	42	0.91
6	29772670	RS1632986	RS547591961	PRUNED_DISTANCE_FALLBACK	DISTANCE_FALLBACK		NA	6739	2.529E-9	13	
10	104653717	RS12763665	RS12219247	PRUNED_LD	LD		MULTI	6740	2.53E-9	54	0.83
17	43972142	RS11575896	RS62057151	PRUNED_LD	LD		MULTI	6741	2.53E-9	96	1
17	43973080	RS74548327	RS62057151	PRUNED_LD	LD		MULTI	6742	2.533E-9	96	0.96
1	98365310	RS10875118	RS4950119	PRUNED_LD	LD		MULTI	6743	2.534E-9	47	0.67
11	46728952	RS11038973	RS7108770	PRUNED_LD	LD		MULTI	6744	2.534E-9	65	0.8
17	43970662	RS17691610	RS62057151	PRUNED_LD	LD		MULTI	6745	2.535E-9	96	1
17	43973408	RS113347741	RS62057151	PRUNED_LD	LD		MULTI	6746	2.536E-9	96	1
19	19579046	RS10405625	RS2916074	PRUNED_LD	LD		MULTI	6747	2.536E-9	102	1
17	43973413	RS78720789	RS62057151	PRUNED_LD	LD		MULTI	6748	2.537E-9	96	1
1	98337578	RS6604093	RS4950119	PRUNED_LD	LD		MULTI	6749	2.54E-9	47	0.72
19	19648346	RS1054930	RS2916074	PRUNED_LD	LD		MULTI	6750	2.541E-9	102	0.9
17	43971937	RS62056779	RS62057151	PRUNED_LD	LD		MULTI	6751	2.542E-9	96	1
6	29768385	RS1615839	RS547591961	PRUNED_DISTANCE_FALLBACK	DISTANCE_FALLBACK		NA	6752	2.543E-9	13	
5	60533982	RS7443733	RS56219078	PRUNED_LD	LD		MULTI	6753	2.544E-9	73	0.85
6	29748040	RS1611227	RS547591961	PRUNED_DISTANCE_FALLBACK	DISTANCE_FALLBACK		NA	6754	2.544E-9	13	
17	43818222	RS17563827	RS62057151	PRUNED_LD	LD		EUR	6755	2.546E-9	96	0.88
6	29747872	RS2508055	RS547591961	PRUNED_DISTANCE_FALLBACK	DISTANCE_FALLBACK		NA	6756	2.548E-9	13	
6	29833128	RS2251892	RS547591961	PRUNED_DISTANCE_FALLBACK	DISTANCE_FALLBACK		NA	6757	2.548E-9	13	
17	43973233	RS76324150	RS62057151	PRUNED_LD	LD		MULTI	6758	2.549E-9	96	1
5	152255602	RS72802891	RS17488630	PRUNED_LD	LD		EUR	6759	2.552E-9	112	1
17	43975263	RS62056785	RS62057151	PRUNED_LD	LD		MULTI	6760	2.553E-9	96	1
10	104653545	RS56946876	RS12219247	PRUNED_LD	LD		MULTI	6761	2.555E-9	54	0.84
17	43973121	RS111972148	RS62057151	PRUNED_LD	LD		MULTI	6762	2.555E-9	96	1
17	43969168	RS17691556	RS62057151	PRUNED_LD	LD		MULTI	6763	2.556E-9	96	1
6	29764759	RS1633003	RS547591961	PRUNED_DISTANCE_FALLBACK	DISTANCE_FALLBACK		NA	6764	2.557E-9	13	
2	58085243	RS4672225	RS1356545	PRUNED_LD	LD		MULTI	6765	2.564E-9	39	0.65
17	43972581	RS74457229	RS62057151	PRUNED_LD	LD		MULTI	6766	2.565E-9	96	1
17	43971785	RS11575895	RS62057151	PRUNED_LD	LD		MULTI	6767	2.566E-9	96	0.94
17	43818160	RS76728632	RS62057151	PRUNED_LD	LD		EUR	6768	2.568E-9	96	0.88
6	29746657	RS1633024	RS547591961	PRUNED_DISTANCE_FALLBACK	DISTANCE_FALLBACK		NA	6769	2.568E-9	13	
17	43973652	RS62056780	RS62057151	PRUNED_LD	LD		MULTI	6770	2.569E-9	96	1
3	52849549	RS7617468	RS13083798	PRUNED_LD	LD		MULTI	6771	2.57E-9	42	0.41
17	43953719	RS2214258	RS62057151	PRUNED_LD	LD		EUR	6772	2.571E-9	96	0.98
6	29746462	RS1633027	RS547591961	PRUNED_DISTANCE_FALLBACK	DISTANCE_FALLBACK		NA	6773	2.571E-9	13	
17	43975415	RS62056789	RS62057151	PRUNED_LD	LD		MULTI	6774	2.575E-9	96	1
13	56929712	RS9597389	RS9597388	PRUNED_LD	LD		MULTI	6775	2.577E-9	121	1
17	43975417	RS62056790	RS62057151	PRUNED_LD	LD		MULTI	6776	2.577E-9	96	1
17	43974065	RS74496580	RS62057151	PRUNED_LD	LD		MULTI	6777	2.578E-9	96	1
17	43961142	RS62055540	RS62057151	PRUNED_LD	LD		MULTI	6778	2.582E-9	96	1
17	43973899	RS62056781	RS62057151	PRUNED_LD	LD		MULTI	6779	2.582E-9	96	1
6	26367445	RS9688946	RS71557335	PRUNED_DISTANCE_FALLBACK	DISTANCE_FALLBACK		NA	6780	2.583E-9	29	
6	29745761	RS1615251	RS547591961	PRUNED_DISTANCE_FALLBACK	DISTANCE_FALLBACK		NA	6781	2.583E-9	13	
6	29773479	RS1736977	RS547591961	PRUNED_DISTANCE_FALLBACK	DISTANCE_FALLBACK		NA	6782	2.583E-9	13	
10	104359350	RS3824756	RS10786701	PRUNED_LD	LD		MULTI	6783	2.584E-9	91	0.7
10	104812331	RS10883823	RS11191580	PRUNED_LD	LD		ASN	6784	2.586E-9	48	0.4
17	43975285	RS62056786	RS62057151	PRUNED_LD	LD		MULTI	6785	2.59E-9	96	1
2	233789470	RS1083514	RS1083519	PRUNED_LD	LD		MULTI	6786	2.59E-9	115	0.97
17	43817898	RS80157557	RS62057151	PRUNED_LD	LD		EUR	6787	2.596E-9	96	0.88
20	37485380	RS4812324	RS6124079	PRUNED_LD	LD		MULTI	6788	2.6E-9	89	0.81
6	29761717	RS1611218	RS547591961	PRUNED_DISTANCE_FALLBACK	DISTANCE_FALLBACK		NA	6789	2.6E-9	13	
17	43817832	RS56178230	RS62057151	PRUNED_LD	LD		EUR	6790	2.601E-9	96	0.88
6	29759876	RS1611207	RS547591961	PRUNED_DISTANCE_FALLBACK	DISTANCE_FALLBACK		NA	6791	2.603E-9	13	
10	104736721	RS7096269	RS11191580	PRUNED_LD	LD		ASN	6792	2.604E-9	48	0.25
17	43827244	RS17334923	RS62057151	PRUNED_LD	LD		EUR	6793	2.605E-9	96	0.88
17	43974889	RS62056784	RS62057151	PRUNED_LD	LD		MULTI	6794	2.605E-9	96	1
2	200070593	RS13036202	RS1451488	PRUNED_LD	LD		MULTI	6795	2.608E-9	88	0.85
10	104728616	RS10450373	RS11191580	PRUNED_LD	LD		ASN	6796	2.613E-9	48	0.25
6	29775965	RS1632977	RS547591961	PRUNED_DISTANCE_FALLBACK	DISTANCE_FALLBACK		NA	6797	2.613E-9	13	
5	60531220	RS2055375	RS56219078	PRUNED_LD	LD		MULTI	6798	2.616E-9	73	0.85
15	61861402	RS2414716	RS35351411	PRUNED_LD	LD		MULTI	6799	2.617E-9	90	0.92
5	60531565	RS10939886	RS56219078	PRUNED_LD	LD		MULTI	6800	2.617E-9	73	0.85
2	200070523	RS12995376	RS1451488	PRUNED_LD	LD		MULTI	6801	2.618E-9	88	0.85
5	60499185	RS194369	RS56219078	PRUNED_LD	LD		MULTI	6802	2.622E-9	73	0.88
3	52625019	RS62253700	RS13083798	PRUNED_LD	LD		MULTI	6803	2.623E-9	42	0.91
6	26367218	RS12199613	RS71557335	PRUNED_DISTANCE_FALLBACK	DISTANCE_FALLBACK		NA	6804	2.626E-9	29	
17	43971481	RS80233201	RS62057151	PRUNED_LD	LD		MULTI	6805	2.627E-9	96	1
5	45466616	RS7717787	RS16902086	PRUNED_LD	LD		MULTI	6806	2.627E-9	76	0.36
20	37484311	RS6028167	RS6124079	PRUNED_LD	LD		MULTI	6807	2.628E-9	89	0.83
5	60500191	RS256374	RS56219078	PRUNED_LD	LD		MULTI	6808	2.631E-9	73	0.82
5	152254829	RS72802889	RS17488630	PRUNED_LD	LD		EUR	6809	2.632E-9	112	1
17	43971457	RS76594404	RS62057151	PRUNED_LD	LD		MULTI	6810	2.634E-9	96	1
17	43977702	RS1864324	RS62057151	PRUNED_LD	LD		MULTI	6811	2.636E-9	96	1
17	43817557	RS56295996	RS62057151	PRUNED_LD	LD		EUR	6812	2.637E-9	96	0.88
10	104729415	RS2065977	RS11191580	PRUNED_LD	LD		ASN	6813	2.638E-9	48	0.25
8	38102123	RS56058270	RS10958683	PRUNED_LD	LD		MULTI	6814	2.638E-9	93	0.69
5	60505815	RS190947	RS56219078	PRUNED_LD	LD		MULTI	6815	2.641E-9	73	0.9
17	43953707	RS3919455	RS62057151	PRUNED_LD	LD		EUR	6816	2.643E-9	96	0.98
2	58395281	RS848285	RS7596038	PRUNED_LD	LD		MULTI	6817	2.643E-9	56	0.64
17	43978320	RS55823844	RS62057151	PRUNED_LD	LD		MULTI	6818	2.644E-9	96	1
17	43976064	RS62056791	RS62057151	PRUNED_LD	LD		MULTI	6819	2.645E-9	96	1
18	53144837	RS72930740	RS1993193	PRUNED_LD	LD		EUR	6820	2.646E-9	74	0.6
12	123632276	RS1569068	RS4460848	PRUNED_LD	LD		EUR	6821	2.649E-9	34	0.79
19	19616953	RS1054284	RS2916074	PRUNED_LD	LD		MULTI	6822	2.651E-9	102	0.85
10	104637864	RS11191438	RS12219247	PRUNED_LD	LD		MULTI	6823	2.652E-9	54	0.88
17	44350090	RS2532329	RS560050580	PRUNED_DISTANCE_FALLBACK	DISTANCE_FALLBACK		NA	6824	2.652E-9	111	
17	44351285	RS562855425	RS560050580	PRUNED_DISTANCE_FALLBACK	DISTANCE_FALLBACK		NA	6825	2.652E-9	111	
17	44347218	RS530676870	RS560050580	PRUNED_DISTANCE_FALLBACK	DISTANCE_FALLBACK		NA	6826	2.653E-9	111	
17	43971604	RS62056778	RS62057151	PRUNED_LD	LD		MULTI	6827	2.658E-9	96	1
7	137042768	RS320690	RS10954580	PRUNED_LD	LD		MULTI	6828	2.659E-9	38	0.4
10	104775335	RS4917380	RS11191580	PRUNED_LD	LD		ASN	6829	2.66E-9	48	0.26
6	29756410	RS1737012	RS547591961	PRUNED_DISTANCE_FALLBACK	DISTANCE_FALLBACK		NA	6830	2.66E-9	13	
5	60529450	RS159360	RS56219078	PRUNED_LD	LD		MULTI	6831	2.661E-9	73	0.85
6	26705859	RS2451729	RS13215879	PRUNED_DISTANCE_FALLBACK	DISTANCE_FALLBACK		NA	6832	2.661E-9	22	
19	19616026	RS3752151	RS2916074	PRUNED_LD	LD		MULTI	6833	2.662E-9	102	0.85
23	68382836	RS7067170	RS7067170	SELECTED_LEAD	LD	OK		6834	2.662E-9	124	
10	104760752	RS12255047	RS11191580	PRUNED_LD	LD		ASN	6835	2.663E-9	48	0.25
17	43788782	RS62056928	RS62057151	PRUNED_LD	LD		EUR	6836	2.664E-9	96	0.84
3	52238677	RS352166	RS2276834	PRUNED_LD	LD		MULTI	6837	2.664E-9	63	0.76
17	43817459	RS17563800	RS62057151	PRUNED_LD	LD		EUR	6838	2.667E-9	96	0.88
2	200123367	RS17195804	RS1451488	PRUNED_LD	LD		MULTI	6839	2.668E-9	88	0.6
10	104775908	RS7914558	RS11191580	PRUNED_LD	LD		ASN	6840	2.67E-9	48	0.26
2	233790223	RS747463	RS1083519	PRUNED_LD	LD		MULTI	6841	2.674E-9	115	0.97
7	1918337	RS10265944	RS12154473	PRUNED_LD	LD		MULTI	6842	2.674E-9	51	0.58
17	43974477	RS76632685	RS62057151	PRUNED_LD	LD		MULTI	6843	2.676E-9	96	1
17	43978120	RS62056796	RS62057151	PRUNED_LD	LD		MULTI	6844	2.678E-9	96	1
17	43974230	RS62056782	RS62057151	PRUNED_LD	LD		MULTI	6845	2.681E-9	96	1
6	26839945	RS3999364	RS13215879	PRUNED_DISTANCE_FALLBACK	DISTANCE_FALLBACK		NA	6846	2.681E-9	22	
6	29914767	RS2571385	RS547591961	PRUNED_DISTANCE_FALLBACK	DISTANCE_FALLBACK		NA	6847	2.682E-9	13	
17	43974476	RS80346216	RS62057151	PRUNED_LD	LD		MULTI	6848	2.683E-9	96	1
17	43978625	RS1560311	RS62057151	PRUNED_LD	LD		MULTI	6849	2.683E-9	96	1
17	43978041	RS62056795	RS62057151	PRUNED_LD	LD		MULTI	6850	2.684E-9	96	1
17	43981958	RS112275277	RS62057151	PRUNED_LD	LD		MULTI	6851	2.684E-9	96	1
17	43974549	RS62056783	RS62057151	PRUNED_LD	LD		MULTI	6852	2.69E-9	96	1
6	29778109	RS2523408	RS547591961	PRUNED_DISTANCE_FALLBACK	DISTANCE_FALLBACK		NA	6853	2.691E-9	13	
17	43977827	RS1864325	RS62057151	PRUNED_LD	LD		MULTI	6854	2.692E-9	96	1
3	52742413	RS34017441	RS13083798	PRUNED_LD	LD		MULTI	6855	2.692E-9	42	0.86
6	29776360	RS1736970	RS547591961	PRUNED_DISTANCE_FALLBACK	DISTANCE_FALLBACK		NA	6856	2.692E-9	13	
12	123619856	RS1616181	RS4460848	PRUNED_LD	LD		EUR	6857	2.695E-9	34	0.79
17	43978604	RS1467962	RS62057151	PRUNED_LD	LD		MULTI	6858	2.695E-9	96	1
6	29756838	RS1737011	RS547591961	PRUNED_DISTANCE_FALLBACK	DISTANCE_FALLBACK		NA	6859	2.695E-9	13	
17	43804317	RS9897399	RS62057151	PRUNED_LD	LD		EUR	6860	2.696E-9	96	0.83
2	200768491	RS56155997	RS166845	PRUNED_LD	LD		MULTI	6861	2.696E-9	86	0.74
7	1926577	RS10950422	RS12154473	PRUNED_LD	LD		MULTI	6862	2.697E-9	51	0.59
17	43980530	RS1984937	RS62057151	PRUNED_LD	LD		MULTI	6863	2.699E-9	96	1
2	200015561	RS1868915	RS1451488	PRUNED_LD	LD		MULTI	6864	2.699E-9	88	0.88
8	38101003	RS16887273	RS10958683	PRUNED_LD	LD		MULTI	6865	2.699E-9	93	0.69
17	44126691	RS111327992	RS62057151	PRUNED_LD	LD		MULTI	6866	2.7E-9	96	1
2	201160771	RS1367858	RS3769472	PRUNED_LD	LD		MULTI	6867	2.7E-9	94	0.97
6	29760605	RS1611214	RS547591961	PRUNED_DISTANCE_FALLBACK	DISTANCE_FALLBACK		NA	6868	2.7E-9	13	
12	123619838	RS1616131	RS4460848	PRUNED_LD	LD		EUR	6869	2.705E-9	34	0.79
17	43789144	RS62056929	RS62057151	PRUNED_LD	LD		EUR	6870	2.706E-9	96	0.84
17	43978934	RS1467963	RS62057151	PRUNED_LD	LD		MULTI	6871	2.706E-9	96	1
10	104637992	RS10786719	RS12219247	PRUNED_LD	LD		MULTI	6872	2.707E-9	54	0.88
12	123623174	RS2695482	RS4460848	PRUNED_LD	LD		EUR	6873	2.707E-9	34	0.8
17	43984669	RS62056809	RS62057151	PRUNED_LD	LD		MULTI	6874	2.708E-9	96	1
17	43981795	RS113589236	RS62057151	PRUNED_LD	LD		MULTI	6875	2.709E-9	96	1
17	43981831	RS113029914	RS62057151	PRUNED_LD	LD		MULTI	6876	2.711E-9	96	1
6	29757000	RS1737010	RS547591961	PRUNED_DISTANCE_FALLBACK	DISTANCE_FALLBACK		NA	6877	2.713E-9	13	
12	123634043	RS949142	RS4460848	PRUNED_LD	LD		EUR	6878	2.716E-9	34	0.8
19	19613381	RS892022	RS2916074	PRUNED_LD	LD		MULTI	6879	2.716E-9	102	0.87
17	43979971	RS2082068	RS62057151	PRUNED_LD	LD		MULTI	6880	2.717E-9	96	1
17	43979622	RS113834264	RS62057151	PRUNED_LD	LD		MULTI	6881	2.718E-9	96	1
22	42429049	RS133350	RS5751191	PRUNED_LD	LD		MULTI	6882	2.718E-9	69	0.72
17	43788767	RS62056927	RS62057151	PRUNED_LD	LD		EUR	6883	2.72E-9	96	0.84
17	43979468	RS62056800	RS62057151	PRUNED_LD	LD		MULTI	6884	2.723E-9	96	1
6	29771066	RS1610657	RS547591961	PRUNED_DISTANCE_FALLBACK	DISTANCE_FALLBACK		NA	6885	2.723E-9	13	
17	43979504	RS62056801	RS62057151	PRUNED_LD	LD		MULTI	6886	2.724E-9	96	1
20	37458009	RS1006945	RS6124079	PRUNED_LD	LD		MULTI	6887	2.724E-9	89	0.6
6	32608610	RS9272655	6:32634952_G_T	PRUNED_DISTANCE_FALLBACK	DISTANCE_FALLBACK		NA	6888	2.724E-9	33	
10	104650128	RS7085598	RS12219247	PRUNED_LD	LD		MULTI	6889	2.725E-9	54	0.85
17	43979822	RS2099151	RS62057151	PRUNED_LD	LD		MULTI	6890	2.725E-9	96	1
17	43984646	RS62056808	RS62057151	PRUNED_LD	LD		MULTI	6891	2.725E-9	96	1
10	104737404	RS10883814	RS11191580	PRUNED_LD	LD		ASN	6892	2.726E-9	48	0.25
12	123622209	RS2851441	RS4460848	PRUNED_LD	LD		EUR	6893	2.726E-9	34	0.75
23	21193426	RS9633518	RS9633518	SELECTED_LEAD	LD	OK		6894	2.728E-9	125	
5	60516119	RS589794	RS56219078	PRUNED_LD	LD		MULTI	6895	2.73E-9	73	0.88
17	43982286	RS62056804	RS62057151	PRUNED_LD	LD		MULTI	6896	2.732E-9	96	1
17	44189858	RS76640332	RS560050580	PRUNED_DISTANCE_FALLBACK	DISTANCE_FALLBACK		NA	6897	2.732E-9	111	
5	45435986	RS34666220	RS16902086	PRUNED_LD	LD		MULTI	6898	2.732E-9	76	0.37
17	43960918	RS56301449	RS62057151	PRUNED_LD	LD		MULTI	6899	2.735E-9	96	1
18	77592660	RS537962	RS55858161	PRUNED_LD	LD		MULTI	6900	2.735E-9	87	0.79
5	60515794	RS581318	RS56219078	PRUNED_LD	LD		MULTI	6901	2.736E-9	73	0.88
17	44281588	RS544227999	RS560050580	PRUNED_DISTANCE_FALLBACK	DISTANCE_FALLBACK		NA	6902	2.737E-9	111	
17	43797087	RS56167344	RS62057151	PRUNED_LD	LD		EUR	6903	2.738E-9	96	0.86
17	43982159	RS62056803	RS62057151	PRUNED_LD	LD		MULTI	6904	2.738E-9	96	1
12	123633424	RS1790090	RS4460848	PRUNED_LD	LD		EUR	6905	2.739E-9	34	0.8
17	43978534	RS1560310	RS62057151	PRUNED_LD	LD		MULTI	6906	2.74E-9	96	1
6	31876042	RS1313996	RS431204	PRUNED_DISTANCE_FALLBACK	DISTANCE_FALLBACK		NA	6907	2.74E-9	14	
17	43980762	RS62056802	RS62057151	PRUNED_LD	LD		MULTI	6908	2.743E-9	96	1
6	29759688	RS1611202	RS547591961	PRUNED_DISTANCE_FALLBACK	DISTANCE_FALLBACK		NA	6909	2.743E-9	13	
17	43797246	RS56046792	RS62057151	PRUNED_LD	LD		EUR	6910	2.744E-9	96	0.86
5	60513566	RS34634	RS56219078	PRUNED_LD	LD		MULTI	6911	2.744E-9	73	0.88
7	110938398	RS1541473	RS1541472	PRUNED_LD	LD		MULTI	6912	2.744E-9	120	0.98
17	44280902	RS554424146	RS560050580	PRUNED_DISTANCE_FALLBACK	DISTANCE_FALLBACK		NA	6913	2.745E-9	111	
6	29775163	RS1632978	RS547591961	PRUNED_DISTANCE_FALLBACK	DISTANCE_FALLBACK		NA	6914	2.745E-9	13	
12	123627016	RS1106241	RS4460848	PRUNED_LD	LD		EUR	6915	2.747E-9	34	0.8
6	29774856	RS2517921	RS547591961	PRUNED_DISTANCE_FALLBACK	DISTANCE_FALLBACK		NA	6916	2.754E-9	13	
5	60569133	RS10071763	RS56219078	PRUNED_LD	LD		EUR	6917	2.756E-9	73	0.64
6	29755922	RS1737014	RS547591961	PRUNED_DISTANCE_FALLBACK	DISTANCE_FALLBACK		NA	6918	2.756E-9	13	
17	44075110	RS2004674	RS62057151	PRUNED_LD	LD		MULTI	6919	2.76E-9	96	1
6	29761726	RS1611219	RS547591961	PRUNED_DISTANCE_FALLBACK	DISTANCE_FALLBACK		NA	6920	2.76E-9	13	
6	32191041	RS434841	RS431204	PRUNED_DISTANCE_FALLBACK	DISTANCE_FALLBACK		NA	6921	2.761E-9	14	
6	29771111	RS1610716	RS547591961	PRUNED_DISTANCE_FALLBACK	DISTANCE_FALLBACK		NA	6922	2.762E-9	13	
17	44280523	RS559886250	RS560050580	PRUNED_DISTANCE_FALLBACK	DISTANCE_FALLBACK		NA	6923	2.763E-9	111	
10	104342206	RS729025	RS10786701	PRUNED_LD	LD		MULTI	6924	2.765E-9	91	0.68
17	43984672	RS62056810	RS62057151	PRUNED_LD	LD		MULTI	6925	2.765E-9	96	1
5	152255145	RS72802890	RS17488630	PRUNED_LD	LD		EUR	6926	2.765E-9	112	0.99
10	104746398	RS12777726	RS11191580	PRUNED_LD	LD		ASN	6927	2.766E-9	48	0.24
20	37392189	RS2244797	RS6124079	PRUNED_LD	LD		MULTI	6928	2.766E-9	89	0.51
1	98502410	RS1782811	RS4950119	PRUNED_LD	LD		MULTI	6929	2.767E-9	47	1
10	104769335	RS12780843	RS11191580	PRUNED_LD	LD		ASN	6930	2.768E-9	48	0.25
3	52242902	RS352165	RS2276834	PRUNED_LD	LD		MULTI	6931	2.768E-9	63	0.76
17	43799509	RS55653963	RS62057151	PRUNED_LD	LD		EUR	6932	2.769E-9	96	0.86
17	44281722	RS544669576	RS560050580	PRUNED_DISTANCE_FALLBACK	DISTANCE_FALLBACK		NA	6933	2.77E-9	111	
6	26864789	RS4079824	RS13215879	PRUNED_DISTANCE_FALLBACK	DISTANCE_FALLBACK		NA	6934	2.771E-9	22	
10	104646849	RS1591915	RS12219247	PRUNED_LD	LD		MULTI	6935	2.774E-9	54	0.88
10	104334874	RS7094614	RS10786701	PRUNED_LD	LD		MULTI	6936	2.775E-9	91	0.68
6	26970357	RS9348746	RS13215879	PRUNED_DISTANCE_FALLBACK	DISTANCE_FALLBACK		NA	6937	2.775E-9	22	
6	29760188	RS1610718	RS547591961	PRUNED_DISTANCE_FALLBACK	DISTANCE_FALLBACK		NA	6938	2.775E-9	13	
6	29745321	RS1737021	RS547591961	PRUNED_DISTANCE_FALLBACK	DISTANCE_FALLBACK		NA	6939	2.776E-9	13	
17	44075099	RS2004673	RS62057151	PRUNED_LD	LD		MULTI	6940	2.778E-9	96	1
17	43815141	RS56006248	RS62057151	PRUNED_LD	LD		EUR	6941	2.78E-9	96	0.88
6	29759633	RS1611200	RS547591961	PRUNED_DISTANCE_FALLBACK	DISTANCE_FALLBACK		NA	6942	2.781E-9	13	
10	104592675	RS3740397	RS12219247	PRUNED_LD	LD		MULTI	6943	2.784E-9	54	0.82
6	29761473	RS1610723	RS547591961	PRUNED_DISTANCE_FALLBACK	DISTANCE_FALLBACK		NA	6944	2.784E-9	13	
6	29761896	RS1611222	RS547591961	PRUNED_DISTANCE_FALLBACK	DISTANCE_FALLBACK		NA	6945	2.784E-9	13	
6	29744934	RS1633031	RS547591961	PRUNED_DISTANCE_FALLBACK	DISTANCE_FALLBACK		NA	6946	2.785E-9	13	
6	31289271	RS9265168	RS7748141	PRUNED_DISTANCE_FALLBACK	DISTANCE_FALLBACK		NA	6947	2.785E-9	24	
3	52247314	RS164640	RS2276834	PRUNED_LD	LD		MULTI	6948	2.786E-9	63	0.74
17	44278742	RS17664048	RS560050580	PRUNED_DISTANCE_FALLBACK	DISTANCE_FALLBACK		NA	6949	2.787E-9	111	
3	52854186	RS2239548	RS13083798	PRUNED_LD	LD		MULTI	6950	2.787E-9	42	0.43
5	152256185	RS72802893	RS17488630	PRUNED_LD	LD		EUR	6951	2.789E-9	112	1
17	43815820	RS1608956	RS62057151	PRUNED_LD	LD		EUR	6952	2.79E-9	96	0.88
10	104334589	RS7094188	RS10786701	PRUNED_LD	LD		MULTI	6953	2.794E-9	91	0.68
17	43816052	RS78440279	RS62057151	PRUNED_LD	LD		EUR	6954	2.794E-9	96	0.86
5	152257408	RS12657097	RS17488630	PRUNED_LD	LD		EUR	6955	2.795E-9	112	0.98
17	44283139	RS542442671	RS560050580	PRUNED_DISTANCE_FALLBACK	DISTANCE_FALLBACK		NA	6956	2.797E-9	111	
17	43815859	RS62054417	RS62057151	PRUNED_LD	LD		EUR	6957	2.798E-9	96	0.88
3	52852060	RS2245538	RS13083798	PRUNED_LD	LD		MULTI	6958	2.799E-9	42	0.43
17	44096553	RS62062288	RS62057151	PRUNED_LD	LD		MULTI	6959	2.8E-9	96	1
17	43983159	RS75617973	RS62057151	PRUNED_LD	LD		MULTI	6960	2.802E-9	96	1
5	45435019	RS12520124	RS16902086	PRUNED_LD	LD		MULTI	6961	2.802E-9	76	0.36
17	43983801	RS62056806	RS62057151	PRUNED_LD	LD		MULTI	6962	2.803E-9	96	1
17	44287310	RS531013081	RS560050580	PRUNED_DISTANCE_FALLBACK	DISTANCE_FALLBACK		NA	6963	2.803E-9	111	
8	38246762	RS7012844	RS10958683	PRUNED_LD	LD		MULTI	6964	2.804E-9	93	0.81
17	43984253	RS62056807	RS62057151	PRUNED_LD	LD		MULTI	6965	2.806E-9	96	1
17	43986396	RS1467968	RS62057151	PRUNED_LD	LD		MULTI	6966	2.806E-9	96	1
6	29761952	RS1611223	RS547591961	PRUNED_DISTANCE_FALLBACK	DISTANCE_FALLBACK		NA	6967	2.806E-9	13	
17	43815713	RS1608955	RS62057151	PRUNED_LD	LD		EUR	6968	2.807E-9	96	0.88
19	19643028	RS10422819	RS2916074	PRUNED_LD	LD		MULTI	6969	2.807E-9	102	0.9
17	43984864	RS79492906	RS62057151	PRUNED_LD	LD		MULTI	6970	2.808E-9	96	1
17	43985247	RS62056811	RS62057151	PRUNED_LD	LD		MULTI	6971	2.808E-9	96	1
17	43988884	RS62056837	RS62057151	PRUNED_LD	LD		MULTI	6972	2.812E-9	96	1
6	26864406	RS2093303	RS13215879	PRUNED_DISTANCE_FALLBACK	DISTANCE_FALLBACK		NA	6973	2.813E-9	22	
17	43986420	RS4371195	RS62057151	PRUNED_LD	LD		MULTI	6974	2.814E-9	96	1
2	200090493	RS2084735	RS1451488	PRUNED_LD	LD		MULTI	6975	2.815E-9	88	0.68
17	43984399	RS1467966	RS62057151	PRUNED_LD	LD		MULTI	6976	2.818E-9	96	1
15	61852732	RS11632947	RS35351411	PRUNED_LD	LD		MULTI	6977	2.819E-9	90	0.95
2	200015094	RS1451473	RS1451488	PRUNED_LD	LD		MULTI	6978	2.819E-9	88	0.88
7	137046434	RS320695	RS10954580	PRUNED_LD	LD		MULTI	6979	2.819E-9	38	0.4
10	104767185	RS12264415	RS11191580	PRUNED_LD	LD		ASN	6980	2.82E-9	48	0.25
1	98461954	RS1938570	RS4950119	PRUNED_LD	LD		MULTI	6981	2.823E-9	47	0.93
10	104771922	RS7071373	RS11191580	PRUNED_LD	LD		ASN	6982	2.823E-9	48	0.26
20	37453652	RS6124088	RS6124079	PRUNED_LD	LD		MULTI	6983	2.826E-9	89	0.93
10	104733893	RS1538204	RS11191580	PRUNED_LD	LD		ASN	6984	2.827E-9	48	0.25
22	42441412	RS6002586	RS5751191	PRUNED_LD	LD		MULTI	6985	2.827E-9	69	0.72
17	43815336	RS56298110	RS62057151	PRUNED_LD	LD		EUR	6986	2.829E-9	96	0.88
3	52863605	RS3774364	RS13083798	PRUNED_LD	LD		MULTI	6987	2.833E-9	42	0.43
17	44283022	RS571792649	RS560050580	PRUNED_DISTANCE_FALLBACK	DISTANCE_FALLBACK		NA	6988	2.835E-9	111	
6	29778865	RS1610664	RS547591961	PRUNED_DISTANCE_FALLBACK	DISTANCE_FALLBACK		NA	6989	2.835E-9	13	
17	44082528	RS62064667	RS62057151	PRUNED_LD	LD		MULTI	6990	2.836E-9	96	1
17	43998767	RS767058	RS62057151	PRUNED_LD	LD		MULTI	6991	2.837E-9	96	1
6	29762068	RS1610647	RS547591961	PRUNED_DISTANCE_FALLBACK	DISTANCE_FALLBACK		NA	6992	2.837E-9	13	
17	44279101	RS1918786	RS560050580	PRUNED_DISTANCE_FALLBACK	DISTANCE_FALLBACK		NA	6993	2.839E-9	111	
17	44082514	RS62064666	RS62057151	PRUNED_LD	LD		MULTI	6994	2.84E-9	96	1
6	29768958	RS1610651	RS547591961	PRUNED_DISTANCE_FALLBACK	DISTANCE_FALLBACK		NA	6995	2.84E-9	13	
17	44292126	RS2668695	RS560050580	PRUNED_DISTANCE_FALLBACK	DISTANCE_FALLBACK		NA	6996	2.841E-9	111	
1	98486370	RS4480407	RS4950119	PRUNED_LD	LD		MULTI	6997	2.843E-9	47	1
19	19640524	RS4808967	RS2916074	PRUNED_LD	LD		MULTI	6998	2.844E-9	102	0.9
2	200101592	RS4673288	RS1451488	PRUNED_LD	LD		MULTI	6999	2.844E-9	88	0.79
3	136103349	RS526574	RS526574	SELECTED_LEAD	LD	OK		7000	2.844E-9	126	
2	200063722	RS724268	RS1451488	PRUNED_LD	LD		MULTI	7001	2.846E-9	88	0.83
6	29212202	RS2064503	RS539591970	PRUNED_DISTANCE_FALLBACK	DISTANCE_FALLBACK		NA	7002	2.847E-9	11	
17	43902541	RS4327090	RS62057151	PRUNED_LD	LD		MULTI	7003	2.848E-9	96	1
12	123640664	RS1727314	RS4460848	PRUNED_LD	LD		EUR	7004	2.851E-9	34	0.79
17	43985662	RS79290980	RS62057151	PRUNED_LD	LD		MULTI	7005	2.851E-9	96	1
17	44280188	RS551188913	RS560050580	PRUNED_DISTANCE_FALLBACK	DISTANCE_FALLBACK		NA	7006	2.851E-9	111	
19	19478023	RS2905427	RS2916074	PRUNED_LD	LD		MULTI	7007	2.852E-9	102	0.71
2	200054867	RS4270295	RS1451488	PRUNED_LD	LD		MULTI	7008	2.852E-9	88	0.87
6	26875783	RS79743090	RS13215879	PRUNED_DISTANCE_FALLBACK	DISTANCE_FALLBACK		NA	7009	2.857E-9	22	
1	98490165	RS4950117	RS4950119	PRUNED_LD	LD		MULTI	7010	2.858E-9	47	1
10	104667406	RS4532960	RS11191580	PRUNED_LD	LD		ASN	7011	2.859E-9	48	0.2
17	43816106	RS75500942	RS62057151	PRUNED_LD	LD		EUR	7012	2.859E-9	96	0.88
17	43986432	RS12150125	RS62057151	PRUNED_LD	LD		MULTI	7013	2.86E-9	96	1
19	19646272	RS2304098	RS2916074	PRUNED_LD	LD		MULTI	7014	2.861E-9	102	0.9
5	60526326	RS34631	RS56219078	PRUNED_LD	LD		MULTI	7015	2.861E-9	73	0.85
1	98398619	RS4271249	RS4950119	PRUNED_LD	LD		EUR	7016	2.862E-9	47	0.27
6	26873394	RS10755642	RS13215879	PRUNED_DISTANCE_FALLBACK	DISTANCE_FALLBACK		NA	7017	2.862E-9	22	
17	43814427	RS76421814	RS62057151	PRUNED_LD	LD		EUR	7018	2.863E-9	96	0.88
17	44279760	RS573536609	RS560050580	PRUNED_DISTANCE_FALLBACK	DISTANCE_FALLBACK		NA	7019	2.864E-9	111	
5	60620980	RS7701440	RS56219078	PRUNED_LD	LD		EUR	7020	2.866E-9	73	0.39
17	43794286	RS75310534	RS62057151	PRUNED_LD	LD		EUR	7021	2.867E-9	96	0.85
19	19478022	RS2905426	RS2916074	PRUNED_LD	LD		MULTI	7022	2.868E-9	102	0.74
3	52632911	RS6790330	RS13083798	PRUNED_LD	LD		MULTI	7023	2.868E-9	42	0.92
17	44291381	RS2732605	RS560050580	PRUNED_DISTANCE_FALLBACK	DISTANCE_FALLBACK		NA	7024	2.87E-9	111	
17	44291820	RS2696610	RS560050580	PRUNED_DISTANCE_FALLBACK	DISTANCE_FALLBACK		NA	7025	2.87E-9	111	
15	85248216	RS12912342	RS11638554	PRUNED_LD	LD		MULTI	7026	2.871E-9	85	0.73
6	29778626	RS1610663	RS547591961	PRUNED_DISTANCE_FALLBACK	DISTANCE_FALLBACK		NA	7027	2.871E-9	13	
17	44284057	RS548785130	RS560050580	PRUNED_DISTANCE_FALLBACK	DISTANCE_FALLBACK		NA	7028	2.872E-9	111	
2	200096010	RS60461384	RS1451488	PRUNED_LD	LD		MULTI	7029	2.872E-9	88	0.79
6	26877297	RS6907403	RS13215879	PRUNED_DISTANCE_FALLBACK	DISTANCE_FALLBACK		NA	7030	2.872E-9	22	
10	104660256	RS10748835	RS11191580	PRUNED_LD	LD		ASN	7031	2.873E-9	48	0.2
17	44291479	RS2732601	RS560050580	PRUNED_DISTANCE_FALLBACK	DISTANCE_FALLBACK		NA	7032	2.874E-9	111	
17	44292319	RS2668694	RS560050580	PRUNED_DISTANCE_FALLBACK	DISTANCE_FALLBACK		NA	7033	2.874E-9	111	
17	43804389	RS56205560	RS62057151	PRUNED_LD	LD		EUR	7034	2.875E-9	96	0.86
17	43982903	RS77084869	RS62057151	PRUNED_LD	LD		MULTI	7035	2.876E-9	96	1
6	29760590	RS1611213	RS547591961	PRUNED_DISTANCE_FALLBACK	DISTANCE_FALLBACK		NA	7036	2.877E-9	13	
6	26914643	RS7755054	RS13215879	PRUNED_DISTANCE_FALLBACK	DISTANCE_FALLBACK		NA	7037	2.878E-9	22	
18	53139225	RS72928968	RS1993193	PRUNED_LD	LD		EUR	7038	2.881E-9	74	0.6
17	44279252	RS1918787	RS560050580	PRUNED_DISTANCE_FALLBACK	DISTANCE_FALLBACK		NA	7039	2.883E-9	111	
17	44288579	RS2532418	RS560050580	PRUNED_DISTANCE_FALLBACK	DISTANCE_FALLBACK		NA	7040	2.883E-9	111	
17	44290759	RS2668662	RS560050580	PRUNED_DISTANCE_FALLBACK	DISTANCE_FALLBACK		NA	7041	2.887E-9	111	
6	29343355	RS9257802	RS9257566	PRUNED_LD	LD		EUR	7042	2.888E-9	8	0.39
17	44290047	RS2668665	RS560050580	PRUNED_DISTANCE_FALLBACK	DISTANCE_FALLBACK		NA	7043	2.889E-9	111	
17	43816657	RS62054421	RS62057151	PRUNED_LD	LD		EUR	7044	2.89E-9	96	0.87
6	26466389	RS1977199	RS41266839	PRUNED_LD	LD		EUR	7045	2.89E-9	3	0.26
10	104771029	RS4917990	RS11191580	PRUNED_LD	LD		ASN	7046	2.892E-9	48	0.25
17	43813415	RS62054414	RS62057151	PRUNED_LD	LD		EUR	7047	2.892E-9	96	0.88
6	29199824	RS2207338	RS9257566	PRUNED_LD	LD		EUR	7048	2.892E-9	8	0.2
2	200780737	RS35220450	RS166845	PRUNED_LD	LD		MULTI	7049	2.893E-9	86	0.82
20	37396262	RS2245237	RS6124079	PRUNED_LD	LD		MULTI	7050	2.893E-9	89	0.51
13	56940015	RS2784002	RS9597388	PRUNED_LD	LD		MULTI	7051	2.897E-9	121	1
17	43813370	RS62054413	RS62057151	PRUNED_LD	LD		EUR	7052	2.899E-9	96	0.88
17	43964561	RS62055545	RS62057151	PRUNED_LD	LD		MULTI	7053	2.9E-9	96	1
17	43989689	RS62056840	RS62057151	PRUNED_LD	LD		MULTI	7054	2.9E-9	96	1
17	43810902	RS77301847	RS62057151	PRUNED_LD	LD		EUR	7055	2.904E-9	96	0.83
17	43816655	RS62054420	RS62057151	PRUNED_LD	LD		EUR	7056	2.904E-9	96	0.87
17	44293020	RS2668692	RS560050580	PRUNED_DISTANCE_FALLBACK	DISTANCE_FALLBACK		NA	7057	2.907E-9	111	
8	38110215	RS2898674	RS10958683	PRUNED_LD	LD		MULTI	7058	2.907E-9	93	0.69
17	44286128	RS547005230	RS560050580	PRUNED_DISTANCE_FALLBACK	DISTANCE_FALLBACK		NA	7059	2.908E-9	111	
17	44291365	RS2732606	RS560050580	PRUNED_DISTANCE_FALLBACK	DISTANCE_FALLBACK		NA	7060	2.908E-9	111	
5	152323236	RS10515678	RS17488630	PRUNED_LD	LD		MULTI	7061	2.909E-9	112	1
6	26878864	RS10946865	RS13215879	PRUNED_DISTANCE_FALLBACK	DISTANCE_FALLBACK		NA	7062	2.913E-9	22	
17	43983363	RS62056805	RS62057151	PRUNED_LD	LD		MULTI	7063	2.914E-9	96	1
15	61851805	RS11071614	RS35351411	PRUNED_LD	LD		MULTI	7064	2.917E-9	90	0.92
17	43798401	RS62056946	RS62057151	PRUNED_LD	LD		EUR	7065	2.918E-9	96	0.86
17	43816605	RS62054419	RS62057151	PRUNED_LD	LD		EUR	7066	2.919E-9	96	0.88
5	60517070	RS702565	RS56219078	PRUNED_LD	LD		MULTI	7067	2.92E-9	73	0.88
12	123621210	RS1727318	RS4460848	PRUNED_LD	LD		EUR	7068	2.921E-9	34	0.77
6	26879620	RS12189753	RS13215879	PRUNED_DISTANCE_FALLBACK	DISTANCE_FALLBACK		NA	7069	2.921E-9	22	
17	43813252	RS17563787	RS62057151	PRUNED_LD	LD		EUR	7070	2.922E-9	96	0.88
6	29778987	RS1610699	RS547591961	PRUNED_DISTANCE_FALLBACK	DISTANCE_FALLBACK		NA	7071	2.923E-9	13	
2	200010583	RS1349505	RS1451488	PRUNED_LD	LD		MULTI	7072	2.926E-9	88	0.89
11	134290032	RS1440480	RS893949	PRUNED_LD	LD		EUR	7073	2.928E-9	92	0.65
17	43986992	RS7502888	RS62057151	PRUNED_LD	LD		MULTI	7074	2.928E-9	96	1
17	44088926	RS62064675	RS62057151	PRUNED_LD	LD		MULTI	7075	2.928E-9	96	1
1	98456907	RS4573558	RS4950119	PRUNED_LD	LD		MULTI	7076	2.93E-9	47	1
6	29761880	RS1611221	RS547591961	PRUNED_DISTANCE_FALLBACK	DISTANCE_FALLBACK		NA	7077	2.93E-9	13	
6	26884243	RS12530345	RS13215879	PRUNED_DISTANCE_FALLBACK	DISTANCE_FALLBACK		NA	7078	2.932E-9	22	
17	44289628	RS2668670	RS560050580	PRUNED_DISTANCE_FALLBACK	DISTANCE_FALLBACK		NA	7079	2.934E-9	111	
17	43985597	RS74509629	RS62057151	PRUNED_LD	LD		MULTI	7080	2.936E-9	96	1
7	2161099	RS4719443	RS12154473	PRUNED_LD	LD		MULTI	7081	2.939E-9	51	0.45
17	43799810	RS76667867	RS62057151	PRUNED_LD	LD		EUR	7082	2.94E-9	96	0.86
6	29761835	RS1611220	RS547591961	PRUNED_DISTANCE_FALLBACK	DISTANCE_FALLBACK		NA	7083	2.94E-9	13	
10	104782853	RS11191518	RS11191580	PRUNED_LD	LD		ASN	7084	2.941E-9	48	0.26
17	43799804	RS77819001	RS62057151	PRUNED_LD	LD		EUR	7085	2.941E-9	96	0.86
17	44289101	RS2732629	RS560050580	PRUNED_DISTANCE_FALLBACK	DISTANCE_FALLBACK		NA	7086	2.942E-9	111	
2	200067768	RS13029216	RS1451488	PRUNED_LD	LD		MULTI	7087	2.942E-9	88	0.85
17	43799667	RS62054378	RS62057151	PRUNED_LD	LD		EUR	7088	2.943E-9	96	0.86
5	60525210	RS40506	RS56219078	PRUNED_LD	LD		MULTI	7089	2.943E-9	73	0.85
10	104668942	RS10786724	RS11191580	PRUNED_LD	LD		ASN	7090	2.944E-9	48	0.2
17	43794182	RS4609898	RS62057151	PRUNED_LD	LD		EUR	7091	2.945E-9	96	0.76
17	44352131	RS2668622	RS560050580	PRUNED_DISTANCE_FALLBACK	DISTANCE_FALLBACK		NA	7092	2.945E-9	111	
20	37485986	RS4812326	RS6124079	PRUNED_LD	LD		MULTI	7093	2.945E-9	89	0.79
6	29760510	RS1611211	RS547591961	PRUNED_DISTANCE_FALLBACK	DISTANCE_FALLBACK		NA	7094	2.953E-9	13	
6	26885031	RS12664610	RS13215879	PRUNED_DISTANCE_FALLBACK	DISTANCE_FALLBACK		NA	7095	2.955E-9	22	
5	45465812	RS2220083	RS16902086	PRUNED_LD	LD		MULTI	7096	2.963E-9	76	0.35
6	30771485	RS1264369	RS561436357	PRUNED_DISTANCE_FALLBACK	DISTANCE_FALLBACK		NA	7097	2.963E-9	31	
17	44276821	RS539364020	RS560050580	PRUNED_DISTANCE_FALLBACK	DISTANCE_FALLBACK		NA	7098	2.964E-9	111	
2	200056457	RS7600726	RS1451488	PRUNED_LD	LD		MULTI	7099	2.967E-9	88	0.87
6	26466392	RS1977200	RS41266839	PRUNED_LD	LD		EUR	7100	2.968E-9	3	0.26
6	29760677	RS1610719	RS547591961	PRUNED_DISTANCE_FALLBACK	DISTANCE_FALLBACK		NA	7101	2.971E-9	13	
8	143312933	RS4129585	RS4129585	SELECTED_LEAD	LD	OK_LOCAL_CACHE		7102	2.973E-9	127	
17	43982961	RS74573628	RS62057151	PRUNED_LD	LD		MULTI	7103	2.975E-9	96	1
3	52880128	RS6445541	RS13083798	PRUNED_LD	LD		MULTI	7104	2.975E-9	42	0.4
17	43977018	RS62056793	RS62057151	PRUNED_LD	LD		MULTI	7105	2.976E-9	96	1
17	44277265	RS2532229	RS560050580	PRUNED_DISTANCE_FALLBACK	DISTANCE_FALLBACK		NA	7106	2.976E-9	111	
13	56836700	RS71428216	RS9597388	PRUNED_LD	LD		MULTI	7107	2.977E-9	121	0.87
17	43799033	RS55962674	RS62057151	PRUNED_LD	LD		EUR	7108	2.977E-9	96	0.86
17	43810873	RS75022332	RS62057151	PRUNED_LD	LD		EUR	7109	2.977E-9	96	0.82
17	43795768	RS112995313	RS62057151	PRUNED_LD	LD		EUR	7110	2.978E-9	96	0.86
17	43796541	RS1880750	RS62057151	PRUNED_LD	LD		EUR	7111	2.978E-9	96	0.86
17	44081462	RS62064664	RS62057151	PRUNED_LD	LD		MULTI	7112	2.981E-9	96	1
17	43977049	RS62056794	RS62057151	PRUNED_LD	LD		MULTI	7113	2.982E-9	96	1
17	43800987	RS62054380	RS62057151	PRUNED_LD	LD		EUR	7114	2.986E-9	96	0.84
22	42434022	RS133352	RS5751191	PRUNED_LD	LD		MULTI	7115	2.986E-9	69	0.72
6	29778754	RS1611178	RS547591961	PRUNED_DISTANCE_FALLBACK	DISTANCE_FALLBACK		NA	7116	2.986E-9	13	
17	44276330	RS545648705	RS560050580	PRUNED_DISTANCE_FALLBACK	DISTANCE_FALLBACK		NA	7117	2.987E-9	111	
17	43802907	RS62054383	RS62057151	PRUNED_LD	LD		EUR	7118	2.988E-9	96	0.86
17	44072984	RS112572874	RS62057151	PRUNED_LD	LD		MULTI	7119	2.988E-9	96	1
6	29781479	RS1610701	RS547591961	PRUNED_DISTANCE_FALLBACK	DISTANCE_FALLBACK		NA	7120	2.989E-9	13	
6	26864281	RS10946861	RS13215879	PRUNED_DISTANCE_FALLBACK	DISTANCE_FALLBACK		NA	7121	2.991E-9	22	
17	43816306	RS62054418	RS62057151	PRUNED_LD	LD		EUR	7122	2.992E-9	96	0.88
17	43795573	RS111415173	RS62057151	PRUNED_LD	LD		EUR	7123	2.993E-9	96	0.86
6	29759620	RS1611199	RS547591961	PRUNED_DISTANCE_FALLBACK	DISTANCE_FALLBACK		NA	7124	2.994E-9	13	
17	43976644	RS62056792	RS62057151	PRUNED_LD	LD		MULTI	7125	2.998E-9	96	1
2	200028698	RS60642146	RS1451488	PRUNED_LD	LD		MULTI	7126	2.998E-9	88	0.87
17	43990072	RS79860128	RS62057151	PRUNED_LD	LD		MULTI	7127	2.999E-9	96	1
6	29761211	RS1737004	RS547591961	PRUNED_DISTANCE_FALLBACK	DISTANCE_FALLBACK		NA	7128	3E-9	13	
17	43803788	RS56280222	RS62057151	PRUNED_LD	LD		EUR	7129	3.004E-9	96	0.86
17	43989087	RS62056838	RS62057151	PRUNED_LD	LD		MULTI	7130	3.006E-9	96	1
17	44302881	RS555719522	RS560050580	PRUNED_DISTANCE_FALLBACK	DISTANCE_FALLBACK		NA	7131	3.007E-9	111	
5	45492205	RS6451804	RS16902086	PRUNED_LD	LD		MULTI	7132	3.007E-9	76	0.35
17	44088937	RS17652449	RS62057151	PRUNED_LD	LD		MULTI	7133	3.008E-9	96	1
6	26858527	RS3925440	RS13215879	PRUNED_DISTANCE_FALLBACK	DISTANCE_FALLBACK		NA	7134	3.008E-9	22	
17	43795238	RS76007856	RS62057151	PRUNED_LD	LD		EUR	7135	3.009E-9	96	0.86
17	43802971	RS10514879	RS62057151	PRUNED_LD	LD		EUR	7136	3.01E-9	96	0.86
17	43805525	RS62054387	RS62057151	PRUNED_LD	LD		EUR	7137	3.012E-9	96	0.86
17	43989221	RS62056839	RS62057151	PRUNED_LD	LD		MULTI	7138	3.012E-9	96	1
2	200010684	RS16831051	RS1451488	PRUNED_LD	LD		MULTI	7139	3.013E-9	88	0.89
10	104755431	RS10883817	RS11191580	PRUNED_LD	LD		ASN	7140	3.014E-9	48	0.34
3	52901974	RS9825230	RS2245424	PRUNED_LD	LD		MULTI	7141	3.015E-9	99	0.69
17	44080408	RS113894932	RS62057151	PRUNED_LD	LD		MULTI	7142	3.016E-9	96	1
2	58075701	RS11684106	RS1356545	PRUNED_LD	LD		MULTI	7143	3.017E-9	39	0.65
17	43989909	RS78209533	RS62057151	PRUNED_LD	LD		MULTI	7144	3.023E-9	96	1
17	44276013	RS563074118	RS560050580	PRUNED_DISTANCE_FALLBACK	DISTANCE_FALLBACK		NA	7145	3.025E-9	111	
3	135992645	RS12488721	RS1394094	PRUNED_LD	LD		MULTI	7146	3.025E-9	50	0.43
2	200016797	RS1562874	RS1451488	PRUNED_LD	LD		MULTI	7147	3.027E-9	88	0.88
6	29742609	RS1633037	RS547591961	PRUNED_DISTANCE_FALLBACK	DISTANCE_FALLBACK		NA	7148	3.028E-9	13	
17	43801695	RS17563501	RS62057151	PRUNED_LD	LD		EUR	7149	3.03E-9	96	0.86
17	43801593	RS17649019	RS62057151	PRUNED_LD	LD		EUR	7150	3.031E-9	96	0.86
12	123636841	RS1790108	RS4460848	PRUNED_LD	LD		EUR	7151	3.032E-9	34	0.8
17	44073027	RS17652036	RS62057151	PRUNED_LD	LD		MULTI	7152	3.033E-9	96	1
6	29742452	RS1362069	RS547591961	PRUNED_DISTANCE_FALLBACK	DISTANCE_FALLBACK		NA	7153	3.033E-9	13	
17	44277867	RS572762545	RS560050580	PRUNED_DISTANCE_FALLBACK	DISTANCE_FALLBACK		NA	7154	3.034E-9	111	
6	26885619	RS9393768	RS13215879	PRUNED_DISTANCE_FALLBACK	DISTANCE_FALLBACK		NA	7155	3.034E-9	22	
3	180719306	RS4855001	RS12152501	PRUNED_LD	LD		MULTI	7156	3.035E-9	72	0.67
5	152303195	RS72804775	RS17488630	PRUNED_LD	LD		MULTI	7157	3.035E-9	112	1
6	29759517	RS1610717	RS547591961	PRUNED_DISTANCE_FALLBACK	DISTANCE_FALLBACK		NA	7158	3.035E-9	13	
17	43996908	RS55760800	RS62057151	PRUNED_LD	LD		MULTI	7159	3.036E-9	96	1
6	29742299	RS1362070	RS547591961	PRUNED_DISTANCE_FALLBACK	DISTANCE_FALLBACK		NA	7160	3.038E-9	13	
6	29757965	RS1737009	RS547591961	PRUNED_DISTANCE_FALLBACK	DISTANCE_FALLBACK		NA	7161	3.038E-9	13	
10	104698523	RS10786727	RS11191580	PRUNED_LD	LD		ASN	7162	3.041E-9	48	0.22
17	43801092	RS112570965	RS62057151	PRUNED_LD	LD		EUR	7163	3.041E-9	96	0.86
7	2159594	RS3800909	RS12154473	PRUNED_LD	LD		EUR	7164	3.042E-9	51	0.55
6	29742108	RS1362068	RS547591961	PRUNED_DISTANCE_FALLBACK	DISTANCE_FALLBACK		NA	7165	3.043E-9	13	
15	59157289	RS604057	RS793571	PRUNED_LD	LD		MULTI	7166	3.044E-9	52	0.74
17	44277818	RS545270044	RS560050580	PRUNED_DISTANCE_FALLBACK	DISTANCE_FALLBACK		NA	7167	3.047E-9	111	
6	26887930	RS10946868	RS13215879	PRUNED_DISTANCE_FALLBACK	DISTANCE_FALLBACK		NA	7168	3.047E-9	22	
17	43992456	RS62056848	RS62057151	PRUNED_LD	LD		MULTI	7169	3.049E-9	96	1
17	44275035	RS569087361	RS560050580	PRUNED_DISTANCE_FALLBACK	DISTANCE_FALLBACK		NA	7170	3.049E-9	111	
17	43992463	RS62056849	RS62057151	PRUNED_LD	LD		MULTI	7171	3.05E-9	96	1
11	134297110	RS4937884	RS893949	PRUNED_LD	LD		MULTI	7172	3.056E-9	92	0.99
17	43989898	RS112116311	RS62057151	PRUNED_LD	LD		MULTI	7173	3.056E-9	96	1
6	30770287	RS1264371	RS561436357	PRUNED_DISTANCE_FALLBACK	DISTANCE_FALLBACK		NA	7174	3.057E-9	31	
17	43987184	RS111447859	RS62057151	PRUNED_LD	LD		MULTI	7175	3.062E-9	96	1
17	43800404	RS77370070	RS62057151	PRUNED_LD	LD		EUR	7176	3.063E-9	96	0.86
3	52596914	RS33964154	RS13083798	PRUNED_LD	LD		MULTI	7177	3.064E-9	42	0.78
17	44277691	RS556496186	RS560050580	PRUNED_DISTANCE_FALLBACK	DISTANCE_FALLBACK		NA	7178	3.066E-9	111	
17	43798546	RS75403953	RS62057151	PRUNED_LD	LD		EUR	7179	3.067E-9	96	0.86
17	43800351	RS17563433	RS62057151	PRUNED_LD	LD		EUR	7180	3.07E-9	96	0.86
8	38107873	RS12056698	RS10958683	PRUNED_LD	LD		MULTI	7181	3.071E-9	93	0.69
6	29779832	RS1610668	RS547591961	PRUNED_DISTANCE_FALLBACK	DISTANCE_FALLBACK		NA	7182	3.073E-9	13	
7	137025827	RS320722	RS320682	PRUNED_LD	LD		MULTI	7183	3.076E-9	108	0.97
17	44081527	RS62064665	RS62057151	PRUNED_LD	LD		MULTI	7184	3.077E-9	96	0.58
8	38252070	RS11998709	RS10958683	PRUNED_LD	LD		MULTI	7185	3.077E-9	93	0.81
17	43798160	RS55989971	RS62057151	PRUNED_LD	LD		EUR	7186	3.078E-9	96	0.86
17	43784994	RS62056913	RS62057151	PRUNED_LD	LD		EUR	7187	3.079E-9	96	0.85
17	43798360	RS55938136	RS62057151	PRUNED_LD	LD		EUR	7188	3.08E-9	96	0.84
6	29758525	RS1610640	RS547591961	PRUNED_DISTANCE_FALLBACK	DISTANCE_FALLBACK		NA	7189	3.081E-9	13	
17	43795634	RS113991678	RS62057151	PRUNED_LD	LD		EUR	7190	3.085E-9	96	0.86
17	43804619	RS56380663	RS62057151	PRUNED_LD	LD		EUR	7191	3.088E-9	96	0.86
2	200780698	RS281789	RS166845	PRUNED_LD	LD		MULTI	7192	3.089E-9	86	0.92
17	43991272	RS17563986	RS62057151	PRUNED_LD	LD		MULTI	7193	3.09E-9	96	1
6	31945230	RS12524149	RS431204	PRUNED_DISTANCE_FALLBACK	DISTANCE_FALLBACK		NA	7194	3.09E-9	14	
17	43990919	RS17563965	RS62057151	PRUNED_LD	LD		MULTI	7195	3.097E-9	96	1
6	31562764	RS3130632	RS431204	PRUNED_DISTANCE_FALLBACK	DISTANCE_FALLBACK		NA	7196	3.097E-9	14	
2	200020735	RS4101817	RS1451488	PRUNED_LD	LD		MULTI	7197	3.103E-9	88	0.86
2	200046413	RS113157823	RS62178738	PRUNED_DISTANCE_FALLBACK	DISTANCE_FALLBACK		NA	7198	3.103E-9	119	
8	38249835	RS12681501	RS10958683	PRUNED_LD	LD		MULTI	7199	3.103E-9	93	0.81
17	43991888	RS55682376	RS62057151	PRUNED_LD	LD		MULTI	7200	3.104E-9	96	1
17	44082181	RS111324579	RS62057151	PRUNED_LD	LD		MULTI	7201	3.104E-9	96	1
17	43794209	RS4605208	RS62057151	PRUNED_LD	LD		EUR	7202	3.108E-9	96	0.72
8	38240008	RS12678205	RS10958683	PRUNED_LD	LD		MULTI	7203	3.108E-9	93	0.78
6	29759078	RS1610642	RS547591961	PRUNED_DISTANCE_FALLBACK	DISTANCE_FALLBACK		NA	7204	3.109E-9	13	
6	31838713	RS494620	RS431204	PRUNED_DISTANCE_FALLBACK	DISTANCE_FALLBACK		NA	7205	3.111E-9	14	
6	29759066	RS1610641	RS547591961	PRUNED_DISTANCE_FALLBACK	DISTANCE_FALLBACK		NA	7206	3.114E-9	13	
6	31837791	RS575591	RS431204	PRUNED_DISTANCE_FALLBACK	DISTANCE_FALLBACK		NA	7207	3.114E-9	14	
8	38249461	RS59176647	RS10958683	PRUNED_LD	LD		MULTI	7208	3.118E-9	93	0.8
17	43976627	RS77561671	RS62057151	PRUNED_LD	LD		MULTI	7209	3.119E-9	96	1
20	37397158	RS2263750	RS6124079	PRUNED_LD	LD		MULTI	7210	3.12E-9	89	0.52
17	43992806	RS62056851	RS62057151	PRUNED_LD	LD		MULTI	7211	3.121E-9	96	1
19	19617655	RS6626	RS6626	SELECTED_LEAD	LD	OK		7212	3.121E-9	128	
8	38259035	RS2016875	RS10958683	PRUNED_LD	LD		MULTI	7213	3.121E-9	93	0.85
8	38101159	RS16887277	RS10958683	PRUNED_LD	LD		MULTI	7214	3.122E-9	93	0.69
2	233790475	RS2880986	RS1083519	PRUNED_LD	LD		MULTI	7215	3.123E-9	115	0.97
2	200054222	RS6715416	RS1451488	PRUNED_LD	LD		MULTI	7216	3.124E-9	88	0.87
8	38232738	RS10107763	RS10958683	PRUNED_LD	LD		MULTI	7217	3.126E-9	93	0.76
10	104682357	RS10786725	RS11191580	PRUNED_LD	LD		ASN	7218	3.127E-9	48	0.2
17	43987723	RS28439143	RS62057151	PRUNED_LD	LD		MULTI	7219	3.127E-9	96	1
17	43812218	RS1526126	RS62057151	PRUNED_LD	LD		EUR	7220	3.129E-9	96	0.88
6	29770423	RS1610656	RS547591961	PRUNED_DISTANCE_FALLBACK	DISTANCE_FALLBACK		NA	7221	3.13E-9	13	
17	43813002	RS62054412	RS62057151	PRUNED_LD	LD		EUR	7222	3.131E-9	96	0.88
17	43988623	RS62056835	RS62057151	PRUNED_LD	LD		MULTI	7223	3.134E-9	96	0.88
17	43802525	RS62054382	RS62057151	PRUNED_LD	LD		EUR	7224	3.137E-9	96	0.86
2	200020274	RS55857304	RS1451488	PRUNED_LD	LD		MULTI	7225	3.137E-9	88	0.88
5	45474814	RS7706140	RS16902086	PRUNED_LD	LD		MULTI	7226	3.14E-9	76	0.35
6	26876693	RS4713049	RS13215879	PRUNED_DISTANCE_FALLBACK	DISTANCE_FALLBACK		NA	7227	3.142E-9	22	
2	200097487	RS11690732	RS1451488	PRUNED_LD	LD		MULTI	7228	3.143E-9	88	0.79
2	200963752	RS78954994	RS166845	PRUNED_LD	LD		MULTI	7229	3.144E-9	86	0.73
17	43788371	RS56290582	RS62057151	PRUNED_LD	LD		EUR	7230	3.148E-9	96	0.84
17	43844560	RS55657917	RS62057151	PRUNED_LD	LD		MULTI	7231	3.148E-9	96	1
2	200725473	RS71424239	RS166845	PRUNED_LD	LD		MULTI	7232	3.15E-9	86	0.72
6	29760111	RS1737006	RS547591961	PRUNED_DISTANCE_FALLBACK	DISTANCE_FALLBACK		NA	7233	3.154E-9	13	
6	30771671	RS1264367	RS561436357	PRUNED_DISTANCE_FALLBACK	DISTANCE_FALLBACK		NA	7234	3.154E-9	31	
17	43778828	RS62056877	RS62057151	PRUNED_LD	LD		EUR	7235	3.156E-9	96	0.84
17	43844559	RS56194509	RS62057151	PRUNED_LD	LD		MULTI	7236	3.156E-9	96	1
7	2156338	RS2398706	RS12154473	PRUNED_LD	LD		EUR	7237	3.156E-9	51	0.54
13	56948260	RS71428218	RS9597388	PRUNED_LD	LD		MULTI	7238	3.157E-9	121	1
17	43812398	RS1526127	RS62057151	PRUNED_LD	LD		EUR	7239	3.158E-9	96	0.88
17	44271152	RS546821167	RS560050580	PRUNED_DISTANCE_FALLBACK	DISTANCE_FALLBACK		NA	7240	3.158E-9	111	
23	21569920	RS6633421	RS6633421	SELECTED_LEAD	LD	OK		7241	3.158E-9	129	
12	123616514	RS1727294	RS4460848	PRUNED_LD	LD		MULTI	7242	3.159E-9	34	0.79
17	43793665	RS7502937	RS62057151	PRUNED_LD	LD		EUR	7243	3.159E-9	96	0.85
17	43793951	RS4479289	RS62057151	PRUNED_LD	LD		EUR	7244	3.159E-9	96	0.85
12	123638070	RS1716185	RS4460848	PRUNED_LD	LD		EUR	7245	3.16E-9	34	0.78
17	44082603	RS17573593	RS62057151	PRUNED_LD	LD		MULTI	7246	3.16E-9	96	1
17	43997520	RS17564223	RS62057151	PRUNED_LD	LD		MULTI	7247	3.161E-9	96	0.88
17	43793651	RS7502718	RS62057151	PRUNED_LD	LD		EUR	7248	3.163E-9	96	0.85
17	44351929	RS2732705	RS560050580	PRUNED_DISTANCE_FALLBACK	DISTANCE_FALLBACK		NA	7249	3.163E-9	111	
12	123637752	RS1790109	RS4460848	PRUNED_LD	LD		EUR	7250	3.165E-9	34	0.8
17	43812599	RS62054398	RS62057151	PRUNED_LD	LD		EUR	7251	3.166E-9	96	0.88
6	26892036	RS7768814	RS13215879	PRUNED_DISTANCE_FALLBACK	DISTANCE_FALLBACK		NA	7252	3.166E-9	22	
6	29770450	RS28627687	RS547591961	PRUNED_DISTANCE_FALLBACK	DISTANCE_FALLBACK		NA	7253	3.166E-9	13	
17	44083081	RS17573607	RS62057151	PRUNED_LD	LD		MULTI	7254	3.168E-9	96	1
2	200055972	RS7573661	RS1451488	PRUNED_LD	LD		MULTI	7255	3.168E-9	88	0.87
6	29766742	RS1736992	RS547591961	PRUNED_DISTANCE_FALLBACK	DISTANCE_FALLBACK		NA	7256	3.168E-9	13	
17	43798015	RS56323722	RS62057151	PRUNED_LD	LD		EUR	7257	3.17E-9	96	0.86
22	42333408	RS6002546	RS5751191	PRUNED_LD	LD		ASN	7258	3.17E-9	69	0.7
10	104956827	RS10786745	RS11191580	PRUNED_LD	LD		ASN	7259	3.172E-9	48	0.28
3	52912296	RS12492391	RS2245424	PRUNED_LD	LD		MULTI	7260	3.172E-9	99	0.7
17	43812624	RS62054399	RS62057151	PRUNED_LD	LD		EUR	7261	3.177E-9	96	0.88
17	44351387	RS2732708	RS560050580	PRUNED_DISTANCE_FALLBACK	DISTANCE_FALLBACK		NA	7262	3.177E-9	111	
17	44273264	RS545914867	RS560050580	PRUNED_DISTANCE_FALLBACK	DISTANCE_FALLBACK		NA	7263	3.178E-9	111	
17	43995098	RS17564153	RS62057151	PRUNED_LD	LD		MULTI	7264	3.18E-9	96	1
6	31237767	RS1130935	RS7748141	PRUNED_DISTANCE_FALLBACK	DISTANCE_FALLBACK		NA	7265	3.182E-9	24	
20	37397511	RS2757522	RS6124079	PRUNED_LD	LD		MULTI	7266	3.183E-9	89	0.52
17	44273218	RS2532233	RS560050580	PRUNED_DISTANCE_FALLBACK	DISTANCE_FALLBACK		NA	7267	3.185E-9	111	
17	43812649	RS62054400	RS62057151	PRUNED_LD	LD		EUR	7268	3.188E-9	96	0.88
12	123638580	RS1627724	RS4460848	PRUNED_LD	LD		EUR	7269	3.189E-9	34	0.8
17	43996960	RS56303672	RS62057151	PRUNED_LD	LD		MULTI	7270	3.19E-9	96	1
17	43997499	RS75046472	RS62057151	PRUNED_LD	LD		MULTI	7271	3.192E-9	96	1
17	43812684	RS62054411	RS62057151	PRUNED_LD	LD		EUR	7272	3.194E-9	96	0.88
6	29780325	RS1610670	RS547591961	PRUNED_DISTANCE_FALLBACK	DISTANCE_FALLBACK		NA	7273	3.195E-9	13	
6	26892264	RS7769520	RS13215879	PRUNED_DISTANCE_FALLBACK	DISTANCE_FALLBACK		NA	7274	3.201E-9	22	
12	123638930	RS1727315	RS4460848	PRUNED_LD	LD		EUR	7275	3.202E-9	34	0.8
15	61849047	RS4774405	RS35351411	PRUNED_LD	LD		MULTI	7276	3.202E-9	90	0.93
10	104692542	RS6584533	RS11191580	PRUNED_LD	LD		ASN	7277	3.209E-9	48	0.21
6	29748329	RS80334281	RS547591961	PRUNED_DISTANCE_FALLBACK	DISTANCE_FALLBACK		NA	7278	3.212E-9	13	
6	29761062	RS1610720	RS547591961	PRUNED_DISTANCE_FALLBACK	DISTANCE_FALLBACK		NA	7279	3.212E-9	13	
2	200018995	RS1376593	RS1451488	PRUNED_LD	LD		MULTI	7280	3.214E-9	88	0.88
17	44272000	RS569635106	RS560050580	PRUNED_DISTANCE_FALLBACK	DISTANCE_FALLBACK		NA	7281	3.216E-9	111	
6	31838490	RS644774	RS431204	PRUNED_DISTANCE_FALLBACK	DISTANCE_FALLBACK		NA	7282	3.217E-9	14	
17	44272679	RS574644730	RS560050580	PRUNED_DISTANCE_FALLBACK	DISTANCE_FALLBACK		NA	7283	3.218E-9	111	
6	26891953	RS7768763	RS13215879	PRUNED_DISTANCE_FALLBACK	DISTANCE_FALLBACK		NA	7284	3.218E-9	22	
17	43811060	RS62054395	RS62057151	PRUNED_LD	LD		EUR	7285	3.224E-9	96	0.84
2	200048332	RS12611560	RS1451488	PRUNED_LD	LD		MULTI	7286	3.224E-9	88	0.86
17	44021717	RS4327091	RS62057151	PRUNED_LD	LD		EUR	7287	3.225E-9	96	0.58
6	31838545	RS493515	RS431204	PRUNED_DISTANCE_FALLBACK	DISTANCE_FALLBACK		NA	7288	3.228E-9	14	
17	43811673	RS17563718	RS62057151	PRUNED_LD	LD		EUR	7289	3.229E-9	96	0.88
17	43990662	RS9944484	RS62057151	PRUNED_LD	LD		MULTI	7290	3.229E-9	96	1
17	44234060	RS542050069	RS560050580	PRUNED_DISTANCE_FALLBACK	DISTANCE_FALLBACK		NA	7291	3.229E-9	111	
17	44272552	RS553226241	RS560050580	PRUNED_DISTANCE_FALLBACK	DISTANCE_FALLBACK		NA	7292	3.229E-9	111	
6	31860337	RS535586	RS431204	PRUNED_DISTANCE_FALLBACK	DISTANCE_FALLBACK		NA	7293	3.235E-9	14	
2	233790482	RS11675082	RS1083519	PRUNED_LD	LD		MULTI	7294	3.236E-9	115	0.97
17	44021699	RS2316784	RS62057151	PRUNED_LD	LD		EUR	7295	3.237E-9	96	0.58
17	44076466	RS62063856	RS62057151	PRUNED_LD	LD		MULTI	7296	3.238E-9	96	1
17	43811792	RS62054397	RS62057151	PRUNED_LD	LD		EUR	7297	3.24E-9	96	0.88
17	43997901	RS17649700	RS62057151	PRUNED_LD	LD		MULTI	7298	3.24E-9	96	1
17	43805590	RS62054388	RS62057151	PRUNED_LD	LD		EUR	7299	3.241E-9	96	0.86
17	43804306	RS62054384	RS62057151	PRUNED_LD	LD		EUR	7300	3.242E-9	96	0.86
6	31839309	RS2242665	RS431204	PRUNED_DISTANCE_FALLBACK	DISTANCE_FALLBACK		NA	7301	3.244E-9	14	
6	29762307	RS1737003	RS547591961	PRUNED_DISTANCE_FALLBACK	DISTANCE_FALLBACK		NA	7302	3.245E-9	13	
17	43840006	RS11079719	RS62057151	PRUNED_LD	LD		EUR	7303	3.246E-9	96	0.9
17	44272266	RS570486150	RS560050580	PRUNED_DISTANCE_FALLBACK	DISTANCE_FALLBACK		NA	7304	3.246E-9	111	
17	43811950	RS4569335	RS62057151	PRUNED_LD	LD		EUR	7305	3.247E-9	96	0.88
22	42440285	RS133355	RS5751191	PRUNED_LD	LD		MULTI	7306	3.247E-9	69	0.72
6	32660784	RS9275243	6:32634952_G_T	PRUNED_DISTANCE_FALLBACK	DISTANCE_FALLBACK		NA	7307	3.251E-9	33	
17	43811510	RS62054396	RS62057151	PRUNED_LD	LD		EUR	7308	3.252E-9	96	0.88
6	31839331	RS2242664	RS431204	PRUNED_DISTANCE_FALLBACK	DISTANCE_FALLBACK		NA	7309	3.252E-9	14	
17	43995990	RS17649635	RS62057151	PRUNED_LD	LD		MULTI	7310	3.256E-9	96	1
17	44085852	RS62064670	RS62057151	PRUNED_LD	LD		MULTI	7311	3.257E-9	96	1
11	133817225	RS688500	RS688500	SELECTED_LEAD	LD	OK_LOCAL_CACHE		7312	3.26E-9	130	
17	43810608	RS62054394	RS62057151	PRUNED_LD	LD		EUR	7313	3.26E-9	96	0.87
17	43810782	RS113790915	RS62057151	PRUNED_LD	LD		EUR	7314	3.262E-9	96	0.86
17	44272928	RS535751452	RS560050580	PRUNED_DISTANCE_FALLBACK	DISTANCE_FALLBACK		NA	7315	3.262E-9	111	
19	19613480	RS892021	RS2916074	PRUNED_LD	LD		MULTI	7316	3.263E-9	102	0.95
6	26890635	RS10946870	RS13215879	PRUNED_DISTANCE_FALLBACK	DISTANCE_FALLBACK		NA	7317	3.264E-9	22	
6	31837963	RS577272	RS431204	PRUNED_DISTANCE_FALLBACK	DISTANCE_FALLBACK		NA	7318	3.264E-9	14	
17	43801185	RS62054381	RS62057151	PRUNED_LD	LD		EUR	7319	3.266E-9	96	0.86
17	44274560	RS570399582	RS560050580	PRUNED_DISTANCE_FALLBACK	DISTANCE_FALLBACK		NA	7320	3.266E-9	111	
2	200783705	RS281788	RS166845	PRUNED_LD	LD		MULTI	7321	3.266E-9	86	0.94
17	43994952	RS17649571	RS62057151	PRUNED_LD	LD		MULTI	7322	3.267E-9	96	1
6	32663851	RS6457617	6:32634952_G_T	PRUNED_DISTANCE_FALLBACK	DISTANCE_FALLBACK		NA	7323	3.269E-9	33	
17	43809328	RS75986348	RS62057151	PRUNED_LD	LD		EUR	7324	3.27E-9	96	0.88
17	44267904	RS530892614	RS560050580	PRUNED_DISTANCE_FALLBACK	DISTANCE_FALLBACK		NA	7325	3.27E-9	111	
10	104693917	RS10748836	RS11191580	PRUNED_LD	LD		ASN	7326	3.272E-9	48	0.21
17	43811072	RS17563683	RS62057151	PRUNED_LD	LD		EUR	7327	3.272E-9	96	0.86
17	43812177	RS1526125	RS62057151	PRUNED_LD	LD		EUR	7328	3.273E-9	96	0.88
7	137026136	RS320723	RS320682	PRUNED_LD	LD		MULTI	7329	3.274E-9	108	0.97
17	44363929	RS567135833	RS560050580	PRUNED_DISTANCE_FALLBACK	DISTANCE_FALLBACK		NA	7330	3.275E-9	111	
17	43997372	RS17649641	RS62057151	PRUNED_LD	LD		MULTI	7331	3.278E-9	96	1
18	77609462	RS56376220	RS55858161	PRUNED_LD	LD		MULTI	7332	3.279E-9	87	0.8
3	52905213	RS2336664	RS34291015	PRUNED_DISTANCE_FALLBACK	DISTANCE_FALLBACK		NA	7333	3.28E-9	117	
2	200091356	RS7560391	RS1451488	PRUNED_LD	LD		MULTI	7334	3.281E-9	88	0.79
17	43810371	RS17649162	RS62057151	PRUNED_LD	LD		EUR	7335	3.283E-9	96	0.87
19	19606264	RS2082421	RS2916074	PRUNED_LD	LD		MULTI	7336	3.284E-9	102	0.87
6	26891044	RS11755326	RS13215879	PRUNED_DISTANCE_FALLBACK	DISTANCE_FALLBACK		NA	7337	3.291E-9	22	
6	29781613	RS1610703	RS547591961	PRUNED_DISTANCE_FALLBACK	DISTANCE_FALLBACK		NA	7338	3.292E-9	13	
6	31837739	RS575439	RS431204	PRUNED_DISTANCE_FALLBACK	DISTANCE_FALLBACK		NA	7339	3.293E-9	14	
17	43808321	RS62054389	RS62057151	PRUNED_LD	LD		EUR	7340	3.294E-9	96	0.88
17	44246211	RS555006557	RS560050580	PRUNED_DISTANCE_FALLBACK	DISTANCE_FALLBACK		NA	7341	3.294E-9	111	
6	26889752	RS6933132	RS13215879	PRUNED_DISTANCE_FALLBACK	DISTANCE_FALLBACK		NA	7342	3.296E-9	22	
17	44084844	RS78962882	RS62057151	PRUNED_LD	LD		MULTI	7343	3.297E-9	96	1
19	19597240	RS2315610	RS2916074	PRUNED_LD	LD		MULTI	7344	3.297E-9	102	0.94
6	29780093	RS1610669	RS547591961	PRUNED_DISTANCE_FALLBACK	DISTANCE_FALLBACK		NA	7345	3.298E-9	13	
6	29913430	RS112863520	RS547591961	PRUNED_DISTANCE_FALLBACK	DISTANCE_FALLBACK		NA	7346	3.299E-9	13	
17	43999406	RS62058964	RS62057151	PRUNED_LD	LD		MULTI	7347	3.304E-9	96	1
17	44084533	RS74829364	RS62057151	PRUNED_LD	LD		MULTI	7348	3.304E-9	96	0.59
2	200021703	RS2345459	RS1451488	PRUNED_LD	LD		MULTI	7349	3.306E-9	88	0.86
6	29749266	RS76210869	RS547591961	PRUNED_DISTANCE_FALLBACK	DISTANCE_FALLBACK		NA	7350	3.307E-9	13	
6	26889645	RS6928511	RS13215879	PRUNED_DISTANCE_FALLBACK	DISTANCE_FALLBACK		NA	7351	3.308E-9	22	
17	43809264	RS62054393	RS62057151	PRUNED_LD	LD		EUR	7352	3.309E-9	96	0.87
17	43809016	RS4390635	RS62057151	PRUNED_LD	LD		EUR	7353	3.31E-9	96	0.88
17	43924200	RS12373142	RS62057151	PRUNED_LD	LD		MULTI	7354	3.31E-9	96	1
17	43787226	RS62056920	RS62057151	PRUNED_LD	LD		EUR	7355	3.312E-9	96	0.85
17	43808945	RS62054392	RS62057151	PRUNED_LD	LD		EUR	7356	3.312E-9	96	0.88
17	43958139	RS55876817	RS62057151	PRUNED_LD	LD		MULTI	7357	3.312E-9	96	1
3	52782274	RS13087772	RS13083798	PRUNED_LD	LD		MULTI	7358	3.312E-9	42	0.78
17	43998151	RS62058962	RS62057151	PRUNED_LD	LD		MULTI	7359	3.313E-9	96	1
17	44245876	RS566037900	RS560050580	PRUNED_DISTANCE_FALLBACK	DISTANCE_FALLBACK		NA	7360	3.313E-9	111	
17	43789640	RS62056930	RS62057151	PRUNED_LD	LD		EUR	7361	3.314E-9	96	0.84
17	43808443	RS62054390	RS62057151	PRUNED_LD	LD		EUR	7362	3.315E-9	96	0.88
17	43958099	RS55721252	RS62057151	PRUNED_LD	LD		MULTI	7363	3.316E-9	96	1
17	44084676	RS62064669	RS62057151	PRUNED_LD	LD		MULTI	7364	3.317E-9	96	1
8	38120721	RS9198	RS10958683	PRUNED_LD	LD		MULTI	7365	3.321E-9	93	0.67
17	43793388	RS1105569	RS62057151	PRUNED_LD	LD		EUR	7366	3.322E-9	96	0.85
2	200028704	RS896350	RS1451488	PRUNED_LD	LD		MULTI	7367	3.322E-9	88	0.87
6	26891919	RS7768643	RS13215879	PRUNED_DISTANCE_FALLBACK	DISTANCE_FALLBACK		NA	7368	3.322E-9	22	
17	43792326	RS56220242	RS62057151	PRUNED_LD	LD		EUR	7369	3.326E-9	96	0.84
5	45441027	RS6451802	RS16902086	PRUNED_LD	LD		MULTI	7370	3.327E-9	76	0.37
17	44026548	RS242561	RS62057151	PRUNED_LD	LD		EUR	7371	3.328E-9	96	0.57
17	44078892	RS62064661	RS62057151	PRUNED_LD	LD		MULTI	7372	3.329E-9	96	1
17	43958172	RS55944735	RS62057151	PRUNED_LD	LD		MULTI	7373	3.332E-9	96	1
17	43808763	RS55947210	RS62057151	PRUNED_LD	LD		EUR	7374	3.334E-9	96	0.88
17	44355634	RS2696531	RS560050580	PRUNED_DISTANCE_FALLBACK	DISTANCE_FALLBACK		NA	7375	3.334E-9	111	
17	43808067	RS17649138	RS62057151	PRUNED_LD	LD		EUR	7376	3.335E-9	96	0.87
17	44082249	RS113201171	RS62057151	PRUNED_LD	LD		MULTI	7377	3.335E-9	96	1
10	104707537	RS7101143	RS11191580	PRUNED_LD	LD		ASN	7378	3.336E-9	48	0.22
2	200017234	RS1562873	RS1451488	PRUNED_LD	LD		MULTI	7379	3.341E-9	88	0.88
17	43807955	RS17563599	RS62057151	PRUNED_LD	LD		EUR	7380	3.342E-9	96	0.88
17	44270059	RS2696633	RS560050580	PRUNED_DISTANCE_FALLBACK	DISTANCE_FALLBACK		NA	7381	3.342E-9	111	
20	37395112	RS2243520	RS6124079	PRUNED_LD	LD		MULTI	7382	3.342E-9	89	0.51
17	44077708	RS79959255	RS62057151	PRUNED_LD	LD		MULTI	7383	3.346E-9	96	1
17	44074613	RS62063853	RS62057151	PRUNED_LD	LD		MULTI	7384	3.347E-9	96	1
17	43792252	RS55973918	RS62057151	PRUNED_LD	LD		EUR	7385	3.348E-9	96	0.84
5	152307156	RS56313315	RS17488630	PRUNED_LD	LD		MULTI	7386	3.351E-9	112	1
17	43807063	RS2864087	RS62057151	PRUNED_LD	LD		EUR	7387	3.353E-9	96	0.87
19	19616742	RS1063966	RS2916074	PRUNED_LD	LD		MULTI	7388	3.353E-9	102	0.94
20	37397909	RS2247983	RS6124079	PRUNED_LD	LD		MULTI	7389	3.354E-9	89	0.52
17	43793828	RS4479288	RS62057151	PRUNED_LD	LD		EUR	7390	3.355E-9	96	0.84
2	200022547	RS10208243	RS1451488	PRUNED_LD	LD		MULTI	7391	3.355E-9	88	0.88
17	43987801	RS56189701	RS62057151	PRUNED_LD	LD		MULTI	7392	3.356E-9	96	1
17	43784624	RS62056911	RS62057151	PRUNED_LD	LD		EUR	7393	3.359E-9	96	0.85
17	43788419	RS56397077	RS62057151	PRUNED_LD	LD		EUR	7394	3.359E-9	96	0.84
10	104953547	RS10748839	RS11191580	PRUNED_LD	LD		ASN	7395	3.36E-9	48	0.28
17	43792975	RS1568949	RS62057151	PRUNED_LD	LD		EUR	7396	3.361E-9	96	0.85
17	43793200	RS1105571	RS62057151	PRUNED_LD	LD		EUR	7397	3.361E-9	96	0.85
6	31838441	RS644827	RS431204	PRUNED_DISTANCE_FALLBACK	DISTANCE_FALLBACK		NA	7398	3.363E-9	14	
17	44075837	RS1078269	RS62057151	PRUNED_LD	LD		MULTI	7399	3.365E-9	96	1
1	98456731	RS61785888	RS4950119	PRUNED_LD	LD		MULTI	7400	3.366E-9	47	1
1	98465528	RS2154403	RS4950119	PRUNED_LD	LD		MULTI	7401	3.366E-9	47	1
17	43806451	RS4617909	RS62057151	PRUNED_LD	LD		EUR	7402	3.367E-9	96	0.86
17	43806925	RS2902662	RS62057151	PRUNED_LD	LD		EUR	7403	3.367E-9	96	0.86
17	44075535	RS62063855	RS62057151	PRUNED_LD	LD		MULTI	7404	3.368E-9	96	1
17	44077850	RS56301633	RS62057151	PRUNED_LD	LD		MULTI	7405	3.368E-9	96	1
2	200022591	RS2198154	RS1451488	PRUNED_LD	LD		MULTI	7406	3.369E-9	88	0.86
11	46729115	RS61884301	RS7108770	PRUNED_LD	LD		MULTI	7407	3.373E-9	65	0.81
2	200785854	RS13016447	RS166845	PRUNED_LD	LD		MULTI	7408	3.376E-9	86	0.62
17	44246405	RS544076796	RS560050580	PRUNED_DISTANCE_FALLBACK	DISTANCE_FALLBACK		NA	7409	3.377E-9	111	
17	44269964	RS11079733	RS560050580	PRUNED_DISTANCE_FALLBACK	DISTANCE_FALLBACK		NA	7410	3.377E-9	111	
17	43807485	RS79226879	RS62057151	PRUNED_LD	LD		EUR	7411	3.378E-9	96	0.85
3	52800284	RS2230535	RS13083798	PRUNED_LD	LD		MULTI	7412	3.378E-9	42	0.75
17	43784222	RS62056910	RS62057151	PRUNED_LD	LD		EUR	7413	3.382E-9	96	0.85
17	43793342	RS1105570	RS62057151	PRUNED_LD	LD		EUR	7414	3.382E-9	96	0.85
6	28905104	RS3135329	RS539591970	PRUNED_DISTANCE_FALLBACK	DISTANCE_FALLBACK		NA	7415	3.382E-9	11	
14	72454822	RS12590831	RS10137909	PRUNED_LD	LD		MULTI	7416	3.383E-9	114	0.97
17	43806264	RS1880752	RS62057151	PRUNED_LD	LD		EUR	7417	3.384E-9	96	0.86
6	32626139	RS6905975	RS3021302	PRUNED_LD	LD		ASN	7418	3.384E-9	27	0.21
22	42437366	RS133353	RS5751191	PRUNED_LD	LD		MULTI	7419	3.388E-9	69	0.59
17	44247314	RS564717292	RS560050580	PRUNED_DISTANCE_FALLBACK	DISTANCE_FALLBACK		NA	7420	3.39E-9	111	
18	77633976	RS3826576	RS55858161	PRUNED_LD	LD		MULTI	7421	3.39E-9	87	0.93
17	43788649	RS62056925	RS62057151	PRUNED_LD	LD		EUR	7422	3.391E-9	96	0.84
3	52802402	RS2230534	RS13083798	PRUNED_LD	LD		MULTI	7423	3.391E-9	42	0.75
17	43787563	RS62056922	RS62057151	PRUNED_LD	LD		EUR	7424	3.392E-9	96	0.84
17	43792411	RS56167560	RS62057151	PRUNED_LD	LD		EUR	7425	3.393E-9	96	0.84
17	44078616	RS62063859	RS62057151	PRUNED_LD	LD		MULTI	7426	3.395E-9	96	1
17	44247673	RS565948451	RS560050580	PRUNED_DISTANCE_FALLBACK	DISTANCE_FALLBACK		NA	7427	3.398E-9	111	
17	43992283	RS55810795	RS62057151	PRUNED_LD	LD		MULTI	7428	3.4E-9	96	1
17	43992244	RS56042957	RS62057151	PRUNED_LD	LD		MULTI	7429	3.405E-9	96	1
2	58393911	RS848287	RS7596038	PRUNED_LD	LD		MULTI	7430	3.405E-9	56	0.65
6	31837491	RS571338	RS431204	PRUNED_DISTANCE_FALLBACK	DISTANCE_FALLBACK		NA	7431	3.407E-9	14	
17	43807099	RS2902661	RS62057151	PRUNED_LD	LD		EUR	7432	3.408E-9	96	0.87
17	43987154	RS62056812	RS62057151	PRUNED_LD	LD		MULTI	7433	3.408E-9	96	1
5	152322621	RS72804789	RS17488630	PRUNED_LD	LD		EUR	7434	3.409E-9	112	0.96
6	29753454	RS1737018	RS547591961	PRUNED_DISTANCE_FALLBACK	DISTANCE_FALLBACK		NA	7435	3.409E-9	13	
17	43792586	RS1880749	RS62057151	PRUNED_LD	LD		EUR	7436	3.411E-9	96	0.84
17	44082981	RS62064668	RS62057151	PRUNED_LD	LD		MULTI	7437	3.411E-9	96	1
17	44085743	RS78136862	RS62057151	PRUNED_LD	LD		MULTI	7438	3.412E-9	96	1
19	19597055	RS10419912	RS2916074	PRUNED_LD	LD		MULTI	7439	3.413E-9	102	0.94
3	52787242	RS13095332	RS13083798	PRUNED_LD	LD		MULTI	7440	3.414E-9	42	0.8
6	29753472	RS1737017	RS547591961	PRUNED_DISTANCE_FALLBACK	DISTANCE_FALLBACK		NA	7441	3.415E-9	13	
17	44248769	RS566672630	RS560050580	PRUNED_DISTANCE_FALLBACK	DISTANCE_FALLBACK		NA	7442	3.416E-9	111	
17	44079721	RS62064662	RS62057151	PRUNED_LD	LD		MULTI	7443	3.417E-9	96	1
17	44075901	RS1078268	RS62057151	PRUNED_LD	LD		MULTI	7444	3.419E-9	96	1
17	43787306	RS62056921	RS62057151	PRUNED_LD	LD		EUR	7445	3.42E-9	96	0.85
17	44246997	RS542364049	RS560050580	PRUNED_DISTANCE_FALLBACK	DISTANCE_FALLBACK		NA	7446	3.421E-9	111	
12	123643689	RS2851438	RS4460848	PRUNED_LD	LD		EUR	7447	3.422E-9	34	0.8
12	123642955	RS2682429	RS4460848	PRUNED_LD	LD		EUR	7448	3.423E-9	34	0.8
17	44267227	RS564912328	RS560050580	PRUNED_DISTANCE_FALLBACK	DISTANCE_FALLBACK		NA	7449	3.423E-9	111	
17	44010452	RS62061714	RS62057151	PRUNED_LD	LD		MULTI	7450	3.424E-9	96	1
7	2005747	RS11766575	RS12154473	PRUNED_LD	LD		MULTI	7451	3.427E-9	51	0.72
17	44246624	RS2532276	RS560050580	PRUNED_DISTANCE_FALLBACK	DISTANCE_FALLBACK		NA	7452	3.43E-9	111	
8	38126359	RS1149	RS10958683	PRUNED_LD	LD		MULTI	7453	3.43E-9	93	0.67
17	43785808	RS17689218	RS62057151	PRUNED_LD	LD		EUR	7454	3.431E-9	96	0.85
17	43786013	RS62056917	RS62057151	PRUNED_LD	LD		EUR	7455	3.432E-9	96	0.85
8	38264113	RS12677006	RS10958683	PRUNED_LD	LD		MULTI	7456	3.432E-9	93	0.92
17	44086100	RS62064671	RS62057151	PRUNED_LD	LD		MULTI	7457	3.433E-9	96	1
6	27017827	RS6918835	RS13215879	PRUNED_DISTANCE_FALLBACK	DISTANCE_FALLBACK		NA	7458	3.434E-9	22	
13	56944584	RS9591754	RS9597388	PRUNED_LD	LD		MULTI	7459	3.436E-9	121	0.98
17	44356949	RS571516577	RS560050580	PRUNED_DISTANCE_FALLBACK	DISTANCE_FALLBACK		NA	7460	3.436E-9	111	
17	44078832	RS62064660	RS62057151	PRUNED_LD	LD		EUR	7461	3.438E-9	96	0.56
17	44010405	RS62061713	RS62057151	PRUNED_LD	LD		MULTI	7462	3.439E-9	96	1
6	26917173	RS4711137	RS13215879	PRUNED_DISTANCE_FALLBACK	DISTANCE_FALLBACK		NA	7463	3.439E-9	22	
12	123643420	RS2695481	RS4460848	PRUNED_LD	LD		EUR	7464	3.441E-9	34	0.8
17	43787130	RS17762535	RS62057151	PRUNED_LD	LD		EUR	7465	3.441E-9	96	0.85
17	44010118	RS2316783	RS62057151	PRUNED_LD	LD		MULTI	7466	3.441E-9	96	1
2	200023080	RS6731445	RS1451488	PRUNED_LD	LD		MULTI	7467	3.441E-9	88	0.88
17	44076665	RS62063857	RS62057151	PRUNED_LD	LD		MULTI	7468	3.442E-9	96	1
17	43788666	RS62056926	RS62057151	PRUNED_LD	LD		EUR	7469	3.443E-9	96	0.84
17	43806015	RS4401083	RS62057151	PRUNED_LD	LD		EUR	7470	3.445E-9	96	0.86
6	29200245	RS2207337	RS539591970	PRUNED_DISTANCE_FALLBACK	DISTANCE_FALLBACK		NA	7471	3.445E-9	11	
14	72453530	RS10136808	RS10137909	PRUNED_LD	LD		MULTI	7472	3.449E-9	114	0.98
17	43785938	RS62056916	RS62057151	PRUNED_LD	LD		EUR	7473	3.451E-9	96	0.85
19	19476984	RS8101499	RS2916074	PRUNED_LD	LD		MULTI	7474	3.452E-9	102	0.73
3	52608949	RS4687547	RS13083798	PRUNED_LD	LD		MULTI	7475	3.454E-9	42	0.88
7	137026637	RS320725	RS320682	PRUNED_LD	LD		MULTI	7476	3.455E-9	108	0.97
17	44010364	RS4255816	RS62057151	PRUNED_LD	LD		MULTI	7477	3.458E-9	96	1
12	123618603	RS1727316	RS4460848	PRUNED_LD	LD		EUR	7478	3.459E-9	34	0.79
17	43792358	RS56160448	RS62057151	PRUNED_LD	LD		EUR	7479	3.459E-9	96	0.85
2	201244261	RS6708345	RS3769472	PRUNED_LD	LD		MULTI	7480	3.46E-9	94	0.61
15	61831680	RS11633501	RS35351411	PRUNED_LD	LD		MULTI	7481	3.462E-9	90	0.96
17	44011073	RS17650258	RS62057151	PRUNED_LD	LD		MULTI	7482	3.462E-9	96	1
8	38127768	RS3739252	RS10958683	PRUNED_LD	LD		MULTI	7483	3.464E-9	93	0.67
17	44267863	RS570203120	RS560050580	PRUNED_DISTANCE_FALLBACK	DISTANCE_FALLBACK		NA	7484	3.467E-9	111	
3	52609157	RS6762457	RS13083798	PRUNED_LD	LD		MULTI	7485	3.467E-9	42	0.88
17	43785627	RS62056915	RS62057151	PRUNED_LD	LD		EUR	7486	3.469E-9	96	0.85
17	43856458	RS35076622	RS62057151	PRUNED_LD	LD		EUR	7487	3.469E-9	96	0.49
3	52247110	RS352163	RS2276834	PRUNED_LD	LD		MULTI	7488	3.47E-9	63	0.74
15	61854003	RS12898315	RS35351411	PRUNED_LD	LD		MULTI	7489	3.473E-9	90	0.95
17	44267617	RS559790424	RS560050580	PRUNED_DISTANCE_FALLBACK	DISTANCE_FALLBACK		NA	7490	3.474E-9	111	
17	43790401	RS79322350	RS62057151	PRUNED_LD	LD		EUR	7491	3.476E-9	96	0.85
15	61854104	RS62008395	RS62008395	SELECTED_LEAD	DISTANCE_FALLBACK	NO_LD_RESPONSE		7492	3.478E-9	131	
6	25790356	RS28360585	RS13211947	PRUNED_LD	LD		EUR	7493	3.479E-9	35	0.42
15	61856263	RS35225048	RS35351411	PRUNED_LD	LD		MULTI	7494	3.482E-9	90	0.93
17	43994358	RS111541901	RS62057151	PRUNED_LD	LD		MULTI	7495	3.483E-9	96	1
3	52897823	RS6764322	RS13083798	PRUNED_LD	LD		MULTI	7496	3.483E-9	42	0.33
17	44006954	RS62061707	RS62057151	PRUNED_LD	LD		MULTI	7497	3.485E-9	96	1
17	43994623	RS112647192	RS62057151	PRUNED_LD	LD		MULTI	7498	3.486E-9	96	1
2	200019448	RS2122846	RS1451488	PRUNED_LD	LD		MULTI	7499	3.486E-9	88	0.88
17	44244926	RS531360085	RS560050580	PRUNED_DISTANCE_FALLBACK	DISTANCE_FALLBACK		NA	7500	3.487E-9	111	
17	44248814	RS535019273	RS560050580	PRUNED_DISTANCE_FALLBACK	DISTANCE_FALLBACK		NA	7501	3.487E-9	111	
19	19481379	RS34538000	RS2916074	PRUNED_LD	LD		MULTI	7502	3.487E-9	102	0.79
15	61848154	RS4561406	RS35351411	PRUNED_LD	LD		MULTI	7503	3.493E-9	90	0.93
17	43998328	RS1467969	RS62057151	PRUNED_LD	LD		MULTI	7504	3.493E-9	96	1
17	43998822	RS767057	RS62057151	PRUNED_LD	LD		MULTI	7505	3.493E-9	96	1
17	44244581	RS544717127	RS560050580	PRUNED_DISTANCE_FALLBACK	DISTANCE_FALLBACK		NA	7506	3.493E-9	111	
5	45750394	RS4257782	RS4257782	SELECTED_LEAD	LD	OK_LOCAL_CACHE		7507	3.494E-9	132	
17	44006956	RS62061708	RS62057151	PRUNED_LD	LD		MULTI	7508	3.495E-9	96	1
17	44268488	RS2141298	RS560050580	PRUNED_DISTANCE_FALLBACK	DISTANCE_FALLBACK		NA	7509	3.495E-9	111	
2	200022979	RS6760109	RS1451488	PRUNED_LD	LD		MULTI	7510	3.495E-9	88	0.88
17	44074619	RS62063854	RS62057151	PRUNED_LD	LD		MULTI	7511	3.497E-9	96	1
17	44001621	RS17649918	RS62057151	PRUNED_LD	LD		MULTI	7512	3.498E-9	96	1
11	46723516	RS57739486	RS7108770	PRUNED_LD	LD		MULTI	7513	3.499E-9	65	0.82
2	200787804	RS281760	RS166845	PRUNED_LD	LD		MULTI	7514	3.499E-9	86	0.96
5	137940165	RS11745933	RS10117	PRUNED_LD	LD		MULTI	7515	3.499E-9	105	0.93
17	43792896	RS1568950	RS1568950	SELECTED_LEAD	LD	OK		7516	3.501E-9	133	
17	44001379	RS17564493	RS62057151	PRUNED_LD	LD		MULTI	7517	3.501E-9	96	1
17	43792895	RS1568951	RS62057151	PRUNED_LD	LD		EUR	7518	3.502E-9	96	0.79
1	98455957	RS61785886	RS4950119	PRUNED_LD	LD		MULTI	7519	3.504E-9	47	0.97
15	61851274	RS55835940	RS35351411	PRUNED_LD	LD		MULTI	7520	3.505E-9	90	0.92
17	43791429	RS77387379	RS62057151	PRUNED_LD	LD		EUR	7521	3.505E-9	96	0.85
17	44001661	RS17649954	RS62057151	PRUNED_LD	LD		MULTI	7522	3.505E-9	96	1
1	98491382	RS4950120	RS4950119	PRUNED_LD	LD		MULTI	7523	3.506E-9	47	1
17	43784935	RS78568882	RS62057151	PRUNED_LD	LD		EUR	7524	3.506E-9	96	0.85
2	200751582	RS281783	RS166845	PRUNED_LD	LD		MULTI	7525	3.507E-9	86	0.83
17	43998574	RS1467970	RS62057151	PRUNED_LD	LD		MULTI	7526	3.508E-9	96	1
17	43791332	RS62056939	RS62057151	PRUNED_LD	LD		EUR	7527	3.509E-9	96	0.84
17	43791405	RS78803763	RS62057151	PRUNED_LD	LD		EUR	7528	3.51E-9	96	0.85
17	43999793	RS1476127	RS62057151	PRUNED_LD	LD		MULTI	7529	3.51E-9	96	1
2	200787719	RS281759	RS166845	PRUNED_LD	LD		MULTI	7530	3.51E-9	86	0.96
17	43999785	RS1967981	RS62057151	PRUNED_LD	LD		MULTI	7531	3.513E-9	96	1
17	43992305	RS55933304	RS62057151	PRUNED_LD	LD		MULTI	7532	3.515E-9	96	1
17	44021744	RS4479290	RS62057151	PRUNED_LD	LD		EUR	7533	3.517E-9	96	0.58
17	43999529	RS62058965	RS62057151	PRUNED_LD	LD		MULTI	7534	3.518E-9	96	1
17	43791344	RS62056940	RS62057151	PRUNED_LD	LD		EUR	7535	3.52E-9	96	0.85
17	44000914	RS17649866	RS62057151	PRUNED_LD	LD		MULTI	7536	3.52E-9	96	1
17	44011825	RS17564983	RS62057151	PRUNED_LD	LD		MULTI	7537	3.521E-9	96	1
2	200058398	RS62178718	RS1451488	PRUNED_LD	LD		MULTI	7538	3.522E-9	88	0.87
22	42441302	RS133356	RS5751191	PRUNED_LD	LD		MULTI	7539	3.522E-9	69	0.58
6	25789390	RS10214468	RS13211947	PRUNED_LD	LD		EUR	7540	3.523E-9	35	0.42
17	44193097	RS17661027	RS560050580	PRUNED_DISTANCE_FALLBACK	DISTANCE_FALLBACK		NA	7541	3.524E-9	111	
13	56944602	RS9591755	RS9597388	PRUNED_LD	LD		MULTI	7542	3.527E-9	121	0.98
17	44000505	RS56002706	RS62057151	PRUNED_LD	LD		MULTI	7543	3.529E-9	96	0.88
17	43791652	RS74579538	RS62057151	PRUNED_LD	LD		EUR	7544	3.53E-9	96	0.85
19	19621038	RS10402627	RS2916074	PRUNED_LD	LD		MULTI	7545	3.53E-9	102	0.94
2	200792881	RS971232	RS166845	PRUNED_LD	LD		MULTI	7546	3.531E-9	86	0.96
17	43999100	RS767059	RS62057151	PRUNED_LD	LD		MULTI	7547	3.532E-9	96	1
17	44265702	RS563972143	RS560050580	PRUNED_DISTANCE_FALLBACK	DISTANCE_FALLBACK		NA	7548	3.532E-9	111	
7	2167939	RS3800917	RS12154473	PRUNED_LD	LD		EUR	7549	3.532E-9	51	0.45
2	185811940	RS4380187	RS11693094	PRUNED_LD	LD		MULTI	7550	3.533E-9	107	0.46
5	45439433	RS6451801	RS16902086	PRUNED_LD	LD		MULTI	7551	3.533E-9	76	0.36
17	44207887	RS10514904	RS560050580	PRUNED_DISTANCE_FALLBACK	DISTANCE_FALLBACK		NA	7552	3.536E-9	111	
17	44000610	RS8078495	RS62057151	PRUNED_LD	LD		MULTI	7553	3.537E-9	96	1
19	19603692	RS4808964	RS2916074	PRUNED_LD	LD		MULTI	7554	3.537E-9	102	0.87
2	200048386	RS12618091	RS1451488	PRUNED_LD	LD		MULTI	7555	3.538E-9	88	0.87
3	52612159	RS34954168	RS13083798	PRUNED_LD	LD		MULTI	7556	3.538E-9	42	0.88
2	200792498	RS3098341	RS166845	PRUNED_LD	LD		MULTI	7557	3.54E-9	86	0.96
6	29738454	RS1610634	RS547591961	PRUNED_DISTANCE_FALLBACK	DISTANCE_FALLBACK		NA	7558	3.54E-9	13	
17	44000234	RS8079501	RS62057151	PRUNED_LD	LD		MULTI	7559	3.541E-9	96	1
6	26365147	RS9393709	RS71557335	PRUNED_DISTANCE_FALLBACK	DISTANCE_FALLBACK		NA	7560	3.541E-9	29	
6	33158912	RS41317106	RS41317102	PRUNED_LD	LD		EUR	7561	3.541E-9	116	1
17	44086521	RS62064672	RS62057151	PRUNED_LD	LD		MULTI	7562	3.542E-9	96	1
17	44353885	RS111198951	RS560050580	PRUNED_DISTANCE_FALLBACK	DISTANCE_FALLBACK		NA	7563	3.543E-9	111	
2	200753673	RS281782	RS166845	PRUNED_LD	LD		MULTI	7564	3.543E-9	86	0.83
17	44243179	RS567428298	RS560050580	PRUNED_DISTANCE_FALLBACK	DISTANCE_FALLBACK		NA	7565	3.544E-9	111	
2	200767512	RS1658807	RS166845	PRUNED_LD	LD		MULTI	7566	3.544E-9	86	0.83
8	38243128	RS55796824	RS10958683	PRUNED_LD	LD		MULTI	7567	3.544E-9	93	0.78
17	44077851	RS56108300	RS62057151	PRUNED_LD	LD		MULTI	7568	3.546E-9	96	1
2	200750444	RS188146	RS166845	PRUNED_LD	LD		MULTI	7569	3.546E-9	86	0.83
6	29744577	RS2844839	RS547591961	PRUNED_DISTANCE_FALLBACK	DISTANCE_FALLBACK		NA	7570	3.546E-9	13	
2	200019105	RS9288302	RS1451488	PRUNED_LD	LD		MULTI	7571	3.548E-9	88	0.88
2	200057942	RS6717968	RS1451488	PRUNED_LD	LD		MULTI	7572	3.548E-9	88	0.87
17	43791610	RS113661667	RS62057151	PRUNED_LD	LD		EUR	7573	3.549E-9	96	0.85
17	44266022	RS549710507	RS560050580	PRUNED_DISTANCE_FALLBACK	DISTANCE_FALLBACK		NA	7574	3.549E-9	111	
8	38176187	RS2280847	RS10958683	PRUNED_LD	LD		MULTI	7575	3.549E-9	93	0.7
8	143316970	RS13262595	RS4129585	PRUNED_LD	LD		MULTI	7576	3.549E-9	127	1
17	43854655	RS34186148	RS62057151	PRUNED_LD	LD		EUR	7577	3.553E-9	96	0.48
2	200025082	RS2881160	RS1451488	PRUNED_LD	LD		MULTI	7578	3.554E-9	88	0.88
22	42444489	RS5758559	RS5751191	PRUNED_LD	LD		MULTI	7579	3.554E-9	69	0.69
17	43791468	RS75990322	RS62057151	PRUNED_LD	LD		EUR	7580	3.556E-9	96	0.85
11	46730043	RS79175663	RS7108770	PRUNED_LD	LD		MULTI	7581	3.557E-9	65	0.81
6	29251906	RS3117347	RS539591970	PRUNED_DISTANCE_FALLBACK	DISTANCE_FALLBACK		NA	7582	3.558E-9	11	
10	104752960	RS10509757	RS11191580	PRUNED_LD	LD		ASN	7583	3.56E-9	48	0.34
3	52904524	RS9836499	RS2245424	PRUNED_LD	LD		MULTI	7584	3.56E-9	99	0.73
17	43790911	RS62056936	RS62057151	PRUNED_LD	LD		EUR	7585	3.562E-9	96	0.85
19	19480099	RS2315281	RS2916074	PRUNED_LD	LD		MULTI	7586	3.563E-9	102	0.87
17	43789698	RS62056931	RS62057151	PRUNED_LD	LD		EUR	7587	3.566E-9	96	0.82
17	44357351	RS17665188	RS560050580	PRUNED_DISTANCE_FALLBACK	DISTANCE_FALLBACK		NA	7588	3.569E-9	111	
17	44126673	RS112333322	RS62057151	PRUNED_LD	LD		MULTI	7589	3.57E-9	96	1
17	43791181	RS62056937	RS62057151	PRUNED_LD	LD		EUR	7590	3.571E-9	96	0.85
17	44083323	RS17652337	RS62057151	PRUNED_LD	LD		MULTI	7591	3.572E-9	96	1
14	72453390	RS4569194	RS10137909	PRUNED_LD	LD		MULTI	7592	3.573E-9	114	0.99
17	44068924	RS1052551	RS62057151	PRUNED_LD	LD		MULTI	7593	3.573E-9	96	1
17	44243979	RS543087623	RS560050580	PRUNED_DISTANCE_FALLBACK	DISTANCE_FALLBACK		NA	7594	3.573E-9	111	
17	44254379	RS550757212	RS560050580	PRUNED_DISTANCE_FALLBACK	DISTANCE_FALLBACK		NA	7595	3.573E-9	111	
17	44073739	RS62063850	RS62057151	PRUNED_LD	LD		MULTI	7596	3.574E-9	96	1
6	26365346	RS3734536	RS71557335	PRUNED_DISTANCE_FALLBACK	DISTANCE_FALLBACK		NA	7597	3.575E-9	29	
2	200753901	RS166848	RS166845	PRUNED_LD	LD		MULTI	7598	3.576E-9	86	0.83
17	44254413	RS569247938	RS560050580	PRUNED_DISTANCE_FALLBACK	DISTANCE_FALLBACK		NA	7599	3.577E-9	111	
7	2190100	RS3823631	RS12154473	PRUNED_LD	LD		MULTI	7600	3.578E-9	51	0.39
17	44248042	RS570200944	RS560050580	PRUNED_DISTANCE_FALLBACK	DISTANCE_FALLBACK		NA	7601	3.579E-9	111	
19	19481606	RS2965175	RS2916074	PRUNED_LD	LD		MULTI	7602	3.581E-9	102	0.85
19	19619542	RS6909	RS2916074	PRUNED_LD	LD		MULTI	7603	3.582E-9	102	0.94
17	44000202	RS55929431	RS62057151	PRUNED_LD	LD		MULTI	7604	3.583E-9	96	1
12	108618630	RS3764002	RS3764002	SELECTED_LEAD	LD	OK_LOCAL_CACHE		7605	3.585E-9	134	
17	44073145	RS17652066	RS62057151	PRUNED_LD	LD		MULTI	7606	3.586E-9	96	1
8	38249795	RS12681483	RS10958683	PRUNED_LD	LD		MULTI	7607	3.588E-9	93	0.81
17	43686420	RS440778	RS62057151	PRUNED_LD	LD		EUR	7608	3.589E-9	96	0.67
17	44083402	RS1991556	RS62057151	PRUNED_LD	LD		MULTI	7609	3.59E-9	96	1
19	19608537	RS10402451	RS2916074	PRUNED_LD	LD		MULTI	7610	3.59E-9	102	0.95
17	44073973	RS17652121	RS62057151	PRUNED_LD	LD		MULTI	7611	3.592E-9	96	1
17	44092801	RS12149995	RS62057151	PRUNED_LD	LD		MULTI	7612	3.594E-9	96	0.59
11	46724068	RS12574918	RS7108770	PRUNED_LD	LD		MULTI	7613	3.596E-9	65	0.82
17	44235893	RS534560878	RS560050580	PRUNED_DISTANCE_FALLBACK	DISTANCE_FALLBACK		NA	7614	3.596E-9	111	
17	44265328	RS576672302	RS560050580	PRUNED_DISTANCE_FALLBACK	DISTANCE_FALLBACK		NA	7615	3.6E-9	111	
17	44001957	RS55685451	RS62057151	PRUNED_LD	LD		MULTI	7616	3.603E-9	96	1
19	50164390	RS10415576	RS12104272	PRUNED_LD	LD		MULTI	7617	3.603E-9	98	0.75
17	44264943	RS566214080	RS560050580	PRUNED_DISTANCE_FALLBACK	DISTANCE_FALLBACK		NA	7618	3.604E-9	111	
17	44237068	RS540664392	RS560050580	PRUNED_DISTANCE_FALLBACK	DISTANCE_FALLBACK		NA	7619	3.605E-9	111	
17	44242969	RS566489145	RS560050580	PRUNED_DISTANCE_FALLBACK	DISTANCE_FALLBACK		NA	7620	3.605E-9	111	
2	200769539	RS1704186	RS166845	PRUNED_LD	LD		MULTI	7621	3.606E-9	86	0.83
17	43790446	RS62056935	RS62057151	PRUNED_LD	LD		EUR	7622	3.608E-9	96	0.85
6	30081108	RS9261425	RS547591961	PRUNED_DISTANCE_FALLBACK	DISTANCE_FALLBACK		NA	7623	3.608E-9	13	
17	43784948	RS62056912	RS62057151	PRUNED_LD	LD		EUR	7624	3.609E-9	96	0.85
8	38231314	RS72630617	RS10958683	PRUNED_LD	LD		MULTI	7625	3.609E-9	93	0.76
10	104679978	RS2297786	RS11191580	PRUNED_LD	LD		ASN	7626	3.61E-9	48	0.2
17	43790649	RS75076131	RS62057151	PRUNED_LD	LD		EUR	7627	3.615E-9	96	0.84
17	44241664	RS533699804	RS560050580	PRUNED_DISTANCE_FALLBACK	DISTANCE_FALLBACK		NA	7628	3.615E-9	111	
17	44264717	RS539073154	RS560050580	PRUNED_DISTANCE_FALLBACK	DISTANCE_FALLBACK		NA	7629	3.617E-9	111	
17	44266531	RS2696566	RS560050580	PRUNED_DISTANCE_FALLBACK	DISTANCE_FALLBACK		NA	7630	3.619E-9	111	
22	42433801	RS5751204	RS5751191	PRUNED_LD	LD		MULTI	7631	3.619E-9	69	0.72
10	104748459	RS1890184	RS11191580	PRUNED_LD	LD		ASN	7632	3.621E-9	48	0.33
19	19625547	RS7250893	RS2916074	PRUNED_LD	LD		MULTI	7633	3.622E-9	102	0.92
6	31346621	RS2442736	RS7748141	PRUNED_DISTANCE_FALLBACK	DISTANCE_FALLBACK		NA	7634	3.622E-9	24	
17	43998910	RS767056	RS62057151	PRUNED_LD	LD		MULTI	7635	3.623E-9	96	1
17	44263479	RS544098746	RS560050580	PRUNED_DISTANCE_FALLBACK	DISTANCE_FALLBACK		NA	7636	3.624E-9	111	
6	29737993	RS1737028	RS547591961	PRUNED_DISTANCE_FALLBACK	DISTANCE_FALLBACK		NA	7637	3.625E-9	13	
17	44263965	RS527375859	RS560050580	PRUNED_DISTANCE_FALLBACK	DISTANCE_FALLBACK		NA	7638	3.626E-9	111	
17	44001228	RS62058968	RS62057151	PRUNED_LD	LD		MULTI	7639	3.627E-9	96	1
2	200066671	RS7568495	RS1451488	PRUNED_LD	LD		MULTI	7640	3.628E-9	88	0.85
17	44264045	RS539179202	RS560050580	PRUNED_DISTANCE_FALLBACK	DISTANCE_FALLBACK		NA	7641	3.632E-9	111	
14	33309274	RS7161424	RS12883788	PRUNED_LD	LD		MULTI	7642	3.634E-9	109	0.84
17	44263729	RS562357125	RS560050580	PRUNED_DISTANCE_FALLBACK	DISTANCE_FALLBACK		NA	7643	3.634E-9	111	
15	61854663	RS12903146	RS35351411	PRUNED_LD	LD		MULTI	7644	3.645E-9	90	0.96
17	44012989	RS62061719	RS62057151	PRUNED_LD	LD		MULTI	7645	3.645E-9	96	1
2	200026252	RS7566154	RS1451488	PRUNED_LD	LD		MULTI	7646	3.645E-9	88	0.88
17	43786698	RS62056919	RS62057151	PRUNED_LD	LD		EUR	7647	3.647E-9	96	0.85
17	44002062	RS17564591	RS62057151	PRUNED_LD	LD		MULTI	7648	3.649E-9	96	1
18	77595748	RS552957	RS55858161	PRUNED_LD	LD		MULTI	7649	3.652E-9	87	0.71
17	44013024	RS17650381	RS62057151	PRUNED_LD	LD		MULTI	7650	3.654E-9	96	1
14	33309357	RS7140836	RS12883788	PRUNED_LD	LD		MULTI	7651	3.656E-9	109	0.84
17	43786676	RS62056918	RS62057151	PRUNED_LD	LD		EUR	7652	3.657E-9	96	0.85
12	123651162	RS1716167	RS4460848	PRUNED_LD	LD		EUR	7653	3.665E-9	34	0.82
17	44037299	RS62063280	RS62057151	PRUNED_LD	LD		EUR	7654	3.671E-9	96	0.59
19	19619317	RS10282	RS2916074	PRUNED_LD	LD		MULTI	7655	3.671E-9	102	0.9
20	37455370	RS6093097	RS6124079	PRUNED_LD	LD		MULTI	7656	3.671E-9	89	0.93
10	104756374	RS7911789	RS11191580	PRUNED_LD	LD		ASN	7657	3.672E-9	48	0.34
12	123644056	RS1047158	RS4460848	PRUNED_LD	LD		EUR	7658	3.674E-9	34	0.8
17	43792418	RS55849973	RS62057151	PRUNED_LD	LD		EUR	7659	3.674E-9	96	0.84
19	19611550	RS3794993	RS2916074	PRUNED_LD	LD		MULTI	7660	3.675E-9	102	0.95
3	52918513	RS4687684	RS2245424	PRUNED_LD	LD		MULTI	7661	3.682E-9	99	0.7
17	44189910	RS78929339	RS560050580	PRUNED_DISTANCE_FALLBACK	DISTANCE_FALLBACK		NA	7662	3.683E-9	111	
2	200051520	RS10497829	RS1451488	PRUNED_LD	LD		MULTI	7663	3.684E-9	88	0.86
6	29252126	RS3117346	RS539591970	PRUNED_DISTANCE_FALLBACK	DISTANCE_FALLBACK		NA	7664	3.685E-9	11	
17	44002138	RS17564619	RS62057151	PRUNED_LD	LD		MULTI	7665	3.686E-9	96	1
6	32561123	RS9270580	6:32634952_G_T	PRUNED_DISTANCE_FALLBACK	DISTANCE_FALLBACK		NA	7666	3.688E-9	33	
20	37468445	RS1474973	RS6124079	PRUNED_LD	LD		MULTI	7667	3.69E-9	89	0.58
22	40047529	RS9611209	RS732381	PRUNED_LD	LD		MULTI	7668	3.69E-9	79	0.91
3	52747742	RS7620039	RS13083798	PRUNED_LD	LD		MULTI	7669	3.694E-9	42	0.83
3	180717524	RS112417788	RS112011743	PRUNED_DISTANCE_FALLBACK	DISTANCE_FALLBACK		NA	7670	3.694E-9	81	
15	61849563	RS34418080	RS35351411	PRUNED_LD	LD		MULTI	7671	3.696E-9	90	0.93
17	44002969	RS76090253	RS62057151	PRUNED_LD	LD		MULTI	7672	3.697E-9	96	1
17	44003599	RS56249311	RS62057151	PRUNED_LD	LD		MULTI	7673	3.697E-9	96	1
17	44062993	RS530157802	RS560050580	PRUNED_DISTANCE_FALLBACK	DISTANCE_FALLBACK		NA	7674	3.698E-9	111	
17	44241304	RS539559479	RS560050580	PRUNED_DISTANCE_FALLBACK	DISTANCE_FALLBACK		NA	7675	3.698E-9	111	
17	44004076	RS76500077	RS62057151	PRUNED_LD	LD		MULTI	7676	3.701E-9	96	1
17	44004472	RS62059005	RS62057151	PRUNED_LD	LD		MULTI	7677	3.701E-9	96	1
17	44006085	RS62059008	RS62057151	PRUNED_LD	LD		MULTI	7678	3.701E-9	96	1
17	44002431	RS62059003	RS62057151	PRUNED_LD	LD		MULTI	7679	3.703E-9	96	1
17	44003446	RS56197117	RS62057151	PRUNED_LD	LD		MULTI	7680	3.703E-9	96	1
17	44003893	RS62059004	RS62057151	PRUNED_LD	LD		MULTI	7681	3.704E-9	96	1
17	44238938	RS568059837	RS560050580	PRUNED_DISTANCE_FALLBACK	DISTANCE_FALLBACK		NA	7682	3.705E-9	111	
17	44003397	RS55788597	RS62057151	PRUNED_LD	LD		MULTI	7683	3.706E-9	96	1
17	44005413	RS17564780	RS62057151	PRUNED_LD	LD		MULTI	7684	3.706E-9	96	1
15	61870943	RS12592967	RS35351411	PRUNED_LD	LD		MULTI	7685	3.707E-9	90	1
17	44062915	RS559376136	RS560050580	PRUNED_DISTANCE_FALLBACK	DISTANCE_FALLBACK		NA	7686	3.707E-9	111	
17	44236725	RS564325593	RS560050580	PRUNED_DISTANCE_FALLBACK	DISTANCE_FALLBACK		NA	7687	3.708E-9	111	
17	44261753	RS548762783	RS560050580	PRUNED_DISTANCE_FALLBACK	DISTANCE_FALLBACK		NA	7688	3.708E-9	111	
14	33309030	RS7140259	RS12883788	PRUNED_LD	LD		MULTI	7689	3.709E-9	109	0.87
2	200775125	RS35594306	RS166845	PRUNED_LD	LD		MULTI	7690	3.71E-9	86	0.77
17	44002555	RS17650063	RS62057151	PRUNED_LD	LD		MULTI	7691	3.711E-9	96	1
17	44002595	RS17564703	RS62057151	PRUNED_LD	LD		MULTI	7692	3.713E-9	96	1
17	44356793	RS2696524	RS560050580	PRUNED_DISTANCE_FALLBACK	DISTANCE_FALLBACK		NA	7693	3.717E-9	111	
17	44088772	RS62064674	RS62057151	PRUNED_LD	LD		MULTI	7694	3.718E-9	96	1
17	44005329	RS112454267	RS62057151	PRUNED_LD	LD		MULTI	7695	3.72E-9	96	1
17	43807113	RS4609899	RS62057151	PRUNED_LD	LD		EUR	7696	3.723E-9	96	0.86
17	44005254	RS113796169	RS62057151	PRUNED_LD	LD		MULTI	7697	3.73E-9	96	1
17	44293205	RS2696609	RS560050580	PRUNED_DISTANCE_FALLBACK	DISTANCE_FALLBACK		NA	7698	3.731E-9	111	
17	44006130	RS62059009	RS62057151	PRUNED_LD	LD		MULTI	7699	3.733E-9	96	1
20	37399942	RS911720	RS6124079	PRUNED_LD	LD		MULTI	7700	3.733E-9	89	0.52
17	44240986	RS386558525	RS560050580	PRUNED_DISTANCE_FALLBACK	DISTANCE_FALLBACK		NA	7701	3.734E-9	111	
17	44061278	RS17651549	RS62057151	PRUNED_LD	LD		EUR	7702	3.735E-9	96	0.59
17	44074435	RS62063851	RS62057151	PRUNED_LD	LD		MULTI	7703	3.736E-9	96	1
17	44079567	RS17573447	RS62057151	PRUNED_LD	LD		MULTI	7704	3.737E-9	96	1
5	60589739	RS4546329	RS56219078	PRUNED_LD	LD		EUR	7705	3.737E-9	73	0.44
17	44261137	RS532904601	RS560050580	PRUNED_DISTANCE_FALLBACK	DISTANCE_FALLBACK		NA	7706	3.739E-9	111	
17	43782708	RS62056906	RS62057151	PRUNED_LD	LD		EUR	7707	3.74E-9	96	0.85
17	43992581	RS62056850	RS62057151	PRUNED_LD	LD		MULTI	7708	3.74E-9	96	0.87
17	44239958	RS544243747	RS560050580	PRUNED_DISTANCE_FALLBACK	DISTANCE_FALLBACK		NA	7709	3.741E-9	111	
17	44005615	RS62059007	RS62057151	PRUNED_LD	LD		MULTI	7710	3.742E-9	96	0.88
12	123647725	RS1727296	RS4460848	PRUNED_LD	LD		EUR	7711	3.743E-9	34	0.82
17	44240107	RS562531663	RS560050580	PRUNED_DISTANCE_FALLBACK	DISTANCE_FALLBACK		NA	7712	3.743E-9	111	
17	44364649	RS535576035	RS560050580	PRUNED_DISTANCE_FALLBACK	DISTANCE_FALLBACK		NA	7713	3.745E-9	111	
12	123642538	RS1716162	RS4460848	PRUNED_LD	LD		EUR	7714	3.747E-9	34	0.67
17	44237790	RS557054045	RS560050580	PRUNED_DISTANCE_FALLBACK	DISTANCE_FALLBACK		NA	7715	3.748E-9	111	
6	31257511	RS2853928	RS7748141	PRUNED_DISTANCE_FALLBACK	DISTANCE_FALLBACK		NA	7716	3.749E-9	24	
19	19607564	RS6511038	RS2916074	PRUNED_LD	LD		MULTI	7717	3.751E-9	102	0.94
17	44089108	RS76723223	RS62057151	PRUNED_LD	LD		MULTI	7718	3.753E-9	96	1
17	43781505	RS79892630	RS62057151	PRUNED_LD	LD		EUR	7719	3.754E-9	96	0.85
17	44060248	RS56234850	RS62057151	PRUNED_LD	LD		EUR	7720	3.755E-9	96	0.59
17	44058629	RS17572627	RS62057151	PRUNED_LD	LD		EUR	7721	3.756E-9	96	0.59
8	38161469	RS10102341	RS10958683	PRUNED_LD	LD		MULTI	7722	3.756E-9	93	0.7
17	44355602	RS2696532	RS560050580	PRUNED_DISTANCE_FALLBACK	DISTANCE_FALLBACK		NA	7723	3.763E-9	111	
6	26364056	RS10946817	RS71557335	PRUNED_DISTANCE_FALLBACK	DISTANCE_FALLBACK		NA	7724	3.763E-9	29	
1	98421965	RS9324379	RS4950119	PRUNED_LD	LD		MULTI	7725	3.765E-9	47	0.9
3	52256697	RS352140	RS2276834	PRUNED_LD	LD		MULTI	7726	3.766E-9	63	0.75
20	37445747	RS6129108	RS6124079	PRUNED_LD	LD		MULTI	7727	3.767E-9	89	0.94
12	123648881	RS1716165	RS4460848	PRUNED_LD	LD		EUR	7728	3.768E-9	34	0.82
17	44259792	RS567324860	RS560050580	PRUNED_DISTANCE_FALLBACK	DISTANCE_FALLBACK		NA	7729	3.768E-9	111	
10	104943048	RS11191595	RS11191580	PRUNED_LD	LD		MULTI	7730	3.769E-9	48	0.88
17	44238424	RS562593126	RS560050580	PRUNED_DISTANCE_FALLBACK	DISTANCE_FALLBACK		NA	7731	3.769E-9	111	
17	44058861	RS17651483	RS62057151	PRUNED_LD	LD		EUR	7732	3.771E-9	96	0.59
6	29818705	RS76635935	RS547591961	PRUNED_DISTANCE_FALLBACK	DISTANCE_FALLBACK		NA	7733	3.772E-9	13	
1	98417446	RS10875121	RS4950119	PRUNED_LD	LD		MULTI	7734	3.773E-9	47	0.9
2	200072852	RS4338918	RS1451488	PRUNED_LD	LD		MULTI	7735	3.773E-9	88	0.85
12	123618544	RS1790116	RS4460848	PRUNED_LD	LD		EUR	7736	3.775E-9	34	0.79
17	44006601	RS17564829	RS62057151	PRUNED_LD	LD		MULTI	7737	3.776E-9	96	1
17	44238966	RS535060999	RS560050580	PRUNED_DISTANCE_FALLBACK	DISTANCE_FALLBACK		NA	7738	3.776E-9	111	
3	52897801	RS4350911	RS13083798	PRUNED_LD	LD		MULTI	7739	3.776E-9	42	0.33
1	98495513	RS1198573	RS4950119	PRUNED_LD	LD		MULTI	7740	3.777E-9	47	1
17	44006252	RS62061705	RS62057151	PRUNED_LD	LD		MULTI	7741	3.779E-9	96	1
6	26851448	RS10807012	RS13215879	PRUNED_DISTANCE_FALLBACK	DISTANCE_FALLBACK		NA	7742	3.779E-9	22	
8	38163303	RS2171616	RS10958683	PRUNED_LD	LD		MULTI	7743	3.782E-9	93	0.7
18	77608203	RS4799092	RS55858161	PRUNED_LD	LD		MULTI	7744	3.783E-9	87	0.8
3	52672531	RS11719514	RS13083798	PRUNED_LD	LD		MULTI	7745	3.786E-9	42	0.86
17	44260416	RS578055951	RS560050580	PRUNED_DISTANCE_FALLBACK	DISTANCE_FALLBACK		NA	7746	3.787E-9	111	
2	200017123	RS4673254	RS1451488	PRUNED_LD	LD		MULTI	7747	3.787E-9	88	0.88
6	31244021	RS2524074	RS7748141	PRUNED_DISTANCE_FALLBACK	DISTANCE_FALLBACK		NA	7748	3.787E-9	24	
17	44237372	RS533307115	RS560050580	PRUNED_DISTANCE_FALLBACK	DISTANCE_FALLBACK		NA	7749	3.789E-9	111	
17	43994648	RS17649553	RS62057151	PRUNED_LD	LD		MULTI	7750	3.791E-9	96	1
17	43780948	RS17762308	RS62057151	PRUNED_LD	LD		EUR	7751	3.792E-9	96	0.85
19	19605348	RS2288852	RS2916074	PRUNED_LD	LD		MULTI	7752	3.795E-9	102	0.95
3	180719447	RS4855002	RS12152501	PRUNED_LD	LD		MULTI	7753	3.798E-9	72	0.69
17	44090035	RS62062265	RS62057151	PRUNED_LD	LD		MULTI	7754	3.8E-9	96	1
6	31869673	RS2844455	RS431204	PRUNED_DISTANCE_FALLBACK	DISTANCE_FALLBACK		NA	7755	3.802E-9	14	
17	44007493	RS62061709	RS62057151	PRUNED_LD	LD		MULTI	7756	3.803E-9	96	1
17	44012915	RS77924424	RS62057151	PRUNED_LD	LD		MULTI	7757	3.803E-9	96	1
17	44072041	RS55886080	RS62057151	PRUNED_LD	LD		MULTI	7758	3.804E-9	96	1
8	38200221	RS28460372	RS10958683	PRUNED_LD	LD		MULTI	7759	3.804E-9	93	0.73
12	123651966	RS1716168	RS4460848	PRUNED_LD	LD		EUR	7760	3.805E-9	34	0.81
17	44258231	RS539303688	RS560050580	PRUNED_DISTANCE_FALLBACK	DISTANCE_FALLBACK		NA	7761	3.807E-9	111	
5	152273887	RS72804766	RS17488630	PRUNED_LD	LD		MULTI	7762	3.807E-9	112	1
2	200017980	RS11883544	RS1451488	PRUNED_LD	LD		MULTI	7763	3.808E-9	88	0.88
1	98497672	RS1198571	RS4950119	PRUNED_LD	LD		MULTI	7764	3.809E-9	47	1
1	98454469	RS41285694	RS4950119	PRUNED_LD	LD		MULTI	7765	3.811E-9	47	0.93
17	44234526	RS552475563	RS560050580	PRUNED_DISTANCE_FALLBACK	DISTANCE_FALLBACK		NA	7766	3.811E-9	111	
17	44009876	RS62061712	RS62057151	PRUNED_LD	LD		MULTI	7767	3.812E-9	96	1
14	33308918	RS7156389	RS12883788	PRUNED_LD	LD		MULTI	7768	3.813E-9	109	0.87
17	44352872	RS568873066	RS560050580	PRUNED_DISTANCE_FALLBACK	DISTANCE_FALLBACK		NA	7769	3.813E-9	111	
2	200741720	RS11694369	RS166845	PRUNED_LD	LD		MULTI	7770	3.815E-9	86	0.71
17	43782304	RS62056880	RS62057151	PRUNED_LD	LD		EUR	7771	3.817E-9	96	0.85
17	44170018	RS17576631	RS560050580	PRUNED_DISTANCE_FALLBACK	DISTANCE_FALLBACK		NA	7772	3.817E-9	111	
17	44090646	RS12150170	RS62057151	PRUNED_LD	LD		MULTI	7773	3.823E-9	96	1
17	44090858	RS62062268	RS62057151	PRUNED_LD	LD		MULTI	7774	3.825E-9	96	1
1	98421934	RS9285628	RS4950119	PRUNED_LD	LD		MULTI	7775	3.826E-9	47	0.9
17	44249621	RS564755460	RS560050580	PRUNED_DISTANCE_FALLBACK	DISTANCE_FALLBACK		NA	7776	3.828E-9	111	
2	200051390	RS1376586	RS1451488	PRUNED_LD	LD		MULTI	7777	3.828E-9	88	0.87
17	43807134	RS4471726	RS62057151	PRUNED_LD	LD		EUR	7778	3.829E-9	96	0.87
17	44063563	RS571131167	RS560050580	PRUNED_DISTANCE_FALLBACK	DISTANCE_FALLBACK		NA	7779	3.829E-9	111	
6	31289535	RS9265184	RS7748141	PRUNED_DISTANCE_FALLBACK	DISTANCE_FALLBACK		NA	7780	3.829E-9	24	
17	44090854	RS62062267	RS62057151	PRUNED_LD	LD		MULTI	7781	3.83E-9	96	1
17	44063766	RS547435395	RS560050580	PRUNED_DISTANCE_FALLBACK	DISTANCE_FALLBACK		NA	7782	3.833E-9	111	
3	52615301	RS4687630	RS13083798	PRUNED_LD	LD		MULTI	7783	3.834E-9	42	0.87
17	44011018	RS17564871	RS62057151	PRUNED_LD	LD		MULTI	7784	3.836E-9	96	1
17	44090704	RS62062266	RS62057151	PRUNED_LD	LD		MULTI	7785	3.836E-9	96	1
17	44106806	RS78229689	RS62057151	PRUNED_LD	LD		MULTI	7786	3.836E-9	96	1
19	19605763	RS1865034	RS2916074	PRUNED_LD	LD		MULTI	7787	3.836E-9	102	0.95
6	31141523	RS887468	RS1793894	PRUNED_LD	LD		EUR	7788	3.837E-9	17	0.22
6	31243971	RS2844612	RS7748141	PRUNED_DISTANCE_FALLBACK	DISTANCE_FALLBACK		NA	7789	3.837E-9	24	
17	44010661	RS113952577	RS62057151	PRUNED_LD	LD		MULTI	7790	3.839E-9	96	1
17	44220942	RS550997647	RS560050580	PRUNED_DISTANCE_FALLBACK	DISTANCE_FALLBACK		NA	7791	3.84E-9	111	
17	44089690	RS733967	RS62057151	PRUNED_LD	LD		MULTI	7792	3.841E-9	96	1
10	104746649	RS3902934	RS11191580	PRUNED_LD	LD		ASN	7793	3.842E-9	48	0.34
17	44072017	RS55736025	RS62057151	PRUNED_LD	LD		MULTI	7794	3.842E-9	96	1
17	44221350	RS2532307	RS560050580	PRUNED_DISTANCE_FALLBACK	DISTANCE_FALLBACK		NA	7795	3.842E-9	111	
3	53096230	RS2581789	RS2245424	PRUNED_LD	LD		MULTI	7796	3.843E-9	99	0.87
17	44231617	RS553321776	RS560050580	PRUNED_DISTANCE_FALLBACK	DISTANCE_FALLBACK		NA	7797	3.849E-9	111	
19	19631444	RS7253807	RS2916074	PRUNED_LD	LD		MULTI	7798	3.851E-9	102	0.9
17	44063140	RS541986174	RS560050580	PRUNED_DISTANCE_FALLBACK	DISTANCE_FALLBACK		NA	7799	3.853E-9	111	
17	44063393	RS531217003	RS560050580	PRUNED_DISTANCE_FALLBACK	DISTANCE_FALLBACK		NA	7800	3.853E-9	111	
17	44013103	RS17650417	RS62057151	PRUNED_LD	LD		MULTI	7801	3.854E-9	96	1
7	1951109	RS4721185	RS12154473	PRUNED_LD	LD		MULTI	7802	3.857E-9	51	0.59
11	130717440	RS1944142	RS961491	PRUNED_LD	LD		EUR	7803	3.859E-9	44	0.21
17	44063787	RS565744479	RS560050580	PRUNED_DISTANCE_FALLBACK	DISTANCE_FALLBACK		NA	7804	3.859E-9	111	
17	44089727	RS733969	RS62057151	PRUNED_LD	LD		MULTI	7805	3.859E-9	96	1
6	31243979	RS2844611	RS7748141	PRUNED_DISTANCE_FALLBACK	DISTANCE_FALLBACK		NA	7806	3.859E-9	24	
17	44090455	RS12150254	RS62057151	PRUNED_LD	LD		MULTI	7807	3.86E-9	96	1
17	43782455	RS62056881	RS62057151	PRUNED_LD	LD		EUR	7808	3.861E-9	96	0.85
17	44259040	RS560714845	RS560050580	PRUNED_DISTANCE_FALLBACK	DISTANCE_FALLBACK		NA	7809	3.862E-9	111	
17	44042221	RS56166491	RS62057151	PRUNED_LD	LD		EUR	7810	3.864E-9	96	0.59
17	44049900	RS62063304	RS62057151	PRUNED_LD	LD		EUR	7811	3.864E-9	96	0.59
19	19480575	RS2315283	RS2916074	PRUNED_LD	LD		MULTI	7812	3.866E-9	102	0.77
17	44231326	RS537399285	RS560050580	PRUNED_DISTANCE_FALLBACK	DISTANCE_FALLBACK		NA	7813	3.867E-9	111	
17	44009921	RS7501759	RS62057151	PRUNED_LD	LD		MULTI	7814	3.871E-9	96	1
17	44013189	RS62061720	RS62057151	PRUNED_LD	LD		MULTI	7815	3.872E-9	96	1
17	44089563	RS733966	RS62057151	PRUNED_LD	LD		MULTI	7816	3.874E-9	96	1
5	152259430	RS72804758	RS17488630	PRUNED_LD	LD		EUR	7817	3.874E-9	112	1
17	44010984	RS78077519	RS62057151	PRUNED_LD	LD		MULTI	7818	3.876E-9	96	1
2	200048571	RS12611626	RS1451488	PRUNED_LD	LD		MULTI	7819	3.877E-9	88	0.86
2	200027490	RS1901323	RS1451488	PRUNED_LD	LD		MULTI	7820	3.88E-9	88	0.88
17	44006896	RS62061706	RS62057151	PRUNED_LD	LD		MULTI	7821	3.881E-9	96	1
17	43994386	RS17649518	RS62057151	PRUNED_LD	LD		MULTI	7822	3.882E-9	96	1
20	37446985	RS6124087	RS6124079	PRUNED_LD	LD		MULTI	7823	3.882E-9	89	0.94
19	19479936	RS2315279	RS2916074	PRUNED_LD	LD		MULTI	7824	3.883E-9	102	0.89
17	44011526	RS62061715	RS62057151	PRUNED_LD	LD		MULTI	7825	3.885E-9	96	1
17	44010040	RS2316782	RS62057151	PRUNED_LD	LD		MULTI	7826	3.888E-9	96	1
17	44050282	RS62063305	RS62057151	PRUNED_LD	LD		EUR	7827	3.888E-9	96	0.59
17	44090796	RS17573858	RS62057151	PRUNED_LD	LD		MULTI	7828	3.889E-9	96	1
19	19606634	RS1047361	RS2916074	PRUNED_LD	LD		MULTI	7829	3.889E-9	102	0.95
2	200027959	RS10931853	RS1451488	PRUNED_LD	LD		MULTI	7830	3.889E-9	88	0.88
19	19631655	RS4808965	RS2916074	PRUNED_LD	LD		MULTI	7831	3.89E-9	102	0.9
1	98478544	RS1938565	RS4950119	PRUNED_LD	LD		MULTI	7832	3.891E-9	47	1
17	44258354	RS557923371	RS560050580	PRUNED_DISTANCE_FALLBACK	DISTANCE_FALLBACK		NA	7833	3.891E-9	111	
2	200027305	RS1868913	RS1451488	PRUNED_LD	LD		MULTI	7834	3.894E-9	88	0.87
17	44089715	RS733968	RS62057151	PRUNED_LD	LD		MULTI	7835	3.895E-9	96	1
7	137024149	RS320720	RS320682	PRUNED_LD	LD		MULTI	7836	3.896E-9	108	0.96
17	44011749	RS17564948	RS62057151	PRUNED_LD	LD		MULTI	7837	3.897E-9	96	1
17	44063723	17:44063723_A_C	RS560050580	PRUNED_DISTANCE_FALLBACK	DISTANCE_FALLBACK		NA	7838	3.897E-9	111	
17	44258422	RS573087816	RS560050580	PRUNED_DISTANCE_FALLBACK	DISTANCE_FALLBACK		NA	7839	3.899E-9	111	
7	137025020	RS320721	RS320682	PRUNED_LD	LD		MULTI	7840	3.899E-9	108	0.96
17	44090536	RS551853349	RS560050580	PRUNED_DISTANCE_FALLBACK	DISTANCE_FALLBACK		NA	7841	3.902E-9	111	
2	200045258	RS111545241	RS62178738	PRUNED_DISTANCE_FALLBACK	DISTANCE_FALLBACK		NA	7842	3.902E-9	119	
17	44222460	RS533125554	RS560050580	PRUNED_DISTANCE_FALLBACK	DISTANCE_FALLBACK		NA	7843	3.903E-9	111	
17	43782558	RS17689116	RS62057151	PRUNED_LD	LD		EUR	7844	3.906E-9	96	0.85
17	44071674	RS62063846	RS62057151	PRUNED_LD	LD		MULTI	7845	3.908E-9	96	1
19	19602945	RS751856	RS2916074	PRUNED_LD	LD		MULTI	7846	3.91E-9	102	0.95
5	152317522	RS113844564	RS17488630	PRUNED_LD	LD		MULTI	7847	3.912E-9	112	1
6	29648506	RS2747430	RS3131856	PRUNED_LD	LD		EUR	7848	3.914E-9	12	0.21
17	43782492	RS17689104	RS62057151	PRUNED_LD	LD		EUR	7849	3.916E-9	96	0.85
1	183289554	RS549337	RS549337	SELECTED_LEAD	LD	OK_LOCAL_CACHE		7850	3.918E-9	135	
8	38217741	RS2130033	RS10958683	PRUNED_LD	LD		MULTI	7851	3.918E-9	93	0.74
17	44065901	RS919464	RS62057151	PRUNED_LD	LD		EUR	7852	3.922E-9	96	0.59
2	200941367	RS74706215	RS166845	PRUNED_LD	LD		MULTI	7853	3.922E-9	86	0.79
17	44089921	RS4283261	RS62057151	PRUNED_LD	LD		MULTI	7854	3.923E-9	96	1
17	44232959	RS530819145	RS560050580	PRUNED_DISTANCE_FALLBACK	DISTANCE_FALLBACK		NA	7855	3.923E-9	111	
17	44090685	RS12150515	RS62057151	PRUNED_LD	LD		MULTI	7856	3.925E-9	96	1
17	44071294	RS62063845	RS62057151	PRUNED_LD	LD		MULTI	7857	3.926E-9	96	1
10	104764989	RS67908413	RS11191580	PRUNED_LD	LD		ASN	7858	3.927E-9	48	0.34
17	44065669	RS919461	RS62057151	PRUNED_LD	LD		EUR	7859	3.93E-9	96	0.59
17	44012096	RS62061716	RS62057151	PRUNED_LD	LD		MULTI	7860	3.936E-9	96	1
1	98473716	RS1938562	RS4950119	PRUNED_LD	LD		MULTI	7861	3.937E-9	47	1
17	43949342	RS34739559	RS62057151	PRUNED_LD	LD		EUR	7862	3.938E-9	96	0.96
17	44012343	RS17650335	RS62057151	PRUNED_LD	LD		MULTI	7863	3.938E-9	96	1
17	44067831	RS111652694	RS62057151	PRUNED_LD	LD		EUR	7864	3.938E-9	96	0.59
17	44222335	RS544161107	RS560050580	PRUNED_DISTANCE_FALLBACK	DISTANCE_FALLBACK		NA	7865	3.939E-9	111	
8	38243227	RS56322953	RS10958683	PRUNED_LD	LD		MULTI	7866	3.939E-9	93	0.78
17	44065740	RS919462	RS62057151	PRUNED_LD	LD		EUR	7867	3.943E-9	96	0.58
17	44068238	RS62063795	RS62057151	PRUNED_LD	LD		EUR	7868	3.943E-9	96	0.59
17	44068289	RS62063796	RS62057151	PRUNED_LD	LD		EUR	7869	3.943E-9	96	0.58
17	44067682	RS10445338	RS62057151	PRUNED_LD	LD		EUR	7870	3.944E-9	96	0.59
11	134296641	RS733856	RS893949	PRUNED_LD	LD		MULTI	7871	3.945E-9	92	1
17	44071089	RS17573175	RS62057151	PRUNED_LD	LD		MULTI	7872	3.945E-9	96	1
10	18740871	RS1325989	RS7071123	PRUNED_LD	LD		MULTI	7873	3.946E-9	77	0.78
17	44068112	RS75743061	RS62057151	PRUNED_LD	LD		EUR	7874	3.947E-9	96	0.59
17	44070111	RS62063842	RS62057151	PRUNED_LD	LD		MULTI	7875	3.95E-9	96	1
6	33160906	RS11969547	RS41317102	PRUNED_LD	LD		EUR	7876	3.95E-9	116	1
6	31841641	RS527254	RS431204	PRUNED_DISTANCE_FALLBACK	DISTANCE_FALLBACK		NA	7877	3.951E-9	14	
2	200019363	RS1451503	RS1451488	PRUNED_LD	LD		MULTI	7878	3.952E-9	88	0.88
17	44231295	RS569963579	RS560050580	PRUNED_DISTANCE_FALLBACK	DISTANCE_FALLBACK		NA	7879	3.953E-9	111	
17	44258954	RS578046020	RS560050580	PRUNED_DISTANCE_FALLBACK	DISTANCE_FALLBACK		NA	7880	3.953E-9	111	
1	98470605	RS10747495	RS4950119	PRUNED_LD	LD		MULTI	7881	3.954E-9	47	1
17	44064334	RS577071575	RS560050580	PRUNED_DISTANCE_FALLBACK	DISTANCE_FALLBACK		NA	7882	3.954E-9	111	
1	98472958	RS1938563	RS4950119	PRUNED_LD	LD		MULTI	7883	3.957E-9	47	0.86
17	44069768	RS74759276	RS62057151	PRUNED_LD	LD		MULTI	7884	3.957E-9	96	1
17	44068294	RS62063797	RS62057151	PRUNED_LD	LD		EUR	7885	3.959E-9	96	0.59
17	44070956	RS55913645	RS62057151	PRUNED_LD	LD		MULTI	7886	3.959E-9	96	1
17	44091092	RS62062269	RS62057151	PRUNED_LD	LD		MULTI	7887	3.959E-9	96	1
1	98483035	RS1892552	RS4950119	PRUNED_LD	LD		MULTI	7888	3.963E-9	47	1
17	44064759	RS552965964	RS560050580	PRUNED_DISTANCE_FALLBACK	DISTANCE_FALLBACK		NA	7889	3.963E-9	111	
17	44069840	RS17651887	RS62057151	PRUNED_LD	LD		MULTI	7890	3.963E-9	96	1
17	44254494	RS570324382	RS560050580	PRUNED_DISTANCE_FALLBACK	DISTANCE_FALLBACK		NA	7891	3.963E-9	111	
17	44067546	RS17651754	RS62057151	PRUNED_LD	LD		EUR	7892	3.964E-9	96	0.59
17	44069198	RS62063800	RS62057151	PRUNED_LD	LD		MULTI	7893	3.965E-9	96	1
17	43994252	RS77926909	RS62057151	PRUNED_LD	LD		MULTI	7894	3.966E-9	96	1
17	44233589	RS575572584	RS560050580	PRUNED_DISTANCE_FALLBACK	DISTANCE_FALLBACK		NA	7895	3.966E-9	111	
1	98423149	RS9659380	RS4950119	PRUNED_LD	LD		MULTI	7896	3.967E-9	47	0.9
17	44069970	RS78599197	RS62057151	PRUNED_LD	LD		MULTI	7897	3.967E-9	96	1
17	44090148	RS75666751	RS62057151	PRUNED_LD	LD		MULTI	7898	3.967E-9	96	1
17	44069180	RS62063799	RS62057151	PRUNED_LD	LD		MULTI	7899	3.97E-9	96	1
17	44230647	RS564591344	RS560050580	PRUNED_DISTANCE_FALLBACK	DISTANCE_FALLBACK		NA	7900	3.97E-9	111	
17	44067508	RS79447161	RS62057151	PRUNED_LD	LD		EUR	7901	3.971E-9	96	0.59
17	44228770	RS542300723	RS560050580	PRUNED_DISTANCE_FALLBACK	DISTANCE_FALLBACK		NA	7902	3.972E-9	111	
17	44066172	RS112385572	RS62057151	PRUNED_LD	LD		EUR	7903	3.973E-9	96	0.59
17	44066634	RS17651700	RS62057151	PRUNED_LD	LD		EUR	7904	3.974E-9	96	0.59
17	44069687	RS17651857	RS62057151	PRUNED_LD	LD		MULTI	7905	3.975E-9	96	1
6	29915102	RS2517724	RS547591961	PRUNED_DISTANCE_FALLBACK	DISTANCE_FALLBACK		NA	7906	3.975E-9	13	
17	44040823	RS55711941	RS62057151	PRUNED_LD	LD		EUR	7907	3.98E-9	96	0.59
6	32664722	RS2395522	6:32634952_G_T	PRUNED_DISTANCE_FALLBACK	DISTANCE_FALLBACK		NA	7908	3.98E-9	33	
17	44068543	RS62063798	RS62057151	PRUNED_LD	LD		EUR	7909	3.981E-9	96	0.59
17	44231117	RS529970690	RS560050580	PRUNED_DISTANCE_FALLBACK	DISTANCE_FALLBACK		NA	7910	3.981E-9	111	
17	44098862	RS542241702	RS560050580	PRUNED_DISTANCE_FALLBACK	DISTANCE_FALLBACK		NA	7911	3.983E-9	111	
17	44090339	RS747152	RS62057151	PRUNED_LD	LD		MULTI	7912	3.985E-9	96	1
17	44066088	RS62063794	RS62057151	PRUNED_LD	LD		EUR	7913	3.987E-9	96	0.59
2	200772720	RS281786	RS166845	PRUNED_LD	LD		MULTI	7914	3.987E-9	86	0.83
17	44068480	RS77290642	RS62057151	PRUNED_LD	LD		EUR	7915	3.992E-9	96	0.54
17	44253364	RS563621837	RS560050580	PRUNED_DISTANCE_FALLBACK	DISTANCE_FALLBACK		NA	7916	3.993E-9	111	
17	44099082	RS17573907	RS62057151	PRUNED_LD	LD		MULTI	7917	3.994E-9	96	1
13	56937556	RS9597392	RS9597388	PRUNED_LD	LD		MULTI	7918	3.995E-9	121	1
17	44233433	RS535998558	RS560050580	PRUNED_DISTANCE_FALLBACK	DISTANCE_FALLBACK		NA	7919	3.995E-9	111	
17	44091195	RS62062270	RS62057151	PRUNED_LD	LD		MULTI	7920	3.997E-9	96	1
17	44229986	RS577520390	RS560050580	PRUNED_DISTANCE_FALLBACK	DISTANCE_FALLBACK		NA	7921	3.997E-9	111	
17	44067046	RS76357066	RS62057151	PRUNED_LD	LD		EUR	7922	3.998E-9	96	0.59
17	44072881	RS17573266	RS62057151	PRUNED_LD	LD		MULTI	7923	3.998E-9	96	1
17	44080039	RS62064663	RS62057151	PRUNED_LD	LD		MULTI	7924	4E-9	96	1
14	33309293	RS7161135	RS12883788	PRUNED_LD	LD		MULTI	7925	4.001E-9	109	0.84
17	44070545	RS55662347	RS62057151	PRUNED_LD	LD		MULTI	7926	4.002E-9	96	1
2	58478157	RS11686281	RS7596038	PRUNED_LD	LD		MULTI	7927	4.002E-9	56	0.6
17	44221602	RS538148047	RS560050580	PRUNED_DISTANCE_FALLBACK	DISTANCE_FALLBACK		NA	7928	4.006E-9	111	
17	44067400	RS10445337	RS62057151	PRUNED_LD	LD		EUR	7929	4.007E-9	96	0.59
12	123645803	RS1051431	RS4460848	PRUNED_LD	LD		EUR	7930	4.009E-9	34	0.82
17	44222067	RS573082572	RS560050580	PRUNED_DISTANCE_FALLBACK	DISTANCE_FALLBACK		NA	7931	4.01E-9	111	
5	45428535	RS7723380	RS16902086	PRUNED_LD	LD		MULTI	7932	4.01E-9	76	0.36
17	44216226	RS575816835	RS560050580	PRUNED_DISTANCE_FALLBACK	DISTANCE_FALLBACK		NA	7933	4.013E-9	111	
3	52763954	RS4687549	RS13083798	PRUNED_LD	LD		MULTI	7934	4.013E-9	42	0.79
12	123650714	RS1618679	RS4460848	PRUNED_LD	LD		EUR	7935	4.016E-9	34	0.79
17	44242788	RS562481792	RS560050580	PRUNED_DISTANCE_FALLBACK	DISTANCE_FALLBACK		NA	7936	4.016E-9	111	
8	38194561	RS11989357	RS10958683	PRUNED_LD	LD		MULTI	7937	4.016E-9	93	0.69
7	137020675	RS28507322	RS28507322	SELECTED_LEAD	LD	OK		7938	4.017E-9	136	
17	44065410	RS10445371	RS62057151	PRUNED_LD	LD		EUR	7939	4.018E-9	96	0.59
17	44064208	RS537342897	RS560050580	PRUNED_DISTANCE_FALLBACK	DISTANCE_FALLBACK		NA	7940	4.022E-9	111	
17	43779657	RS1526129	RS62057151	PRUNED_LD	LD		EUR	7941	4.026E-9	96	0.85
17	44233811	RS540782647	RS560050580	PRUNED_DISTANCE_FALLBACK	DISTANCE_FALLBACK		NA	7942	4.028E-9	111	
17	44252416	RS536694159	RS560050580	PRUNED_DISTANCE_FALLBACK	DISTANCE_FALLBACK		NA	7943	4.029E-9	111	
17	44066995	RS113134013	RS62057151	PRUNED_LD	LD		EUR	7944	4.03E-9	96	0.59
2	200068052	RS10804088	RS1451488	PRUNED_LD	LD		MULTI	7945	4.031E-9	88	0.85
17	44228169	RS576500756	RS560050580	PRUNED_DISTANCE_FALLBACK	DISTANCE_FALLBACK		NA	7946	4.032E-9	111	
17	44013346	RS62061721	RS62057151	PRUNED_LD	LD		MULTI	7947	4.033E-9	96	1
17	43782693	RS62056905	RS62057151	PRUNED_LD	LD		EUR	7948	4.035E-9	96	0.84
5	152264172	RS4394168	RS17488630	PRUNED_LD	LD		EUR	7949	4.035E-9	112	1
17	43924231	RS12373140	RS62057151	PRUNED_LD	LD		MULTI	7950	4.036E-9	96	1
17	44252098	RS568534287	RS560050580	PRUNED_DISTANCE_FALLBACK	DISTANCE_FALLBACK		NA	7951	4.039E-9	111	
2	200047674	RS111796899	RS62178738	PRUNED_DISTANCE_FALLBACK	DISTANCE_FALLBACK		NA	7952	4.041E-9	119	
8	38214506	RS6474268	RS10958683	PRUNED_LD	LD		MULTI	7953	4.041E-9	93	0.74
17	44207932	RS79301522	RS560050580	PRUNED_DISTANCE_FALLBACK	DISTANCE_FALLBACK		NA	7954	4.042E-9	111	
17	44251582	RS530881963	RS560050580	PRUNED_DISTANCE_FALLBACK	DISTANCE_FALLBACK		NA	7955	4.043E-9	111	
10	104585405	RS7902804	RS12219247	PRUNED_LD	LD		MULTI	7956	4.044E-9	54	0.81
17	44042783	RS56294117	RS62057151	PRUNED_LD	LD		EUR	7957	4.045E-9	96	0.57
17	44062337	RS576389326	RS560050580	PRUNED_DISTANCE_FALLBACK	DISTANCE_FALLBACK		NA	7958	4.045E-9	111	
1	98425888	RS28641479	RS4950119	PRUNED_LD	LD		MULTI	7959	4.046E-9	47	0.9
17	44255777	RS534369494	RS560050580	PRUNED_DISTANCE_FALLBACK	DISTANCE_FALLBACK		NA	7960	4.047E-9	111	
17	44233776	RS576400151	RS560050580	PRUNED_DISTANCE_FALLBACK	DISTANCE_FALLBACK		NA	7961	4.055E-9	111	
17	43781426	RS62056879	RS62057151	PRUNED_LD	LD		EUR	7962	4.056E-9	96	0.85
12	123651018	RS1621194	RS4460848	PRUNED_LD	LD		EUR	7963	4.057E-9	34	0.82
17	44091724	RS75534191	RS62057151	PRUNED_LD	LD		MULTI	7964	4.058E-9	96	1
2	200025863	RS6743084	RS1451488	PRUNED_LD	LD		MULTI	7965	4.058E-9	88	0.88
17	44251230	RS541260793	RS560050580	PRUNED_DISTANCE_FALLBACK	DISTANCE_FALLBACK		NA	7966	4.059E-9	111	
17	44255532	RS533467502	RS560050580	PRUNED_DISTANCE_FALLBACK	DISTANCE_FALLBACK		NA	7967	4.06E-9	111	
5	152278020	RS17113771	RS17488630	PRUNED_LD	LD		EUR	7968	4.063E-9	112	1
8	38173375	RS16887325	RS10958683	PRUNED_LD	LD		MULTI	7969	4.064E-9	93	0.7
17	44106220	RS79772576	RS62057151	PRUNED_LD	LD		MULTI	7970	4.066E-9	96	1
17	43924219	RS12373124	RS62057151	PRUNED_LD	LD		MULTI	7971	4.068E-9	96	1
17	44109769	RS1076222	RS62057151	PRUNED_LD	LD		MULTI	7972	4.068E-9	96	1
17	43779419	RS17688944	RS62057151	PRUNED_LD	LD		EUR	7973	4.071E-9	96	0.85
17	44252197	RS569311806	RS560050580	PRUNED_DISTANCE_FALLBACK	DISTANCE_FALLBACK		NA	7974	4.071E-9	111	
8	38198789	RS28674538	RS10958683	PRUNED_LD	LD		MULTI	7975	4.073E-9	93	0.73
17	44106219	RS78681971	RS62057151	PRUNED_LD	LD		MULTI	7976	4.075E-9	96	1
7	2159746	RS3778977	RS12154473	PRUNED_LD	LD		EUR	7977	4.076E-9	51	0.55
17	44228609	RS541759959	RS560050580	PRUNED_DISTANCE_FALLBACK	DISTANCE_FALLBACK		NA	7978	4.077E-9	111	
8	38192044	RS12114353	RS10958683	PRUNED_LD	LD		MULTI	7979	4.078E-9	93	0.7
8	38269514	RS13317	RS10958683	PRUNED_LD	LD		MULTI	7980	4.078E-9	93	0.93
6	29765716	RS1736998	RS547591961	PRUNED_DISTANCE_FALLBACK	DISTANCE_FALLBACK		NA	7981	4.079E-9	13	
2	200044448	RS12693886	RS1451488	PRUNED_LD	LD		MULTI	7982	4.08E-9	88	0.87
17	44251972	RS547200563	RS560050580	PRUNED_DISTANCE_FALLBACK	DISTANCE_FALLBACK		NA	7983	4.081E-9	111	
17	44223243	RS567744882	RS560050580	PRUNED_DISTANCE_FALLBACK	DISTANCE_FALLBACK		NA	7984	4.083E-9	111	
1	98422612	RS11165935	RS4950119	PRUNED_LD	LD		MULTI	7985	4.085E-9	47	0.9
8	38212413	RS11774214	RS10958683	PRUNED_LD	LD		MULTI	7986	4.085E-9	93	0.74
5	45440343	RS6860200	RS16902086	PRUNED_LD	LD		MULTI	7987	4.086E-9	76	0.37
17	44251769	RS570968715	RS560050580	PRUNED_DISTANCE_FALLBACK	DISTANCE_FALLBACK		NA	7988	4.088E-9	111	
1	98426476	RS28582591	RS4950119	PRUNED_LD	LD		MULTI	7989	4.089E-9	47	0.9
17	44061898	RS554819069	RS560050580	PRUNED_DISTANCE_FALLBACK	DISTANCE_FALLBACK		NA	7990	4.089E-9	111	
6	32659535	RS4713587	6:32634952_G_T	PRUNED_DISTANCE_FALLBACK	DISTANCE_FALLBACK		NA	7991	4.091E-9	33	
3	52691112	RS12486847	RS13083798	PRUNED_LD	LD		MULTI	7992	4.093E-9	42	0.9
10	18745105	RS7893279	RS7071123	PRUNED_LD	LD		MULTI	7993	4.094E-9	77	0.78
7	1948620	RS34961072	RS12154473	PRUNED_LD	LD		MULTI	7994	4.094E-9	51	0.53
17	44072854	RS17573245	RS62057151	PRUNED_LD	LD		MULTI	7995	4.095E-9	96	1
3	52748271	RS2878726	RS13083798	PRUNED_LD	LD		MULTI	7996	4.095E-9	42	0.84
14	72449592	RS3825716	RS10137909	PRUNED_LD	LD		MULTI	7997	4.097E-9	114	0.96
17	44128407	RS12150064	RS62057151	PRUNED_LD	LD		MULTI	7998	4.1E-9	96	1
6	32660170	RS4711304	6:32634952_G_T	PRUNED_DISTANCE_FALLBACK	DISTANCE_FALLBACK		NA	7999	4.102E-9	33	
20	37482616	RS4812319	RS6124079	PRUNED_LD	LD		MULTI	8000	4.103E-9	89	0.85
5	60642595	RS4604142	RS56219078	PRUNED_LD	LD		EUR	8001	4.103E-9	73	0.37
17	44061696	RS538726790	RS560050580	PRUNED_DISTANCE_FALLBACK	DISTANCE_FALLBACK		NA	8002	4.105E-9	111	
5	45445069	RS13169726	RS16902086	PRUNED_LD	LD		MULTI	8003	4.105E-9	76	0.36
1	98493263	RS1938569	RS4950119	PRUNED_LD	LD		MULTI	8004	4.106E-9	47	1
3	52916939	RS4687682	RS2245424	PRUNED_LD	LD		MULTI	8005	4.106E-9	99	0.71
17	44061036	RS62063787	RS62057151	PRUNED_LD	LD		EUR	8006	4.107E-9	96	0.59
17	44196153	RS1468241	RS560050580	PRUNED_DISTANCE_FALLBACK	DISTANCE_FALLBACK		NA	8007	4.107E-9	111	
19	19610030	RS3794990	RS2916074	PRUNED_LD	LD		MULTI	8008	4.107E-9	102	0.95
17	44073062	RS62063849	RS62057151	PRUNED_LD	LD		MULTI	8009	4.108E-9	96	1
17	44110532	RS36076725	RS62057151	PRUNED_LD	LD		MULTI	8010	4.11E-9	96	1
17	44093496	RS62062275	RS62057151	PRUNED_LD	LD		MULTI	8011	4.111E-9	96	1
1	98494185	RS10875124	RS4950119	PRUNED_LD	LD		MULTI	8012	4.114E-9	47	1
1	98494606	RS1198574	RS4950119	PRUNED_LD	LD		MULTI	8013	4.117E-9	47	1
17	44013938	RS12150111	RS62057151	PRUNED_LD	LD		MULTI	8014	4.117E-9	96	1
17	44228529	RS577482939	RS560050580	PRUNED_DISTANCE_FALLBACK	DISTANCE_FALLBACK		NA	8015	4.119E-9	111	
17	44099129	RS62062290	RS62057151	PRUNED_LD	LD		MULTI	8016	4.12E-9	96	1
17	44110541	RS35833914	RS62057151	PRUNED_LD	LD		MULTI	8017	4.12E-9	96	1
17	44061023	RS62063786	RS62057151	PRUNED_LD	LD		EUR	8018	4.121E-9	96	0.59
17	44249800	RS532291518	RS560050580	PRUNED_DISTANCE_FALLBACK	DISTANCE_FALLBACK		NA	8019	4.121E-9	111	
6	31263522	RS2524142	RS7748141	PRUNED_DISTANCE_FALLBACK	DISTANCE_FALLBACK		NA	8020	4.123E-9	24	
1	98494200	RS10875125	RS4950119	PRUNED_LD	LD		MULTI	8021	4.125E-9	47	1
3	53101580	RS6799185	RS2245424	PRUNED_LD	LD		MULTI	8022	4.126E-9	99	0.8
1	98492854	RS9324389	RS4950119	PRUNED_LD	LD		MULTI	8023	4.127E-9	47	1
17	44072423	RS75944932	RS62057151	PRUNED_LD	LD		MULTI	8024	4.127E-9	96	1
3	52764624	RS10780035	RS13083798	PRUNED_LD	LD		MULTI	8025	4.129E-9	42	0.79
17	44014137	RS12150460	RS62057151	PRUNED_LD	LD		MULTI	8026	4.131E-9	96	1
1	98448341	RS61785882	RS4950119	PRUNED_LD	LD		MULTI	8027	4.136E-9	47	0.83
17	44351686	RS2732706	RS560050580	PRUNED_DISTANCE_FALLBACK	DISTANCE_FALLBACK		NA	8028	4.137E-9	111	
17	44250616	RS535725934	RS560050580	PRUNED_DISTANCE_FALLBACK	DISTANCE_FALLBACK		NA	8029	4.138E-9	111	
3	52919096	RS2336668	RS2245424	PRUNED_LD	LD		MULTI	8030	4.141E-9	99	0.74
15	59195679	RS12595482	RS793571	PRUNED_LD	LD		MULTI	8031	4.142E-9	52	0.69
17	44014263	RS12150195	RS62057151	PRUNED_LD	LD		MULTI	8032	4.143E-9	96	1
17	44090236	RS4306559	RS62057151	PRUNED_LD	LD		MULTI	8033	4.144E-9	96	1
17	44093860	RS62062278	RS62057151	PRUNED_LD	LD		MULTI	8034	4.147E-9	96	1
17	44093319	RS62062274	RS62057151	PRUNED_LD	LD		MULTI	8035	4.148E-9	96	1
17	44093627	RS62062276	RS62057151	PRUNED_LD	LD		MULTI	8036	4.148E-9	96	1
3	52614670	RS11718509	RS13083798	PRUNED_LD	LD		MULTI	8037	4.148E-9	42	0.89
3	52718154	RS10865973	RS13083798	PRUNED_LD	LD		MULTI	8038	4.148E-9	42	0.85
17	44228824	RS560926498	RS560050580	PRUNED_DISTANCE_FALLBACK	DISTANCE_FALLBACK		NA	8039	4.149E-9	111	
17	44220454	RS564301026	RS560050580	PRUNED_DISTANCE_FALLBACK	DISTANCE_FALLBACK		NA	8040	4.154E-9	111	
17	44094112	RS62062281	RS62057151	PRUNED_LD	LD		MULTI	8041	4.156E-9	96	1
1	98447298	RS61785881	RS4950119	PRUNED_LD	LD		MULTI	8042	4.158E-9	47	0.9
17	44094374	RS62062282	RS62057151	PRUNED_LD	LD		MULTI	8043	4.159E-9	96	1
3	52238656	RS352167	RS2276834	PRUNED_LD	LD		MULTI	8044	4.16E-9	63	0.76
17	44068481	RS76618565	RS62057151	PRUNED_LD	LD		EUR	8045	4.162E-9	96	0.55
2	58452792	RS12477242	RS7596038	PRUNED_LD	LD		MULTI	8046	4.162E-9	56	0.61
11	133817037	RS689380	RS688500	PRUNED_LD	LD		MULTI	8047	4.165E-9	130	0.99
17	43692935	RS611351	RS62057151	PRUNED_LD	LD		EUR	8048	4.168E-9	96	0.7
3	53095879	RS11923572	RS2245424	PRUNED_LD	LD		MULTI	8049	4.169E-9	99	0.87
17	44058017	RS77527347	RS62057151	PRUNED_LD	LD		EUR	8050	4.17E-9	96	0.59
3	52734954	RS11130318	RS13083798	PRUNED_LD	LD		MULTI	8051	4.17E-9	42	0.69
17	44196125	RS62061853	RS560050580	PRUNED_DISTANCE_FALLBACK	DISTANCE_FALLBACK		NA	8052	4.171E-9	111	
1	98488863	RS9659996	RS4950119	PRUNED_LD	LD		MULTI	8053	4.172E-9	47	0.93
3	52707026	RS6803012	RS13083798	PRUNED_LD	LD		MULTI	8054	4.172E-9	42	0.88
17	43691377	RS382362	RS382362	SELECTED_LEAD	DISTANCE_FALLBACK	NO_LD_RESPONSE		8055	4.173E-9	137	
17	44118848	RS62062137	RS62057151	PRUNED_LD	LD		MULTI	8056	4.174E-9	96	1
3	52706724	RS12493107	RS13083798	PRUNED_LD	LD		MULTI	8057	4.174E-9	42	0.81
17	44058004	RS17572613	RS62057151	PRUNED_LD	LD		EUR	8058	4.175E-9	96	0.59
17	44060775	RS63750417	RS62057151	PRUNED_LD	LD		EUR	8059	4.175E-9	96	0.59
17	44110888	RS77009866	RS62057151	PRUNED_LD	LD		MULTI	8060	4.175E-9	96	1
17	43781250	RS968027	RS62057151	PRUNED_LD	LD		EUR	8061	4.176E-9	96	0.85
17	44133142	RS17653906	RS62057151	PRUNED_LD	LD		MULTI	8062	4.177E-9	96	1
15	61858816	RS12905969	RS35351411	PRUNED_LD	LD		MULTI	8063	4.178E-9	90	0.89
3	53096047	RS11915851	RS2245424	PRUNED_LD	LD		MULTI	8064	4.178E-9	99	0.87
6	29646165	RS396660	RS3131856	PRUNED_LD	LD		EUR	8065	4.178E-9	12	0.21
1	98487959	RS9324386	RS4950119	PRUNED_LD	LD		MULTI	8066	4.179E-9	47	1
1	98489080	RS9661157	RS4950119	PRUNED_LD	LD		MULTI	8067	4.18E-9	47	1
1	98488030	RS9324387	RS4950119	PRUNED_LD	LD		MULTI	8068	4.181E-9	47	1
1	98489478	RS4584446	RS4950119	PRUNED_LD	LD		MULTI	8069	4.182E-9	47	1
17	44117119	RS34043286	RS62057151	PRUNED_LD	LD		MULTI	8070	4.182E-9	96	1
1	98489330	RS10747496	RS4950119	PRUNED_LD	LD		MULTI	8071	4.183E-9	47	1
1	98488155	RS9324388	RS4950119	PRUNED_LD	LD		MULTI	8072	4.185E-9	47	1
1	98488895	RS9658841	RS4950119	PRUNED_LD	LD		MULTI	8073	4.185E-9	47	1
17	44040120	RS55780945	RS62057151	PRUNED_LD	LD		EUR	8074	4.185E-9	96	0.59
1	98487899	RS9324385	RS4950119	PRUNED_LD	LD		MULTI	8075	4.188E-9	47	1
1	98487763	RS4634961	RS4950119	PRUNED_LD	LD		MULTI	8076	4.191E-9	47	1
17	44041817	RS112206871	RS62057151	PRUNED_LD	LD		EUR	8077	4.192E-9	96	0.59
17	44117397	RS10514897	RS62057151	PRUNED_LD	LD		MULTI	8078	4.192E-9	96	1
5	60754419	RS1986252	RS56219078	PRUNED_LD	LD		EUR	8079	4.193E-9	73	0.35
17	44059775	RS62063784	RS62057151	PRUNED_LD	LD		EUR	8080	4.194E-9	96	0.59
17	44112441	RS17653193	RS62057151	PRUNED_LD	LD		MULTI	8081	4.194E-9	96	1
17	44109248	RS55881134	RS62057151	PRUNED_LD	LD		MULTI	8082	4.197E-9	96	1
1	98485927	RS9725319	RS4950119	PRUNED_LD	LD		MULTI	8083	4.198E-9	47	1
17	44094667	RS2316948	RS62057151	PRUNED_LD	LD		MULTI	8084	4.2E-9	96	1
1	98486162	RS4477335	RS4950119	PRUNED_LD	LD		MULTI	8085	4.201E-9	47	1
1	98487333	RS9659624	RS4950119	PRUNED_LD	LD		MULTI	8086	4.201E-9	47	1
17	44224686	RS577620178	RS560050580	PRUNED_DISTANCE_FALLBACK	DISTANCE_FALLBACK		NA	8087	4.202E-9	111	
17	44111109	RS62062321	RS62057151	PRUNED_LD	LD		MULTI	8088	4.204E-9	96	0.6
17	43994435	RS62056859	RS62057151	PRUNED_LD	LD		MULTI	8089	4.208E-9	96	1
17	44113963	RS12150438	RS62057151	PRUNED_LD	LD		MULTI	8090	4.208E-9	96	1
17	44095335	RS111976319	RS62057151	PRUNED_LD	LD		MULTI	8091	4.209E-9	96	0.58
1	98489735	RS2391905	RS4950119	PRUNED_LD	LD		MULTI	8092	4.21E-9	47	0.97
6	29646879	RS445150	RS3131856	PRUNED_LD	LD		EUR	8093	4.212E-9	12	0.21
1	98485573	RS9324383	RS4950119	PRUNED_LD	LD		MULTI	8094	4.213E-9	47	1
1	98490636	RS10783082	RS4950119	PRUNED_LD	LD		MULTI	8095	4.213E-9	47	1
17	44073889	RS1052553	RS62057151	PRUNED_LD	LD		MULTI	8096	4.214E-9	96	1
17	44118999	RS41382552	RS62057151	PRUNED_LD	LD		MULTI	8097	4.218E-9	96	1
17	44059215	RS62063783	RS62057151	PRUNED_LD	LD		EUR	8098	4.221E-9	96	0.59
17	44113359	RS4608377	RS62057151	PRUNED_LD	LD		MULTI	8099	4.223E-9	96	1
17	44113491	RS12185225	RS62057151	PRUNED_LD	LD		MULTI	8100	4.226E-9	96	1
1	98485192	RS1938560	RS4950119	PRUNED_LD	LD		MULTI	8101	4.228E-9	47	1
11	130717916	RS6590512	RS961491	PRUNED_LD	LD		EUR	8102	4.228E-9	44	0.21
17	44111613	RS17574604	RS62057151	PRUNED_LD	LD		MULTI	8103	4.228E-9	96	1
1	98484617	RS1938573	RS4950119	PRUNED_LD	LD		MULTI	8104	4.23E-9	47	0.82
1	98485102	RS1938559	RS4950119	PRUNED_LD	LD		MULTI	8105	4.23E-9	47	1
17	44095055	RS62062283	RS62057151	PRUNED_LD	LD		MULTI	8106	4.23E-9	96	1
17	44112638	RS17653211	RS62057151	PRUNED_LD	LD		MULTI	8107	4.231E-9	96	1
1	98484954	RS1938558	RS4950119	PRUNED_LD	LD		MULTI	8108	4.232E-9	47	1
17	44115569	RS11079729	RS62057151	PRUNED_LD	LD		MULTI	8109	4.234E-9	96	1
6	32663289	RS9275292	6:32634952_G_T	PRUNED_DISTANCE_FALLBACK	DISTANCE_FALLBACK		NA	8110	4.236E-9	33	
22	42448238	RS5758562	RS5751191	PRUNED_LD	LD		MULTI	8111	4.237E-9	69	0.71
17	44095570	RS62062284	RS62057151	PRUNED_LD	LD		MULTI	8112	4.238E-9	96	1
17	44115351	RS12185243	RS62057151	PRUNED_LD	LD		MULTI	8113	4.238E-9	96	1
6	29761522	RS1610725	RS547591961	PRUNED_DISTANCE_FALLBACK	DISTANCE_FALLBACK		NA	8114	4.238E-9	13	
17	44112385	RS62062322	RS62057151	PRUNED_LD	LD		MULTI	8115	4.239E-9	96	1
1	98484474	RS1938572	RS4950119	PRUNED_LD	LD		MULTI	8116	4.24E-9	47	0.88
1	98491732	RS1938568	RS4950119	PRUNED_LD	LD		MULTI	8117	4.24E-9	47	1
10	104297791	RS2031604	RS10786701	PRUNED_LD	LD		MULTI	8118	4.24E-9	91	0.61
17	44112743	RS17653255	RS62057151	PRUNED_LD	LD		MULTI	8119	4.24E-9	96	1
17	43799052	RS55787734	RS62057151	PRUNED_LD	LD		EUR	8120	4.241E-9	96	0.86
17	44094471	RS17652502	RS62057151	PRUNED_LD	LD		MULTI	8121	4.244E-9	96	1
17	44134984	RS62060768	RS62057151	PRUNED_LD	LD		MULTI	8122	4.246E-9	96	1
17	44225485	RS566458560	RS560050580	PRUNED_DISTANCE_FALLBACK	DISTANCE_FALLBACK		NA	8123	4.246E-9	111	
17	44014384	RS55874169	RS62057151	PRUNED_LD	LD		MULTI	8124	4.247E-9	96	1
1	98484291	RS4447033	RS4950119	PRUNED_LD	LD		MULTI	8125	4.249E-9	47	0.86
17	44116312	RS62062136	RS62057151	PRUNED_LD	LD		MULTI	8126	4.249E-9	96	1
17	44114432	RS62062134	RS62057151	PRUNED_LD	LD		MULTI	8127	4.251E-9	96	1
17	44166197	RS62061764	RS560050580	PRUNED_DISTANCE_FALLBACK	DISTANCE_FALLBACK		NA	8128	4.252E-9	111	
1	98492462	RS9440393	RS4950119	PRUNED_LD	LD		MULTI	8129	4.253E-9	47	1
17	44108906	RS34579536	RS62057151	PRUNED_LD	LD		MULTI	8130	4.253E-9	96	1
3	52766606	RS2268027	RS13083798	PRUNED_LD	LD		MULTI	8131	4.253E-9	42	0.8
17	43779351	RS17688922	RS62057151	PRUNED_LD	LD		EUR	8132	4.254E-9	96	0.85
17	44015464	RS12150230	RS62057151	PRUNED_LD	LD		MULTI	8133	4.255E-9	96	1
1	98491473	RS4245673	RS4950119	PRUNED_LD	LD		MULTI	8134	4.257E-9	47	1
5	60642347	RS6449528	RS56219078	PRUNED_LD	LD		EUR	8135	4.26E-9	73	0.37
17	44226126	RS543124303	RS560050580	PRUNED_DISTANCE_FALLBACK	DISTANCE_FALLBACK		NA	8136	4.267E-9	111	
17	44026478	RS78556223	RS62057151	PRUNED_LD	LD		EUR	8137	4.268E-9	96	0.58
17	44095661	RS62062285	RS62057151	PRUNED_LD	LD		MULTI	8138	4.271E-9	96	1
17	43790005	RS62056934	RS62057151	PRUNED_LD	LD		EUR	8139	4.273E-9	96	0.84
1	98476718	RS1938561	RS4950119	PRUNED_LD	LD		MULTI	8140	4.275E-9	47	1
17	44104509	RS17574228	RS62057151	PRUNED_LD	LD		MULTI	8141	4.275E-9	96	1
17	44115886	RS12150090	RS62057151	PRUNED_LD	LD		MULTI	8142	4.275E-9	96	1
17	44119320	RS55893711	RS62057151	PRUNED_LD	LD		MULTI	8143	4.276E-9	96	1
17	44115730	RS12150542	RS62057151	PRUNED_LD	LD		MULTI	8144	4.28E-9	96	1
17	44226030	RS553779720	RS560050580	PRUNED_DISTANCE_FALLBACK	DISTANCE_FALLBACK		NA	8145	4.28E-9	111	
1	98487566	RS9324384	RS4950119	PRUNED_LD	LD		MULTI	8146	4.281E-9	47	1
17	44109188	RS17574425	RS62057151	PRUNED_LD	LD		MULTI	8147	4.281E-9	96	1
17	44114218	RS12150162	RS62057151	PRUNED_LD	LD		MULTI	8148	4.282E-9	96	1
17	44120608	RS79252344	RS62057151	PRUNED_LD	LD		MULTI	8149	4.282E-9	96	1
17	44165435	RS3912060	RS560050580	PRUNED_DISTANCE_FALLBACK	DISTANCE_FALLBACK		NA	8150	4.282E-9	111	
17	43781778	RS17762361	RS62057151	PRUNED_LD	LD		EUR	8151	4.284E-9	96	0.85
1	98476950	RS9440293	RS4950119	PRUNED_LD	LD		MULTI	8152	4.285E-9	47	1
17	44111827	RS17653162	RS62057151	PRUNED_LD	LD		MULTI	8153	4.285E-9	96	1
17	44115107	RS17574824	RS62057151	PRUNED_LD	LD		MULTI	8154	4.285E-9	96	0.6
11	46697142	RS57744667	RS7108770	PRUNED_LD	LD		MULTI	8155	4.286E-9	65	0.85
17	44119636	RS10514898	RS62057151	PRUNED_LD	LD		MULTI	8156	4.287E-9	96	1
6	32663391	RS9275295	6:32634952_G_T	PRUNED_DISTANCE_FALLBACK	DISTANCE_FALLBACK		NA	8157	4.287E-9	33	
17	44116238	RS41437445	RS62057151	PRUNED_LD	LD		MULTI	8158	4.288E-9	96	1
17	44115074	RS17574796	RS62057151	PRUNED_LD	LD		MULTI	8159	4.289E-9	96	1
1	98482961	RS1892551	RS4950119	PRUNED_LD	LD		MULTI	8160	4.291E-9	47	1
17	44054671	RS62063779	RS62057151	PRUNED_LD	LD		EUR	8161	4.292E-9	96	0.59
17	44120442	RS41374248	RS62057151	PRUNED_LD	LD		MULTI	8162	4.293E-9	96	1
17	44165803	RS17660132	RS560050580	PRUNED_DISTANCE_FALLBACK	DISTANCE_FALLBACK		NA	8163	4.293E-9	111	
3	52918499	RS4687683	RS2245424	PRUNED_LD	LD		MULTI	8164	4.294E-9	99	0.74
3	52668119	RS2083180	RS13083798	PRUNED_LD	LD		MULTI	8165	4.296E-9	42	0.91
17	44054388	RS17572467	RS62057151	PRUNED_LD	LD		EUR	8166	4.297E-9	96	0.59
5	152293332	RS55660904	RS17488630	PRUNED_LD	LD		EUR	8167	4.298E-9	112	0.99
15	61870977	RS12595508	RS35351411	PRUNED_LD	LD		MULTI	8168	4.299E-9	90	0.99
17	44054596	RS17572495	RS62057151	PRUNED_LD	LD		EUR	8169	4.299E-9	96	0.59
17	44054237	RS17651285	RS62057151	PRUNED_LD	LD		EUR	8170	4.301E-9	96	0.59
10	18717884	RS2209588	RS7071123	PRUNED_LD	LD		MULTI	8171	4.302E-9	77	0.81
5	45342044	RS7709262	RS16902086	PRUNED_LD	LD		MULTI	8172	4.303E-9	76	0.79
1	98482693	RS1892549	RS4950119	PRUNED_LD	LD		MULTI	8173	4.304E-9	47	1
17	44051846	RS1800547	RS62057151	PRUNED_LD	LD		EUR	8174	4.306E-9	96	0.59
17	44101004	RS62062297	RS62057151	PRUNED_LD	LD		MULTI	8175	4.306E-9	96	1
1	98482828	RS1892550	RS4950119	PRUNED_LD	LD		MULTI	8176	4.309E-9	47	1
17	44092497	RS12150469	RS62057151	PRUNED_LD	LD		MULTI	8177	4.317E-9	96	1
3	52708737	RS12496476	RS13083798	PRUNED_LD	LD		MULTI	8178	4.317E-9	42	0.84
8	38212611	RS58279725	RS10958683	PRUNED_LD	LD		MULTI	8179	4.317E-9	93	0.73
17	44051924	RS17651213	RS62057151	PRUNED_LD	LD		EUR	8180	4.318E-9	96	0.59
17	44132379	RS545434959	RS560050580	PRUNED_DISTANCE_FALLBACK	DISTANCE_FALLBACK		NA	8181	4.319E-9	111	
3	52721305	RS11177	RS13083798	PRUNED_LD	LD		MULTI	8182	4.319E-9	42	0.84
10	104300638	RS9665626	RS10786701	PRUNED_LD	LD		MULTI	8183	4.32E-9	91	0.6
17	44053989	RS62063778	RS62057151	PRUNED_LD	LD		EUR	8184	4.321E-9	96	0.59
17	44056238	RS62063780	RS62057151	PRUNED_LD	LD		EUR	8185	4.321E-9	96	0.55
17	44132592	RS62063687	RS62057151	PRUNED_LD	LD		MULTI	8186	4.322E-9	96	1
14	33309186	RS7140608	RS12883788	PRUNED_LD	LD		MULTI	8187	4.323E-9	109	0.88
17	44132269	RS62063684	RS62057151	PRUNED_LD	LD		MULTI	8188	4.323E-9	96	1
17	44039691	RS17650901	RS62057151	PRUNED_LD	LD		EUR	8189	4.324E-9	96	0.59
3	52708429	RS34610142	RS13083798	PRUNED_LD	LD		MULTI	8190	4.325E-9	42	0.88
17	44108202	RS17574361	RS62057151	PRUNED_LD	LD		MULTI	8191	4.326E-9	96	1
3	52708288	RS12632265	RS13083798	PRUNED_LD	LD		MULTI	8192	4.328E-9	42	0.88
10	18717909	RS2209587	RS7071123	PRUNED_LD	LD		MULTI	8193	4.329E-9	77	0.83
17	44122484	RS529844822	RS560050580	PRUNED_DISTANCE_FALLBACK	DISTANCE_FALLBACK		NA	8194	4.329E-9	111	
17	44223060	RS527778993	RS560050580	PRUNED_DISTANCE_FALLBACK	DISTANCE_FALLBACK		NA	8195	4.33E-9	111	
17	44108100	RS7350928	RS62057151	PRUNED_LD	LD		MULTI	8196	4.333E-9	96	1
17	44108355	RS17652961	RS62057151	PRUNED_LD	LD		MULTI	8197	4.333E-9	96	1
17	44048323	RS62063298	RS62057151	PRUNED_LD	LD		EUR	8198	4.334E-9	96	0.59
17	44244397	RS565531740	RS560050580	PRUNED_DISTANCE_FALLBACK	DISTANCE_FALLBACK		NA	8199	4.335E-9	111	
17	44123248	RS62063670	RS62057151	PRUNED_LD	LD		MULTI	8200	4.336E-9	96	1
5	60643513	RS6449529	RS56219078	PRUNED_LD	LD		EUR	8201	4.337E-9	73	0.37
3	52690638	RS2336148	RS13083798	PRUNED_LD	LD		MULTI	8202	4.338E-9	42	0.86
17	44121469	RS569670697	RS560050580	PRUNED_DISTANCE_FALLBACK	DISTANCE_FALLBACK		NA	8203	4.339E-9	111	
3	52698417	RS12488461	RS13083798	PRUNED_LD	LD		MULTI	8204	4.339E-9	42	0.88
2	200043951	RS2084737	RS1451488	PRUNED_LD	LD		MULTI	8205	4.34E-9	88	0.87
17	44048336	RS62063299	RS62057151	PRUNED_LD	LD		EUR	8206	4.342E-9	96	0.59
17	44033132	RS113520245	RS62057151	PRUNED_LD	LD		EUR	8207	4.345E-9	96	0.59
17	44049867	RS17572248	RS62057151	PRUNED_LD	LD		EUR	8208	4.346E-9	96	0.59
6	29817995	RS2734988	RS3131856	PRUNED_LD	LD		EUR	8209	4.346E-9	12	0.23
17	44056767	RS1981997	RS62057151	PRUNED_LD	LD		EUR	8210	4.347E-9	96	0.59
17	44050850	RS62063776	RS62057151	PRUNED_LD	LD		EUR	8211	4.348E-9	96	0.59
17	44053448	RS2217394	RS62057151	PRUNED_LD	LD		EUR	8212	4.348E-9	96	0.59
17	44121917	RS575200428	RS560050580	PRUNED_DISTANCE_FALLBACK	DISTANCE_FALLBACK		NA	8213	4.348E-9	111	
17	44052009	RS17572361	RS62057151	PRUNED_LD	LD		EUR	8214	4.349E-9	96	0.59
2	185663304	RS4666990	RS11693094	PRUNED_LD	LD		MULTI	8215	4.349E-9	107	0.9
17	44223387	RS568850733	RS560050580	PRUNED_DISTANCE_FALLBACK	DISTANCE_FALLBACK		NA	8216	4.35E-9	111	
8	38095662	RS2306899	RS10958683	PRUNED_LD	LD		MULTI	8217	4.353E-9	93	0.69
17	44056433	RS2163129	RS62057151	PRUNED_LD	LD		EUR	8218	4.355E-9	96	0.55
17	44050823	RS62063775	RS62057151	PRUNED_LD	LD		EUR	8219	4.356E-9	96	0.59
17	44056833	RS1981998	RS62057151	PRUNED_LD	LD		EUR	8220	4.356E-9	96	0.59
17	44050340	RS17651134	RS62057151	PRUNED_LD	LD		EUR	8221	4.357E-9	96	0.59
17	44053171	RS62063777	RS62057151	PRUNED_LD	LD		EUR	8222	4.357E-9	96	0.59
17	44247164	RS549599956	RS560050580	PRUNED_DISTANCE_FALLBACK	DISTANCE_FALLBACK		NA	8223	4.357E-9	111	
5	60649468	RS7724551	RS56219078	PRUNED_LD	LD		EUR	8224	4.357E-9	73	0.37
17	44056434	RS2163130	RS62057151	PRUNED_LD	LD		EUR	8225	4.358E-9	96	0.55
3	52703615	RS6768697	RS13083798	PRUNED_LD	LD		MULTI	8226	4.359E-9	42	0.9
17	44039410	RS111520035	RS62057151	PRUNED_LD	LD		EUR	8227	4.362E-9	96	0.59
17	44124535	RS79065019	RS62057151	PRUNED_LD	LD		MULTI	8228	4.365E-9	96	1
17	44050463	RS62063774	RS62057151	PRUNED_LD	LD		EUR	8229	4.367E-9	96	0.58
3	52728804	RS6976	RS13083798	PRUNED_LD	LD		MULTI	8230	4.367E-9	42	0.85
17	44097235	RS62062289	RS62057151	PRUNED_LD	LD		MULTI	8231	4.368E-9	96	1
17	44225802	RS556323004	RS560050580	PRUNED_DISTANCE_FALLBACK	DISTANCE_FALLBACK		NA	8232	4.368E-9	111	
17	44050395	RS62063306	RS62057151	PRUNED_LD	LD		EUR	8233	4.369E-9	96	0.59
8	38259481	RS11986274	RS10958683	PRUNED_LD	LD		MULTI	8234	4.369E-9	93	0.92
2	200050126	RS7571105	RS1451488	PRUNED_LD	LD		MULTI	8235	4.37E-9	88	0.87
17	44052284	RS17651243	RS62057151	PRUNED_LD	LD		EUR	8236	4.371E-9	96	0.58
3	52778051	RS2286800	RS13083798	PRUNED_LD	LD		MULTI	8237	4.372E-9	42	0.79
17	44124837	RS62063671	RS62057151	PRUNED_LD	LD		MULTI	8238	4.373E-9	96	1
19	19478395	RS2074088	RS2916074	PRUNED_LD	LD		MULTI	8239	4.374E-9	102	0.78
17	44217293	RS528392906	RS560050580	PRUNED_DISTANCE_FALLBACK	DISTANCE_FALLBACK		NA	8240	4.378E-9	111	
17	44126650	RS112746008	RS62057151	PRUNED_LD	LD		MULTI	8241	4.383E-9	96	1
17	44123717	RS79698033	RS62057151	PRUNED_LD	LD		MULTI	8242	4.385E-9	96	1
17	44015624	RS12150576	RS62057151	PRUNED_LD	LD		MULTI	8243	4.389E-9	96	1
17	44049329	RS75242405	RS62057151	PRUNED_LD	LD		EUR	8244	4.39E-9	96	0.59
6	31272261	RS6457374	RS7748141	PRUNED_DISTANCE_FALLBACK	DISTANCE_FALLBACK		NA	8245	4.39E-9	24	
17	44039043	RS62063282	RS62057151	PRUNED_LD	LD		EUR	8246	4.391E-9	96	0.58
17	44126218	RS12150570	RS62057151	PRUNED_LD	LD		MULTI	8247	4.393E-9	96	1
17	44131798	RS79180862	RS62057151	PRUNED_LD	LD		MULTI	8248	4.393E-9	96	1
17	44123685	RS74571696	RS62057151	PRUNED_LD	LD		MULTI	8249	4.395E-9	96	1
3	52897095	RS6773650	RS13083798	PRUNED_LD	LD		MULTI	8250	4.4E-9	42	0.33
17	44052733	RS78104015	RS62057151	PRUNED_LD	LD		EUR	8251	4.404E-9	96	0.57
17	43785349	RS61667602	RS62057151	PRUNED_LD	LD		EUR	8252	4.405E-9	96	0.84
17	44128125	RS12150447	RS62057151	PRUNED_LD	LD		MULTI	8253	4.407E-9	96	1
17	44215823	RS552471054	RS560050580	PRUNED_DISTANCE_FALLBACK	DISTANCE_FALLBACK		NA	8254	4.408E-9	111	
17	44126977	RS74977736	RS62057151	PRUNED_LD	LD		MULTI	8255	4.412E-9	96	1
3	52687686	RS35409678	RS13083798	PRUNED_LD	LD		MULTI	8256	4.413E-9	42	0.89
7	137029838	RS321198	RS320682	PRUNED_LD	LD		MULTI	8257	4.414E-9	108	0.98
6	32660051	RS4713582	6:32634952_G_T	PRUNED_DISTANCE_FALLBACK	DISTANCE_FALLBACK		NA	8258	4.415E-9	33	
17	44046202	RS62063296	RS62057151	PRUNED_LD	LD		EUR	8259	4.419E-9	96	0.58
5	45301035	RS9292918	RS16902086	PRUNED_LD	LD		MULTI	8260	4.422E-9	76	0.83
17	44125484	RS62063673	RS62057151	PRUNED_LD	LD		MULTI	8261	4.425E-9	96	0.59
6	29761516	RS1610724	RS547591961	PRUNED_DISTANCE_FALLBACK	DISTANCE_FALLBACK		NA	8262	4.426E-9	13	
17	44102638	RS1052590	RS62057151	PRUNED_LD	LD		MULTI	8263	4.428E-9	96	1
17	44015745	RS12150235	RS62057151	PRUNED_LD	LD		MULTI	8264	4.435E-9	96	1
17	44133031	RS17575437	RS62057151	PRUNED_LD	LD		MULTI	8265	4.438E-9	96	1
17	44042361	RS56226437	RS62057151	PRUNED_LD	LD		EUR	8266	4.442E-9	96	0.59
17	44045974	RS17572169	RS62057151	PRUNED_LD	LD		EUR	8267	4.445E-9	96	0.59
17	44045474	RS77513497	RS62057151	PRUNED_LD	LD		EUR	8268	4.45E-9	96	0.59
17	44215045	RS557534113	RS560050580	PRUNED_DISTANCE_FALLBACK	DISTANCE_FALLBACK		NA	8269	4.45E-9	111	
17	44131022	RS112074397	RS62057151	PRUNED_LD	LD		MULTI	8270	4.451E-9	96	1
17	44277923	RS540260849	RS560050580	PRUNED_DISTANCE_FALLBACK	DISTANCE_FALLBACK		NA	8271	4.451E-9	111	
17	44042366	RS55907036	RS62057151	PRUNED_LD	LD		EUR	8272	4.452E-9	96	0.59
17	44133070	RS17653889	RS62057151	PRUNED_LD	LD		MULTI	8273	4.455E-9	96	1
3	52685305	RS35211965	RS13083798	PRUNED_LD	LD		MULTI	8274	4.456E-9	42	0.91
17	44015929	RS12150104	RS62057151	PRUNED_LD	LD		MULTI	8275	4.457E-9	96	1
17	44135985	RS17653998	RS62057151	PRUNED_LD	LD		MULTI	8276	4.458E-9	96	1
17	44129800	RS62063676	RS62057151	PRUNED_LD	LD		MULTI	8277	4.459E-9	96	1
17	44133162	RS62060761	RS62057151	PRUNED_LD	LD		MULTI	8278	4.459E-9	96	1
7	2004421	RS12666575	RS12154473	PRUNED_LD	LD		MULTI	8279	4.459E-9	51	0.71
17	44130587	RS79649865	RS62057151	PRUNED_LD	LD		MULTI	8280	4.46E-9	96	1
17	44133534	RS111259120	RS62057151	PRUNED_LD	LD		MULTI	8281	4.46E-9	96	1
17	44135827	RS17575556	RS62057151	PRUNED_LD	LD		MULTI	8282	4.461E-9	96	1
17	44128876	RS17653836	RS62057151	PRUNED_LD	LD		MULTI	8283	4.462E-9	96	1
17	44129949	RS62063678	RS62057151	PRUNED_LD	LD		MULTI	8284	4.462E-9	96	1
17	44132887	RS62060760	RS62057151	PRUNED_LD	LD		MULTI	8285	4.462E-9	96	1
7	137075847	RS1731951	RS10954580	PRUNED_LD	LD		MULTI	8286	4.464E-9	38	0.45
17	44136577	RS111372048	RS62057151	PRUNED_LD	LD		MULTI	8287	4.465E-9	96	1
17	44134095	RS17575507	RS62057151	PRUNED_LD	LD		MULTI	8288	4.466E-9	96	1
17	44134391	RS876944	RS62057151	PRUNED_LD	LD		MULTI	8289	4.466E-9	96	1
17	44047802	RS62063297	RS62057151	PRUNED_LD	LD		EUR	8290	4.467E-9	96	0.59
17	44044157	RS62063294	RS62057151	PRUNED_LD	LD		EUR	8291	4.468E-9	96	0.59
17	44100906	RS62062295	RS62057151	PRUNED_LD	LD		MULTI	8292	4.468E-9	96	1
17	44133633	RS62060764	RS62057151	PRUNED_LD	LD		MULTI	8293	4.468E-9	96	1
17	44134910	RS62060767	RS62057151	PRUNED_LD	LD		MULTI	8294	4.468E-9	96	1
17	44047216	RS62641967	RS62057151	PRUNED_LD	LD		EUR	8295	4.469E-9	96	0.59
17	44214815	RS570877560	RS560050580	PRUNED_DISTANCE_FALLBACK	DISTANCE_FALLBACK		NA	8296	4.469E-9	111	
17	44133648	RS62060765	RS62057151	PRUNED_LD	LD		MULTI	8297	4.47E-9	96	1
17	44140341	RS2316953	RS62057151	PRUNED_LD	LD		MULTI	8298	4.47E-9	96	1
17	44354549	RS566238830	RS560050580	PRUNED_DISTANCE_FALLBACK	DISTANCE_FALLBACK		NA	8299	4.47E-9	111	
17	44044431	RS62063295	RS62057151	PRUNED_LD	LD		EUR	8300	4.472E-9	96	0.59
3	52657472	RS34537256	RS13083798	PRUNED_LD	LD		MULTI	8301	4.472E-9	42	0.92
17	44044220	RS17650973	RS62057151	PRUNED_LD	LD		EUR	8302	4.473E-9	96	0.59
17	44125066	RS112578465	RS62057151	PRUNED_LD	LD		MULTI	8303	4.473E-9	96	1
17	44153258	RS62060840	RS62057151	PRUNED_LD	LD		MULTI	8304	4.474E-9	96	1
17	44135359	RS1107820	RS62057151	PRUNED_LD	LD		MULTI	8305	4.475E-9	96	1
17	44129885	RS62063677	RS62057151	PRUNED_LD	LD		MULTI	8306	4.476E-9	96	1
17	44037079	RS113793114	RS62057151	PRUNED_LD	LD		EUR	8307	4.477E-9	96	0.59
17	44044823	RS75145092	RS62057151	PRUNED_LD	LD		EUR	8308	4.477E-9	96	0.59
17	44044940	RS113857334	RS62057151	PRUNED_LD	LD		EUR	8309	4.478E-9	96	0.59
17	44047609	RS74373419	RS62057151	PRUNED_LD	LD		EUR	8310	4.479E-9	96	0.59
17	44129253	RS17575423	RS62057151	PRUNED_LD	LD		MULTI	8311	4.48E-9	96	1
5	152297629	RS149205384	RS17488630	PRUNED_LD	LD		EUR	8312	4.48E-9	112	0.97
17	44015816	RS12150242	RS62057151	PRUNED_LD	LD		MULTI	8313	4.483E-9	96	1
17	44135026	RS62060769	RS62057151	PRUNED_LD	LD		MULTI	8314	4.483E-9	96	1
17	44027366	RS62062797	RS62057151	PRUNED_LD	LD		EUR	8315	4.485E-9	96	0.58
17	44099669	RS55726761	RS62057151	PRUNED_LD	LD		MULTI	8316	4.486E-9	96	1
17	44081064	RS8070723	RS62057151	PRUNED_LD	LD		MULTI	8317	4.487E-9	96	1
17	44130878	RS111853996	RS62057151	PRUNED_LD	LD		MULTI	8318	4.489E-9	96	1
17	44044508	RS17650991	RS62057151	PRUNED_LD	LD		EUR	8319	4.492E-9	96	0.59
6	27009512	RS7775041	RS13215879	PRUNED_DISTANCE_FALLBACK	DISTANCE_FALLBACK		NA	8320	4.492E-9	22	
3	52672742	RS11720432	RS13083798	PRUNED_LD	LD		MULTI	8321	4.493E-9	42	0.89
17	44218242	RS534210380	RS560050580	PRUNED_DISTANCE_FALLBACK	DISTANCE_FALLBACK		NA	8322	4.495E-9	111	
17	44130924	RS112674766	RS62057151	PRUNED_LD	LD		MULTI	8323	4.496E-9	96	1
6	31197263	6:31197263_G_A	RS7748141	PRUNED_DISTANCE_FALLBACK	DISTANCE_FALLBACK		NA	8324	4.496E-9	24	
17	44099809	RS62062292	RS62057151	PRUNED_LD	LD		MULTI	8325	4.499E-9	96	1
1	98480128	RS1938567	RS4950119	PRUNED_LD	LD		MULTI	8326	4.501E-9	47	1
17	44048350	RS62063300	RS62057151	PRUNED_LD	LD		EUR	8327	4.502E-9	96	0.59
17	44043378	RS62063291	RS62057151	PRUNED_LD	LD		EUR	8328	4.504E-9	96	0.59
17	44036936	RS62063279	RS62057151	PRUNED_LD	LD		EUR	8329	4.508E-9	96	0.59
17	44169406	RS62061771	RS560050580	PRUNED_DISTANCE_FALLBACK	DISTANCE_FALLBACK		NA	8330	4.508E-9	111	
17	44136763	RS62060786	RS62057151	PRUNED_LD	LD		MULTI	8331	4.51E-9	96	1
17	44099827	RS77747656	RS62057151	PRUNED_LD	LD		MULTI	8332	4.512E-9	96	1
17	44136634	RS62060785	RS62057151	PRUNED_LD	LD		MULTI	8333	4.512E-9	96	1
17	44043636	RS62063292	RS62057151	PRUNED_LD	LD		EUR	8334	4.513E-9	96	0.59
17	44055638	RS754513	RS62057151	PRUNED_LD	LD		EUR	8335	4.513E-9	96	0.59
3	52680823	RS2028216	RS13083798	PRUNED_LD	LD		MULTI	8336	4.516E-9	42	0.89
10	104944744	RS3758543	RS11191580	PRUNED_LD	LD		ASN	8337	4.517E-9	48	0.2
17	44044985	RS17572147	RS62057151	PRUNED_LD	LD		EUR	8338	4.518E-9	96	0.59
17	44131717	RS62063683	RS62057151	PRUNED_LD	LD		MULTI	8339	4.519E-9	96	1
10	104850632	RS3736922	RS11191580	PRUNED_LD	LD		ASN	8340	4.52E-9	48	0.29
5	45483512	RS2337412	RS16902086	PRUNED_LD	LD		MULTI	8341	4.522E-9	76	0.36
17	44139190	RS2316952	RS62057151	PRUNED_LD	LD		MULTI	8342	4.524E-9	96	0.59
5	152310058	RS12659715	RS17488630	PRUNED_LD	LD		EUR	8343	4.528E-9	112	0.97
17	44016157	RS62061725	RS62057151	PRUNED_LD	LD		MULTI	8344	4.53E-9	96	1
17	44136803	RS62060787	RS62057151	PRUNED_LD	LD		MULTI	8345	4.53E-9	96	1
7	2175855	RS3778994	RS12154473	PRUNED_LD	LD		EUR	8346	4.53E-9	51	0.51
3	52629386	RS2118540	RS13083798	PRUNED_LD	LD		MULTI	8347	4.532E-9	42	0.91
3	52653414	RS62253733	RS13083798	PRUNED_LD	LD		MULTI	8348	4.538E-9	42	0.91
1	73758117	RS7523829	RS1160682	PRUNED_LD	LD		MULTI	8349	4.539E-9	53	0.91
17	44016462	RS113537106	RS62057151	PRUNED_LD	LD		MULTI	8350	4.541E-9	96	1
17	44043819	RS62063293	RS62057151	PRUNED_LD	LD		EUR	8351	4.541E-9	96	0.59
17	44100666	RS62062294	RS62057151	PRUNED_LD	LD		MULTI	8352	4.544E-9	96	1
1	98559024	RS1198577	RS4950119	PRUNED_LD	LD		MULTI	8353	4.545E-9	47	0.93
17	44192957	RS17661015	RS560050580	PRUNED_DISTANCE_FALLBACK	DISTANCE_FALLBACK		NA	8354	4.545E-9	111	
15	61850695	RS4775416	RS35351411	PRUNED_LD	LD		MULTI	8355	4.547E-9	90	0.93
17	44214094	RS536077496	RS560050580	PRUNED_DISTANCE_FALLBACK	DISTANCE_FALLBACK		NA	8356	4.547E-9	111	
3	52651966	RS4687638	RS13083798	PRUNED_LD	LD		MULTI	8357	4.547E-9	42	0.91
17	44104343	RS2158257	RS62057151	PRUNED_LD	LD		MULTI	8358	4.549E-9	96	1
17	44137189	RS55714296	RS62057151	PRUNED_LD	LD		MULTI	8359	4.55E-9	96	1
17	44042868	RS112415880	RS62057151	PRUNED_LD	LD		EUR	8360	4.552E-9	96	0.59
17	44137925	RS17654016	RS62057151	PRUNED_LD	LD		MULTI	8361	4.555E-9	96	1
17	44039516	RS17650872	RS62057151	PRUNED_LD	LD		EUR	8362	4.559E-9	96	0.59
17	44103616	RS17652748	RS62057151	PRUNED_LD	LD		MULTI	8363	4.559E-9	96	1
17	44137311	RS55690782	RS62057151	PRUNED_LD	LD		MULTI	8364	4.56E-9	96	1
17	44100553	RS62062293	RS62057151	PRUNED_LD	LD		MULTI	8365	4.57E-9	96	1
17	44036914	RS62063278	RS62057151	PRUNED_LD	LD		EUR	8366	4.572E-9	96	0.59
17	44139083	RS2316951	RS62057151	PRUNED_LD	LD		MULTI	8367	4.572E-9	96	1
6	31252396	RS2524054	RS7748141	PRUNED_DISTANCE_FALLBACK	DISTANCE_FALLBACK		NA	8368	4.574E-9	24	
17	44169437	RS62061772	RS560050580	PRUNED_DISTANCE_FALLBACK	DISTANCE_FALLBACK		NA	8369	4.576E-9	111	
2	58392789	RS848288	RS7596038	PRUNED_LD	LD		MULTI	8370	4.576E-9	56	0.65
5	45305615	RS6874127	RS16902086	PRUNED_LD	LD		MULTI	8371	4.577E-9	76	0.81
6	32662676	RS9275276	6:32634952_G_T	PRUNED_DISTANCE_FALLBACK	DISTANCE_FALLBACK		NA	8372	4.577E-9	33	
6	31265490	RS2247056	RS7748141	PRUNED_DISTANCE_FALLBACK	DISTANCE_FALLBACK		NA	8373	4.578E-9	24	
5	45427137	RS6892290	RS16902086	PRUNED_LD	LD		MULTI	8374	4.584E-9	76	0.36
17	44142663	RS62060795	RS62057151	PRUNED_LD	LD		MULTI	8375	4.586E-9	96	1
17	43671099	RS539288087	RS382362	PRUNED_DISTANCE_FALLBACK	DISTANCE_FALLBACK		NA	8376	4.587E-9	137	
17	44139762	RS112411928	RS62057151	PRUNED_LD	LD		MULTI	8377	4.587E-9	96	1
17	44186894	RS62061822	RS560050580	PRUNED_DISTANCE_FALLBACK	DISTANCE_FALLBACK		NA	8378	4.587E-9	111	
17	44217112	RS563314190	RS560050580	PRUNED_DISTANCE_FALLBACK	DISTANCE_FALLBACK		NA	8379	4.587E-9	111	
17	44213712	RS564905548	RS560050580	PRUNED_DISTANCE_FALLBACK	DISTANCE_FALLBACK		NA	8380	4.588E-9	111	
6	31265135	RS2524129	RS7748141	PRUNED_DISTANCE_FALLBACK	DISTANCE_FALLBACK		NA	8381	4.589E-9	24	
17	44139662	RS17575683	RS62057151	PRUNED_LD	LD		MULTI	8382	4.593E-9	96	1
17	44142879	RS17575773	RS62057151	PRUNED_LD	LD		MULTI	8383	4.593E-9	96	1
5	152299754	RS113568682	RS17488630	PRUNED_LD	LD		EUR	8384	4.593E-9	112	0.96
6	29918072	RS1632877	RS547591961	PRUNED_DISTANCE_FALLBACK	DISTANCE_FALLBACK		NA	8385	4.595E-9	13	
17	44213204	RS542524111	RS560050580	PRUNED_DISTANCE_FALLBACK	DISTANCE_FALLBACK		NA	8386	4.596E-9	111	
17	44137070	RS41384744	RS62057151	PRUNED_LD	LD		MULTI	8387	4.597E-9	96	1
17	44143029	RS62060796	RS62057151	PRUNED_LD	LD		MULTI	8388	4.598E-9	96	1
17	44131592	RS62063681	RS62057151	PRUNED_LD	LD		EUR	8389	4.601E-9	96	0.58
17	44169377	RS62061770	RS560050580	PRUNED_DISTANCE_FALLBACK	DISTANCE_FALLBACK		NA	8390	4.602E-9	111	
17	44103296	RS7687	RS62057151	PRUNED_LD	LD		MULTI	8391	4.607E-9	96	0.61
17	44141347	RS2838	RS62057151	PRUNED_LD	LD		MULTI	8392	4.607E-9	96	1
17	44217226	RS552177258	RS560050580	PRUNED_DISTANCE_FALLBACK	DISTANCE_FALLBACK		NA	8393	4.607E-9	111	
17	44131622	RS62063682	RS62057151	PRUNED_LD	LD		MULTI	8394	4.61E-9	96	1
17	43666906	RS57213017	RS382362	PRUNED_DISTANCE_FALLBACK	DISTANCE_FALLBACK		NA	8395	4.612E-9	137	
17	44017180	RS62061728	RS62057151	PRUNED_LD	LD		MULTI	8396	4.612E-9	96	1
17	44015446	RS12150229	RS62057151	PRUNED_LD	LD		MULTI	8397	4.613E-9	96	1
15	58945671	RS28864995	RS793571	PRUNED_LD	LD		EUR	8398	4.615E-9	52	0.34
20	37434133	RS6065078	RS6124079	PRUNED_LD	LD		MULTI	8399	4.615E-9	89	0.99
17	44017124	RS62061727	RS62057151	PRUNED_LD	LD		MULTI	8400	4.616E-9	96	1
17	44100916	RS62062296	RS62057151	PRUNED_LD	LD		MULTI	8401	4.616E-9	96	1
17	43778406	RS17688875	RS62057151	PRUNED_LD	LD		EUR	8402	4.617E-9	96	0.85
7	137023509	RS320719	RS320682	PRUNED_LD	LD		MULTI	8403	4.62E-9	108	0.97
17	44142427	RS62060793	RS62057151	PRUNED_LD	LD		MULTI	8404	4.622E-9	96	1
17	43780561	RS62056878	RS62057151	PRUNED_LD	LD		EUR	8405	4.629E-9	96	0.85
17	44125704	RS12150336	RS62057151	PRUNED_LD	LD		MULTI	8406	4.63E-9	96	1
10	18727999	RS10764493	RS7071123	PRUNED_LD	LD		MULTI	8407	4.633E-9	77	0.9
3	180711887	RS62291437	RS12152501	PRUNED_LD	LD		MULTI	8408	4.634E-9	72	0.69
17	44144345	RS17575822	RS62057151	PRUNED_LD	LD		MULTI	8409	4.635E-9	96	1
17	44145592	RS62060800	RS62057151	PRUNED_LD	LD		MULTI	8410	4.636E-9	96	1
17	44027316	RS62062796	RS62057151	PRUNED_LD	LD		EUR	8411	4.637E-9	96	0.58
17	44144387	RS17575850	RS62057151	PRUNED_LD	LD		MULTI	8412	4.637E-9	96	1
17	44143484	RS12150344	RS62057151	PRUNED_LD	LD		MULTI	8413	4.638E-9	96	1
3	52907372	RS4687680	RS2245424	PRUNED_LD	LD		MULTI	8414	4.639E-9	99	0.7
11	130717153	RS10894268	RS961491	PRUNED_LD	LD		EUR	8415	4.642E-9	44	0.21
17	44049133	RS62063303	RS62057151	PRUNED_LD	LD		EUR	8416	4.644E-9	96	0.59
17	44143344	RS62060797	RS62057151	PRUNED_LD	LD		MULTI	8417	4.644E-9	96	1
5	152312444	RS17489682	RS17488630	PRUNED_LD	LD		EUR	8418	4.648E-9	112	0.97
17	44142566	RS62060794	RS62057151	PRUNED_LD	LD		MULTI	8419	4.649E-9	96	1
17	44160674	RS17660017	RS560050580	PRUNED_DISTANCE_FALLBACK	DISTANCE_FALLBACK		NA	8420	4.651E-9	111	
3	52624233	RS4336110	RS13083798	PRUNED_LD	LD		MULTI	8421	4.655E-9	42	0.77
17	44160592	RS62060853	RS560050580	PRUNED_DISTANCE_FALLBACK	DISTANCE_FALLBACK		NA	8422	4.656E-9	111	
3	180710772	RS6763935	RS12152501	PRUNED_LD	LD		MULTI	8423	4.657E-9	72	0.69
17	44144634	RS17659731	RS62057151	PRUNED_LD	LD		MULTI	8424	4.658E-9	96	0.59
17	44161360	RS112364920	RS560050580	PRUNED_DISTANCE_FALLBACK	DISTANCE_FALLBACK		NA	8425	4.661E-9	111	
17	44161302	RS113788190	RS560050580	PRUNED_DISTANCE_FALLBACK	DISTANCE_FALLBACK		NA	8426	4.664E-9	111	
17	44146336	RS62060802	RS62057151	PRUNED_LD	LD		MULTI	8427	4.665E-9	96	1
20	37441935	RS12625702	RS6124079	PRUNED_LD	LD		MULTI	8428	4.665E-9	89	0.64
3	52647449	RS11709448	RS13083798	PRUNED_LD	LD		MULTI	8429	4.667E-9	42	0.91
17	44144152	RS62060798	RS62057151	PRUNED_LD	LD		MULTI	8430	4.668E-9	96	1
17	44145860	RS62060801	RS62057151	PRUNED_LD	LD		MULTI	8431	4.668E-9	96	1
3	52739520	RS8906	RS13083798	PRUNED_LD	LD		MULTI	8432	4.668E-9	42	0.85
17	44169769	RS62061789	RS560050580	PRUNED_DISTANCE_FALLBACK	DISTANCE_FALLBACK		NA	8433	4.669E-9	111	
17	44131559	RS62063680	RS62057151	PRUNED_LD	LD		MULTI	8434	4.671E-9	96	1
17	44145373	RS75641221	RS62057151	PRUNED_LD	LD		MULTI	8435	4.672E-9	96	1
5	152315418	RS12652844	RS17488630	PRUNED_LD	LD		EUR	8436	4.673E-9	112	0.97
17	44161985	RS2316955	RS560050580	PRUNED_DISTANCE_FALLBACK	DISTANCE_FALLBACK		NA	8437	4.674E-9	111	
17	44169605	RS17660337	RS560050580	PRUNED_DISTANCE_FALLBACK	DISTANCE_FALLBACK		NA	8438	4.674E-9	111	
17	44144251	RS62060799	RS62057151	PRUNED_LD	LD		MULTI	8439	4.675E-9	96	1
17	44161875	RS62060856	RS560050580	PRUNED_DISTANCE_FALLBACK	DISTANCE_FALLBACK		NA	8440	4.676E-9	111	
17	44017283	RS62061729	RS62057151	PRUNED_LD	LD		MULTI	8441	4.678E-9	96	1
17	44146451	RS77950913	RS62057151	PRUNED_LD	LD		MULTI	8442	4.678E-9	96	1
13	57112724	RS953618	RS9597388	PRUNED_LD	LD		MULTI	8443	4.679E-9	121	0.53
18	77688124	RS55642704	RS55858161	PRUNED_LD	LD		EUR	8444	4.682E-9	87	0.27
14	72449997	RS7155855	RS10137909	PRUNED_LD	LD		MULTI	8445	4.683E-9	114	0.98
17	44017342	RS62061730	RS62057151	PRUNED_LD	LD		MULTI	8446	4.683E-9	96	1
17	44161860	RS62060855	RS560050580	PRUNED_DISTANCE_FALLBACK	DISTANCE_FALLBACK		NA	8447	4.683E-9	111	
17	44209985	RS56119705	RS560050580	PRUNED_DISTANCE_FALLBACK	DISTANCE_FALLBACK		NA	8448	4.687E-9	111	
8	38213583	RS72630614	RS10958683	PRUNED_LD	LD		MULTI	8449	4.687E-9	93	0.74
17	44146567	RS79782347	RS62057151	PRUNED_LD	LD		MULTI	8450	4.689E-9	96	1
17	44146165	RS17659743	RS62057151	PRUNED_LD	LD		MULTI	8451	4.693E-9	96	1
17	44165852	RS74348235	RS560050580	PRUNED_DISTANCE_FALLBACK	DISTANCE_FALLBACK		NA	8452	4.693E-9	111	
17	44269546	RS547806751	RS560050580	PRUNED_DISTANCE_FALLBACK	DISTANCE_FALLBACK		NA	8453	4.693E-9	111	
6	31247758	RS2853944	RS7748141	PRUNED_DISTANCE_FALLBACK	DISTANCE_FALLBACK		NA	8454	4.694E-9	24	
17	44146357	RS75975083	RS62057151	PRUNED_LD	LD		MULTI	8455	4.696E-9	96	1
17	44162284	RS17660065	RS560050580	PRUNED_DISTANCE_FALLBACK	DISTANCE_FALLBACK		NA	8456	4.698E-9	111	
17	44172391	RS80020809	RS560050580	PRUNED_DISTANCE_FALLBACK	DISTANCE_FALLBACK		NA	8457	4.698E-9	111	
17	44033169	RS113277432	RS62057151	PRUNED_LD	LD		EUR	8458	4.701E-9	96	0.59
3	136110018	RS711972	RS1394094	PRUNED_LD	LD		MULTI	8459	4.708E-9	50	0.62
17	44074581	RS62063852	RS62057151	PRUNED_LD	LD		MULTI	8460	4.716E-9	96	1
17	44165098	RS3912061	RS560050580	PRUNED_DISTANCE_FALLBACK	DISTANCE_FALLBACK		NA	8461	4.716E-9	111	
17	44159988	RS17576200	RS560050580	PRUNED_DISTANCE_FALLBACK	DISTANCE_FALLBACK		NA	8462	4.719E-9	111	
17	44159555	RS77138434	RS560050580	PRUNED_DISTANCE_FALLBACK	DISTANCE_FALLBACK		NA	8463	4.72E-9	111	
14	72416763	RS714975	RS714975	SELECTED_LEAD	LD	OK_LOCAL_CACHE		8464	4.721E-9	138	
17	44159695	RS77925835	RS560050580	PRUNED_DISTANCE_FALLBACK	DISTANCE_FALLBACK		NA	8465	4.723E-9	111	
17	44159631	RS111913701	RS560050580	PRUNED_DISTANCE_FALLBACK	DISTANCE_FALLBACK		NA	8466	4.724E-9	111	
17	44102865	RS17574040	RS62057151	PRUNED_LD	LD		MULTI	8467	4.725E-9	96	1
17	44159725	RS17659953	RS560050580	PRUNED_DISTANCE_FALLBACK	DISTANCE_FALLBACK		NA	8468	4.727E-9	111	
17	44172327	RS17576695	RS560050580	PRUNED_DISTANCE_FALLBACK	DISTANCE_FALLBACK		NA	8469	4.727E-9	111	
8	38207690	RS28634296	RS10958683	PRUNED_LD	LD		MULTI	8470	4.727E-9	93	0.72
17	44159672	RS111519055	RS560050580	PRUNED_DISTANCE_FALLBACK	DISTANCE_FALLBACK		NA	8471	4.728E-9	111	
5	45747938	RS4629609	RS4257782	PRUNED_LD	LD		MULTI	8472	4.729E-9	132	1
17	43669931	RS566002249	RS382362	PRUNED_DISTANCE_FALLBACK	DISTANCE_FALLBACK		NA	8473	4.731E-9	137	
17	43964539	RS62055544	RS62057151	PRUNED_LD	LD		MULTI	8474	4.732E-9	96	1
17	44102689	RS1052594	RS62057151	PRUNED_LD	LD		MULTI	8475	4.734E-9	96	1
17	44159849	RS17576165	RS560050580	PRUNED_DISTANCE_FALLBACK	DISTANCE_FALLBACK		NA	8476	4.734E-9	111	
3	52628816	RS11714419	RS13083798	PRUNED_LD	LD		MULTI	8477	4.734E-9	42	0.89
17	44159102	RS1476554	RS560050580	PRUNED_DISTANCE_FALLBACK	DISTANCE_FALLBACK		NA	8478	4.735E-9	111	
17	44102604	RS1052587	RS62057151	PRUNED_LD	LD		MULTI	8479	4.737E-9	96	1
17	44147411	RS56318865	RS62057151	PRUNED_LD	LD		MULTI	8480	4.738E-9	96	1
3	52634605	RS34173654	RS13083798	PRUNED_LD	LD		MULTI	8481	4.739E-9	42	0.91
6	29784317	RS1627119	RS547591961	PRUNED_DISTANCE_FALLBACK	DISTANCE_FALLBACK		NA	8482	4.739E-9	13	
7	86403263	RS6943762	RS6943762	SELECTED_LEAD	LD	OK_LOCAL_CACHE		8483	4.74E-9	139	
17	44147599	RS55929190	RS62057151	PRUNED_LD	LD		MULTI	8484	4.741E-9	96	1
17	44147511	RS56041778	RS62057151	PRUNED_LD	LD		MULTI	8485	4.742E-9	96	1
17	44147574	RS55947022	RS62057151	PRUNED_LD	LD		MULTI	8486	4.743E-9	96	1
17	44166311	RS17660167	RS560050580	PRUNED_DISTANCE_FALLBACK	DISTANCE_FALLBACK		NA	8487	4.743E-9	111	
5	152314450	RS72804781	RS17488630	PRUNED_LD	LD		EUR	8488	4.744E-9	112	0.97
17	44166646	RS17660251	RS560050580	PRUNED_DISTANCE_FALLBACK	DISTANCE_FALLBACK		NA	8489	4.748E-9	111	
17	44142121	RS76307183	RS62057151	PRUNED_LD	LD		MULTI	8490	4.749E-9	96	1
5	45452146	RS7732970	RS16902086	PRUNED_LD	LD		MULTI	8491	4.75E-9	76	0.36
3	136248087	RS1070232	RS1394094	PRUNED_LD	LD		MULTI	8492	4.759E-9	50	0.55
17	44148267	RS55831516	RS62057151	PRUNED_LD	LD		MULTI	8493	4.76E-9	96	1
17	44167464	RS62061766	RS560050580	PRUNED_DISTANCE_FALLBACK	DISTANCE_FALLBACK		NA	8494	4.76E-9	111	
8	38210275	RS10448063	RS10958683	PRUNED_LD	LD		MULTI	8495	4.761E-9	93	0.74
17	44016341	RS62061726	RS62057151	PRUNED_LD	LD		MULTI	8496	4.763E-9	96	1
17	44167101	RS17660294	RS560050580	PRUNED_DISTANCE_FALLBACK	DISTANCE_FALLBACK		NA	8497	4.763E-9	111	
17	44167661	RS79923630	RS560050580	PRUNED_DISTANCE_FALLBACK	DISTANCE_FALLBACK		NA	8498	4.765E-9	111	
10	104945213	RS4917997	RS11191580	PRUNED_LD	LD		ASN	8499	4.766E-9	48	0.2
18	53403228	RS784255	RS9636107	PRUNED_LD	LD		MULTI	8500	4.766E-9	101	0.31
17	43992233	RS55788678	RS62057151	PRUNED_LD	LD		MULTI	8501	4.768E-9	96	1
5	152317799	RS72804786	RS17488630	PRUNED_LD	LD		EUR	8502	4.768E-9	112	0.97
8	38217612	RS1975132	RS10958683	PRUNED_LD	LD		MULTI	8503	4.769E-9	93	0.75
17	44173179	RS62061795	RS560050580	PRUNED_DISTANCE_FALLBACK	DISTANCE_FALLBACK		NA	8504	4.77E-9	111	
17	44172698	RS79348289	RS560050580	PRUNED_DISTANCE_FALLBACK	DISTANCE_FALLBACK		NA	8505	4.774E-9	111	
17	44222019	RS386477606	RS560050580	PRUNED_DISTANCE_FALLBACK	DISTANCE_FALLBACK		NA	8506	4.774E-9	111	
17	44209957	RS55909047	RS560050580	PRUNED_DISTANCE_FALLBACK	DISTANCE_FALLBACK		NA	8507	4.777E-9	111	
3	52633929	RS4687636	RS13083798	PRUNED_LD	LD		MULTI	8508	4.777E-9	42	0.92
17	44017666	RS62061731	RS62057151	PRUNED_LD	LD		MULTI	8509	4.78E-9	96	1
17	44147721	RS56323408	RS62057151	PRUNED_LD	LD		MULTI	8510	4.781E-9	96	1
17	44167729	RS62061767	RS560050580	PRUNED_DISTANCE_FALLBACK	DISTANCE_FALLBACK		NA	8511	4.781E-9	111	
5	152272524	RS113790150	RS17488630	PRUNED_LD	LD		EUR	8512	4.781E-9	112	1
5	45742624	RS7706116	RS4257782	PRUNED_LD	LD		MULTI	8513	4.782E-9	132	0.99
8	38226277	RS16887343	RS10958683	PRUNED_LD	LD		MULTI	8514	4.782E-9	93	0.76
17	44148674	RS62060810	RS62057151	PRUNED_LD	LD		MULTI	8515	4.783E-9	96	1
1	98559093	RS1198576	RS4950119	PRUNED_LD	LD		MULTI	8516	4.785E-9	47	0.93
17	44185245	RS76761511	RS560050580	PRUNED_DISTANCE_FALLBACK	DISTANCE_FALLBACK		NA	8517	4.792E-9	111	
17	44227623	RS572116262	RS560050580	PRUNED_DISTANCE_FALLBACK	DISTANCE_FALLBACK		NA	8518	4.792E-9	111	
2	185533580	RS7597593	RS11693094	PRUNED_LD	LD		MULTI	8519	4.792E-9	107	0.58
5	45298611	RS6864928	RS16902086	PRUNED_LD	LD		MULTI	8520	4.792E-9	76	0.83
17	44160050	RS62060852	RS560050580	PRUNED_DISTANCE_FALLBACK	DISTANCE_FALLBACK		NA	8521	4.793E-9	111	
2	201233040	RS35417285	RS3769472	PRUNED_LD	LD		MULTI	8522	4.794E-9	94	0.66
17	44149448	RS12150625	RS62057151	PRUNED_LD	LD		MULTI	8523	4.795E-9	96	1
3	180711004	RS6777005	RS12152501	PRUNED_LD	LD		MULTI	8524	4.796E-9	72	0.69
17	44149581	RS12150628	RS62057151	PRUNED_LD	LD		MULTI	8525	4.797E-9	96	1
17	44149537	RS12150627	RS62057151	PRUNED_LD	LD		MULTI	8526	4.798E-9	96	1
17	44148613	RS62060809	RS62057151	PRUNED_LD	LD		MULTI	8527	4.799E-9	96	1
17	44055647	RS754512	RS62057151	PRUNED_LD	LD		EUR	8528	4.8E-9	96	0.59
10	104945751	RS7077291	RS11191580	PRUNED_LD	LD		ASN	8529	4.801E-9	48	0.2
6	32441934	RS9269094	RS431204	PRUNED_DISTANCE_FALLBACK	DISTANCE_FALLBACK		NA	8530	4.801E-9	14	
17	44172773	RS75412750	RS560050580	PRUNED_DISTANCE_FALLBACK	DISTANCE_FALLBACK		NA	8531	4.807E-9	111	
3	52644836	RS13065851	RS13083798	PRUNED_LD	LD		MULTI	8532	4.809E-9	42	0.91
17	44149741	RS12150611	RS62057151	PRUNED_LD	LD		MULTI	8533	4.81E-9	96	1
20	37398232	RS2248100	RS6124079	PRUNED_LD	LD		MULTI	8534	4.811E-9	89	0.52
17	44033401	RS62063264	RS62057151	PRUNED_LD	LD		EUR	8535	4.812E-9	96	0.59
1	73736562	RS4571923	RS1160682	PRUNED_LD	LD		MULTI	8536	4.815E-9	53	0.87
17	44141732	RS12150127	RS62057151	PRUNED_LD	LD		MULTI	8537	4.816E-9	96	1
17	44204749	RS113638513	RS560050580	PRUNED_DISTANCE_FALLBACK	DISTANCE_FALLBACK		NA	8538	4.816E-9	111	
17	44141955	RS62060792	RS62057151	PRUNED_LD	LD		MULTI	8539	4.818E-9	96	1
17	44150042	RS74850776	RS62057151	PRUNED_LD	LD		MULTI	8540	4.818E-9	96	1
17	43799048	RS55896111	RS62057151	PRUNED_LD	LD		EUR	8541	4.821E-9	96	0.84
17	44110670	RS4597358	RS62057151	PRUNED_LD	LD		MULTI	8542	4.823E-9	96	1
17	44150233	RS974293	RS62057151	PRUNED_LD	LD		MULTI	8543	4.824E-9	96	1
17	44204739	RS4581739	RS560050580	PRUNED_DISTANCE_FALLBACK	DISTANCE_FALLBACK		NA	8544	4.825E-9	111	
17	44049550	RS17651093	RS62057151	PRUNED_LD	LD		EUR	8545	4.827E-9	96	0.59
8	38188013	RS2234549	RS10958683	PRUNED_LD	LD		MULTI	8546	4.828E-9	93	0.7
17	44150152	RS974295	RS62057151	PRUNED_LD	LD		MULTI	8547	4.832E-9	96	1
17	44191835	RS17577313	RS560050580	PRUNED_DISTANCE_FALLBACK	DISTANCE_FALLBACK		NA	8548	4.832E-9	111	
17	44169759	RS62061788	RS560050580	PRUNED_DISTANCE_FALLBACK	DISTANCE_FALLBACK		NA	8549	4.835E-9	111	
6	31836827	RS521977	RS431204	PRUNED_DISTANCE_FALLBACK	DISTANCE_FALLBACK		NA	8550	4.835E-9	14	
3	52629750	RS2336145	RS13083798	PRUNED_LD	LD		MULTI	8551	4.838E-9	42	0.91
3	52725961	RS13076193	RS13083798	PRUNED_LD	LD		MULTI	8552	4.844E-9	42	0.85
17	44150464	RS974292	RS62057151	PRUNED_LD	LD		MULTI	8553	4.845E-9	96	1
17	44150480	RS974291	RS62057151	PRUNED_LD	LD		MULTI	8554	4.848E-9	96	1
17	44169581	RS111970616	RS560050580	PRUNED_DISTANCE_FALLBACK	DISTANCE_FALLBACK		NA	8555	4.848E-9	111	
14	33309228	RS7160974	RS12883788	PRUNED_LD	LD		MULTI	8556	4.849E-9	109	0.86
17	44170238	RS112596352	RS560050580	PRUNED_DISTANCE_FALLBACK	DISTANCE_FALLBACK		NA	8557	4.852E-9	111	
8	38143357	RS10100894	RS10958683	PRUNED_LD	LD		MULTI	8558	4.853E-9	93	0.68
17	44172408	RS77044307	RS560050580	PRUNED_DISTANCE_FALLBACK	DISTANCE_FALLBACK		NA	8559	4.854E-9	111	
17	44211902	RS62063207	RS560050580	PRUNED_DISTANCE_FALLBACK	DISTANCE_FALLBACK		NA	8560	4.854E-9	111	
10	104945463	RS7077097	RS11191580	PRUNED_LD	LD		ASN	8561	4.855E-9	48	0.2
17	44168508	RS111364350	RS560050580	PRUNED_DISTANCE_FALLBACK	DISTANCE_FALLBACK		NA	8562	4.856E-9	111	
2	58462616	RS72618695	RS7596038	PRUNED_LD	LD		MULTI	8563	4.856E-9	56	0.61
6	31264133	RS2524139	RS7748141	PRUNED_DISTANCE_FALLBACK	DISTANCE_FALLBACK		NA	8564	4.856E-9	24	
17	43810896	RS77804065	RS62057151	PRUNED_LD	LD		EUR	8565	4.857E-9	96	0.77
17	44022632	RS62062781	RS62057151	PRUNED_LD	LD		EUR	8566	4.857E-9	96	0.58
3	52726695	RS6762813	RS13083798	PRUNED_LD	LD		MULTI	8567	4.857E-9	42	0.85
8	38152444	RS12386976	RS10958683	PRUNED_LD	LD		MULTI	8568	4.857E-9	93	0.66
17	44179969	RS112893440	RS560050580	PRUNED_DISTANCE_FALLBACK	DISTANCE_FALLBACK		NA	8569	4.858E-9	111	
17	44212032	RS62063208	RS560050580	PRUNED_DISTANCE_FALLBACK	DISTANCE_FALLBACK		NA	8570	4.858E-9	111	
7	86412221	RS35274762	RS6943762	PRUNED_LD	LD		MULTI	8571	4.86E-9	139	1
17	44170414	RS62061790	RS560050580	PRUNED_DISTANCE_FALLBACK	DISTANCE_FALLBACK		NA	8572	4.861E-9	111	
17	44205839	RS1122381	RS560050580	PRUNED_DISTANCE_FALLBACK	DISTANCE_FALLBACK		NA	8573	4.87E-9	111	
17	44149297	RS1117253	RS62057151	PRUNED_LD	LD		MULTI	8574	4.871E-9	96	1
17	44170612	RS17660398	RS560050580	PRUNED_DISTANCE_FALLBACK	DISTANCE_FALLBACK		NA	8575	4.871E-9	111	
5	152309607	RS72804778	RS17488630	PRUNED_LD	LD		EUR	8576	4.874E-9	112	0.97
17	44150920	RS12150551	RS62057151	PRUNED_LD	LD		MULTI	8577	4.875E-9	96	1
17	44171024	RS62061791	RS560050580	PRUNED_DISTANCE_FALLBACK	DISTANCE_FALLBACK		NA	8578	4.878E-9	111	
17	44211502	RS111424940	RS560050580	PRUNED_DISTANCE_FALLBACK	DISTANCE_FALLBACK		NA	8579	4.878E-9	111	
17	44151697	RS62060834	RS62057151	PRUNED_LD	LD		MULTI	8580	4.881E-9	96	1
12	57487814	RS324017	RS324017	SELECTED_LEAD	LD	OK_LOCAL_CACHE		8581	4.882E-9	140	
3	180709187	RS6770368	RS12152501	PRUNED_LD	LD		MULTI	8582	4.882E-9	72	0.69
17	44179992	RS17576842	RS560050580	PRUNED_DISTANCE_FALLBACK	DISTANCE_FALLBACK		NA	8583	4.887E-9	111	
17	44151156	RS12150558	RS62057151	PRUNED_LD	LD		MULTI	8584	4.888E-9	96	1
8	38142735	RS7823681	RS10958683	PRUNED_LD	LD		MULTI	8585	4.889E-9	93	0.68
10	104949116	RS7092407	RS11191580	PRUNED_LD	LD		ASN	8586	4.895E-9	48	0.2
2	200749749	RS281784	RS166845	PRUNED_LD	LD		MULTI	8587	4.896E-9	86	0.83
17	43685826	RS413519	RS62057151	PRUNED_LD	LD		EUR	8588	4.897E-9	96	0.7
17	44164323	RS55692232	RS560050580	PRUNED_DISTANCE_FALLBACK	DISTANCE_FALLBACK		NA	8589	4.9E-9	111	
17	44210988	RS12150087	RS560050580	PRUNED_DISTANCE_FALLBACK	DISTANCE_FALLBACK		NA	8590	4.902E-9	111	
7	104929633	RS12705304	RS12705304	SELECTED_LEAD	LD	OK_LOCAL_CACHE		8591	4.905E-9	141	
17	44151667	RS62060812	RS62057151	PRUNED_LD	LD		MULTI	8592	4.91E-9	96	1
17	44152390	RS62060835	RS62057151	PRUNED_LD	LD		MULTI	8593	4.912E-9	96	1
22	42395960	RS133305	RS5751191	PRUNED_LD	LD		MULTI	8594	4.912E-9	69	0.89
5	152275242	RS17488910	RS17488630	PRUNED_LD	LD		EUR	8595	4.916E-9	112	1
7	104929267	RS6466056	RS12705304	PRUNED_LD	LD		MULTI	8596	4.92E-9	141	0.96
17	44164090	RS62060858	RS560050580	PRUNED_DISTANCE_FALLBACK	DISTANCE_FALLBACK		NA	8597	4.921E-9	111	
6	32659878	RS9275224	6:32634952_G_T	PRUNED_DISTANCE_FALLBACK	DISTANCE_FALLBACK		NA	8598	4.921E-9	33	
11	130731437	RS73022874	RS7106771	PRUNED_LD	LD		MULTI	8599	4.922E-9	82	0.61
17	44154393	RS62060845	RS560050580	PRUNED_DISTANCE_FALLBACK	DISTANCE_FALLBACK		NA	8600	4.926E-9	111	
17	44154461	RS62060846	RS560050580	PRUNED_DISTANCE_FALLBACK	DISTANCE_FALLBACK		NA	8601	4.926E-9	111	
17	44186593	RS77635460	RS560050580	PRUNED_DISTANCE_FALLBACK	DISTANCE_FALLBACK		NA	8602	4.926E-9	111	
2	58460029	RS3771224	RS7596038	PRUNED_LD	LD		MULTI	8603	4.926E-9	56	0.61
17	44153626	RS62060843	RS62057151	PRUNED_LD	LD		MULTI	8604	4.93E-9	96	1
17	44154607	RS74481389	RS560050580	PRUNED_DISTANCE_FALLBACK	DISTANCE_FALLBACK		NA	8605	4.93E-9	111	
8	38143540	RS10109023	RS10958683	PRUNED_LD	LD		MULTI	8606	4.93E-9	93	0.68
17	44153144	RS62060838	RS62057151	PRUNED_LD	LD		MULTI	8607	4.931E-9	96	1
17	44152447	RS62060836	RS62057151	PRUNED_LD	LD		MULTI	8608	4.932E-9	96	1
8	38143572	RS10101145	RS10958683	PRUNED_LD	LD		MULTI	8609	4.934E-9	93	0.68
17	44173408	RS62061796	RS560050580	PRUNED_DISTANCE_FALLBACK	DISTANCE_FALLBACK		NA	8610	4.935E-9	111	
17	44153386	RS62060841	RS62057151	PRUNED_LD	LD		MULTI	8611	4.936E-9	96	1
17	44037491	RS17650842	RS62057151	PRUNED_LD	LD		EUR	8612	4.937E-9	96	0.59
17	44164133	RS62060859	RS560050580	PRUNED_DISTANCE_FALLBACK	DISTANCE_FALLBACK		NA	8613	4.937E-9	111	
17	44163411	RS55864131	RS560050580	PRUNED_DISTANCE_FALLBACK	DISTANCE_FALLBACK		NA	8614	4.941E-9	111	
2	185498238	RS7557843	RS11693094	PRUNED_LD	LD		MULTI	8615	4.943E-9	107	0.44
2	200944333	RS56216998	RS166845	PRUNED_LD	LD		MULTI	8616	4.943E-9	86	0.79
1	98483150	RS2391904	RS4950119	PRUNED_LD	LD		MULTI	8617	4.944E-9	47	1
17	44153607	RS62060842	RS62057151	PRUNED_LD	LD		MULTI	8618	4.945E-9	96	1
17	44153227	RS62060839	RS62057151	PRUNED_LD	LD		MULTI	8619	4.946E-9	96	1
17	44155157	RS56100031	RS560050580	PRUNED_DISTANCE_FALLBACK	DISTANCE_FALLBACK		NA	8620	4.946E-9	111	
17	44174513	RS62061803	RS560050580	PRUNED_DISTANCE_FALLBACK	DISTANCE_FALLBACK		NA	8621	4.948E-9	111	
17	44154946	RS62060847	RS560050580	PRUNED_DISTANCE_FALLBACK	DISTANCE_FALLBACK		NA	8622	4.95E-9	111	
17	44183616	RS17576989	RS560050580	PRUNED_DISTANCE_FALLBACK	DISTANCE_FALLBACK		NA	8623	4.95E-9	111	
17	44154105	RS112197756	RS560050580	PRUNED_DISTANCE_FALLBACK	DISTANCE_FALLBACK		NA	8624	4.951E-9	111	
17	44036287	RS62063275	RS62057151	PRUNED_LD	LD		EUR	8625	4.955E-9	96	0.59
17	44238571	RS566704864	RS560050580	PRUNED_DISTANCE_FALLBACK	DISTANCE_FALLBACK		NA	8626	4.955E-9	111	
17	44173356	RS17576709	RS560050580	PRUNED_DISTANCE_FALLBACK	DISTANCE_FALLBACK		NA	8627	4.959E-9	111	
17	44209875	RS55780786	RS560050580	PRUNED_DISTANCE_FALLBACK	DISTANCE_FALLBACK		NA	8628	4.959E-9	111	
17	44186252	RS17577024	RS560050580	PRUNED_DISTANCE_FALLBACK	DISTANCE_FALLBACK		NA	8629	4.961E-9	111	
8	143384727	RS13255588	RS4129585	PRUNED_LD	LD		MULTI	8630	4.963E-9	127	0.37
17	44155707	RS55972730	RS560050580	PRUNED_DISTANCE_FALLBACK	DISTANCE_FALLBACK		NA	8631	4.964E-9	111	
6	32660505	RS9275231	6:32634952_G_T	PRUNED_DISTANCE_FALLBACK	DISTANCE_FALLBACK		NA	8632	4.964E-9	33	
17	44182336	RS62061816	RS560050580	PRUNED_DISTANCE_FALLBACK	DISTANCE_FALLBACK		NA	8633	4.966E-9	111	
17	44183403	RS111676341	RS560050580	PRUNED_DISTANCE_FALLBACK	DISTANCE_FALLBACK		NA	8634	4.967E-9	111	
17	44186301	RS17577052	RS560050580	PRUNED_DISTANCE_FALLBACK	DISTANCE_FALLBACK		NA	8635	4.97E-9	111	
2	200068160	RS1376591	RS1451488	PRUNED_LD	LD		MULTI	8636	4.976E-9	88	0.85
17	44181508	RS62061814	RS560050580	PRUNED_DISTANCE_FALLBACK	DISTANCE_FALLBACK		NA	8637	4.977E-9	111	
17	44017941	RS62061732	RS62057151	PRUNED_LD	LD		MULTI	8638	4.98E-9	96	1
17	44102933	RS16940799	RS62057151	PRUNED_LD	LD		MULTI	8639	4.98E-9	96	1
14	33305209	RS12894833	RS12883788	PRUNED_LD	LD		MULTI	8640	4.983E-9	109	0.91
17	44181933	RS17576954	RS560050580	PRUNED_DISTANCE_FALLBACK	DISTANCE_FALLBACK		NA	8641	4.983E-9	111	
8	38203423	RS12677788	RS10958683	PRUNED_LD	LD		MULTI	8642	4.985E-9	93	0.73
10	18717945	RS58561149	RS7071123	PRUNED_LD	LD		MULTI	8643	4.988E-9	77	0.83
3	52956918	RS11130331	RS2245424	PRUNED_LD	LD		MULTI	8644	4.988E-9	99	0.76
10	18717682	RS2209590	RS7071123	PRUNED_LD	LD		MULTI	8645	4.989E-9	77	0.83
17	44182706	RS62061817	RS560050580	PRUNED_DISTANCE_FALLBACK	DISTANCE_FALLBACK		NA	8646	4.992E-9	111	
17	44207066	RS17661348	RS560050580	PRUNED_DISTANCE_FALLBACK	DISTANCE_FALLBACK		NA	8647	4.995E-9	111	
17	44209919	RS3089	RS560050580	PRUNED_DISTANCE_FALLBACK	DISTANCE_FALLBACK		NA	8648	4.995E-9	111	
3	52916363	RS2336667	RS2245424	PRUNED_LD	LD		MULTI	8649	4.995E-9	99	0.74
8	38155167	RS28439472	RS10958683	PRUNED_LD	LD		MULTI	8650	4.996E-9	93	0.7
17	44181681	RS62061815	RS560050580	PRUNED_DISTANCE_FALLBACK	DISTANCE_FALLBACK		NA	8651	4.999E-9	111	
20	37401267	RS2248447	RS6124079	PRUNED_LD	LD		MULTI	8652	4.999E-9	89	0.52
17	44209364	RS111724389	RS560050580	PRUNED_DISTANCE_FALLBACK	DISTANCE_FALLBACK		NA	8653	5E-9	111	
5	152274478	RS12659802	RS17488630	PRUNED_LD	LD		EUR	8654	5.001E-9	112	1
13	56919425	RS2314785	RS9597388	PRUNED_LD	LD		MULTI	8655	5.002E-9	121	0.91
17	44176170	RS56240678	RS560050580	PRUNED_DISTANCE_FALLBACK	DISTANCE_FALLBACK		NA	8656	5.003E-9	111	
17	44183790	RS79923708	RS560050580	PRUNED_DISTANCE_FALLBACK	DISTANCE_FALLBACK		NA	8657	5.003E-9	111	
6	32674329	RS9275511	6:32634952_G_T	PRUNED_DISTANCE_FALLBACK	DISTANCE_FALLBACK		NA	8658	5.004E-9	33	
17	43693538	RS541886938	RS382362	PRUNED_DISTANCE_FALLBACK	DISTANCE_FALLBACK		NA	8659	5.005E-9	137	
17	44208945	RS62063202	RS560050580	PRUNED_DISTANCE_FALLBACK	DISTANCE_FALLBACK		NA	8660	5.005E-9	111	
14	72419435	RS17093752	RS10137909	PRUNED_LD	LD		MULTI	8661	5.007E-9	114	0.77
15	85207825	RS12908161	RS11638554	PRUNED_LD	LD		MULTI	8662	5.008E-9	85	0.83
17	44034833	RS62063269	RS62057151	PRUNED_LD	LD		EUR	8663	5.009E-9	96	0.59
17	44209313	RS62063203	RS560050580	PRUNED_DISTANCE_FALLBACK	DISTANCE_FALLBACK		NA	8664	5.009E-9	111	
6	32659158	RS5002702	6:32634952_G_T	PRUNED_DISTANCE_FALLBACK	DISTANCE_FALLBACK		NA	8665	5.009E-9	33	
6	32659743	RS4248168	6:32634952_G_T	PRUNED_DISTANCE_FALLBACK	DISTANCE_FALLBACK		NA	8666	5.009E-9	33	
8	38213739	RS1488936	RS10958683	PRUNED_LD	LD		MULTI	8667	5.009E-9	93	0.74
17	44182181	RS77924366	RS560050580	PRUNED_DISTANCE_FALLBACK	DISTANCE_FALLBACK		NA	8668	5.01E-9	111	
17	44187492	RS17577094	RS560050580	PRUNED_DISTANCE_FALLBACK	DISTANCE_FALLBACK		NA	8669	5.01E-9	111	
1	98556115	RS2802536	RS4950119	PRUNED_LD	LD		MULTI	8670	5.011E-9	47	0.93
17	44209628	RS17577954	RS560050580	PRUNED_DISTANCE_FALLBACK	DISTANCE_FALLBACK		NA	8671	5.012E-9	111	
8	38198203	RS72630604	RS10958683	PRUNED_LD	LD		MULTI	8672	5.018E-9	93	0.72
17	44177337	RS62061808	RS560050580	PRUNED_DISTANCE_FALLBACK	DISTANCE_FALLBACK		NA	8673	5.02E-9	111	
17	44178272	RS17576779	RS560050580	PRUNED_DISTANCE_FALLBACK	DISTANCE_FALLBACK		NA	8674	5.021E-9	111	
17	44178884	RS62061810	RS560050580	PRUNED_DISTANCE_FALLBACK	DISTANCE_FALLBACK		NA	8675	5.022E-9	111	
17	44182917	RS62061818	RS560050580	PRUNED_DISTANCE_FALLBACK	DISTANCE_FALLBACK		NA	8676	5.022E-9	111	
3	52624723	RS11708075	RS13083798	PRUNED_LD	LD		MULTI	8677	5.023E-9	42	0.91
7	110975636	RS12536395	RS1541472	PRUNED_LD	LD		MULTI	8678	5.024E-9	120	0.93
17	44209474	RS112401617	RS560050580	PRUNED_DISTANCE_FALLBACK	DISTANCE_FALLBACK		NA	8679	5.026E-9	111	
6	32904661	RS171329	6:32634952_G_T	PRUNED_DISTANCE_FALLBACK	DISTANCE_FALLBACK		NA	8680	5.027E-9	33	
17	44177669	RS77604208	RS560050580	PRUNED_DISTANCE_FALLBACK	DISTANCE_FALLBACK		NA	8681	5.044E-9	111	
3	52628321	RS7628578	RS13083798	PRUNED_LD	LD		MULTI	8682	5.045E-9	42	0.92
17	44178839	RS62061809	RS560050580	PRUNED_DISTANCE_FALLBACK	DISTANCE_FALLBACK		NA	8683	5.047E-9	111	
2	200754393	RS281781	RS166845	PRUNED_LD	LD		MULTI	8684	5.047E-9	86	0.83
17	44178337	RS17660488	RS560050580	PRUNED_DISTANCE_FALLBACK	DISTANCE_FALLBACK		NA	8685	5.048E-9	111	
6	31916400	RS537160	RS431204	PRUNED_DISTANCE_FALLBACK	DISTANCE_FALLBACK		NA	8686	5.048E-9	14	
17	44096486	RS62062286	RS62057151	PRUNED_LD	LD		MULTI	8687	5.05E-9	96	1
17	44036129	RS572616442	RS560050580	PRUNED_DISTANCE_FALLBACK	DISTANCE_FALLBACK		NA	8688	5.051E-9	111	
17	44181454	RS111952388	RS560050580	PRUNED_DISTANCE_FALLBACK	DISTANCE_FALLBACK		NA	8689	5.056E-9	111	
8	38130025	RS1906672	RS10958683	PRUNED_LD	LD		MULTI	8690	5.056E-9	93	0.69
17	44177993	RS17660464	RS560050580	PRUNED_DISTANCE_FALLBACK	DISTANCE_FALLBACK		NA	8691	5.059E-9	111	
17	44180997	RS62061812	RS560050580	PRUNED_DISTANCE_FALLBACK	DISTANCE_FALLBACK		NA	8692	5.062E-9	111	
17	44157622	RS78938131	RS560050580	PRUNED_DISTANCE_FALLBACK	DISTANCE_FALLBACK		NA	8693	5.063E-9	111	
17	44196822	RS113909426	RS560050580	PRUNED_DISTANCE_FALLBACK	DISTANCE_FALLBACK		NA	8694	5.063E-9	111	
17	44176092	RS55900347	RS560050580	PRUNED_DISTANCE_FALLBACK	DISTANCE_FALLBACK		NA	8695	5.064E-9	111	
6	29316852	RS10447393	RS539591970	PRUNED_DISTANCE_FALLBACK	DISTANCE_FALLBACK		NA	8696	5.065E-9	11	
5	60660942	RS13170135	RS56219078	PRUNED_LD	LD		EUR	8697	5.067E-9	73	0.34
17	44133396	RS62060762	RS62057151	PRUNED_LD	LD		MULTI	8698	5.069E-9	96	1
17	44157597	RS17659881	RS560050580	PRUNED_DISTANCE_FALLBACK	DISTANCE_FALLBACK		NA	8699	5.069E-9	111	
17	44180173	RS62061811	RS560050580	PRUNED_DISTANCE_FALLBACK	DISTANCE_FALLBACK		NA	8700	5.071E-9	111	
17	44035367	RS17650771	RS62057151	PRUNED_LD	LD		EUR	8701	5.073E-9	96	0.59
17	44192946	RS62061848	RS560050580	PRUNED_DISTANCE_FALLBACK	DISTANCE_FALLBACK		NA	8702	5.074E-9	111	
7	110935979	RS11534045	RS1541472	PRUNED_LD	LD		MULTI	8703	5.074E-9	120	0.96
17	44180442	RS17576870	RS560050580	PRUNED_DISTANCE_FALLBACK	DISTANCE_FALLBACK		NA	8704	5.075E-9	111	
17	44180954	RS17660595	RS560050580	PRUNED_DISTANCE_FALLBACK	DISTANCE_FALLBACK		NA	8705	5.076E-9	111	
17	44133403	RS62060763	RS62057151	PRUNED_LD	LD		MULTI	8706	5.078E-9	96	1
17	44110271	RS7350980	RS62057151	PRUNED_LD	LD		MULTI	8707	5.079E-9	96	1
17	44179749	RS112102887	RS560050580	PRUNED_DISTANCE_FALLBACK	DISTANCE_FALLBACK		NA	8708	5.079E-9	111	
10	18718137	RS11014196	RS7071123	PRUNED_LD	LD		MULTI	8709	5.087E-9	77	0.82
10	104943986	RS10748838	RS11191580	PRUNED_LD	LD		ASN	8710	5.091E-9	48	0.2
17	44181118	RS546325422	RS560050580	PRUNED_DISTANCE_FALLBACK	DISTANCE_FALLBACK		NA	8711	5.093E-9	111	
3	136098085	RS73222302	RS1394094	PRUNED_LD	LD		MULTI	8712	5.094E-9	50	0.54
17	44184428	RS111295615	RS560050580	PRUNED_DISTANCE_FALLBACK	DISTANCE_FALLBACK		NA	8713	5.095E-9	111	
17	44189373	RS17660847	RS560050580	PRUNED_DISTANCE_FALLBACK	DISTANCE_FALLBACK		NA	8714	5.097E-9	111	
17	44035516	RS77555455	RS62057151	PRUNED_LD	LD		EUR	8715	5.098E-9	96	0.59
17	44026321	RS62062793	RS62057151	PRUNED_LD	LD		EUR	8716	5.1E-9	96	0.58
5	152301337	RS12653854	RS17488630	PRUNED_LD	LD		EUR	8717	5.103E-9	112	0.96
17	44026394	RS62062794	RS62057151	PRUNED_LD	LD		EUR	8718	5.104E-9	96	0.58
17	44028011	RS62062801	RS62057151	PRUNED_LD	LD		EUR	8719	5.105E-9	96	0.58
17	44192395	RS4548919	RS560050580	PRUNED_DISTANCE_FALLBACK	DISTANCE_FALLBACK		NA	8720	5.108E-9	111	
17	43756466	RS757503	RS62057151	PRUNED_LD	LD		EUR	8721	5.109E-9	96	0.76
17	44205122	RS62063174	RS560050580	PRUNED_DISTANCE_FALLBACK	DISTANCE_FALLBACK		NA	8722	5.109E-9	111	
3	136035217	RS838202	RS1394094	PRUNED_LD	LD		MULTI	8723	5.115E-9	50	0.53
17	44027090	RS62062795	RS62057151	PRUNED_LD	LD		EUR	8724	5.118E-9	96	0.58
6	31268620	RS2853918	RS7748141	PRUNED_DISTANCE_FALLBACK	DISTANCE_FALLBACK		NA	8725	5.12E-9	24	
17	44027383	RS62062798	RS62057151	PRUNED_LD	LD		EUR	8726	5.126E-9	96	0.58
11	133817009	RS91583	RS688500	PRUNED_LD	LD		MULTI	8727	5.128E-9	130	0.95
17	44036047	RS62063271	RS62057151	PRUNED_LD	LD		EUR	8728	5.128E-9	96	0.59
2	57941185	RS11885093	RS11885093	SELECTED_LEAD	LD	OK_LOCAL_CACHE		8729	5.128E-9	142	
17	44177755	RS80120913	RS560050580	PRUNED_DISTANCE_FALLBACK	DISTANCE_FALLBACK		NA	8730	5.129E-9	111	
17	44188645	RS62061823	RS560050580	PRUNED_DISTANCE_FALLBACK	DISTANCE_FALLBACK		NA	8731	5.13E-9	111	
17	44189408	RS17660865	RS560050580	PRUNED_DISTANCE_FALLBACK	DISTANCE_FALLBACK		NA	8732	5.13E-9	111	
17	44027753	RS62062800	RS62057151	PRUNED_LD	LD		EUR	8733	5.131E-9	96	0.58
6	33432709	RS4711325	RS9461856	PRUNED_LD	LD		MULTI	8734	5.134E-9	71	0.83
17	44515243	RS151172887	RS560050580	PRUNED_DISTANCE_FALLBACK	DISTANCE_FALLBACK		NA	8735	5.135E-9	111	
2	200736507	RS11693528	RS166845	PRUNED_LD	LD		MULTI	8736	5.137E-9	86	0.81
17	44126765	RS113434679	RS62057151	PRUNED_LD	LD		MULTI	8737	5.139E-9	96	1
13	56850118	RS9591751	RS9597388	PRUNED_LD	LD		MULTI	8738	5.14E-9	121	0.86
17	44191085	RS17660907	RS560050580	PRUNED_DISTANCE_FALLBACK	DISTANCE_FALLBACK		NA	8739	5.143E-9	111	
17	44028045	RS62062802	RS62057151	PRUNED_LD	LD		EUR	8740	5.145E-9	96	0.58
20	37403369	RS2867238	RS6124079	PRUNED_LD	LD		MULTI	8741	5.146E-9	89	0.52
17	44035706	RS17571857	RS62057151	PRUNED_LD	LD		EUR	8742	5.148E-9	96	0.59
17	44174351	RS62061802	RS560050580	PRUNED_DISTANCE_FALLBACK	DISTANCE_FALLBACK		NA	8743	5.149E-9	111	
6	32659994	RS4713580	6:32634952_G_T	PRUNED_DISTANCE_FALLBACK	DISTANCE_FALLBACK		NA	8744	5.15E-9	33	
17	44033394	RS62063263	RS62057151	PRUNED_LD	LD		EUR	8745	5.153E-9	96	0.59
17	44196799	RS112813897	RS560050580	PRUNED_DISTANCE_FALLBACK	DISTANCE_FALLBACK		NA	8746	5.157E-9	111	
17	44028183	RS62062803	RS62057151	PRUNED_LD	LD		EUR	8747	5.158E-9	96	0.57
22	42396150	RS133306	RS5751191	PRUNED_LD	LD		MULTI	8748	5.158E-9	69	0.89
17	44032470	RS55821155	RS62057151	PRUNED_LD	LD		EUR	8749	5.16E-9	96	0.59
2	200045031	RS62178712	RS62178738	PRUNED_DISTANCE_FALLBACK	DISTANCE_FALLBACK		NA	8750	5.16E-9	119	
17	44184375	RS79346219	RS560050580	PRUNED_DISTANCE_FALLBACK	DISTANCE_FALLBACK		NA	8751	5.165E-9	111	
17	44025650	RS113395365	RS62057151	PRUNED_LD	LD		EUR	8752	5.167E-9	96	0.58
17	44165069	RS3912062	RS560050580	PRUNED_DISTANCE_FALLBACK	DISTANCE_FALLBACK		NA	8753	5.169E-9	111	
17	44188755	RS62061824	RS560050580	PRUNED_DISTANCE_FALLBACK	DISTANCE_FALLBACK		NA	8754	5.169E-9	111	
15	61851258	RS55835773	RS35351411	PRUNED_LD	LD		MULTI	8755	5.172E-9	90	0.92
17	44191159	RS17660936	RS560050580	PRUNED_DISTANCE_FALLBACK	DISTANCE_FALLBACK		NA	8756	5.173E-9	111	
3	136047189	RS696081	RS1394094	PRUNED_LD	LD		MULTI	8757	5.174E-9	50	0.52
3	136273563	RS6439646	RS1394094	PRUNED_LD	LD		MULTI	8758	5.177E-9	50	0.55
17	44188764	RS55794067	RS560050580	PRUNED_DISTANCE_FALLBACK	DISTANCE_FALLBACK		NA	8759	5.178E-9	111	
17	44036462	RS62063277	RS62057151	PRUNED_LD	LD		EUR	8760	5.182E-9	96	0.59
3	52763000	RS7653028	RS13083798	PRUNED_LD	LD		MULTI	8761	5.183E-9	42	0.77
14	72456322	RS2283426	RS10137909	PRUNED_LD	LD		MULTI	8762	5.184E-9	114	0.98
17	44027521	RS62062799	RS62057151	PRUNED_LD	LD		EUR	8763	5.186E-9	96	0.58
17	44191682	RS62061847	RS560050580	PRUNED_DISTANCE_FALLBACK	DISTANCE_FALLBACK		NA	8764	5.188E-9	111	
15	58962987	RS714696	RS793571	PRUNED_LD	LD		EUR	8765	5.19E-9	52	0.35
2	58033361	RS2683618	RS1356545	PRUNED_LD	LD		MULTI	8766	5.195E-9	39	0.55
17	44025592	RS78026984	RS62057151	PRUNED_LD	LD		EUR	8767	5.198E-9	96	0.57
15	91425232	RS6227	RS6226	PRUNED_LD	LD		EUR	8768	5.201E-9	41	0.2
5	60660401	RS13169711	RS56219078	PRUNED_LD	LD		EUR	8769	5.206E-9	73	0.35
11	46710829	RS79443985	RS7108770	PRUNED_LD	LD		MULTI	8770	5.209E-9	65	0.84
6	29735469	RS9258289	RS3131856	PRUNED_LD	LD		EUR	8771	5.21E-9	12	0.21
17	43775929	RS17688682	RS62057151	PRUNED_LD	LD		EUR	8772	5.213E-9	96	0.85
3	136038574	RS1279086	RS1394094	PRUNED_LD	LD		MULTI	8773	5.214E-9	50	0.53
13	56965944	RS9316851	RS9597388	PRUNED_LD	LD		MULTI	8774	5.217E-9	121	0.92
17	44192618	RS4606752	RS560050580	PRUNED_DISTANCE_FALLBACK	DISTANCE_FALLBACK		NA	8775	5.231E-9	111	
17	43768633	RS56323832	RS62057151	PRUNED_LD	LD		EUR	8776	5.232E-9	96	0.84
7	110912462	RS7811867	RS1541472	PRUNED_LD	LD		MULTI	8777	5.233E-9	120	0.77
17	44201344	RS55802590	RS560050580	PRUNED_DISTANCE_FALLBACK	DISTANCE_FALLBACK		NA	8778	5.241E-9	111	
17	44157992	RS62060851	RS560050580	PRUNED_DISTANCE_FALLBACK	DISTANCE_FALLBACK		NA	8779	5.246E-9	111	
17	44288284	RS2732628	RS560050580	PRUNED_DISTANCE_FALLBACK	DISTANCE_FALLBACK		NA	8780	5.246E-9	111	
17	44028707	RS74903707	RS62057151	PRUNED_LD	LD		EUR	8781	5.248E-9	96	0.59
17	44201109	RS62061859	RS560050580	PRUNED_DISTANCE_FALLBACK	DISTANCE_FALLBACK		NA	8782	5.251E-9	111	
17	44033802	RS17571781	RS62057151	PRUNED_LD	LD		EUR	8783	5.256E-9	96	0.59
17	44031420	RS62062806	RS62057151	PRUNED_LD	LD		EUR	8784	5.268E-9	96	0.59
10	104684392	RS7913682	RS12219247	PRUNED_LD	LD		MULTI	8785	5.274E-9	54	0.68
6	32648156	RS9275052	6:32634952_G_T	PRUNED_DISTANCE_FALLBACK	DISTANCE_FALLBACK		NA	8786	5.274E-9	33	
17	44116950	RS7221390	RS62057151	PRUNED_LD	LD		MULTI	8787	5.277E-9	96	1
17	44200510	RS75652502	RS560050580	PRUNED_DISTANCE_FALLBACK	DISTANCE_FALLBACK		NA	8788	5.277E-9	111	
17	44033488	RS62063266	RS62057151	PRUNED_LD	LD		EUR	8789	5.28E-9	96	0.59
6	32660943	RS9275245	6:32634952_G_T	PRUNED_DISTANCE_FALLBACK	DISTANCE_FALLBACK		NA	8790	5.287E-9	33	
17	44210442	RS17577975	RS560050580	PRUNED_DISTANCE_FALLBACK	DISTANCE_FALLBACK		NA	8791	5.289E-9	111	
10	18717819	RS2209589	RS7071123	PRUNED_LD	LD		MULTI	8792	5.291E-9	77	0.83
17	43789978	RS62056933	RS62057151	PRUNED_LD	LD		EUR	8793	5.292E-9	96	0.84
17	44188477	RS17577159	RS560050580	PRUNED_DISTANCE_FALLBACK	DISTANCE_FALLBACK		NA	8794	5.293E-9	111	
6	32661015	RS9275247	6:32634952_G_T	PRUNED_DISTANCE_FALLBACK	DISTANCE_FALLBACK		NA	8795	5.297E-9	33	
6	32663203	RS9275288	6:32634952_G_T	PRUNED_DISTANCE_FALLBACK	DISTANCE_FALLBACK		NA	8796	5.299E-9	33	
5	45710061	RS10473392	RS4257782	PRUNED_LD	LD		MULTI	8797	5.302E-9	132	0.93
17	44013475	RS79857651	RS62057151	PRUNED_LD	LD		MULTI	8798	5.304E-9	96	1
8	38286811	RS2304000	RS10958683	PRUNED_LD	LD		MULTI	8799	5.305E-9	93	0.83
14	72416950	RS714974	RS714975	PRUNED_LD	LD		MULTI	8800	5.309E-9	138	1
17	43778602	RS17762165	RS62057151	PRUNED_LD	LD		EUR	8801	5.313E-9	96	0.85
2	58072660	RS17049185	RS1356545	PRUNED_LD	LD		MULTI	8802	5.313E-9	39	0.66
17	44041101	RS55709241	RS62057151	PRUNED_LD	LD		EUR	8803	5.317E-9	96	0.59
17	44036787	RS17650818	RS62057151	PRUNED_LD	LD		EUR	8804	5.319E-9	96	0.59
17	44200078	RS112560196	RS560050580	PRUNED_DISTANCE_FALLBACK	DISTANCE_FALLBACK		NA	8805	5.324E-9	111	
10	104950197	RS7920251	RS11191580	PRUNED_LD	LD		ASN	8806	5.326E-9	48	0.2
17	43772251	RS17688410	RS62057151	PRUNED_LD	LD		EUR	8807	5.333E-9	96	0.85
17	44032073	RS56317731	RS62057151	PRUNED_LD	LD		EUR	8808	5.333E-9	96	0.59
17	44041107	RS56280951	RS62057151	PRUNED_LD	LD		EUR	8809	5.34E-9	96	0.58
17	44196015	RS17661141	RS560050580	PRUNED_DISTANCE_FALLBACK	DISTANCE_FALLBACK		NA	8810	5.34E-9	111	
17	44197032	RS111678697	RS560050580	PRUNED_DISTANCE_FALLBACK	DISTANCE_FALLBACK		NA	8811	5.34E-9	111	
17	44031946	RS55946323	RS62057151	PRUNED_LD	LD		EUR	8812	5.341E-9	96	0.59
17	43717415	RS389978	RS62057151	PRUNED_LD	LD		EUR	8813	5.344E-9	96	0.74
17	44018488	RS62061734	RS62057151	PRUNED_LD	LD		MULTI	8814	5.346E-9	96	1
17	44196447	RS1468240	RS560050580	PRUNED_DISTANCE_FALLBACK	DISTANCE_FALLBACK		NA	8815	5.347E-9	111	
6	31267422	RS2524060	RS7748141	PRUNED_DISTANCE_FALLBACK	DISTANCE_FALLBACK		NA	8816	5.348E-9	24	
17	44197806	RS1966345	RS560050580	PRUNED_DISTANCE_FALLBACK	DISTANCE_FALLBACK		NA	8817	5.349E-9	111	
17	44199029	RS76924476	RS560050580	PRUNED_DISTANCE_FALLBACK	DISTANCE_FALLBACK		NA	8818	5.349E-9	111	
17	44280697	RS571742017	RS560050580	PRUNED_DISTANCE_FALLBACK	DISTANCE_FALLBACK		NA	8819	5.349E-9	111	
17	44157982	RS62060850	RS560050580	PRUNED_DISTANCE_FALLBACK	DISTANCE_FALLBACK		NA	8820	5.35E-9	111	
17	44031540	RS55978005	RS62057151	PRUNED_LD	LD		EUR	8821	5.351E-9	96	0.59
3	52913781	RS9860296	RS2245424	PRUNED_LD	LD		MULTI	8822	5.351E-9	99	0.7
17	44033468	RS62063265	RS62057151	PRUNED_LD	LD		EUR	8823	5.353E-9	96	0.59
17	44193882	RS62061849	RS560050580	PRUNED_DISTANCE_FALLBACK	DISTANCE_FALLBACK		NA	8824	5.354E-9	111	
17	44012463	RS17565025	RS62057151	PRUNED_LD	LD		MULTI	8825	5.357E-9	96	0.88
3	52797634	RS1029871	RS13083798	PRUNED_LD	LD		MULTI	8826	5.361E-9	42	0.77
17	43778003	RS62056875	RS62057151	PRUNED_LD	LD		EUR	8827	5.362E-9	96	0.85
22	42396568	RS133307	RS5751191	PRUNED_LD	LD		MULTI	8828	5.366E-9	69	0.89
17	44022068	RS62062777	RS62057151	PRUNED_LD	LD		EUR	8829	5.368E-9	96	0.58
17	44198080	RS62061854	RS560050580	PRUNED_DISTANCE_FALLBACK	DISTANCE_FALLBACK		NA	8830	5.369E-9	111	
20	37403229	RS941513	RS6124079	PRUNED_LD	LD		MULTI	8831	5.372E-9	89	0.52
17	44184404	RS73984689	RS560050580	PRUNED_DISTANCE_FALLBACK	DISTANCE_FALLBACK		NA	8832	5.375E-9	111	
17	44194835	RS17577496	RS560050580	PRUNED_DISTANCE_FALLBACK	DISTANCE_FALLBACK		NA	8833	5.376E-9	111	
2	200715388	RS2949006	RS166845	PRUNED_LD	LD		MULTI	8834	5.382E-9	86	0.77
22	42463689	RS133368	RS5751191	PRUNED_LD	LD		MULTI	8835	5.382E-9	69	0.58
17	43768347	RS78052495	RS62057151	PRUNED_LD	LD		EUR	8836	5.39E-9	96	0.79
17	44165049	RS3912063	RS560050580	PRUNED_DISTANCE_FALLBACK	DISTANCE_FALLBACK		NA	8837	5.39E-9	111	
17	44115440	RS8077487	RS62057151	PRUNED_LD	LD		MULTI	8838	5.391E-9	96	1
17	43768346	RS78471340	RS62057151	PRUNED_LD	LD		EUR	8839	5.392E-9	96	0.79
3	52795224	RS2268025	RS13083798	PRUNED_LD	LD		MULTI	8840	5.403E-9	42	0.78
17	44024660	RS62062786	RS62057151	PRUNED_LD	LD		EUR	8841	5.406E-9	96	0.56
2	199908378	RS994261	RS1451488	PRUNED_LD	LD		MULTI	8842	5.407E-9	88	0.67
17	44207778	RS17661385	RS560050580	PRUNED_DISTANCE_FALLBACK	DISTANCE_FALLBACK		NA	8843	5.408E-9	111	
17	44212782	RS9915547	RS560050580	PRUNED_DISTANCE_FALLBACK	DISTANCE_FALLBACK		NA	8844	5.409E-9	111	
17	43777745	RS17762073	RS62057151	PRUNED_LD	LD		EUR	8845	5.41E-9	96	0.85
2	200045039	RS79353396	RS62178738	PRUNED_DISTANCE_FALLBACK	DISTANCE_FALLBACK		NA	8846	5.419E-9	119	
22	42397042	RS5758537	RS5751191	PRUNED_LD	LD		MULTI	8847	5.424E-9	69	0.89
3	136039268	RS518972	RS1394094	PRUNED_LD	LD		MULTI	8848	5.428E-9	50	0.53
3	52765882	RS11714030	RS13083798	PRUNED_LD	LD		MULTI	8849	5.431E-9	42	0.8
17	44033188	RS112950348	RS62057151	PRUNED_LD	LD		EUR	8850	5.433E-9	96	0.58
17	44034859	RS17571809	RS62057151	PRUNED_LD	LD		EUR	8851	5.434E-9	96	0.59
17	43775546	RS12150547	RS62057151	PRUNED_LD	LD		EUR	8852	5.438E-9	96	0.85
17	43789971	RS62056932	RS62057151	PRUNED_LD	LD		EUR	8853	5.439E-9	96	0.84
2	200749566	RS281785	RS166845	PRUNED_LD	LD		MULTI	8854	5.44E-9	86	0.83
17	44194735	RS10514901	RS560050580	PRUNED_DISTANCE_FALLBACK	DISTANCE_FALLBACK		NA	8855	5.442E-9	111	
5	60733933	RS7720894	RS56219078	PRUNED_LD	LD		EUR	8856	5.443E-9	73	0.34
3	136130677	RS56235965	RS1394094	PRUNED_LD	LD		MULTI	8857	5.445E-9	50	0.58
17	44194891	RS62061851	RS560050580	PRUNED_DISTANCE_FALLBACK	DISTANCE_FALLBACK		NA	8858	5.447E-9	111	
6	31194677	RS2394886	RS1793894	PRUNED_LD	LD		EUR	8859	5.449E-9	17	0.28
14	72424905	RS2190873	RS10137909	PRUNED_LD	LD		MULTI	8860	5.45E-9	114	0.8
7	86420126	RS13230421	RS6943762	PRUNED_LD	LD		MULTI	8861	5.45E-9	139	0.86
17	44194381	RS17577447	RS560050580	PRUNED_DISTANCE_FALLBACK	DISTANCE_FALLBACK		NA	8862	5.451E-9	111	
17	43777710	RS17688773	RS62057151	PRUNED_LD	LD		EUR	8863	5.458E-9	96	0.85
17	44195495	RS727425	RS560050580	PRUNED_DISTANCE_FALLBACK	DISTANCE_FALLBACK		NA	8864	5.458E-9	111	
17	43777578	RS62056874	RS62057151	PRUNED_LD	LD		EUR	8865	5.46E-9	96	0.85
15	59157540	RS592407	RS793571	PRUNED_LD	LD		MULTI	8866	5.464E-9	52	0.77
17	44019479	RS62062768	RS62057151	PRUNED_LD	LD		EUR	8867	5.465E-9	96	0.59
17	44030311	RS17650651	RS62057151	PRUNED_LD	LD		EUR	8868	5.479E-9	96	0.59
17	43777542	RS17688767	RS62057151	PRUNED_LD	LD		EUR	8869	5.48E-9	96	0.85
17	44194519	RS62061850	RS560050580	PRUNED_DISTANCE_FALLBACK	DISTANCE_FALLBACK		NA	8870	5.48E-9	111	
3	52808341	RS1014969	RS13083798	PRUNED_LD	LD		MULTI	8871	5.482E-9	42	0.73
17	44194152	RS17661045	RS560050580	PRUNED_DISTANCE_FALLBACK	DISTANCE_FALLBACK		NA	8872	5.485E-9	111	
17	44195424	RS62061852	RS560050580	PRUNED_DISTANCE_FALLBACK	DISTANCE_FALLBACK		NA	8873	5.486E-9	111	
17	43776061	RS12150454	RS62057151	PRUNED_LD	LD		EUR	8874	5.488E-9	96	0.85
17	43776371	RS12150464	RS62057151	PRUNED_LD	LD		EUR	8875	5.491E-9	96	0.81
6	29780621	RS739780	RS547591961	PRUNED_DISTANCE_FALLBACK	DISTANCE_FALLBACK		NA	8876	5.491E-9	13	
17	44030231	RS17650633	RS62057151	PRUNED_LD	LD		EUR	8877	5.492E-9	96	0.59
14	33308401	RS12892113	RS12883788	PRUNED_LD	LD		MULTI	8878	5.494E-9	109	0.87
17	43776391	RS12150435	RS62057151	PRUNED_LD	LD		EUR	8879	5.496E-9	96	0.8
7	110993511	RS7803571	RS1541472	PRUNED_LD	LD		MULTI	8880	5.5E-9	120	0.71
17	44198806	RS3087534	RS560050580	PRUNED_DISTANCE_FALLBACK	DISTANCE_FALLBACK		NA	8881	5.503E-9	111	
8	143369368	RS4976992	RS4129585	PRUNED_LD	LD		MULTI	8882	5.503E-9	127	0.4
13	56966447	RS9597400	RS9597388	PRUNED_LD	LD		MULTI	8883	5.505E-9	121	0.92
7	1926745	RS12534679	RS12154473	PRUNED_LD	LD		MULTI	8884	5.52E-9	51	0.59
17	43774497	RS56162163	RS62057151	PRUNED_LD	LD		EUR	8885	5.521E-9	96	0.85
17	44013483	RS113756354	RS62057151	PRUNED_LD	LD		MULTI	8886	5.525E-9	96	1
15	59159826	RS11630265	RS793571	PRUNED_LD	LD		EUR	8887	5.526E-9	52	0.56
6	32660881	RS9275244	6:32634952_G_T	PRUNED_DISTANCE_FALLBACK	DISTANCE_FALLBACK		NA	8888	5.529E-9	33	
17	44030195	RS17650597	RS62057151	PRUNED_LD	LD		EUR	8889	5.531E-9	96	0.59
20	37410679	RS2748670	RS6124079	PRUNED_LD	LD		MULTI	8890	5.535E-9	89	0.52
22	42458481	RS2854837	RS5751191	PRUNED_LD	LD		MULTI	8891	5.543E-9	69	0.6
17	43707619	RS681485	RS62057151	PRUNED_LD	LD		EUR	8892	5.544E-9	96	0.68
3	52597664	RS2289249	RS13083798	PRUNED_LD	LD		MULTI	8893	5.546E-9	42	0.77
17	44062689	RS541425496	RS560050580	PRUNED_DISTANCE_FALLBACK	DISTANCE_FALLBACK		NA	8894	5.557E-9	111	
5	45702028	RS10036065	RS4257782	PRUNED_LD	LD		MULTI	8895	5.561E-9	132	0.92
17	43710127	RS81632	RS62057151	PRUNED_LD	LD		EUR	8896	5.562E-9	96	0.72
17	43707620	RS594591	RS62057151	PRUNED_LD	LD		EUR	8897	5.564E-9	96	0.68
7	1926090	RS6967442	RS12154473	PRUNED_LD	LD		MULTI	8898	5.564E-9	51	0.59
17	43705356	RS383241	RS62057151	PRUNED_LD	LD		EUR	8899	5.565E-9	96	0.72
17	44020314	RS62062772	RS62057151	PRUNED_LD	LD		EUR	8900	5.565E-9	96	0.58
6	30933794	RS3095089	RS1264353	PRUNED_LD	LD		EUR	8901	5.565E-9	15	0.43
17	43775479	RS12150610	RS62057151	PRUNED_LD	LD		EUR	8902	5.569E-9	96	0.85
17	43773607	RS17688511	RS62057151	PRUNED_LD	LD		EUR	8903	5.57E-9	96	0.85
17	43773877	RS17688534	RS62057151	PRUNED_LD	LD		EUR	8904	5.571E-9	96	0.85
17	43773943	RS17688558	RS62057151	PRUNED_LD	LD		EUR	8905	5.571E-9	96	0.85
17	43705518	RS376120	RS62057151	PRUNED_LD	LD		EUR	8906	5.574E-9	96	0.72
17	44019643	RS62062769	RS62057151	PRUNED_LD	LD		EUR	8907	5.575E-9	96	0.59
17	43770595	RS62056863	RS62057151	PRUNED_LD	LD		EUR	8908	5.577E-9	96	0.81
3	180713021	RS13073459	RS12152501	PRUNED_LD	LD		MULTI	8909	5.578E-9	72	0.69
17	44186055	RS62061821	RS560050580	PRUNED_DISTANCE_FALLBACK	DISTANCE_FALLBACK		NA	8910	5.582E-9	111	
22	42399325	RS129855	RS5751191	PRUNED_LD	LD		MULTI	8911	5.583E-9	69	0.85
7	104928869	RS7811681	RS12705304	PRUNED_LD	LD		MULTI	8912	5.585E-9	141	0.96
17	43772018	RS56200760	RS62057151	PRUNED_LD	LD		EUR	8913	5.587E-9	96	0.84
17	44029178	RS76839282	RS62057151	PRUNED_LD	LD		EUR	8914	5.589E-9	96	0.59
3	52748058	RS1468638	RS13083798	PRUNED_LD	LD		MULTI	8915	5.589E-9	42	0.85
17	43772109	RS17688391	RS62057151	PRUNED_LD	LD		EUR	8916	5.59E-9	96	0.85
17	43775402	RS12150608	RS62057151	PRUNED_LD	LD		EUR	8917	5.595E-9	96	0.85
17	43771627	RS62056867	RS62057151	PRUNED_LD	LD		EUR	8918	5.596E-9	96	0.85
6	32663999	RS6457620	6:32634952_G_T	PRUNED_DISTANCE_FALLBACK	DISTANCE_FALLBACK		NA	8919	5.596E-9	33	
17	44030115	RS17650579	RS62057151	PRUNED_LD	LD		EUR	8920	5.6E-9	96	0.59
3	52746541	RS4687644	RS13083798	PRUNED_LD	LD		MULTI	8921	5.6E-9	42	0.83
17	43768467	RS56100013	RS62057151	PRUNED_LD	LD		EUR	8922	5.601E-9	96	0.84
17	43773447	RS62056869	RS62057151	PRUNED_LD	LD		EUR	8923	5.602E-9	96	0.85
17	44019680	RS62062770	RS62057151	PRUNED_LD	LD		EUR	8924	5.603E-9	96	0.59
17	44203366	RS62063172	RS560050580	PRUNED_DISTANCE_FALLBACK	DISTANCE_FALLBACK		NA	8925	5.605E-9	111	
6	31263510	RS2524143	RS7748141	PRUNED_DISTANCE_FALLBACK	DISTANCE_FALLBACK		NA	8926	5.605E-9	24	
17	43773124	RS10491144	RS62057151	PRUNED_LD	LD		EUR	8927	5.607E-9	96	0.85
17	43773248	RS10491143	RS62057151	PRUNED_LD	LD		EUR	8928	5.607E-9	96	0.85
17	44203131	RS56273589	RS560050580	PRUNED_DISTANCE_FALLBACK	DISTANCE_FALLBACK		NA	8929	5.607E-9	111	
17	43776945	RS62056873	RS62057151	PRUNED_LD	LD		EUR	8930	5.608E-9	96	0.85
3	52751534	RS7624716	RS13083798	PRUNED_LD	LD		MULTI	8931	5.616E-9	42	0.85
17	44022043	RS62062776	RS62057151	PRUNED_LD	LD		EUR	8932	5.617E-9	96	0.58
5	152283840	RS7702105	RS17488630	PRUNED_LD	LD		EUR	8933	5.619E-9	112	0.99
17	44166500	RS17660228	RS560050580	PRUNED_DISTANCE_FALLBACK	DISTANCE_FALLBACK		NA	8934	5.625E-9	111	
3	136247748	RS1070230	RS1394094	PRUNED_LD	LD		MULTI	8935	5.627E-9	50	0.55
17	44028796	RS77017444	RS62057151	PRUNED_LD	LD		EUR	8936	5.628E-9	96	0.59
6	31840021	RS2763981	RS431204	PRUNED_DISTANCE_FALLBACK	DISTANCE_FALLBACK		NA	8937	5.629E-9	14	
17	43776242	RS12150091	RS62057151	PRUNED_LD	LD		EUR	8938	5.631E-9	96	0.85
5	45759165	RS12654213	RS4257782	PRUNED_LD	LD		MULTI	8939	5.631E-9	132	1
17	43711539	RS2942169	RS62057151	PRUNED_LD	LD		EUR	8940	5.633E-9	96	0.72
17	43776787	RS17761985	RS62057151	PRUNED_LD	LD		EUR	8941	5.636E-9	96	0.85
17	44023520	RS62062783	RS62057151	PRUNED_LD	LD		EUR	8942	5.639E-9	96	0.58
10	18715259	RS6415974	RS7071123	PRUNED_LD	LD		MULTI	8943	5.64E-9	77	1
17	44030773	RS62062805	RS62057151	PRUNED_LD	LD		EUR	8944	5.641E-9	96	0.59
17	44196653	RS75229280	RS560050580	PRUNED_DISTANCE_FALLBACK	DISTANCE_FALLBACK		NA	8945	5.643E-9	111	
17	43769321	RS56283089	RS62057151	PRUNED_LD	LD		EUR	8946	5.647E-9	96	0.84
17	43763935	RS17688068	RS62057151	PRUNED_LD	LD		EUR	8947	5.649E-9	96	0.82
17	43775015	RS62056872	RS62057151	PRUNED_LD	LD		EUR	8948	5.651E-9	96	0.85
17	43773784	RS62056870	RS62057151	PRUNED_LD	LD		EUR	8949	5.658E-9	96	0.85
17	43775145	RS12150141	RS62057151	PRUNED_LD	LD		EUR	8950	5.661E-9	96	0.85
17	43772407	RS55927630	RS62057151	PRUNED_LD	LD		EUR	8951	5.665E-9	96	0.85
17	43766352	RS17688205	RS62057151	PRUNED_LD	LD		EUR	8952	5.667E-9	96	0.84
17	43768703	RS55972157	RS62057151	PRUNED_LD	LD		EUR	8953	5.668E-9	96	0.84
6	31436995	RS2523673	RS7748141	PRUNED_DISTANCE_FALLBACK	DISTANCE_FALLBACK		NA	8954	5.669E-9	24	
17	43774959	RS17761838	RS62057151	PRUNED_LD	LD		EUR	8955	5.671E-9	96	0.85
17	44032597	RS56080482	RS62057151	PRUNED_LD	LD		EUR	8956	5.677E-9	96	0.59
6	29735455	RS9258288	RS3131856	PRUNED_LD	LD		EUR	8957	5.677E-9	12	0.21
14	72419821	RS2238284	RS10137909	PRUNED_LD	LD		MULTI	8958	5.678E-9	114	0.77
20	37483430	RS4812322	RS6124079	PRUNED_LD	LD		MULTI	8959	5.678E-9	89	0.85
17	43763202	RS17688032	RS62057151	PRUNED_LD	LD		EUR	8960	5.679E-9	96	0.82
12	2307175	RS2238051	RS1860002	PRUNED_LD	LD		MULTI	8961	5.68E-9	45	0.31
17	44202952	RS55885063	RS560050580	PRUNED_DISTANCE_FALLBACK	DISTANCE_FALLBACK		NA	8962	5.684E-9	111	
5	45707538	RS13187565	RS4257782	PRUNED_LD	LD		MULTI	8963	5.691E-9	132	0.93
17	43773085	RS17688452	RS62057151	PRUNED_LD	LD		EUR	8964	5.692E-9	96	0.85
17	43765080	RS17688126	RS62057151	PRUNED_LD	LD		EUR	8965	5.693E-9	96	0.84
17	43709415	RS436667	RS62057151	PRUNED_LD	LD		EUR	8966	5.696E-9	96	0.72
10	104697781	RS12414777	RS11191580	PRUNED_LD	LD		MULTI	8967	5.697E-9	48	0.43
17	44201667	RS56257094	RS560050580	PRUNED_DISTANCE_FALLBACK	DISTANCE_FALLBACK		NA	8968	5.697E-9	111	
17	44138201	RS7220752	RS62057151	PRUNED_LD	LD		MULTI	8969	5.698E-9	96	1
3	52719398	RS1866268	RS13083798	PRUNED_LD	LD		MULTI	8970	5.7E-9	42	0.85
5	45751536	RS10044479	RS4257782	PRUNED_LD	LD		MULTI	8971	5.7E-9	132	1
17	44201680	RS55672516	RS560050580	PRUNED_DISTANCE_FALLBACK	DISTANCE_FALLBACK		NA	8972	5.701E-9	111	
17	44020282	RS62062771	RS62057151	PRUNED_LD	LD		EUR	8973	5.702E-9	96	0.58
17	43765381	RS77310586	RS62057151	PRUNED_LD	LD		EUR	8974	5.703E-9	96	0.84
17	43710371	RS16940633	RS62057151	PRUNED_LD	LD		EUR	8975	5.709E-9	96	0.71
17	43772540	RS17688434	RS62057151	PRUNED_LD	LD		EUR	8976	5.709E-9	96	0.85
17	44204304	RS77095128	RS560050580	PRUNED_DISTANCE_FALLBACK	DISTANCE_FALLBACK		NA	8977	5.715E-9	111	
17	44023087	RS62062782	RS62057151	PRUNED_LD	LD		EUR	8978	5.718E-9	96	0.57
17	43764987	RS17688090	RS62057151	PRUNED_LD	LD		EUR	8979	5.722E-9	96	0.84
10	18744719	RS7923938	RS7071123	PRUNED_LD	LD		MULTI	8980	5.723E-9	77	0.77
17	43765778	RS62055716	RS62057151	PRUNED_LD	LD		EUR	8981	5.723E-9	96	0.84
17	44206646	RS10514903	RS560050580	PRUNED_DISTANCE_FALLBACK	DISTANCE_FALLBACK		NA	8982	5.723E-9	111	
17	43762846	RS2040846	RS62057151	PRUNED_LD	LD		EUR	8983	5.725E-9	96	0.82
17	43765450	RS17761387	RS62057151	PRUNED_LD	LD		EUR	8984	5.725E-9	96	0.84
17	43764565	RS62055712	RS62057151	PRUNED_LD	LD		EUR	8985	5.726E-9	96	0.82
17	44024865	RS62062787	RS62057151	PRUNED_LD	LD		EUR	8986	5.726E-9	96	0.58
17	43770443	RS62056861	RS62057151	PRUNED_LD	LD		EUR	8987	5.727E-9	96	0.85
17	43764378	RS77220413	RS62057151	PRUNED_LD	LD		EUR	8988	5.728E-9	96	0.82
17	44194621	RS111880194	RS560050580	PRUNED_DISTANCE_FALLBACK	DISTANCE_FALLBACK		NA	8989	5.729E-9	111	
5	45712489	RS7705696	RS4257782	PRUNED_LD	LD		MULTI	8990	5.732E-9	132	0.94
17	43770416	RS74765707	RS62057151	PRUNED_LD	LD		EUR	8991	5.733E-9	96	0.85
3	52784416	RS6787154	RS13083798	PRUNED_LD	LD		MULTI	8992	5.734E-9	42	0.78
17	43771193	RS62056865	RS62057151	PRUNED_LD	LD		EUR	8993	5.737E-9	96	0.85
17	43764685	RS62055713	RS62057151	PRUNED_LD	LD		EUR	8994	5.742E-9	96	0.82
17	43768501	RS55669046	RS62057151	PRUNED_LD	LD		EUR	8995	5.742E-9	96	0.84
17	43771493	RS62056866	RS62057151	PRUNED_LD	LD		EUR	8996	5.743E-9	96	0.85
17	44162597	RS8080583	RS560050580	PRUNED_DISTANCE_FALLBACK	DISTANCE_FALLBACK		NA	8997	5.746E-9	111	
17	44022528	RS62062778	RS62057151	PRUNED_LD	LD		EUR	8998	5.747E-9	96	0.57
12	123674251	RS2947099	RS4460848	PRUNED_LD	LD		EUR	8999	5.753E-9	34	0.82
17	44206482	RS62063200	RS560050580	PRUNED_DISTANCE_FALLBACK	DISTANCE_FALLBACK		NA	9000	5.753E-9	111	
17	43769516	RS56312737	RS62057151	PRUNED_LD	LD		EUR	9001	5.754E-9	96	0.84
17	44103826	RS16940806	RS62057151	PRUNED_LD	LD		MULTI	9002	5.754E-9	96	1
11	46695483	RS56349329	RS7108770	PRUNED_LD	LD		MULTI	9003	5.756E-9	65	0.85
12	123654778	RS2950537	RS4460848	PRUNED_LD	LD		EUR	9004	5.756E-9	34	0.8
17	43712657	RS241042	RS62057151	PRUNED_LD	LD		EUR	9005	5.756E-9	96	0.74
17	43768727	RS56110538	RS62057151	PRUNED_LD	LD		EUR	9006	5.757E-9	96	0.84
17	43770995	RS62056864	RS62057151	PRUNED_LD	LD		EUR	9007	5.757E-9	96	0.85
17	43770525	RS62056862	RS62057151	PRUNED_LD	LD		EUR	9008	5.76E-9	96	0.85
5	45707117	RS10078625	RS4257782	PRUNED_LD	LD		MULTI	9009	5.762E-9	132	0.93
17	43774845	RS56391096	RS62057151	PRUNED_LD	LD		EUR	9010	5.766E-9	96	0.85
17	44020545	RS62062773	RS62057151	PRUNED_LD	LD		EUR	9011	5.767E-9	96	0.58
11	113418371	RS10736470	RS10736470	SELECTED_LEAD	LD	OK_LOCAL_CACHE		9012	5.77E-9	143	
17	43710384	RS17686610	RS62057151	PRUNED_LD	LD		EUR	9013	5.77E-9	96	0.71
17	43764796	RS62055714	RS62057151	PRUNED_LD	LD		EUR	9014	5.771E-9	96	0.84
17	44203311	RS62063171	RS560050580	PRUNED_DISTANCE_FALLBACK	DISTANCE_FALLBACK		NA	9015	5.775E-9	111	
17	43769088	RS17761581	RS62057151	PRUNED_LD	LD		EUR	9016	5.777E-9	96	0.84
17	44206079	RS1122380	RS560050580	PRUNED_DISTANCE_FALLBACK	DISTANCE_FALLBACK		NA	9017	5.78E-9	111	
17	43764847	RS62055715	RS62057151	PRUNED_LD	LD		EUR	9018	5.781E-9	96	0.84
17	44205500	RS17577650	RS560050580	PRUNED_DISTANCE_FALLBACK	DISTANCE_FALLBACK		NA	9019	5.785E-9	111	
17	43712464	RS241044	RS62057151	PRUNED_LD	LD		EUR	9020	5.786E-9	96	0.72
17	43763241	RS17688056	RS62057151	PRUNED_LD	LD		EUR	9021	5.786E-9	96	0.82
5	45388789	RS10044408	RS16902086	PRUNED_LD	LD		MULTI	9022	5.803E-9	76	0.54
17	43712337	RS241045	RS62057151	PRUNED_LD	LD		EUR	9023	5.804E-9	96	0.72
17	43761974	RS62055708	RS62057151	PRUNED_LD	LD		EUR	9024	5.806E-9	96	0.82
17	43761985	RS76927677	RS62057151	PRUNED_LD	LD		EUR	9025	5.806E-9	96	0.82
17	44039008	RS17650860	RS62057151	PRUNED_LD	LD		EUR	9026	5.812E-9	96	0.58
17	43762429	RS62055709	RS62057151	PRUNED_LD	LD		EUR	9027	5.813E-9	96	0.8
17	44192568	RS4630591	RS560050580	PRUNED_DISTANCE_FALLBACK	DISTANCE_FALLBACK		NA	9028	5.813E-9	111	
8	38142215	RS7845284	RS10958683	PRUNED_LD	LD		MULTI	9029	5.816E-9	93	0.68
10	18743467	RS912983	RS7071123	PRUNED_LD	LD		MULTI	9030	5.819E-9	77	0.71
11	133819417	RS564123	RS4936215	PRUNED_LD	LD		EUR	9031	5.822E-9	36	0.21
17	43709893	RS671740	RS382362	PRUNED_DISTANCE_FALLBACK	DISTANCE_FALLBACK		NA	9032	5.823E-9	137	
3	52743384	RS6445534	RS13083798	PRUNED_LD	LD		MULTI	9033	5.823E-9	42	0.86
17	43709867	RS650927	RS62057151	PRUNED_LD	LD		EUR	9034	5.825E-9	96	0.72
17	43767628	RS62055752	RS62057151	PRUNED_LD	LD		EUR	9035	5.826E-9	96	0.84
1	98428260	RS61789077	RS4950119	PRUNED_LD	LD		MULTI	9036	5.828E-9	47	0.9
11	46693169	RS61884295	RS7108770	PRUNED_LD	LD		MULTI	9037	5.829E-9	65	0.85
17	43717131	RS389217	RS62057151	PRUNED_LD	LD		EUR	9038	5.829E-9	96	0.74
17	44203520	RS113120855	RS560050580	PRUNED_DISTANCE_FALLBACK	DISTANCE_FALLBACK		NA	9039	5.83E-9	111	
7	1979741	RS11557347	RS12154473	PRUNED_LD	LD		MULTI	9040	5.832E-9	51	0.72
17	43761939	RS2158474	RS62057151	PRUNED_LD	LD		EUR	9041	5.834E-9	96	0.82
5	45727866	RS12110137	RS4257782	PRUNED_LD	LD		MULTI	9042	5.834E-9	132	0.96
17	44126365	RS7218319	RS62057151	PRUNED_LD	LD		MULTI	9043	5.838E-9	96	1
5	45478771	RS7727890	RS16902086	PRUNED_LD	LD		MULTI	9044	5.838E-9	76	0.36
17	43716885	RS413778	RS62057151	PRUNED_LD	LD		EUR	9045	5.839E-9	96	0.74
17	44168677	RS2097760	RS560050580	PRUNED_DISTANCE_FALLBACK	DISTANCE_FALLBACK		NA	9046	5.84E-9	111	
17	43715924	RS117368197	RS62057151	PRUNED_LD	LD		EUR	9047	5.844E-9	96	0.7
5	60727990	RS10939902	RS56219078	PRUNED_LD	LD		EUR	9048	5.849E-9	73	0.35
17	44024906	RS62062788	RS62057151	PRUNED_LD	LD		EUR	9049	5.85E-9	96	0.58
3	52744460	RS13079063	RS13083798	PRUNED_LD	LD		MULTI	9050	5.852E-9	42	0.86
17	43766754	RS17688249	RS62057151	PRUNED_LD	LD		EUR	9051	5.856E-9	96	0.84
17	43763007	RS4486953	RS62057151	PRUNED_LD	LD		EUR	9052	5.858E-9	96	0.82
15	59155050	RS632811	RS793571	PRUNED_LD	LD		MULTI	9053	5.859E-9	52	0.6
3	180707961	RS3026213	RS12152501	PRUNED_LD	LD		MULTI	9054	5.86E-9	72	0.69
2	200966337	RS11691873	RS166845	PRUNED_LD	LD		MULTI	9055	5.867E-9	86	0.73
17	43713925	RS241041	RS62057151	PRUNED_LD	LD		EUR	9056	5.869E-9	96	0.74
17	43715619	RS2942165	RS62057151	PRUNED_LD	LD		EUR	9057	5.872E-9	96	0.72
17	43767631	RS62055753	RS62057151	PRUNED_LD	LD		EUR	9058	5.872E-9	96	0.84
17	44021061	RS79115768	RS62057151	PRUNED_LD	LD		EUR	9059	5.873E-9	96	0.58
7	2093162	RS12699646	RS12154473	PRUNED_LD	LD		MULTI	9060	5.879E-9	51	0.56
17	43752039	RS62055661	RS62057151	PRUNED_LD	LD		EUR	9061	5.88E-9	96	0.8
17	43932741	RS4627402	RS62057151	PRUNED_LD	LD		EUR	9062	5.885E-9	96	0.94
17	43769277	RS55840731	RS62057151	PRUNED_LD	LD		EUR	9063	5.886E-9	96	0.84
3	52596398	RS6778844	RS13083798	PRUNED_LD	LD		MULTI	9064	5.887E-9	42	0.77
17	43768230	RS62055754	RS62057151	PRUNED_LD	LD		EUR	9065	5.888E-9	96	0.84
17	44202147	RS62063165	RS560050580	PRUNED_DISTANCE_FALLBACK	DISTANCE_FALLBACK		NA	9066	5.888E-9	111	
3	52752075	RS2109634	RS13083798	PRUNED_LD	LD		MULTI	9067	5.888E-9	42	0.79
17	43714850	RS2942168	RS62057151	PRUNED_LD	LD		EUR	9068	5.892E-9	96	0.74
6	30838043	RS2535341	RS1264353	PRUNED_LD	LD		EUR	9069	5.893E-9	15	0.4
17	43768496	RS55980621	RS62057151	PRUNED_LD	LD		EUR	9070	5.899E-9	96	0.84
17	44024562	RS62062785	RS62057151	PRUNED_LD	LD		EUR	9071	5.902E-9	96	0.58
17	44201865	RS62063163	RS560050580	PRUNED_DISTANCE_FALLBACK	DISTANCE_FALLBACK		NA	9072	5.905E-9	111	
17	44021463	RS62062774	RS62057151	PRUNED_LD	LD		EUR	9073	5.906E-9	96	0.58
17	43714673	RS241039	RS62057151	PRUNED_LD	LD		EUR	9074	5.907E-9	96	0.74
17	43715018	RS2942167	RS62057151	PRUNED_LD	LD		EUR	9075	5.908E-9	96	0.74
17	44201887	RS62063164	RS560050580	PRUNED_DISTANCE_FALLBACK	DISTANCE_FALLBACK		NA	9076	5.908E-9	111	
20	37412453	RS2748671	RS6124079	PRUNED_LD	LD		MULTI	9077	5.91E-9	89	0.54
17	44202608	RS55686102	RS560050580	PRUNED_DISTANCE_FALLBACK	DISTANCE_FALLBACK		NA	9078	5.911E-9	111	
17	44032915	RS17571739	RS62057151	PRUNED_LD	LD		EUR	9079	5.913E-9	96	0.59
8	38137530	RS12674515	RS10958683	PRUNED_LD	LD		MULTI	9080	5.914E-9	93	0.68
17	43711312	RS2942170	RS62057151	PRUNED_LD	LD		EUR	9081	5.919E-9	96	0.72
17	43754569	RS62055689	RS62057151	PRUNED_LD	LD		EUR	9082	5.92E-9	96	0.8
20	37404951	RS2023354	RS6124079	PRUNED_LD	LD		MULTI	9083	5.92E-9	89	0.51
17	43759431	RS76453925	RS62057151	PRUNED_LD	LD		EUR	9084	5.921E-9	96	0.79
17	43762594	RS17688002	RS62057151	PRUNED_LD	LD		EUR	9085	5.928E-9	96	0.82
3	52599922	RS6798246	RS13083798	PRUNED_LD	LD		MULTI	9086	5.928E-9	42	0.78
17	43754099	RS17687667	RS62057151	PRUNED_LD	LD		EUR	9087	5.929E-9	96	0.8
3	52585760	RS1961959	RS13083798	PRUNED_LD	LD		MULTI	9088	5.929E-9	42	0.76
17	43756458	RS872972	RS62057151	PRUNED_LD	LD		EUR	9089	5.93E-9	96	0.8
3	52748857	RS11716747	RS13083798	PRUNED_LD	LD		MULTI	9090	5.935E-9	42	0.85
17	44025347	RS62062792	RS62057151	PRUNED_LD	LD		EUR	9091	5.936E-9	96	0.58
17	44202564	RS55669501	RS560050580	PRUNED_DISTANCE_FALLBACK	DISTANCE_FALLBACK		NA	9092	5.944E-9	111	
17	43757161	RS78487840	RS62057151	PRUNED_LD	LD		EUR	9093	5.947E-9	96	0.79
17	44202231	RS62063166	RS560050580	PRUNED_DISTANCE_FALLBACK	DISTANCE_FALLBACK		NA	9094	5.948E-9	111	
17	43762255	RS17761207	RS62057151	PRUNED_LD	LD		EUR	9095	5.949E-9	96	0.82
17	44032768	RS17571718	RS62057151	PRUNED_LD	LD		EUR	9096	5.949E-9	96	0.59
20	37410875	RS941512	RS6124079	PRUNED_LD	LD		MULTI	9097	5.954E-9	89	0.52
13	56959005	RS9597394	RS9597388	PRUNED_LD	LD		MULTI	9098	5.956E-9	121	0.94
3	52788959	RS6414570	RS13083798	PRUNED_LD	LD		MULTI	9099	5.957E-9	42	0.63
17	43754010	RS76717812	RS62057151	PRUNED_LD	LD		EUR	9100	5.966E-9	96	0.8
14	33305499	RS12896446	RS12883788	PRUNED_LD	LD		MULTI	9101	5.968E-9	109	0.91
17	43758787	RS62055701	RS62057151	PRUNED_LD	LD		EUR	9102	5.968E-9	96	0.8
17	43756340	RS74398257	RS62057151	PRUNED_LD	LD		EUR	9103	5.969E-9	96	0.8
17	44025273	RS62062791	RS62057151	PRUNED_LD	LD		EUR	9104	5.974E-9	96	0.57
17	43754209	RS79073784	RS62057151	PRUNED_LD	LD		EUR	9105	5.975E-9	96	0.8
17	43719870	RS3108317	RS62057151	PRUNED_LD	LD		EUR	9106	5.976E-9	96	0.74
3	52781539	RS13082208	RS13083798	PRUNED_LD	LD		MULTI	9107	5.976E-9	42	0.78
17	43760577	RS62055704	RS62057151	PRUNED_LD	LD		EUR	9108	5.977E-9	96	0.81
15	61842673	RS11636309	RS35351411	PRUNED_LD	LD		MULTI	9109	5.978E-9	90	0.85
17	44103825	RS75010486	RS62057151	PRUNED_LD	LD		MULTI	9110	5.987E-9	96	1
17	43707951	RS444071	RS62057151	PRUNED_LD	LD		EUR	9111	5.988E-9	96	0.71
17	43760599	RS62055705	RS62057151	PRUNED_LD	LD		EUR	9112	5.995E-9	96	0.81
17	43760685	RS62055706	RS62057151	PRUNED_LD	LD		EUR	9113	5.997E-9	96	0.81
17	44032956	RS62062813	RS62057151	PRUNED_LD	LD		EUR	9114	5.997E-9	96	0.59
13	56977627	RS9597402	RS9597388	PRUNED_LD	LD		MULTI	9115	5.999E-9	121	0.92
17	43759719	RS17687849	RS62057151	PRUNED_LD	LD		EUR	9116	5.999E-9	96	0.79
18	53404694	RS813043	RS9636107	PRUNED_LD	LD		MULTI	9117	5.999E-9	101	0.31
6	31290106	RS9265215	RS7748141	PRUNED_DISTANCE_FALLBACK	DISTANCE_FALLBACK		NA	9118	6.004E-9	24	
17	44201791	RS112073200	RS560050580	PRUNED_DISTANCE_FALLBACK	DISTANCE_FALLBACK		NA	9119	6.005E-9	111	
17	43761856	RS2049515	RS62057151	PRUNED_LD	LD		EUR	9120	6.007E-9	96	0.82
17	43762554	RS62055711	RS62057151	PRUNED_LD	LD		EUR	9121	6.007E-9	96	0.77
17	43752566	RS62055662	RS62057151	PRUNED_LD	LD		EUR	9122	6.008E-9	96	0.8
17	43761482	RS62055707	RS62057151	PRUNED_LD	LD		EUR	9123	6.009E-9	96	0.8
17	43760516	RS17761124	RS62057151	PRUNED_LD	LD		EUR	9124	6.01E-9	96	0.81
17	43754505	RS62055665	RS62057151	PRUNED_LD	LD		EUR	9125	6.011E-9	96	0.8
17	44032879	RS78555354	RS62057151	PRUNED_LD	LD		EUR	9126	6.013E-9	96	0.59
14	72408638	RS35607894	RS714975	PRUNED_LD	LD		MULTI	9127	6.016E-9	138	1
17	43754850	RS62055691	RS62057151	PRUNED_LD	LD		EUR	9128	6.016E-9	96	0.8
17	43753642	RS62055664	RS62057151	PRUNED_LD	LD		EUR	9129	6.019E-9	96	0.8
17	43707955	RS396593	RS62057151	PRUNED_LD	LD		EUR	9130	6.02E-9	96	0.71
7	137021740	RS320716	RS320682	PRUNED_LD	LD		MULTI	9131	6.024E-9	108	0.97
17	43750939	RS62053957	RS62057151	PRUNED_LD	LD		EUR	9132	6.025E-9	96	0.8
20	37412820	RS2252554	RS6124079	PRUNED_LD	LD		MULTI	9133	6.026E-9	89	0.54
3	52749334	RS35526119	RS13083798	PRUNED_LD	LD		MULTI	9134	6.026E-9	42	0.85
17	44203413	RS76380490	RS560050580	PRUNED_DISTANCE_FALLBACK	DISTANCE_FALLBACK		NA	9135	6.028E-9	111	
17	43753454	RS62055663	RS62057151	PRUNED_LD	LD		EUR	9136	6.029E-9	96	0.8
17	43761381	RS75115093	RS62057151	PRUNED_LD	LD		EUR	9137	6.03E-9	96	0.81
17	43767538	RS62055751	RS62057151	PRUNED_LD	LD		EUR	9138	6.031E-9	96	0.84
2	200968905	RS10931887	RS166845	PRUNED_LD	LD		MULTI	9139	6.043E-9	86	0.73
17	43759426	RS76333921	RS62057151	PRUNED_LD	LD		EUR	9140	6.045E-9	96	0.79
17	43760389	RS17761100	RS62057151	PRUNED_LD	LD		EUR	9141	6.046E-9	96	0.78
17	44022319	RS75839508	RS62057151	PRUNED_LD	LD		EUR	9142	6.046E-9	96	0.58
3	52922621	RS6795646	RS2245424	PRUNED_LD	LD		MULTI	9143	6.049E-9	99	0.7
17	43758238	RS62055698	RS62057151	PRUNED_LD	LD		EUR	9144	6.053E-9	96	0.8
13	56977768	RS9591760	RS9597388	PRUNED_LD	LD		MULTI	9145	6.054E-9	121	0.92
17	43760192	RS112169475	RS62057151	PRUNED_LD	LD		EUR	9146	6.056E-9	96	0.73
17	43759048	RS17687838	RS62057151	PRUNED_LD	LD		EUR	9147	6.064E-9	96	0.79
8	38180561	RS56300324	RS10958683	PRUNED_LD	LD		MULTI	9148	6.064E-9	93	0.71
17	43767219	RS2040844	RS62057151	PRUNED_LD	LD		EUR	9149	6.065E-9	96	0.84
18	53408187	RS28758902	RS9636107	PRUNED_LD	LD		EUR	9150	6.065E-9	101	0.25
17	43750010	RS17687571	RS62057151	PRUNED_LD	LD		EUR	9151	6.067E-9	96	0.78
17	43757776	RS543716852	RS382362	PRUNED_DISTANCE_FALLBACK	DISTANCE_FALLBACK		NA	9152	6.07E-9	137	
17	43749949	RS62053954	RS62057151	PRUNED_LD	LD		EUR	9153	6.077E-9	96	0.78
17	43750137	RS17760817	RS62057151	PRUNED_LD	LD		EUR	9154	6.077E-9	96	0.78
17	43754576	RS62055690	RS62057151	PRUNED_LD	LD		EUR	9155	6.077E-9	96	0.8
17	43781105	RS968028	RS62057151	PRUNED_LD	LD		EUR	9156	6.078E-9	96	0.85
22	42454354	RS5758566	RS5751191	PRUNED_LD	LD		MULTI	9157	6.079E-9	69	0.6
17	44024552	RS62062784	RS62057151	PRUNED_LD	LD		EUR	9158	6.083E-9	96	0.58
17	44155732	RS2066899	RS560050580	PRUNED_DISTANCE_FALLBACK	DISTANCE_FALLBACK		NA	9159	6.084E-9	111	
17	43749980	RS62053955	RS62057151	PRUNED_LD	LD		EUR	9160	6.088E-9	96	0.78
13	56960024	RS9597395	RS9597388	PRUNED_LD	LD		MULTI	9161	6.09E-9	121	0.92
17	43721457	RS1706746	RS62057151	PRUNED_LD	LD		EUR	9162	6.096E-9	96	0.76
17	43749579	RS17687534	RS62057151	PRUNED_LD	LD		EUR	9163	6.096E-9	96	0.78
17	43721283	RS2942164	RS62057151	PRUNED_LD	LD		EUR	9164	6.098E-9	96	0.76
17	44151546	RS9907738	RS62057151	PRUNED_LD	LD		MULTI	9165	6.098E-9	96	1
7	2183702	RS1859993	RS12154473	PRUNED_LD	LD		EUR	9166	6.098E-9	51	0.5
17	43750315	RS62053956	RS62057151	PRUNED_LD	LD		EUR	9167	6.099E-9	96	0.8
17	43760199	RS113728380	RS62057151	PRUNED_LD	LD		EUR	9168	6.101E-9	96	0.73
3	52753532	RS34918356	RS13083798	PRUNED_LD	LD		MULTI	9169	6.101E-9	42	0.8
17	43757777	RS562098568	RS382362	PRUNED_DISTANCE_FALLBACK	DISTANCE_FALLBACK		NA	9170	6.102E-9	137	
17	43758078	RS112155389	RS62057151	PRUNED_LD	LD		EUR	9171	6.106E-9	96	0.79
12	108629780	RS1426371	RS3764002	PRUNED_LD	LD		MULTI	9172	6.11E-9	134	0.95
17	43749454	RS62053953	RS62057151	PRUNED_LD	LD		EUR	9173	6.11E-9	96	0.78
15	59160069	RS12901551	RS793571	PRUNED_LD	LD		EUR	9174	6.12E-9	52	0.56
5	60731458	RS7709645	RS56219078	PRUNED_LD	LD		EUR	9175	6.121E-9	73	0.35
17	43758790	RS62055702	RS62057151	PRUNED_LD	LD		EUR	9176	6.124E-9	96	0.8
5	45722124	RS2337952	RS4257782	PRUNED_LD	LD		MULTI	9177	6.126E-9	132	0.94
17	43758011	RS55651627	RS62057151	PRUNED_LD	LD		EUR	9178	6.127E-9	96	0.79
17	43767815	RS17688296	RS62057151	PRUNED_LD	LD		EUR	9179	6.13E-9	96	0.84
17	43749168	RS62053951	RS62057151	PRUNED_LD	LD		EUR	9180	6.131E-9	96	0.78
17	43749261	RS62053952	RS62057151	PRUNED_LD	LD		EUR	9181	6.131E-9	96	0.78
17	43750238	RS17687625	RS62057151	PRUNED_LD	LD		EUR	9182	6.14E-9	96	0.78
17	43756910	RS62055693	RS62057151	PRUNED_LD	LD		EUR	9183	6.142E-9	96	0.8
17	43723189	RS413917	RS382362	PRUNED_DISTANCE_FALLBACK	DISTANCE_FALLBACK		NA	9184	6.143E-9	137	
22	42399686	RS129857	RS5751191	PRUNED_LD	LD		MULTI	9185	6.144E-9	69	0.85
8	143368449	RS74576444	RS4129585	PRUNED_LD	LD		MULTI	9186	6.146E-9	127	0.4
17	44022376	RS75686108	RS62057151	PRUNED_LD	LD		EUR	9187	6.147E-9	96	0.58
3	52607685	RS12632381	RS13083798	PRUNED_LD	LD		MULTI	9188	6.148E-9	42	0.86
7	104930250	RS2057884	RS12705304	PRUNED_LD	LD		MULTI	9189	6.148E-9	141	0.96
17	43758148	RS62055697	RS62057151	PRUNED_LD	LD		EUR	9190	6.153E-9	96	0.79
17	44051589	RS118087478	RS62057151	PRUNED_LD	LD		EUR	9191	6.157E-9	96	0.52
3	136035303	RS681783	RS1394094	PRUNED_LD	LD		MULTI	9192	6.16E-9	50	0.47
20	37410306	RS2745011	RS6124079	PRUNED_LD	LD		MULTI	9193	6.167E-9	89	0.52
17	43758742	RS62055700	RS62057151	PRUNED_LD	LD		EUR	9194	6.171E-9	96	0.8
18	77672473	RS11661195	RS55858161	PRUNED_LD	LD		MULTI	9195	6.171E-9	87	0.47
3	52717282	RS6445531	RS13083798	PRUNED_LD	LD		MULTI	9196	6.174E-9	42	0.85
17	43748412	RS62053950	RS62057151	PRUNED_LD	LD		EUR	9197	6.179E-9	96	0.78
3	52607682	RS11130307	RS13083798	PRUNED_LD	LD		MULTI	9198	6.183E-9	42	0.86
17	43748101	RS62053949	RS62057151	PRUNED_LD	LD		EUR	9199	6.187E-9	96	0.78
3	52950659	RS12629687	RS2245424	PRUNED_LD	LD		MULTI	9200	6.187E-9	99	0.76
17	43748046	RS62053948	RS62057151	PRUNED_LD	LD		EUR	9201	6.188E-9	96	0.78
17	43725212	RS448830	RS62057151	PRUNED_LD	LD		EUR	9202	6.194E-9	96	0.77
17	44036408	RS62063276	RS62057151	PRUNED_LD	LD		EUR	9203	6.198E-9	96	0.59
13	56976338	RS4448813	RS9597388	PRUNED_LD	LD		MULTI	9204	6.209E-9	121	0.92
17	44101563	RS9468	RS62057151	PRUNED_LD	LD		MULTI	9205	6.21E-9	96	1
3	52719088	RS3733039	RS13083798	PRUNED_LD	LD		MULTI	9206	6.21E-9	42	0.85
17	44197603	RS4383188	RS560050580	PRUNED_DISTANCE_FALLBACK	DISTANCE_FALLBACK		NA	9207	6.214E-9	111	
6	30775295	RS1264364	RS561436357	PRUNED_DISTANCE_FALLBACK	DISTANCE_FALLBACK		NA	9208	6.218E-9	31	
13	56963440	RS9597397	RS9597388	PRUNED_LD	LD		MULTI	9209	6.219E-9	121	0.92
19	19584987	RS747050	RS2916074	PRUNED_LD	LD		MULTI	9210	6.221E-9	102	0.94
2	201095739	RS78988795	RS3769472	PRUNED_LD	LD		EUR	9211	6.223E-9	94	0.24
17	43758382	RS17761046	RS62057151	PRUNED_LD	LD		EUR	9212	6.225E-9	96	0.8
3	52718280	RS10865974	RS13083798	PRUNED_LD	LD		MULTI	9213	6.227E-9	42	0.85
3	136068699	RS654237	RS1394094	PRUNED_LD	LD		MULTI	9214	6.229E-9	50	0.61
6	32574204	RS615719	6:32634952_G_T	PRUNED_DISTANCE_FALLBACK	DISTANCE_FALLBACK		NA	9215	6.229E-9	33	
17	43747677	RS62053946	RS62057151	PRUNED_LD	LD		EUR	9216	6.232E-9	96	0.78
17	43725992	RS434971	RS62057151	PRUNED_LD	LD		EUR	9217	6.24E-9	96	0.77
17	43747683	RS62053947	RS62057151	PRUNED_LD	LD		EUR	9218	6.242E-9	96	0.78
3	52716937	RS34157897	RS13083798	PRUNED_LD	LD		MULTI	9219	6.244E-9	42	0.85
17	43746721	RS17687504	RS62057151	PRUNED_LD	LD		EUR	9220	6.249E-9	96	0.78
17	43756506	RS757502	RS62057151	PRUNED_LD	LD		EUR	9221	6.251E-9	96	0.8
17	43746839	RS62053945	RS62057151	PRUNED_LD	LD		EUR	9222	6.255E-9	96	0.78
6	32443131	RS9269106	RS431204	PRUNED_DISTANCE_FALLBACK	DISTANCE_FALLBACK		NA	9223	6.255E-9	14	
22	42395242	RS133303	RS5751191	PRUNED_LD	LD		MULTI	9224	6.259E-9	69	0.89
12	123654812	RS3018098	RS4460848	PRUNED_LD	LD		EUR	9225	6.263E-9	34	0.84
17	43756685	RS757501	RS62057151	PRUNED_LD	LD		EUR	9226	6.263E-9	96	0.8
17	43779624	RS1526128	RS62057151	PRUNED_LD	LD		EUR	9227	6.279E-9	96	0.82
17	44208144	RS17661428	RS560050580	PRUNED_DISTANCE_FALLBACK	DISTANCE_FALLBACK		NA	9228	6.284E-9	111	
17	43723462	RS3418	RS62057151	PRUNED_LD	LD		EUR	9229	6.29E-9	96	0.77
3	136068695	RS480162	RS1394094	PRUNED_LD	LD		MULTI	9230	6.293E-9	50	0.61
13	56974329	RS13379028	RS9597388	PRUNED_LD	LD		MULTI	9231	6.307E-9	121	0.92
17	43746276	RS17760733	RS62057151	PRUNED_LD	LD		EUR	9232	6.307E-9	96	0.78
6	32443210	RS9269107	RS431204	PRUNED_DISTANCE_FALLBACK	DISTANCE_FALLBACK		NA	9233	6.307E-9	14	
17	44022593	RS62062780	RS62057151	PRUNED_LD	LD		EUR	9234	6.315E-9	96	0.58
7	104605530	RS7776707	RS17777642	PRUNED_LD	LD		MULTI	9235	6.325E-9	78	0.79
17	43746418	RS79675109	RS62057151	PRUNED_LD	LD		EUR	9236	6.328E-9	96	0.78
13	56966074	RS9316852	RS9597388	PRUNED_LD	LD		MULTI	9237	6.329E-9	121	0.92
6	32443387	RS9269113	RS431204	PRUNED_DISTANCE_FALLBACK	DISTANCE_FALLBACK		NA	9238	6.335E-9	14	
17	43726588	RS366858	RS62057151	PRUNED_LD	LD		EUR	9239	6.341E-9	96	0.77
6	30862423	RS1264319	RS1264353	PRUNED_LD	LD		EUR	9240	6.35E-9	15	0.4
8	143326237	RS8180995	RS4129585	PRUNED_LD	LD		MULTI	9241	6.358E-9	127	0.7
20	37483428	RS4812321	RS6124079	PRUNED_LD	LD		MULTI	9242	6.364E-9	89	0.85
6	32442296	RS6924267	RS431204	PRUNED_DISTANCE_FALLBACK	DISTANCE_FALLBACK		NA	9243	6.364E-9	14	
3	36856030	RS9834970	RS9834970	SELECTED_LEAD	LD	OK_LOCAL_CACHE		9244	6.368E-9	144	
17	43724555	RS449501	RS62057151	PRUNED_LD	LD		EUR	9245	6.372E-9	96	0.77
17	43725684	RS434428	RS62057151	PRUNED_LD	LD		EUR	9246	6.375E-9	96	0.77
14	33305020	RS12894779	RS12883788	PRUNED_LD	LD		MULTI	9247	6.386E-9	109	0.88
17	44022577	RS62062779	RS62057151	PRUNED_LD	LD		EUR	9248	6.391E-9	96	0.58
17	43725762	RS434598	RS62057151	PRUNED_LD	LD		EUR	9249	6.392E-9	96	0.77
7	137021661	RS161093	RS320682	PRUNED_LD	LD		MULTI	9250	6.395E-9	108	0.97
3	136098408	RS10935181	RS1394094	PRUNED_LD	LD		MULTI	9251	6.399E-9	50	0.59
17	43756833	RS757500	RS62057151	PRUNED_LD	LD		EUR	9252	6.4E-9	96	0.8
17	44221836	RS556952432	RS560050580	PRUNED_DISTANCE_FALLBACK	DISTANCE_FALLBACK		NA	9253	6.403E-9	111	
20	37405344	RS2748665	RS6124079	PRUNED_LD	LD		MULTI	9254	6.404E-9	89	0.52
3	136307767	RS4452981	RS1394094	PRUNED_LD	LD		MULTI	9255	6.404E-9	50	0.46
7	110911133	RS7802797	RS1541472	PRUNED_LD	LD		MULTI	9256	6.411E-9	120	0.77
6	29916368	RS1632882	RS547591961	PRUNED_DISTANCE_FALLBACK	DISTANCE_FALLBACK		NA	9257	6.412E-9	13	
7	110909169	RS6959670	RS1541472	PRUNED_LD	LD		MULTI	9258	6.413E-9	120	0.77
17	43726125	RS385691	RS62057151	PRUNED_LD	LD		EUR	9259	6.417E-9	96	0.77
15	61842557	RS11636157	RS35351411	PRUNED_LD	LD		MULTI	9260	6.423E-9	90	0.87
7	104929064	RS6466055	RS12705304	PRUNED_LD	LD		MULTI	9261	6.424E-9	141	0.96
17	43731719	RS241036	RS62057151	PRUNED_LD	LD		EUR	9262	6.427E-9	96	0.77
2	200999256	RS12613687	RS166845	PRUNED_LD	LD		MULTI	9263	6.43E-9	86	0.83
2	201000776	RS1105964	RS166845	PRUNED_LD	LD		MULTI	9264	6.43E-9	86	0.83
14	72402431	RS71427137	RS714975	PRUNED_LD	LD		MULTI	9265	6.441E-9	138	1
2	200997916	RS12996313	RS166845	PRUNED_LD	LD		MULTI	9266	6.443E-9	86	0.83
3	136307768	RS4452980	RS4452980	SELECTED_LEAD	LD	OK		9267	6.443E-9	145	
8	38287555	RS4647907	RS10958683	PRUNED_LD	LD		MULTI	9268	6.443E-9	93	0.83
17	43778752	RS62056876	RS62057151	PRUNED_LD	LD		EUR	9269	6.444E-9	96	0.84
17	43733983	RS241033	RS62057151	PRUNED_LD	LD		EUR	9270	6.458E-9	96	0.77
10	18744005	RS12774837	RS7071123	PRUNED_LD	LD		MULTI	9271	6.461E-9	77	0.73
2	185489221	RS12613195	RS11693094	PRUNED_LD	LD		MULTI	9272	6.464E-9	107	0.4
3	136160590	RS6791611	RS1394094	PRUNED_LD	LD		MULTI	9273	6.465E-9	50	0.72
17	43726574	RS455028	RS62057151	PRUNED_LD	LD		EUR	9274	6.467E-9	96	0.77
17	44025045	RS62062790	RS62057151	PRUNED_LD	LD		EUR	9275	6.468E-9	96	0.56
20	37489569	RS56245805	RS56245805	SELECTED_LEAD	LD	OK_LOCAL_CACHE		9276	6.477E-9	146	
17	43740856	RS62053939	RS62057151	PRUNED_LD	LD		EUR	9277	6.48E-9	96	0.78
8	38086009	RS7834862	RS10958683	PRUNED_LD	LD		MULTI	9278	6.481E-9	93	0.64
17	44025033	RS62062789	RS62057151	PRUNED_LD	LD		EUR	9279	6.482E-9	96	0.56
15	61858657	RS12905487	RS35351411	PRUNED_LD	LD		MULTI	9280	6.483E-9	90	0.89
6	31436789	RS2523674	RS7748141	PRUNED_DISTANCE_FALLBACK	DISTANCE_FALLBACK		NA	9281	6.484E-9	24	
17	43723605	RS393675	RS62057151	PRUNED_LD	LD		EUR	9282	6.488E-9	96	0.76
1	183289523	RS640877	RS549337	PRUNED_LD	LD		MULTI	9283	6.491E-9	135	1
12	123663351	RS1790124	RS4460848	PRUNED_LD	LD		EUR	9284	6.495E-9	34	0.8
17	44208218	RS17577877	RS560050580	PRUNED_DISTANCE_FALLBACK	DISTANCE_FALLBACK		NA	9285	6.502E-9	111	
17	43727061	RS453997	RS62057151	PRUNED_LD	LD		EUR	9286	6.506E-9	96	0.77
17	44187257	RS9303525	RS560050580	PRUNED_DISTANCE_FALLBACK	DISTANCE_FALLBACK		NA	9287	6.511E-9	111	
3	52793239	RS11130327	RS13083798	PRUNED_LD	LD		MULTI	9288	6.514E-9	42	0.78
17	44033002	RS62063262	RS62057151	PRUNED_LD	LD		EUR	9289	6.516E-9	96	0.59
22	42451603	RS5751209	RS5751191	PRUNED_LD	LD		MULTI	9290	6.517E-9	69	0.71
3	52731598	RS3733041	RS13083798	PRUNED_LD	LD		MULTI	9291	6.525E-9	42	0.85
17	43727887	RS424243	RS62057151	PRUNED_LD	LD		EUR	9292	6.53E-9	96	0.77
3	52585990	RS1961958	RS13083798	PRUNED_LD	LD		MULTI	9293	6.532E-9	42	0.74
17	43743045	RS17760631	RS62057151	PRUNED_LD	LD		EUR	9294	6.538E-9	96	0.76
20	37413591	RS2180225	RS6124079	PRUNED_LD	LD		MULTI	9295	6.541E-9	89	0.54
3	52771468	RS6445535	RS13083798	PRUNED_LD	LD		MULTI	9296	6.546E-9	42	0.78
3	52731269	RS2164885	RS13083798	PRUNED_LD	LD		MULTI	9297	6.557E-9	42	0.85
12	123663660	RS1716164	RS4460848	PRUNED_LD	LD		EUR	9298	6.567E-9	34	0.81
17	43737730	RS241022	RS62057151	PRUNED_LD	LD		EUR	9299	6.567E-9	96	0.77
13	56979040	RS9597403	RS9597388	PRUNED_LD	LD		MULTI	9300	6.568E-9	121	0.92
17	43729432	RS647483	RS62057151	PRUNED_LD	LD		EUR	9301	6.568E-9	96	0.77
17	43736763	RS241024	RS62057151	PRUNED_LD	LD		EUR	9302	6.571E-9	96	0.76
17	43728137	RS422112	RS62057151	PRUNED_LD	LD		EUR	9303	6.572E-9	96	0.77
17	43729384	RS413844	RS62057151	PRUNED_LD	LD		EUR	9304	6.572E-9	96	0.77
10	18715540	RS6482408	RS7071123	PRUNED_LD	LD		MULTI	9305	6.576E-9	77	1
12	123681222	RS1790095	RS4460848	PRUNED_LD	LD		EUR	9306	6.578E-9	34	0.85
6	30863530	RS1264318	RS1264353	PRUNED_LD	LD		EUR	9307	6.581E-9	15	0.4
17	43737040	RS241023	RS62057151	PRUNED_LD	LD		EUR	9308	6.587E-9	96	0.77
14	33304534	RS11156769	RS12883788	PRUNED_LD	LD		MULTI	9309	6.589E-9	109	0.91
17	43738676	RS241020	RS62057151	PRUNED_LD	LD		EUR	9310	6.589E-9	96	0.78
17	43738627	RS241021	RS62057151	PRUNED_LD	LD		EUR	9311	6.59E-9	96	0.78
12	123664205	RS1727300	RS4460848	PRUNED_LD	LD		EUR	9312	6.601E-9	34	0.81
17	43734503	RS241030	RS62057151	PRUNED_LD	LD		EUR	9313	6.608E-9	96	0.77
10	18715589	RS6482409	RS7071123	PRUNED_LD	LD		MULTI	9314	6.61E-9	77	1
17	43731896	RS241035	RS62057151	PRUNED_LD	LD		EUR	9315	6.611E-9	96	0.77
17	43735555	RS241026	RS62057151	PRUNED_LD	LD		EUR	9316	6.616E-9	96	0.77
3	180998071	RS7617548	RS12152501	PRUNED_LD	LD		MULTI	9317	6.619E-9	72	0.78
17	43730636	RS241037	RS62057151	PRUNED_LD	LD		EUR	9318	6.623E-9	96	0.75
17	43741452	RS17760577	RS62057151	PRUNED_LD	LD		EUR	9319	6.625E-9	96	0.78
17	43730598	RS241038	RS62057151	PRUNED_LD	LD		EUR	9320	6.628E-9	96	0.76
8	38141379	RS6984464	RS10958683	PRUNED_LD	LD		MULTI	9321	6.636E-9	93	0.68
6	31328092	RS2523582	RS7748141	PRUNED_DISTANCE_FALLBACK	DISTANCE_FALLBACK		NA	9322	6.639E-9	24	
14	33303298	RS7145828	RS12883788	PRUNED_LD	LD		MULTI	9323	6.64E-9	109	0.91
17	43741028	RS62053940	RS62057151	PRUNED_LD	LD		EUR	9324	6.644E-9	96	0.78
17	43735478	RS241027	RS62057151	PRUNED_LD	LD		EUR	9325	6.646E-9	96	0.77
17	43740967	RS111273167	RS62057151	PRUNED_LD	LD		EUR	9326	6.647E-9	96	0.72
7	86427626	RS12704290	RS6943762	PRUNED_LD	LD		MULTI	9327	6.65E-9	139	0.86
3	136037707	RS650326	RS1394094	PRUNED_LD	LD		MULTI	9328	6.655E-9	50	0.53
10	104844872	RS7092200	RS11191580	PRUNED_LD	LD		ASN	9329	6.66E-9	48	0.39
17	43735276	RS241028	RS62057151	PRUNED_LD	LD		EUR	9330	6.665E-9	96	0.77
8	38129128	RS57984710	RS10958683	PRUNED_LD	LD		MULTI	9331	6.668E-9	93	0.66
17	43734304	RS241031	RS62057151	PRUNED_LD	LD		EUR	9332	6.669E-9	96	0.77
10	18742254	RS4748468	RS7071123	PRUNED_LD	LD		MULTI	9333	6.67E-9	77	0.73
2	200728475	RS769948	RS166845	PRUNED_LD	LD		MULTI	9334	6.675E-9	86	0.81
5	45716209	RS2879074	RS4257782	PRUNED_LD	LD		MULTI	9335	6.677E-9	132	0.94
17	43734643	RS241029	RS62057151	PRUNED_LD	LD		EUR	9336	6.678E-9	96	0.77
10	18715168	RS6415973	RS7071123	PRUNED_LD	LD		MULTI	9337	6.68E-9	77	1
6	29605935	RS444189	RS547591961	PRUNED_DISTANCE_FALLBACK	DISTANCE_FALLBACK		NA	9338	6.682E-9	13	
17	43744990	RS17687462	RS62057151	PRUNED_LD	LD		EUR	9339	6.688E-9	96	0.78
17	44171554	RS62061792	RS560050580	PRUNED_DISTANCE_FALLBACK	DISTANCE_FALLBACK		NA	9340	6.69E-9	111	
17	44279803	RS562641029	RS560050580	PRUNED_DISTANCE_FALLBACK	DISTANCE_FALLBACK		NA	9341	6.693E-9	111	
18	53405382	RS784254	RS9636107	PRUNED_LD	LD		MULTI	9342	6.698E-9	101	0.31
2	200734368	RS769952	RS166845	PRUNED_LD	LD		MULTI	9343	6.705E-9	86	0.82
13	56979936	RS59918226	RS9597388	PRUNED_LD	LD		MULTI	9344	6.707E-9	121	0.92
12	123683563	RS1790126	RS4460848	PRUNED_LD	LD		EUR	9345	6.71E-9	34	0.79
10	18715610	RS6482410	RS7071123	PRUNED_LD	LD		MULTI	9346	6.711E-9	77	0.89
2	200729558	RS769949	RS166845	PRUNED_LD	LD		MULTI	9347	6.711E-9	86	0.81
3	52616978	RS13078422	RS13083798	PRUNED_LD	LD		MULTI	9348	6.715E-9	42	0.82
5	45716396	RS7736561	RS4257782	PRUNED_LD	LD		MULTI	9349	6.719E-9	132	0.94
17	44210933	RS7207582	RS560050580	PRUNED_DISTANCE_FALLBACK	DISTANCE_FALLBACK		NA	9350	6.729E-9	111	
6	30775601	RS1264363	RS561436357	PRUNED_DISTANCE_FALLBACK	DISTANCE_FALLBACK		NA	9351	6.73E-9	31	
17	44250108	RS546433642	RS560050580	PRUNED_DISTANCE_FALLBACK	DISTANCE_FALLBACK		NA	9352	6.732E-9	111	
12	123655481	RS1790098	RS4460848	PRUNED_LD	LD		EUR	9353	6.735E-9	34	0.84
3	52725771	RS35315313	RS13083798	PRUNED_LD	LD		MULTI	9354	6.738E-9	42	0.85
12	123655457	RS1716177	RS4460848	PRUNED_LD	LD		EUR	9355	6.742E-9	34	0.84
5	45690187	RS35381866	RS4257782	PRUNED_LD	LD		MULTI	9356	6.75E-9	132	0.92
17	43733048	RS241034	RS62057151	PRUNED_LD	LD		EUR	9357	6.752E-9	96	0.77
2	200730028	RS769950	RS166845	PRUNED_LD	LD		MULTI	9358	6.754E-9	86	0.81
12	123655467	RS1716176	RS4460848	PRUNED_LD	LD		EUR	9359	6.757E-9	34	0.84
3	52765646	RS2079929	RS13083798	PRUNED_LD	LD		MULTI	9360	6.77E-9	42	0.8
6	32701295	RS2859088	6:32634952_G_T	PRUNED_DISTANCE_FALLBACK	DISTANCE_FALLBACK		NA	9361	6.778E-9	33	
12	123656725	RS1790100	RS4460848	PRUNED_LD	LD		EUR	9362	6.779E-9	34	0.85
1	98445830	RS80289781	RS4950119	PRUNED_LD	LD		MULTI	9363	6.781E-9	47	0.9
5	45717936	RS2337951	RS4257782	PRUNED_LD	LD		MULTI	9364	6.781E-9	132	0.94
5	45378207	RS1501362	RS16902086	PRUNED_LD	LD		MULTI	9365	6.788E-9	76	0.52
2	200998950	RS13029537	RS166845	PRUNED_LD	LD		MULTI	9366	6.789E-9	86	0.83
18	53407097	RS711745	RS9636107	PRUNED_LD	LD		MULTI	9367	6.792E-9	101	0.3
13	56962949	RS9597396	RS9597388	PRUNED_LD	LD		MULTI	9368	6.796E-9	121	0.92
14	33303274	RS7146265	RS12883788	PRUNED_LD	LD		MULTI	9369	6.796E-9	109	0.92
3	52738165	RS12635140	RS13083798	PRUNED_LD	LD		MULTI	9370	6.799E-9	42	0.83
3	52953055	RS9880619	RS2245424	PRUNED_LD	LD		MULTI	9371	6.81E-9	99	0.76
22	42390093	RS133301	RS5751191	PRUNED_LD	LD		MULTI	9372	6.816E-9	69	0.92
3	136300732	RS12635723	RS1394094	PRUNED_LD	LD		MULTI	9373	6.823E-9	50	0.51
15	61831863	RS8036652	RS35351411	PRUNED_LD	LD		MULTI	9374	6.825E-9	90	0.68
17	44051588	RS117124984	RS62057151	PRUNED_LD	LD		EUR	9375	6.832E-9	96	0.52
13	56991600	RS9316853	RS9597388	PRUNED_LD	LD		MULTI	9376	6.848E-9	121	0.83
17	43756376	RS17687740	RS62057151	PRUNED_LD	LD		EUR	9377	6.852E-9	96	0.8
22	42389839	RS133300	RS5751191	PRUNED_LD	LD		MULTI	9378	6.864E-9	69	0.92
5	45387854	RS6451798	RS16902086	PRUNED_LD	LD		MULTI	9379	6.87E-9	76	0.54
5	45752862	RS4455566	RS4257782	PRUNED_LD	LD		MULTI	9380	6.883E-9	132	0.99
5	45325915	RS6888352	RS16902086	PRUNED_LD	LD		MULTI	9381	6.888E-9	76	0.78
6	31328542	RS2523578	RS7748141	PRUNED_DISTANCE_FALLBACK	DISTANCE_FALLBACK		NA	9382	6.89E-9	24	
1	98490358	RS4950118	RS4950119	PRUNED_LD	LD		MULTI	9383	6.9E-9	47	1
22	42399396	RS129856	RS5751191	PRUNED_LD	LD		MULTI	9384	6.901E-9	69	0.87
6	32613680	RS9273211	6:32634952_G_T	PRUNED_DISTANCE_FALLBACK	DISTANCE_FALLBACK		NA	9385	6.901E-9	33	
17	43766415	RS62055717	RS62057151	PRUNED_LD	LD		EUR	9386	6.903E-9	96	0.83
17	43760080	RS56400821	RS62057151	PRUNED_LD	LD		EUR	9387	6.91E-9	96	0.81
14	33304711	RS12433255	RS12883788	PRUNED_LD	LD		MULTI	9388	6.914E-9	109	0.91
3	52767427	RS767418	RS13083798	PRUNED_LD	LD		MULTI	9389	6.922E-9	42	0.8
7	2184673	RS3800923	RS12154473	PRUNED_LD	LD		EUR	9390	6.923E-9	51	0.49
3	136194743	RS9854084	RS1394094	PRUNED_LD	LD		MULTI	9391	6.926E-9	50	0.65
6	30780340	RS1264360	RS561436357	PRUNED_DISTANCE_FALLBACK	DISTANCE_FALLBACK		NA	9392	6.936E-9	31	
6	31266856	RS2524072	RS7748141	PRUNED_DISTANCE_FALLBACK	DISTANCE_FALLBACK		NA	9393	6.936E-9	24	
3	52694198	RS6804145	RS13083798	PRUNED_LD	LD		MULTI	9394	6.941E-9	42	0.9
17	44212310	RS10221243	RS560050580	PRUNED_DISTANCE_FALLBACK	DISTANCE_FALLBACK		NA	9395	6.948E-9	111	
17	44252468	RS576904891	RS560050580	PRUNED_DISTANCE_FALLBACK	DISTANCE_FALLBACK		NA	9396	6.953E-9	111	
3	52613656	RS35107891	RS13083798	PRUNED_LD	LD		MULTI	9397	6.954E-9	42	0.87
17	43734145	RS241032	RS62057151	PRUNED_LD	LD		EUR	9398	6.957E-9	96	0.77
17	44208312	RS6503457	RS560050580	PRUNED_DISTANCE_FALLBACK	DISTANCE_FALLBACK		NA	9399	6.957E-9	111	
6	29735492	RS9258290	RS547591961	PRUNED_DISTANCE_FALLBACK	DISTANCE_FALLBACK		NA	9400	6.966E-9	13	
14	72459071	RS4902964	RS10137909	PRUNED_LD	LD		MULTI	9401	6.976E-9	114	0.98
3	52766122	RS34739010	RS13083798	PRUNED_LD	LD		MULTI	9402	6.983E-9	42	0.78
3	52948332	RS4687687	RS2245424	PRUNED_LD	LD		MULTI	9403	6.992E-9	99	0.76
12	123686127	RS1716182	RS4460848	PRUNED_LD	LD		EUR	9404	7.002E-9	34	0.82
12	123686224	RS1402274	RS4460848	PRUNED_LD	LD		EUR	9405	7.017E-9	34	0.85
8	38081302	RS6999796	RS10958683	PRUNED_LD	LD		MULTI	9406	7.031E-9	93	0.66
3	52586682	RS1570	RS13083798	PRUNED_LD	LD		MULTI	9407	7.038E-9	42	0.78
3	52692124	RS2336149	RS13083798	PRUNED_LD	LD		MULTI	9408	7.041E-9	42	0.9
2	58465027	RS72618696	RS7596038	PRUNED_LD	LD		MULTI	9409	7.051E-9	56	0.62
2	200979065	RS145363923	RS166845	PRUNED_LD	LD		MULTI	9410	7.051E-9	86	0.72
17	44208674	RS8070942	RS560050580	PRUNED_DISTANCE_FALLBACK	DISTANCE_FALLBACK		NA	9411	7.063E-9	111	
19	19440066	RS3764567	RS2916074	PRUNED_LD	LD		MULTI	9412	7.064E-9	102	0.68
3	52612178	RS34115864	RS13083798	PRUNED_LD	LD		MULTI	9413	7.066E-9	42	0.87
8	38281658	RS3925	RS10958683	PRUNED_LD	LD		MULTI	9414	7.074E-9	93	0.81
2	200979088	RS112403441	RS166845	PRUNED_LD	LD		MULTI	9415	7.091E-9	86	0.72
12	123692305	RS1727290	RS4460848	PRUNED_LD	LD		EUR	9416	7.099E-9	34	0.84
3	52945930	RS9871175	RS2245424	PRUNED_LD	LD		MULTI	9417	7.1E-9	99	0.76
5	45317216	RS6867827	RS16902086	PRUNED_LD	LD		MULTI	9418	7.1E-9	76	0.8
17	44021218	RS28416808	RS62057151	PRUNED_LD	LD		EUR	9419	7.111E-9	96	0.58
15	59165527	RS7179399	RS793571	PRUNED_LD	LD		EUR	9420	7.121E-9	52	0.59
11	46704439	RS12574259	RS7108770	PRUNED_LD	LD		MULTI	9421	7.126E-9	65	0.84
17	43722509	RS1706748	RS62057151	PRUNED_LD	LD		EUR	9422	7.129E-9	96	0.71
6	32211085	RS412657	RS431204	PRUNED_DISTANCE_FALLBACK	DISTANCE_FALLBACK		NA	9423	7.142E-9	14	
5	45321408	RS6895055	RS16902086	PRUNED_LD	LD		MULTI	9424	7.143E-9	76	0.78
17	44171565	RS62061793	RS560050580	PRUNED_DISTANCE_FALLBACK	DISTANCE_FALLBACK		NA	9425	7.151E-9	111	
7	137021485	RS320715	RS320682	PRUNED_LD	LD		MULTI	9426	7.154E-9	108	0.94
5	152214214	RS12188960	RS17488630	PRUNED_LD	LD		MULTI	9427	7.165E-9	112	1
5	45656923	RS1527831	RS4257782	PRUNED_LD	LD		MULTI	9428	7.172E-9	132	0.87
10	18751103	RS1998820	RS7071123	PRUNED_LD	LD		MULTI	9429	7.182E-9	77	0.73
5	45326773	RS1501361	RS16902086	PRUNED_LD	LD		MULTI	9430	7.185E-9	76	0.79
3	52779801	RS13074853	RS13083798	PRUNED_LD	LD		MULTI	9431	7.19E-9	42	0.78
20	37426336	RS6071522	RS6124079	PRUNED_LD	LD		MULTI	9432	7.193E-9	89	0.61
6	26067785	RS1935234	RS71557335	PRUNED_DISTANCE_FALLBACK	DISTANCE_FALLBACK		NA	9433	7.196E-9	29	
3	52692721	RS7611731	RS13083798	PRUNED_LD	LD		MULTI	9434	7.202E-9	42	0.9
3	136037227	RS553018	RS1394094	PRUNED_LD	LD		MULTI	9435	7.205E-9	50	0.52
3	52774530	RS2159644	RS13083798	PRUNED_LD	LD		MULTI	9436	7.212E-9	42	0.8
3	52687562	RS4435633	RS13083798	PRUNED_LD	LD		MULTI	9437	7.219E-9	42	0.86
7	104606003	RS10266287	RS17777642	PRUNED_LD	LD		MULTI	9438	7.221E-9	78	0.79
3	136139730	RS11915629	RS1394094	PRUNED_LD	LD		MULTI	9439	7.224E-9	50	0.59
3	52740182	RS6617	RS13083798	PRUNED_LD	LD		MULTI	9440	7.231E-9	42	0.85
3	52610651	RS17264436	RS13083798	PRUNED_LD	LD		MULTI	9441	7.239E-9	42	0.87
17	44245171	RS386477048	RS560050580	PRUNED_DISTANCE_FALLBACK	DISTANCE_FALLBACK		NA	9442	7.245E-9	111	
6	32605016	RS9272415	6:32634952_G_T	PRUNED_DISTANCE_FALLBACK	DISTANCE_FALLBACK		NA	9443	7.251E-9	33	
3	52684128	RS62253740	RS13083798	PRUNED_LD	LD		MULTI	9444	7.252E-9	42	0.91
6	31264582	RS2524137	RS7748141	PRUNED_DISTANCE_FALLBACK	DISTANCE_FALLBACK		NA	9445	7.252E-9	24	
6	31927342	RS440454	RS431204	PRUNED_DISTANCE_FALLBACK	DISTANCE_FALLBACK		NA	9446	7.261E-9	14	
6	32607325	RS9272577	6:32634952_G_T	PRUNED_DISTANCE_FALLBACK	DISTANCE_FALLBACK		NA	9447	7.271E-9	33	
3	52605974	RS7623199	RS13083798	PRUNED_LD	LD		MULTI	9448	7.281E-9	42	0.87
5	45759876	RS9687260	RS4257782	PRUNED_LD	LD		MULTI	9449	7.282E-9	132	0.97
22	42406371	RS133324	RS5751191	PRUNED_LD	LD		MULTI	9450	7.286E-9	69	0.87
6	32445660	RS9269149	RS431204	PRUNED_DISTANCE_FALLBACK	DISTANCE_FALLBACK		NA	9451	7.287E-9	14	
20	37444221	RS6071589	RS6124079	PRUNED_LD	LD		MULTI	9452	7.296E-9	89	0.62
17	43766418	RS62055718	RS62057151	PRUNED_LD	LD		EUR	9453	7.298E-9	96	0.82
6	30776590	RS1264362	RS561436357	PRUNED_DISTANCE_FALLBACK	DISTANCE_FALLBACK		NA	9454	7.301E-9	31	
18	53795514	RS715170	RS715170	SELECTED_LEAD	LD	OK_LOCAL_CACHE		9455	7.317E-9	147	
6	31568469	RS2857595	RS431204	PRUNED_DISTANCE_FALLBACK	DISTANCE_FALLBACK		NA	9456	7.319E-9	14	
13	56966424	RS9597399	RS9597388	PRUNED_LD	LD		MULTI	9457	7.326E-9	121	0.9
22	42330229	RS9620001	RS5751191	PRUNED_LD	LD		ASN	9458	7.335E-9	69	0.7
10	18751891	RS12784686	RS7071123	PRUNED_LD	LD		MULTI	9459	7.345E-9	77	0.72
12	123693420	RS11057192	RS4460848	PRUNED_LD	LD		EUR	9460	7.349E-9	34	0.84
3	136272246	RS7621025	RS1394094	PRUNED_LD	LD		MULTI	9461	7.353E-9	50	0.55
6	32444455	RS6457597	RS431204	PRUNED_DISTANCE_FALLBACK	DISTANCE_FALLBACK		NA	9462	7.353E-9	14	
3	135968828	RS3755636	RS1394094	PRUNED_LD	LD		MULTI	9463	7.358E-9	50	0.38
3	52678370	RS13085775	RS13083798	PRUNED_LD	LD		MULTI	9464	7.361E-9	42	0.91
6	27234969	RS9357033	RS13215879	PRUNED_DISTANCE_FALLBACK	DISTANCE_FALLBACK		NA	9465	7.38E-9	22	
3	52776908	RS7638162	RS13083798	PRUNED_LD	LD		MULTI	9466	7.394E-9	42	0.78
5	152218952	RS72802856	RS17488630	PRUNED_LD	LD		EUR	9467	7.395E-9	112	0.98
6	32594579	6:32594579_G_A	6:32634952_G_T	PRUNED_DISTANCE_FALLBACK	DISTANCE_FALLBACK		NA	9468	7.403E-9	33	
7	2153071	RS4721411	RS12154473	PRUNED_LD	LD		EUR	9469	7.406E-9	51	0.44
8	143370923	RS7814166	RS4129585	PRUNED_LD	LD		MULTI	9470	7.413E-9	127	0.4
5	45307233	RS1392973	RS16902086	PRUNED_LD	LD		MULTI	9471	7.416E-9	76	0.81
6	32446025	RS6925041	RS431204	PRUNED_DISTANCE_FALLBACK	DISTANCE_FALLBACK		NA	9472	7.42E-9	14	
17	44186063	RS16940904	RS560050580	PRUNED_DISTANCE_FALLBACK	DISTANCE_FALLBACK		NA	9473	7.424E-9	111	
17	44038785	RS62063281	RS62057151	PRUNED_LD	LD		EUR	9474	7.465E-9	96	0.57
14	33304272	RS11623135	RS12883788	PRUNED_LD	LD		MULTI	9475	7.474E-9	109	0.91
10	18733293	RS4748466	RS7071123	PRUNED_LD	LD		MULTI	9476	7.477E-9	77	0.67
3	52669389	RS6796726	RS13083798	PRUNED_LD	LD		MULTI	9477	7.482E-9	42	0.89
3	52670044	RS13098776	RS13083798	PRUNED_LD	LD		MULTI	9478	7.486E-9	42	0.85
11	46711778	RS10838613	RS7108770	PRUNED_LD	LD		MULTI	9479	7.489E-9	65	0.71
5	152225997	RS4260728	RS17488630	PRUNED_LD	LD		EUR	9480	7.497E-9	112	0.99
3	52618319	RS12487445	RS13083798	PRUNED_LD	LD		MULTI	9481	7.499E-9	42	0.88
5	45332824	RS13168931	RS16902086	PRUNED_LD	LD		MULTI	9482	7.501E-9	76	0.79
17	44101871	RS8712	RS62057151	PRUNED_LD	LD		MULTI	9483	7.505E-9	96	1
17	44219831	RS1819040	RS560050580	PRUNED_DISTANCE_FALLBACK	DISTANCE_FALLBACK		NA	9484	7.522E-9	111	
6	32447574	RS9269177	RS431204	PRUNED_DISTANCE_FALLBACK	DISTANCE_FALLBACK		NA	9485	7.534E-9	14	
7	104603112	RS6965384	RS17777642	PRUNED_LD	LD		MULTI	9486	7.536E-9	78	0.79
7	104592567	RS2428161	RS17777642	PRUNED_LD	LD		MULTI	9487	7.537E-9	78	0.85
6	31081065	RS2233959	RS7748141	PRUNED_DISTANCE_FALLBACK	DISTANCE_FALLBACK		NA	9488	7.538E-9	24	
12	123694724	RS2682434	RS4460848	PRUNED_LD	LD		EUR	9489	7.546E-9	34	0.84
7	1912057	RS4721134	RS12154473	PRUNED_LD	LD		MULTI	9490	7.547E-9	51	0.45
3	52741160	RS3755798	RS13083798	PRUNED_LD	LD		MULTI	9491	7.548E-9	42	0.87
3	52803205	RS2268024	RS13083798	PRUNED_LD	LD		MULTI	9492	7.582E-9	42	0.74
22	42400416	RS6002571	RS5751191	PRUNED_LD	LD		MULTI	9493	7.583E-9	69	0.87
12	123695918	RS10744148	RS4460848	PRUNED_LD	LD		EUR	9494	7.597E-9	34	0.7
2	200996851	RS72932280	RS166845	PRUNED_LD	LD		MULTI	9495	7.597E-9	86	0.83
7	138597868	RS10235212	RS10235212	SELECTED_LEAD	LD	OK_LOCAL_CACHE		9496	7.624E-9	148	
6	32169621	RS3134939	RS2071278	PRUNED_LD	LD		ASN	9497	7.654E-9	10	0.26
3	52663882	RS7622694	RS13083798	PRUNED_LD	LD		MULTI	9498	7.678E-9	42	0.91
7	137017876	RS7807025	RS320682	PRUNED_LD	LD		MULTI	9499	7.678E-9	108	0.96
5	45335759	RS994092	RS16902086	PRUNED_LD	LD		MULTI	9500	7.7E-9	76	0.79
6	29771421	RS1610659	RS547591961	PRUNED_DISTANCE_FALLBACK	DISTANCE_FALLBACK		NA	9501	7.701E-9	13	
3	136300927	RS12630999	RS1394094	PRUNED_LD	LD		MULTI	9502	7.704E-9	50	0.51
6	29772549	RS1632987	RS547591961	PRUNED_DISTANCE_FALLBACK	DISTANCE_FALLBACK		NA	9503	7.71E-9	13	
6	29772059	RS1611195	RS547591961	PRUNED_DISTANCE_FALLBACK	DISTANCE_FALLBACK		NA	9504	7.748E-9	13	
6	29771806	RS1611191	RS547591961	PRUNED_DISTANCE_FALLBACK	DISTANCE_FALLBACK		NA	9505	7.749E-9	13	
6	29771654	RS1610661	RS547591961	PRUNED_DISTANCE_FALLBACK	DISTANCE_FALLBACK		NA	9506	7.751E-9	13	
6	32173257	RS3131295	RS431204	PRUNED_DISTANCE_FALLBACK	DISTANCE_FALLBACK		NA	9507	7.76E-9	14	
3	52919447	RS12638968	RS2245424	PRUNED_LD	LD		MULTI	9508	7.773E-9	99	0.73
15	61863133	RS2414718	RS35351411	PRUNED_LD	LD		MULTI	9509	7.779E-9	90	0.79
5	45735083	RS6451814	RS4257782	PRUNED_LD	LD		MULTI	9510	7.793E-9	132	0.93
14	33303589	RS12885124	RS12883788	PRUNED_LD	LD		MULTI	9511	7.799E-9	109	0.91
14	33304091	RS11623122	RS12883788	PRUNED_LD	LD		MULTI	9512	7.811E-9	109	0.91
3	52727257	RS2289247	RS13083798	PRUNED_LD	LD		MULTI	9513	7.834E-9	42	0.85
5	45722994	RS6892627	RS4257782	PRUNED_LD	LD		MULTI	9514	7.839E-9	132	0.94
12	123697531	RS10772996	RS4460848	PRUNED_LD	LD		EUR	9515	7.844E-9	34	0.71
3	136255169	RS833752	RS1394094	PRUNED_LD	LD		MULTI	9516	7.848E-9	50	0.55
6	29759811	RS1611204	RS547591961	PRUNED_DISTANCE_FALLBACK	DISTANCE_FALLBACK		NA	9517	7.851E-9	13	
6	33195383	RS34038921	RS41317102	PRUNED_LD	LD		EUR	9518	7.859E-9	116	0.93
6	29759823	RS1611205	RS547591961	PRUNED_DISTANCE_FALLBACK	DISTANCE_FALLBACK		NA	9519	7.861E-9	13	
6	31917540	RS4151657	RS431204	PRUNED_DISTANCE_FALLBACK	DISTANCE_FALLBACK		NA	9520	7.861E-9	14	
6	32446518	RS9269158	RS431204	PRUNED_DISTANCE_FALLBACK	DISTANCE_FALLBACK		NA	9521	7.883E-9	14	
6	31233231	RS79958831	RS7748141	PRUNED_DISTANCE_FALLBACK	DISTANCE_FALLBACK		NA	9522	7.889E-9	24	
17	44098967	RS17652520	RS62057151	PRUNED_LD	LD		MULTI	9523	7.903E-9	96	1
5	45761754	RS9764211	RS4257782	PRUNED_LD	LD		MULTI	9524	7.905E-9	132	0.97
5	45725597	RS7718785	RS4257782	PRUNED_LD	LD		MULTI	9525	7.92E-9	132	0.94
17	44192923	RS17577369	RS560050580	PRUNED_DISTANCE_FALLBACK	DISTANCE_FALLBACK		NA	9526	7.931E-9	111	
2	200716119	RS796364	RS166845	PRUNED_LD	LD		MULTI	9527	7.936E-9	86	0.77
13	56964645	RS9591757	RS9597388	PRUNED_LD	LD		MULTI	9528	7.953E-9	121	0.85
17	44225886	RS538530693	RS560050580	PRUNED_DISTANCE_FALLBACK	DISTANCE_FALLBACK		NA	9529	7.954E-9	111	
6	32576114	RS481245	6:32634952_G_T	PRUNED_DISTANCE_FALLBACK	DISTANCE_FALLBACK		NA	9530	7.957E-9	33	
22	42334953	RS1047997	RS5751191	PRUNED_LD	LD		ASN	9531	7.959E-9	69	0.7
10	18751242	RS1998821	RS7071123	PRUNED_LD	LD		MULTI	9532	7.969E-9	77	0.72
6	29923941	RS436003	RS547591961	PRUNED_DISTANCE_FALLBACK	DISTANCE_FALLBACK		NA	9533	7.988E-9	13	
2	79433742	RS17016552	RS17016552	SELECTED_LEAD	LD	OK_LOCAL_CACHE		9534	7.992E-9	149	
17	43688317	RS546997548	RS382362	PRUNED_DISTANCE_FALLBACK	DISTANCE_FALLBACK		NA	9535	7.994E-9	137	
12	2420526	RS10774037	RS1860002	PRUNED_LD	LD		EUR	9536	7.998E-9	45	0.32
12	123698332	RS1727325	RS4460848	PRUNED_LD	LD		EUR	9537	8E-9	34	0.84
2	58451233	RS3771221	RS7596038	PRUNED_LD	LD		MULTI	9538	8.006E-9	56	0.61
6	32608216	RS9272639	6:32634952_G_T	PRUNED_DISTANCE_FALLBACK	DISTANCE_FALLBACK		NA	9539	8.006E-9	33	
15	85355841	RS35828350	RS11638554	PRUNED_LD	LD		MULTI	9540	8.032E-9	85	0.59
3	52674667	RS11130310	RS13083798	PRUNED_LD	LD		MULTI	9541	8.038E-9	42	0.86
7	1918941	RS10266703	RS12154473	PRUNED_LD	LD		MULTI	9542	8.042E-9	51	0.53
3	52662722	RS6445529	RS13083798	PRUNED_LD	LD		MULTI	9543	8.043E-9	42	0.91
7	1900208	RS4644136	RS12154473	PRUNED_LD	LD		MULTI	9544	8.043E-9	51	0.54
20	37411443	RS2263758	RS6124079	PRUNED_LD	LD		MULTI	9545	8.046E-9	89	0.52
6	29735493	RS9258291	RS547591961	PRUNED_DISTANCE_FALLBACK	DISTANCE_FALLBACK		NA	9546	8.047E-9	13	
6	29769829	RS1610714	RS547591961	PRUNED_DISTANCE_FALLBACK	DISTANCE_FALLBACK		NA	9547	8.057E-9	13	
14	72416325	RS34836887	RS714975	PRUNED_LD	LD		MULTI	9548	8.06E-9	138	1
12	123697357	RS4372492	RS4460848	PRUNED_LD	LD		EUR	9549	8.089E-9	34	0.84
6	29733288	RS1737059	RS3131856	PRUNED_LD	LD		EUR	9550	8.092E-9	12	0.21
12	123698790	RS1727323	RS4460848	PRUNED_LD	LD		EUR	9551	8.107E-9	34	0.84
6	29768436	RS1610708	RS547591961	PRUNED_DISTANCE_FALLBACK	DISTANCE_FALLBACK		NA	9552	8.114E-9	13	
6	29769497	RS1610711	RS547591961	PRUNED_DISTANCE_FALLBACK	DISTANCE_FALLBACK		NA	9553	8.115E-9	13	
15	91420940	RS2071410	RS6226	PRUNED_LD	LD		EUR	9554	8.119E-9	41	0.2
6	29769332	RS1610710	RS547591961	PRUNED_DISTANCE_FALLBACK	DISTANCE_FALLBACK		NA	9555	8.124E-9	13	
2	185519428	RS62176209	RS11693094	PRUNED_LD	LD		MULTI	9556	8.134E-9	107	0.4
15	59170964	RS964285	RS793571	PRUNED_LD	LD		EUR	9557	8.14E-9	52	0.58
14	99731271	RS2664308	RS2664308	SELECTED_LEAD	LD	OK_LOCAL_CACHE		9558	8.141E-9	150	
6	29772395	RS1632988	RS547591961	PRUNED_DISTANCE_FALLBACK	DISTANCE_FALLBACK		NA	9559	8.157E-9	13	
3	52948674	RS4687689	RS2245424	PRUNED_LD	LD		MULTI	9560	8.171E-9	99	0.76
3	52780509	RS2072390	RS13083798	PRUNED_LD	LD		MULTI	9561	8.174E-9	42	0.8
6	28706912	RS880638	RS539591970	PRUNED_DISTANCE_FALLBACK	DISTANCE_FALLBACK		NA	9562	8.175E-9	11	
22	42382805	RS133294	RS5751191	PRUNED_LD	LD		MULTI	9563	8.177E-9	69	0.93
6	32206103	RS9267919	RS431204	PRUNED_DISTANCE_FALLBACK	DISTANCE_FALLBACK		NA	9564	8.179E-9	14	
6	27034181	RS7764984	RS13215879	PRUNED_DISTANCE_FALLBACK	DISTANCE_FALLBACK		NA	9565	8.182E-9	22	
22	42401749	RS133313	RS5751191	PRUNED_LD	LD		MULTI	9566	8.19E-9	69	0.87
6	29764548	RS1737000	RS547591961	PRUNED_DISTANCE_FALLBACK	DISTANCE_FALLBACK		NA	9567	8.194E-9	13	
3	136097576	RS655836	RS1394094	PRUNED_LD	LD		MULTI	9568	8.21E-9	50	0.62
5	137849066	RS7714751	RS10117	PRUNED_LD	LD		MULTI	9569	8.229E-9	105	0.9
6	29769907	RS1610654	RS547591961	PRUNED_DISTANCE_FALLBACK	DISTANCE_FALLBACK		NA	9570	8.23E-9	13	
3	52655415	RS34341238	RS13083798	PRUNED_LD	LD		MULTI	9571	8.249E-9	42	0.88
17	44051612	RS77875796	RS62057151	PRUNED_LD	LD		EUR	9572	8.256E-9	96	0.59
6	29767388	RS1632997	RS547591961	PRUNED_DISTANCE_FALLBACK	DISTANCE_FALLBACK		NA	9573	8.258E-9	13	
22	42338351	RS6002552	RS5751191	PRUNED_LD	LD		ASN	9574	8.264E-9	69	0.71
5	45343810	RS10473384	RS16902086	PRUNED_LD	LD		MULTI	9575	8.28E-9	76	0.75
6	29768049	RS1736983	RS547591961	PRUNED_DISTANCE_FALLBACK	DISTANCE_FALLBACK		NA	9576	8.302E-9	13	
6	29767941	RS1736985	RS547591961	PRUNED_DISTANCE_FALLBACK	DISTANCE_FALLBACK		NA	9577	8.317E-9	13	
12	123700225	RS1716160	RS4460848	PRUNED_LD	LD		EUR	9578	8.349E-9	34	0.84
12	123653556	RS2682426	RS4460848	PRUNED_LD	LD		EUR	9579	8.366E-9	34	0.66
22	42401841	RS133314	RS5751191	PRUNED_LD	LD		MULTI	9580	8.372E-9	69	0.87
7	137016297	RS1431093	RS320682	PRUNED_LD	LD		MULTI	9581	8.372E-9	108	0.94
6	29770187	RS1610655	RS547591961	PRUNED_DISTANCE_FALLBACK	DISTANCE_FALLBACK		NA	9582	8.375E-9	13	
6	31929014	RS437179	RS431204	PRUNED_DISTANCE_FALLBACK	DISTANCE_FALLBACK		NA	9583	8.38E-9	14	
17	43663247	RS1724390	RS62057151	PRUNED_LD	LD		EUR	9584	8.383E-9	96	0.58
6	29765047	RS1633002	RS547591961	PRUNED_DISTANCE_FALLBACK	DISTANCE_FALLBACK		NA	9585	8.384E-9	13	
12	123671761	RS10772995	RS4460848	PRUNED_LD	LD		EUR	9586	8.389E-9	34	0.83
22	42463814	RS133369	RS5751191	PRUNED_LD	LD		MULTI	9587	8.403E-9	69	0.58
6	32170433	RS2071287	RS431204	PRUNED_DISTANCE_FALLBACK	DISTANCE_FALLBACK		NA	9588	8.415E-9	14	
17	44259919	RS537893623	RS560050580	PRUNED_DISTANCE_FALLBACK	DISTANCE_FALLBACK		NA	9589	8.424E-9	111	
6	29771080	RS1610658	RS547591961	PRUNED_DISTANCE_FALLBACK	DISTANCE_FALLBACK		NA	9590	8.424E-9	13	
12	123667950	RS1790105	RS4460848	PRUNED_LD	LD		EUR	9591	8.436E-9	34	0.63
12	123669468	RS1716159	RS4460848	PRUNED_LD	LD		EUR	9592	8.446E-9	34	0.83
22	41587556	RS9607782	RS9607782	SELECTED_LEAD	LD	OK_LOCAL_CACHE		9593	8.451E-9	151	
5	152216893	RS72802852	RS17488630	PRUNED_LD	LD		EUR	9594	8.454E-9	112	0.99
1	98550411	RS1198589	RS4950119	PRUNED_LD	LD		MULTI	9595	8.46E-9	47	0.93
1	98437556	RS61789082	RS4950119	PRUNED_LD	LD		MULTI	9596	8.463E-9	47	0.9
6	29764363	RS1633007	RS547591961	PRUNED_DISTANCE_FALLBACK	DISTANCE_FALLBACK		NA	9597	8.463E-9	13	
17	43717803	RS439558	RS62057151	PRUNED_LD	LD		EUR	9598	8.476E-9	96	0.74
22	42335621	RS1894713	RS5751191	PRUNED_LD	LD		ASN	9599	8.476E-9	69	0.71
17	44326245	RS199926341	RS560050580	PRUNED_DISTANCE_FALLBACK	DISTANCE_FALLBACK		NA	9600	8.487E-9	111	
6	31233570	RS531552654	RS7748141	PRUNED_DISTANCE_FALLBACK	DISTANCE_FALLBACK		NA	9601	8.488E-9	24	
6	29764374	RS1633006	RS547591961	PRUNED_DISTANCE_FALLBACK	DISTANCE_FALLBACK		NA	9602	8.498E-9	13	
12	123701010	RS1790131	RS4460848	PRUNED_LD	LD		EUR	9603	8.509E-9	34	0.83
6	29759824	RS1611206	RS547591961	PRUNED_DISTANCE_FALLBACK	DISTANCE_FALLBACK		NA	9604	8.512E-9	13	
14	72418321	RS12891745	RS714975	PRUNED_LD	LD		MULTI	9605	8.534E-9	138	1
5	45534423	RS6451807	RS16902086	PRUNED_LD	LD		MULTI	9606	8.534E-9	76	0.32
5	45770252	RS7447717	RS4257782	PRUNED_LD	LD		MULTI	9607	8.539E-9	132	0.96
12	123672518	12:123672518_A_G	12:123672518_A_G	SELECTED_LEAD	DISTANCE_FALLBACK	NO_LD_RESPONSE		9608	8.541E-9	152	
6	30781758	RS1264358	RS561436357	PRUNED_DISTANCE_FALLBACK	DISTANCE_FALLBACK		NA	9609	8.554E-9	31	
8	38293477	RS2411257	RS10958683	PRUNED_LD	LD		MULTI	9610	8.554E-9	93	0.81
14	33303059	RS12882859	RS12883788	PRUNED_LD	LD		MULTI	9611	8.555E-9	109	0.92
7	2120758	RS3800882	RS12154473	PRUNED_LD	LD		MULTI	9612	8.555E-9	51	0.45
12	123668022	RS1615694	RS4460848	PRUNED_LD	LD		EUR	9613	8.558E-9	34	0.82
12	123667354	RS2851436	RS4460848	PRUNED_LD	LD		EUR	9614	8.559E-9	34	0.81
12	123672634	RS1790087	RS4460848	PRUNED_LD	LD		EUR	9615	8.56E-9	34	0.83
12	123671310	RS1716156	RS4460848	PRUNED_LD	LD		EUR	9616	8.562E-9	34	0.79
1	98550374	RS1198590	RS4950119	PRUNED_LD	LD		MULTI	9617	8.572E-9	47	0.93
22	42331409	RS10154646	RS5751191	PRUNED_LD	LD		ASN	9618	8.576E-9	69	0.7
12	123701270	RS1790130	RS4460848	PRUNED_LD	LD		EUR	9619	8.579E-9	34	0.84
6	32560440	RS9270549	6:32634952_G_T	PRUNED_DISTANCE_FALLBACK	DISTANCE_FALLBACK		NA	9620	8.584E-9	33	
22	40045210	RS926334	RS732381	PRUNED_LD	LD		MULTI	9621	8.587E-9	79	0.91
6	29760819	RS1610646	RS547591961	PRUNED_DISTANCE_FALLBACK	DISTANCE_FALLBACK		NA	9622	8.591E-9	13	
6	31312059	RS2256752	RS7748141	PRUNED_DISTANCE_FALLBACK	DISTANCE_FALLBACK		NA	9623	8.593E-9	24	
12	123669508	RS1716158	RS4460848	PRUNED_LD	LD		EUR	9624	8.596E-9	34	0.77
5	137855305	RS13169274	RS10117	PRUNED_LD	LD		MULTI	9625	8.604E-9	105	0.93
12	123670473	RS1716157	RS4460848	PRUNED_LD	LD		EUR	9626	8.627E-9	34	0.83
6	29773954	RS1624302	RS547591961	PRUNED_DISTANCE_FALLBACK	DISTANCE_FALLBACK		NA	9627	8.644E-9	13	
6	31298218	RS9265548	RS7748141	PRUNED_DISTANCE_FALLBACK	DISTANCE_FALLBACK		NA	9628	8.651E-9	24	
6	32660153	RS4713583	6:32634952_G_T	PRUNED_DISTANCE_FALLBACK	DISTANCE_FALLBACK		NA	9629	8.658E-9	33	
6	32660023	RS4713581	6:32634952_G_T	PRUNED_DISTANCE_FALLBACK	DISTANCE_FALLBACK		NA	9630	8.667E-9	33	
6	29735391	RS2735044	RS3131856	PRUNED_LD	LD		EUR	9631	8.674E-9	12	0.21
1	30434937	RS12044736	RS4949526	PRUNED_LD	LD		MULTI	9632	8.675E-9	106	0.9
7	110929652	RS10242018	RS1541472	PRUNED_LD	LD		MULTI	9633	8.675E-9	120	0.98
2	200989616	RS11690371	RS166845	PRUNED_LD	LD		MULTI	9634	8.676E-9	86	0.73
6	29765001	RS1630969	RS547591961	PRUNED_DISTANCE_FALLBACK	DISTANCE_FALLBACK		NA	9635	8.677E-9	13	
6	31928799	RS419788	RS431204	PRUNED_DISTANCE_FALLBACK	DISTANCE_FALLBACK		NA	9636	8.68E-9	14	
6	32607722	RS9272604	6:32634952_G_T	PRUNED_DISTANCE_FALLBACK	DISTANCE_FALLBACK		NA	9637	8.697E-9	33	
12	123522150	RS520088	RS4460848	PRUNED_LD	LD		MULTI	9638	8.708E-9	34	0.61
5	45354799	RS35804423	RS16902086	PRUNED_LD	LD		MULTI	9639	8.709E-9	76	0.78
6	29774627	RS2248871	RS547591961	PRUNED_DISTANCE_FALLBACK	DISTANCE_FALLBACK		NA	9640	8.713E-9	13	
10	104610926	RS4290163	RS12219247	PRUNED_LD	LD		MULTI	9641	8.715E-9	54	0.94
7	104948076	RS10241415	RS12705304	PRUNED_LD	LD		MULTI	9642	8.73E-9	141	0.91
6	29774620	RS2248870	RS547591961	PRUNED_DISTANCE_FALLBACK	DISTANCE_FALLBACK		NA	9643	8.75E-9	13	
12	2420377	RS4765914	RS1860002	PRUNED_LD	LD		EUR	9644	8.758E-9	45	0.32
3	52643307	RS3733045	RS13083798	PRUNED_LD	LD		MULTI	9645	8.772E-9	42	0.93
17	44226980	RS567299266	RS560050580	PRUNED_DISTANCE_FALLBACK	DISTANCE_FALLBACK		NA	9646	8.775E-9	111	
7	138597690	RS10235163	RS10235212	PRUNED_LD	LD		MULTI	9647	8.784E-9	148	0.99
6	32178773	RS3130294	RS2071278	PRUNED_LD	LD		ASN	9648	8.786E-9	10	0.26
7	110858268	RS214467	RS1541472	PRUNED_LD	LD		MULTI	9649	8.789E-9	120	0.72
12	123704844	RS1790101	RS4460848	PRUNED_LD	LD		EUR	9650	8.8E-9	34	0.82
19	19439631	RS7247309	RS2916074	PRUNED_LD	LD		MULTI	9651	8.803E-9	102	0.69
7	137018456	RS322329	RS320682	PRUNED_LD	LD		MULTI	9652	8.807E-9	108	0.93
6	31266117	RS2524095	RS7748141	PRUNED_DISTANCE_FALLBACK	DISTANCE_FALLBACK		NA	9653	8.831E-9	24	
6	29784753	RS1623557	RS547591961	PRUNED_DISTANCE_FALLBACK	DISTANCE_FALLBACK		NA	9654	8.833E-9	13	
2	58379496	RS10172212	RS7596038	PRUNED_LD	LD		MULTI	9655	8.835E-9	56	0.62
12	123477311	RS937564	RS4460848	PRUNED_LD	LD		EUR	9656	8.837E-9	34	0.59
6	29773720	RS1632980	RS547591961	PRUNED_DISTANCE_FALLBACK	DISTANCE_FALLBACK		NA	9657	8.85E-9	13	
19	19468734	RS15622	RS2916074	PRUNED_LD	LD		MULTI	9658	8.852E-9	102	0.74
13	56994835	RS12872193	RS9597388	PRUNED_LD	LD		MULTI	9659	8.884E-9	121	0.83
6	31230221	RS2245738	RS7748141	PRUNED_DISTANCE_FALLBACK	DISTANCE_FALLBACK		NA	9660	8.899E-9	24	
6	29763087	RS1633009	RS3131856	PRUNED_LD	LD		EUR	9661	8.919E-9	12	0.2
19	19434350	RS7254230	RS2916074	PRUNED_LD	LD		MULTI	9662	8.921E-9	102	0.67
10	104601565	RS11191414	RS12219247	PRUNED_LD	LD		MULTI	9663	8.927E-9	54	0.94
7	1973004	RS13244345	RS12154473	PRUNED_LD	LD		MULTI	9664	8.927E-9	51	0.71
6	29759885	RS1611208	RS3131856	PRUNED_LD	LD		EUR	9665	8.931E-9	12	0.2
12	123712712	RS1716172	RS4460848	PRUNED_LD	LD		EUR	9666	8.936E-9	34	0.77
12	123658388	RS1716175	RS4460848	PRUNED_LD	LD		EUR	9667	8.937E-9	34	0.83
17	44081224	RS17573509	RS62057151	PRUNED_LD	LD		MULTI	9668	8.939E-9	96	1
3	52467263	RS648514	RS13083798	PRUNED_LD	LD		EUR	9669	8.939E-9	42	0.34
7	2166072	RS3800916	RS12154473	PRUNED_LD	LD		EUR	9670	8.944E-9	51	0.45
6	29764663	RS1633004	RS547591961	PRUNED_DISTANCE_FALLBACK	DISTANCE_FALLBACK		NA	9671	8.948E-9	13	
6	29762903	RS1737002	RS547591961	PRUNED_DISTANCE_FALLBACK	DISTANCE_FALLBACK		NA	9672	8.951E-9	13	
7	137016931	RS10241448	RS320682	PRUNED_LD	LD		MULTI	9673	8.962E-9	108	0.96
6	29832846	RS2517827	RS547591961	PRUNED_DISTANCE_FALLBACK	DISTANCE_FALLBACK		NA	9674	8.974E-9	13	
3	52953844	RS9985365	RS2245424	PRUNED_LD	LD		MULTI	9675	8.99E-9	99	0.76
6	29762693	RS1633011	RS3131856	PRUNED_LD	LD		EUR	9676	8.996E-9	12	0.2
11	109327622	RS10890995	RS10890995	SELECTED_LEAD	LD	OK_LOCAL_CACHE		9677	8.999E-9	153	
12	123657338	RS2049114	RS4460848	PRUNED_LD	LD		EUR	9678	9.002E-9	34	0.83
2	185508496	RS57159364	RS11693094	PRUNED_LD	LD		MULTI	9679	9.009E-9	107	0.41
7	137017202	RS10271620	RS320682	PRUNED_LD	LD		MULTI	9680	9.021E-9	108	0.96
1	98420453	RS4246516	RS4950119	PRUNED_LD	LD		MULTI	9681	9.035E-9	47	0.9
22	42406820	RS133325	RS5751191	PRUNED_LD	LD		MULTI	9682	9.038E-9	69	0.87
19	19431963	RS12460764	RS2916074	PRUNED_LD	LD		MULTI	9683	9.039E-9	102	0.66
11	133817055	RS500166	RS688500	PRUNED_LD	LD		MULTI	9684	9.044E-9	130	0.99
1	98431165	RS61789078	RS4950119	PRUNED_LD	LD		MULTI	9685	9.046E-9	47	0.9
17	44263923	RS544780187	RS560050580	PRUNED_DISTANCE_FALLBACK	DISTANCE_FALLBACK		NA	9686	9.046E-9	111	
7	137017100	RS10227966	RS320682	PRUNED_LD	LD		MULTI	9687	9.046E-9	108	0.96
1	98430950	RS75513088	RS4950119	PRUNED_LD	LD		MULTI	9688	9.075E-9	47	0.9
15	85349231	RS35630683	RS11638554	PRUNED_LD	LD		MULTI	9689	9.075E-9	85	0.63
7	138599980	RS10243922	RS10235212	PRUNED_LD	LD		MULTI	9690	9.077E-9	148	0.89
10	104609676	RS7096475	RS12219247	PRUNED_LD	LD		MULTI	9691	9.081E-9	54	0.96
5	45309477	RS7717890	RS16902086	PRUNED_LD	LD		MULTI	9692	9.098E-9	76	0.81
2	201022952	RS10931888	RS166845	PRUNED_LD	LD		MULTI	9693	9.107E-9	86	0.8
6	33196570	RS34434446	RS41317102	PRUNED_LD	LD		EUR	9694	9.107E-9	116	0.93
3	52639257	RS11130308	RS13083798	PRUNED_LD	LD		MULTI	9695	9.108E-9	42	0.92
5	45392542	RS13179496	RS16902086	PRUNED_LD	LD		ASN	9696	9.121E-9	76	0.54
6	29765291	RS1629068	RS547591961	PRUNED_DISTANCE_FALLBACK	DISTANCE_FALLBACK		NA	9697	9.131E-9	13	
3	52805093	RS998909	RS13083798	PRUNED_LD	LD		MULTI	9698	9.134E-9	42	0.75
5	45356634	RS6451796	RS16902086	PRUNED_LD	LD		MULTI	9699	9.145E-9	76	0.79
6	31266522	RS2524089	RS7748141	PRUNED_DISTANCE_FALLBACK	DISTANCE_FALLBACK		NA	9700	9.175E-9	24	
6	29776152	RS1736972	RS547591961	PRUNED_DISTANCE_FALLBACK	DISTANCE_FALLBACK		NA	9701	9.189E-9	13	
22	42402480	RS133318	RS5751191	PRUNED_LD	LD		MULTI	9702	9.197E-9	69	0.84
12	123666948	RS10846478	RS4460848	PRUNED_LD	LD		EUR	9703	9.209E-9	34	0.83
12	123665256	RS1790125	RS4460848	PRUNED_LD	LD		EUR	9704	9.227E-9	34	0.76
6	27811815	RS200997	RS66868086	PRUNED_LD	LD		EUR	9705	9.23E-9	1	0.2
5	45309513	RS7735655	RS16902086	PRUNED_LD	LD		MULTI	9706	9.241E-9	76	0.81
12	123665695	RS1727306	RS4460848	PRUNED_LD	LD		EUR	9707	9.246E-9	34	0.83
12	123703226	RS2682431	RS4460848	PRUNED_LD	LD		EUR	9708	9.246E-9	34	0.84
12	123703581	RS2682430	RS4460848	PRUNED_LD	LD		EUR	9709	9.252E-9	34	0.82
12	123703501	RS2851450	RS4460848	PRUNED_LD	LD		EUR	9710	9.254E-9	34	0.84
12	123703103	RS2851451	RS4460848	PRUNED_LD	LD		EUR	9711	9.255E-9	34	0.83
14	72419030	RS79235996	RS714975	PRUNED_LD	LD		MULTI	9712	9.283E-9	138	1
17	44022434	RS78834738	RS62057151	PRUNED_LD	LD		EUR	9713	9.292E-9	96	0.56
3	52641255	RS3774366	RS13083798	PRUNED_LD	LD		MULTI	9714	9.295E-9	42	0.93
2	201005995	RS74266490	RS166845	PRUNED_LD	LD		MULTI	9715	9.296E-9	86	0.69
22	42343091	RS6002555	RS5751191	PRUNED_LD	LD		MULTI	9716	9.305E-9	69	0.74
2	58484172	RS11690710	RS7596038	PRUNED_LD	LD		MULTI	9717	9.321E-9	56	0.57
2	201005109	RS74724807	RS166845	PRUNED_LD	LD		MULTI	9718	9.322E-9	86	0.69
22	42405322	RS133321	RS5751191	PRUNED_LD	LD		MULTI	9719	9.332E-9	69	0.87
2	201005732	RS74266489	RS166845	PRUNED_LD	LD		MULTI	9720	9.342E-9	86	0.69
6	29733420	RS1737057	RS3131856	PRUNED_LD	LD		EUR	9721	9.35E-9	12	0.21
2	201006247	RS115717210	RS166845	PRUNED_LD	LD		MULTI	9722	9.358E-9	86	0.65
12	123683155	12:123683155_A_G	12:123672518_A_G	PRUNED_DISTANCE_FALLBACK	DISTANCE_FALLBACK		NA	9723	9.364E-9	152	
6	32660689	RS9275238	6:32634952_G_T	PRUNED_DISTANCE_FALLBACK	DISTANCE_FALLBACK		NA	9724	9.366E-9	33	
19	19433105	RS7246748	RS2916074	PRUNED_LD	LD		MULTI	9725	9.369E-9	102	0.68
14	72419082	RS17768243	RS714975	PRUNED_LD	LD		MULTI	9726	9.38E-9	138	1
6	29767880	RS1736986	RS547591961	PRUNED_DISTANCE_FALLBACK	DISTANCE_FALLBACK		NA	9727	9.381E-9	13	
6	31266190	RS2853922	RS7748141	PRUNED_DISTANCE_FALLBACK	DISTANCE_FALLBACK		NA	9728	9.386E-9	24	
6	29768326	RS909722	RS547591961	PRUNED_DISTANCE_FALLBACK	DISTANCE_FALLBACK		NA	9729	9.387E-9	13	
2	201007764	RS12616905	RS166845	PRUNED_LD	LD		MULTI	9730	9.394E-9	86	0.69
19	19436854	RS62135552	RS2916074	PRUNED_LD	LD		MULTI	9731	9.396E-9	102	0.68
2	201006880	RS77853713	RS166845	PRUNED_LD	LD		MULTI	9732	9.42E-9	86	0.69
6	29766969	RS28514417	RS547591961	PRUNED_DISTANCE_FALLBACK	DISTANCE_FALLBACK		NA	9733	9.433E-9	13	
7	137016791	RS1431090	RS320682	PRUNED_LD	LD		MULTI	9734	9.442E-9	108	0.96
3	136110506	RS698269	RS1394094	PRUNED_LD	LD		MULTI	9735	9.446E-9	50	0.63
6	29774959	RS1632979	RS547591961	PRUNED_DISTANCE_FALLBACK	DISTANCE_FALLBACK		NA	9736	9.452E-9	13	
18	77647062	RS891491	RS55858161	PRUNED_LD	LD		ASN	9737	9.457E-9	87	0.62
6	29779203	RS1610665	RS547591961	PRUNED_DISTANCE_FALLBACK	DISTANCE_FALLBACK		NA	9738	9.464E-9	13	
2	201009026	RS11684895	RS166845	PRUNED_LD	LD		MULTI	9739	9.467E-9	86	0.69
6	29778318	RS1611175	RS547591961	PRUNED_DISTANCE_FALLBACK	DISTANCE_FALLBACK		NA	9740	9.471E-9	13	
5	137854924	RS13155345	RS10117	PRUNED_LD	LD		MULTI	9741	9.474E-9	105	0.93
7	137015603	RS10233933	RS320682	PRUNED_LD	LD		MULTI	9742	9.474E-9	108	0.96
15	61843039	RS8029085	RS35351411	PRUNED_LD	LD		MULTI	9743	9.477E-9	90	0.46
1	98484152	RS1938571	RS4950119	PRUNED_LD	LD		MULTI	9744	9.478E-9	47	1
2	201009136	RS11684942	RS166845	PRUNED_LD	LD		MULTI	9745	9.479E-9	86	0.69
6	29778419	RS1610697	RS547591961	PRUNED_DISTANCE_FALLBACK	DISTANCE_FALLBACK		NA	9746	9.483E-9	13	
19	19471805	RS2905423	RS2916074	PRUNED_LD	LD		MULTI	9747	9.486E-9	102	0.74
13	56967393	RS2803484	RS9597388	PRUNED_LD	LD		MULTI	9748	9.494E-9	121	0.92
6	29799316	RS1611143	RS547591961	PRUNED_DISTANCE_FALLBACK	DISTANCE_FALLBACK		NA	9749	9.51E-9	13	
6	29778171	RS2517920	RS547591961	PRUNED_DISTANCE_FALLBACK	DISTANCE_FALLBACK		NA	9750	9.514E-9	13	
6	29778174	RS2517919	RS547591961	PRUNED_DISTANCE_FALLBACK	DISTANCE_FALLBACK		NA	9751	9.516E-9	13	
6	29778898	RS1610698	RS547591961	PRUNED_DISTANCE_FALLBACK	DISTANCE_FALLBACK		NA	9752	9.52E-9	13	
6	29778213	RS1611172	RS547591961	PRUNED_DISTANCE_FALLBACK	DISTANCE_FALLBACK		NA	9753	9.522E-9	13	
10	18712393	RS4748465	RS7071123	PRUNED_LD	LD		MULTI	9754	9.537E-9	77	0.86
6	29776239	RS1632976	RS547591961	PRUNED_DISTANCE_FALLBACK	DISTANCE_FALLBACK		NA	9755	9.538E-9	13	
6	31230869	RS2524117	RS7748141	PRUNED_DISTANCE_FALLBACK	DISTANCE_FALLBACK		NA	9756	9.54E-9	24	
3	52634619	RS9917834	RS13083798	PRUNED_LD	LD		MULTI	9757	9.557E-9	42	0.92
6	29775346	RS1736973	RS547591961	PRUNED_DISTANCE_FALLBACK	DISTANCE_FALLBACK		NA	9758	9.566E-9	13	
6	29756672	RS1633015	RS3131856	PRUNED_LD	LD		EUR	9759	9.567E-9	12	0.2
6	32208324	RS424232	RS2071278	PRUNED_LD	LD		EUR	9760	9.568E-9	10	0.22
6	29777171	RS1632973	RS547591961	PRUNED_DISTANCE_FALLBACK	DISTANCE_FALLBACK		NA	9761	9.569E-9	13	
6	29776322	RS1736971	RS547591961	PRUNED_DISTANCE_FALLBACK	DISTANCE_FALLBACK		NA	9762	9.572E-9	13	
6	29776878	RS1736967	RS547591961	PRUNED_DISTANCE_FALLBACK	DISTANCE_FALLBACK		NA	9763	9.573E-9	13	
6	29777585	RS2735029	RS547591961	PRUNED_DISTANCE_FALLBACK	DISTANCE_FALLBACK		NA	9764	9.575E-9	13	
6	29776715	RS1736968	RS547591961	PRUNED_DISTANCE_FALLBACK	DISTANCE_FALLBACK		NA	9765	9.576E-9	13	
6	29768471	RS1610709	RS547591961	PRUNED_DISTANCE_FALLBACK	DISTANCE_FALLBACK		NA	9766	9.577E-9	13	
6	29774989	RS1736975	RS547591961	PRUNED_DISTANCE_FALLBACK	DISTANCE_FALLBACK		NA	9767	9.582E-9	13	
6	29775237	RS1736974	RS547591961	PRUNED_DISTANCE_FALLBACK	DISTANCE_FALLBACK		NA	9768	9.583E-9	13	
6	29748641	RS1611234	RS547591961	PRUNED_DISTANCE_FALLBACK	DISTANCE_FALLBACK		NA	9769	9.584E-9	13	
6	29777394	RS1736966	RS547591961	PRUNED_DISTANCE_FALLBACK	DISTANCE_FALLBACK		NA	9770	9.599E-9	13	
3	52793602	RS12497998	RS13083798	PRUNED_LD	LD		MULTI	9771	9.605E-9	42	0.77
6	29769280	RS1610653	RS547591961	PRUNED_DISTANCE_FALLBACK	DISTANCE_FALLBACK		NA	9772	9.606E-9	13	
6	30065416	RS1264703	RS547591961	PRUNED_DISTANCE_FALLBACK	DISTANCE_FALLBACK		NA	9773	9.614E-9	13	
7	2166233	RS3778982	RS12154473	PRUNED_LD	LD		EUR	9774	9.614E-9	51	0.45
6	29768780	RS1610648	RS547591961	PRUNED_DISTANCE_FALLBACK	DISTANCE_FALLBACK		NA	9775	9.619E-9	13	
3	52794367	RS4687648	RS13083798	PRUNED_LD	LD		MULTI	9776	9.631E-9	42	0.78
6	29754016	RS1002046	RS3131856	PRUNED_LD	LD		EUR	9777	9.636E-9	12	0.22
22	42538029	RS1058167	RS5751191	PRUNED_LD	LD		MULTI	9778	9.645E-9	69	0.47
5	45364875	RS1501357	RS16902086	PRUNED_LD	LD		MULTI	9779	9.647E-9	76	0.73
6	29776390	RS1736969	RS547591961	PRUNED_DISTANCE_FALLBACK	DISTANCE_FALLBACK		NA	9780	9.647E-9	13	
6	29778607	RS1610662	RS547591961	PRUNED_DISTANCE_FALLBACK	DISTANCE_FALLBACK		NA	9781	9.647E-9	13	
17	44022433	RS79765413	RS62057151	PRUNED_LD	LD		EUR	9782	9.648E-9	96	0.56
19	19471683	RS6511032	RS2916074	PRUNED_LD	LD		MULTI	9783	9.656E-9	102	0.74
6	29903991	RS9259970	RS547591961	PRUNED_DISTANCE_FALLBACK	DISTANCE_FALLBACK		NA	9784	9.66E-9	13	
19	19468710	RS13964	RS2916074	PRUNED_LD	LD		MULTI	9785	9.668E-9	102	0.74
6	30074163	RS2517600	RS547591961	PRUNED_DISTANCE_FALLBACK	DISTANCE_FALLBACK		NA	9786	9.672E-9	13	
12	123660721	RS1716173	RS4460848	PRUNED_LD	LD		EUR	9787	9.694E-9	34	0.8
15	91418297	RS8032315	RS6226	PRUNED_LD	LD		EUR	9788	9.695E-9	41	0.2
6	32559864	RS9270541	6:32634952_G_T	PRUNED_DISTANCE_FALLBACK	DISTANCE_FALLBACK		NA	9789	9.695E-9	33	
15	85305142	RS11633788	RS11638554	PRUNED_LD	LD		MULTI	9790	9.702E-9	85	0.6
6	32171683	RS2071277	RS2071278	PRUNED_LD	LD		ASN	9791	9.713E-9	10	0.26
6	29777892	RS1736964	RS547591961	PRUNED_DISTANCE_FALLBACK	DISTANCE_FALLBACK		NA	9792	9.714E-9	13	
5	152214254	RS12186623	RS17488630	PRUNED_LD	LD		EUR	9793	9.717E-9	112	0.99
1	98432507	RS61789079	RS4950119	PRUNED_LD	LD		MULTI	9794	9.719E-9	47	0.9
6	29754357	RS1737015	RS547591961	PRUNED_DISTANCE_FALLBACK	DISTANCE_FALLBACK		NA	9795	9.726E-9	13	
12	123704890	RS1790102	RS4460848	PRUNED_LD	LD		EUR	9796	9.741E-9	34	0.82
12	111052465	RS684596	RS684596	SELECTED_LEAD	LD	OK_LOCAL_CACHE		9797	9.745E-9	154	
7	137015838	RS10282363	RS320682	PRUNED_LD	LD		MULTI	9798	9.757E-9	108	0.96
19	19467937	RS2285627	RS2916074	PRUNED_LD	LD		MULTI	9799	9.758E-9	102	0.67
8	38025512	RS138824104	RS10958683	PRUNED_LD	LD		MULTI	9800	9.758E-9	93	0.51
2	58077827	RS2953438	RS1356545	PRUNED_LD	LD		MULTI	9801	9.769E-9	39	0.72
6	29756301	RS1737013	RS3131856	PRUNED_LD	LD		EUR	9802	9.769E-9	12	0.2
12	123705330	RS1630905	RS4460848	PRUNED_LD	LD		EUR	9803	9.776E-9	34	0.83
22	42405659	RS133322	RS5751191	PRUNED_LD	LD		MULTI	9804	9.779E-9	69	0.87
7	104579775	RS2470937	RS17777642	PRUNED_LD	LD		MULTI	9805	9.795E-9	78	0.81
6	29785538	RS2735028	RS547591961	PRUNED_DISTANCE_FALLBACK	DISTANCE_FALLBACK		NA	9806	9.798E-9	13	
6	29778973	RS1611180	RS547591961	PRUNED_DISTANCE_FALLBACK	DISTANCE_FALLBACK		NA	9807	9.807E-9	13	
5	137858492	RS13165802	RS10117	PRUNED_LD	LD		MULTI	9808	9.827E-9	105	0.93
6	29738298	RS1611271	RS3131856	PRUNED_LD	LD		EUR	9809	9.891E-9	12	0.2
6	29774761	RS2523410	RS547591961	PRUNED_DISTANCE_FALLBACK	DISTANCE_FALLBACK		NA	9810	9.905E-9	13	
5	45389574	RS7721486	RS16902086	PRUNED_LD	LD		ASN	9811	9.915E-9	76	0.53
6	29733223	RS1633041	RS3131856	PRUNED_LD	LD		EUR	9812	9.917E-9	12	0.2
6	29785776	RS1736951	RS547591961	PRUNED_DISTANCE_FALLBACK	DISTANCE_FALLBACK		NA	9813	9.928E-9	13	
6	29774709	RS9258448	RS547591961	PRUNED_DISTANCE_FALLBACK	DISTANCE_FALLBACK		NA	9814	9.933E-9	13	
22	42340569	RS1023498	RS5751191	PRUNED_LD	LD		ASN	9815	9.937E-9	69	0.71
6	31269154	RS2524066	RS7748141	PRUNED_DISTANCE_FALLBACK	DISTANCE_FALLBACK		NA	9816	9.943E-9	24	
17	43776742	RS80143279	RS62057151	PRUNED_LD	LD		EUR	9817	9.947E-9	96	0.85
6	29739057	RS885940	RS3131856	PRUNED_LD	LD		EUR	9818	9.951E-9	12	0.2
6	31232590	RS2524107	RS7748141	PRUNED_DISTANCE_FALLBACK	DISTANCE_FALLBACK		NA	9819	9.955E-9	24	
7	104929837	RS2057883	RS12705304	PRUNED_LD	LD		MULTI	9820	9.955E-9	141	0.96
6	31232247	RS2844624	RS7748141	PRUNED_DISTANCE_FALLBACK	DISTANCE_FALLBACK		NA	9821	9.956E-9	24	
1	98498898	RS1782815	RS4950119	PRUNED_LD	LD		MULTI	9822	9.972E-9	47	1
3	52634092	RS4687637	RS13083798	PRUNED_LD	LD		MULTI	9823	9.974E-9	42	0.93
6	32687973	RS9275698	6:32634952_G_T	PRUNED_DISTANCE_FALLBACK	DISTANCE_FALLBACK		NA	9824	9.99E-9	33	
6	29766926	RS1736991	RS547591961	PRUNED_DISTANCE_FALLBACK	DISTANCE_FALLBACK		NA	9825	1E-8	13	
19	19440428	RS1009136	RS2916074	PRUNED_LD	LD		MULTI	9826	1.001E-8	102	0.68
3	52629177	RS34754793	RS13083798	PRUNED_LD	LD		MULTI	9827	1.002E-8	42	0.92
6	29769717	RS1610713	RS547591961	PRUNED_DISTANCE_FALLBACK	DISTANCE_FALLBACK		NA	9828	1.003E-8	13	
22	42409456	RS133330	RS5751191	PRUNED_LD	LD		MULTI	9829	1.004E-8	69	0.87
6	29759923	RS1611209	RS3131856	PRUNED_LD	LD		EUR	9830	1.004E-8	12	0.2
6	29753729	RS1002044	RS3131856	PRUNED_LD	LD		EUR	9831	1.005E-8	12	0.2
7	137016311	RS1431091	RS320682	PRUNED_LD	LD		MULTI	9832	1.005E-8	108	0.94
19	19450080	RS2074091	RS2916074	PRUNED_LD	LD		MULTI	9833	1.007E-8	102	0.66
6	29759310	RS1610643	RS3131856	PRUNED_LD	LD		EUR	9834	1.007E-8	12	0.2
6	33196397	RS34859217	RS41317102	PRUNED_LD	LD		EUR	9835	1.008E-8	116	0.93
6	29760523	RS1611212	RS3131856	PRUNED_LD	LD		EUR	9836	1.01E-8	12	0.2
6	29770451	RS1610715	RS547591961	PRUNED_DISTANCE_FALLBACK	DISTANCE_FALLBACK		NA	9837	1.011E-8	13	
17	44018399	RS62061733	RS62057151	PRUNED_LD	LD		MULTI	9838	1.012E-8	96	1
10	104606636	RS7097872	RS12219247	PRUNED_LD	LD		MULTI	9839	1.014E-8	54	0.96
5	45692308	RS6451812	RS4257782	PRUNED_LD	LD		MULTI	9840	1.015E-8	132	0.91
6	29738287	RS1611270	RS3131856	PRUNED_LD	LD		EUR	9841	1.015E-8	12	0.2
17	43836953	RS56214516	RS62057151	PRUNED_LD	LD		EUR	9842	1.016E-8	96	0.75
17	44351298	RS533425051	RS560050580	PRUNED_DISTANCE_FALLBACK	DISTANCE_FALLBACK		NA	9843	1.016E-8	111	
6	29765270	RS1633001	RS547591961	PRUNED_DISTANCE_FALLBACK	DISTANCE_FALLBACK		NA	9844	1.016E-8	13	
6	29766596	RS1736994	RS547591961	PRUNED_DISTANCE_FALLBACK	DISTANCE_FALLBACK		NA	9845	1.017E-8	13	
17	43715427	RS2942166	RS62057151	PRUNED_LD	LD		EUR	9846	1.019E-8	96	0.74
11	133805585	RS329637	RS4936215	PRUNED_LD	LD		EUR	9847	1.02E-8	36	0.21
6	29759445	RS1610644	RS3131856	PRUNED_LD	LD		EUR	9848	1.023E-8	12	0.2
6	29762942	RS1633010	RS547591961	PRUNED_DISTANCE_FALLBACK	DISTANCE_FALLBACK		NA	9849	1.024E-8	13	
6	29739639	RS1610636	RS3131856	PRUNED_LD	LD		EUR	9850	1.025E-8	12	0.2
6	31231780	RS2524112	RS7748141	PRUNED_DISTANCE_FALLBACK	DISTANCE_FALLBACK		NA	9851	1.025E-8	24	
12	123705242	RS1630693	RS4460848	PRUNED_LD	LD		EUR	9852	1.026E-8	34	0.82
13	56969555	RS2803485	RS9597388	PRUNED_LD	LD		MULTI	9853	1.026E-8	121	0.92
14	33302960	RS12879159	RS12883788	PRUNED_LD	LD		MULTI	9854	1.028E-8	109	0.92
3	52626646	RS2336146	RS13083798	PRUNED_LD	LD		MULTI	9855	1.028E-8	42	0.92
6	29739434	RS1610635	RS3131856	PRUNED_LD	LD		EUR	9856	1.028E-8	12	0.2
6	29785996	RS1633067	RS547591961	PRUNED_DISTANCE_FALLBACK	DISTANCE_FALLBACK		NA	9857	1.028E-8	13	
17	43705601	RS365825	RS62057151	PRUNED_LD	LD		EUR	9858	1.029E-8	96	0.71
17	44232408	RS540702737	RS560050580	PRUNED_DISTANCE_FALLBACK	DISTANCE_FALLBACK		NA	9859	1.029E-8	111	
6	29336054	RS4713211	RS547591961	PRUNED_DISTANCE_FALLBACK	DISTANCE_FALLBACK		NA	9860	1.03E-8	13	
6	29739906	RS1610637	RS3131856	PRUNED_LD	LD		EUR	9861	1.03E-8	12	0.2
7	104927776	RS7806591	RS12705304	PRUNED_LD	LD		MULTI	9862	1.03E-8	141	0.95
17	43776741	RS76761706	RS62057151	PRUNED_LD	LD		EUR	9863	1.031E-8	96	0.85
2	185499540	RS62176173	RS11693094	PRUNED_LD	LD		MULTI	9864	1.031E-8	107	0.41
6	29748206	RS1611229	RS547591961	PRUNED_DISTANCE_FALLBACK	DISTANCE_FALLBACK		NA	9865	1.032E-8	13	
6	29777983	RS1736963	RS547591961	PRUNED_DISTANCE_FALLBACK	DISTANCE_FALLBACK		NA	9866	1.033E-8	13	
1	98327133	RS75641275	RS4950119	PRUNED_LD	LD		MULTI	9867	1.034E-8	47	0.77
12	123708063	RS1626899	RS4460848	PRUNED_LD	LD		EUR	9868	1.034E-8	34	0.82
20	37410332	RS2748669	RS6124079	PRUNED_LD	LD		MULTI	9869	1.034E-8	89	0.52
6	29749331	RS76335018	RS547591961	PRUNED_DISTANCE_FALLBACK	DISTANCE_FALLBACK		NA	9870	1.034E-8	13	
6	29739272	RS885939	RS3131856	PRUNED_LD	LD		EUR	9871	1.036E-8	12	0.2
13	56991437	RS9591761	RS9597388	PRUNED_LD	LD		MULTI	9872	1.037E-8	121	0.81
11	130823681	RS12275613	RS961491	PRUNED_LD	LD		EUR	9873	1.04E-8	44	0.32
17	43705756	RS393838	RS62057151	PRUNED_LD	LD		EUR	9874	1.04E-8	96	0.71
12	123708490	RS10744149	RS4460848	PRUNED_LD	LD		EUR	9875	1.042E-8	34	0.72
7	110977701	RS12539177	RS1541472	PRUNED_LD	LD		MULTI	9876	1.043E-8	120	0.75
15	61877593	RS4594198	RS35351411	PRUNED_LD	LD		MULTI	9877	1.044E-8	90	0.93
10	18716103	10:18716103_C_A	10:18716103_C_A	SELECTED_LEAD	DISTANCE_FALLBACK	NO_LD_RESPONSE		9878	1.046E-8	155	
4	103385407	RS13107511	RS35518360	PRUNED_LD	LD		EUR	9879	1.046E-8	84	0.27
11	130809259	RS7106928	RS961491	PRUNED_LD	LD		MULTI	9880	1.047E-8	44	0.52
6	29739322	RS885938	RS3131856	PRUNED_LD	LD		EUR	9881	1.047E-8	12	0.2
6	32444968	RS7755770	RS431204	PRUNED_DISTANCE_FALLBACK	DISTANCE_FALLBACK		NA	9882	1.047E-8	14	
6	31250642	RS2853939	RS7748141	PRUNED_DISTANCE_FALLBACK	DISTANCE_FALLBACK		NA	9883	1.049E-8	24	
5	60720682	RS12188627	RS56219078	PRUNED_LD	LD		EUR	9884	1.05E-8	73	0.32
6	31946614	RS6941112	RS431204	PRUNED_DISTANCE_FALLBACK	DISTANCE_FALLBACK		NA	9885	1.05E-8	14	
6	29779829	RS1610667	RS547591961	PRUNED_DISTANCE_FALLBACK	DISTANCE_FALLBACK		NA	9886	1.051E-8	13	
7	2166514	RS3778984	RS12154473	PRUNED_LD	LD		EUR	9887	1.051E-8	51	0.45
3	52237970	RS352168	RS2276834	PRUNED_LD	LD		MULTI	9888	1.053E-8	63	0.74
6	31250507	RS386575142	RS7748141	PRUNED_DISTANCE_FALLBACK	DISTANCE_FALLBACK		NA	9889	1.053E-8	24	
5	45537299	RS10073636	RS4257782	PRUNED_LD	LD		MULTI	9890	1.054E-8	132	0.83
6	31251477	RS2853938	RS7748141	PRUNED_DISTANCE_FALLBACK	DISTANCE_FALLBACK		NA	9891	1.055E-8	24	
5	45391923	RS3923055	RS16902086	PRUNED_LD	LD		ASN	9892	1.056E-8	76	0.54
6	29764656	RS1736999	RS547591961	PRUNED_DISTANCE_FALLBACK	DISTANCE_FALLBACK		NA	9893	1.056E-8	13	
6	31250823	RS2524059	RS7748141	PRUNED_DISTANCE_FALLBACK	DISTANCE_FALLBACK		NA	9894	1.057E-8	24	
8	38025511	RS145151767	RS10958683	PRUNED_LD	LD		MULTI	9895	1.057E-8	93	0.51
14	72416219	RS2190864	RS10137909	PRUNED_LD	LD		MULTI	9896	1.058E-8	114	0.56
6	31250854	RS2844603	RS7748141	PRUNED_DISTANCE_FALLBACK	DISTANCE_FALLBACK		NA	9897	1.058E-8	24	
6	29781987	RS1610704	RS547591961	PRUNED_DISTANCE_FALLBACK	DISTANCE_FALLBACK		NA	9898	1.059E-8	13	
6	31260397	RS2524156	RS7748141	PRUNED_DISTANCE_FALLBACK	DISTANCE_FALLBACK		NA	9899	1.059E-8	24	
5	45392685	RS12332696	RS16902086	PRUNED_LD	LD		ASN	9900	1.06E-8	76	0.54
22	42406885	RS133326	RS5751191	PRUNED_LD	LD		MULTI	9901	1.061E-8	69	0.87
6	31260331	RS2524157	RS7748141	PRUNED_DISTANCE_FALLBACK	DISTANCE_FALLBACK		NA	9902	1.063E-8	24	
6	29773509	RS1632983	RS547591961	PRUNED_DISTANCE_FALLBACK	DISTANCE_FALLBACK		NA	9903	1.065E-8	13	
7	1898075	RS4602777	RS12154473	PRUNED_LD	LD		EUR	9904	1.065E-8	51	0.34
6	31269874	RS1960278	RS7748141	PRUNED_DISTANCE_FALLBACK	DISTANCE_FALLBACK		NA	9905	1.066E-8	24	
6	29781474	RS1610700	RS547591961	PRUNED_DISTANCE_FALLBACK	DISTANCE_FALLBACK		NA	9906	1.067E-8	13	
22	42407689	RS133327	RS5751191	PRUNED_LD	LD		MULTI	9907	1.068E-8	69	0.87
3	180725823	RS35244474	RS12152501	PRUNED_LD	LD		MULTI	9908	1.068E-8	72	0.67
10	18714473	RS11014186	RS7071123	PRUNED_LD	LD		MULTI	9909	1.071E-8	77	0.86
15	85357649	RS56864281	RS11638554	PRUNED_LD	LD		MULTI	9910	1.071E-8	85	0.63
3	52762698	RS11130321	RS13083798	PRUNED_LD	LD		MULTI	9911	1.071E-8	42	0.8
6	29746794	RS1633023	RS547591961	PRUNED_DISTANCE_FALLBACK	DISTANCE_FALLBACK		NA	9912	1.071E-8	13	
6	29746803	RS1633022	RS547591961	PRUNED_DISTANCE_FALLBACK	DISTANCE_FALLBACK		NA	9913	1.071E-8	13	
7	2143208	RS3778970	RS12154473	PRUNED_LD	LD		EUR	9914	1.071E-8	51	0.43
22	42385967	RS6519301	RS5751191	PRUNED_LD	LD		MULTI	9915	1.072E-8	69	0.95
22	42382797	RS133293	RS5751191	PRUNED_LD	LD		MULTI	9916	1.073E-8	69	0.88
5	45638629	RS2580260	RS4257782	PRUNED_LD	LD		MULTI	9917	1.073E-8	132	0.91
6	32451888	RS2395200	RS431204	PRUNED_DISTANCE_FALLBACK	DISTANCE_FALLBACK		NA	9918	1.073E-8	14	
6	29737022	RS1737035	RS3131856	PRUNED_LD	LD		EUR	9919	1.074E-8	12	0.2
6	30065575	RS1264702	RS547591961	PRUNED_DISTANCE_FALLBACK	DISTANCE_FALLBACK		NA	9920	1.074E-8	13	
7	138595378	RS10252710	RS10235212	PRUNED_LD	LD		MULTI	9921	1.076E-8	148	0.99
22	42405922	RS133323	RS5751191	PRUNED_LD	LD		MULTI	9922	1.077E-8	69	0.87
6	29745726	RS1615962	RS3131856	PRUNED_LD	LD		EUR	9923	1.077E-8	12	0.2
6	29747561	RS1633019	RS547591961	PRUNED_DISTANCE_FALLBACK	DISTANCE_FALLBACK		NA	9924	1.077E-8	13	
6	31255007	RS2853931	RS7748141	PRUNED_DISTANCE_FALLBACK	DISTANCE_FALLBACK		NA	9925	1.077E-8	24	
6	31261185	RS2213140	RS7748141	PRUNED_DISTANCE_FALLBACK	DISTANCE_FALLBACK		NA	9926	1.077E-8	24	
6	31261196	RS2243866	RS7748141	PRUNED_DISTANCE_FALLBACK	DISTANCE_FALLBACK		NA	9927	1.077E-8	24	
17	44364584	RS564007266	RS560050580	PRUNED_DISTANCE_FALLBACK	DISTANCE_FALLBACK		NA	9928	1.078E-8	111	
6	29781886	RS1610674	RS547591961	PRUNED_DISTANCE_FALLBACK	DISTANCE_FALLBACK		NA	9929	1.078E-8	13	
7	137013466	RS10255150	RS320682	PRUNED_LD	LD		MULTI	9930	1.078E-8	108	0.96
6	31298164	RS9265540	RS7748141	PRUNED_DISTANCE_FALLBACK	DISTANCE_FALLBACK		NA	9931	1.08E-8	24	
3	52944724	RS9865248	RS2245424	PRUNED_LD	LD		MULTI	9932	1.082E-8	99	0.73
6	29254969	RS7381760	RS539591970	PRUNED_DISTANCE_FALLBACK	DISTANCE_FALLBACK		NA	9933	1.082E-8	11	
6	29746305	RS1633029	RS3131856	PRUNED_LD	LD		EUR	9934	1.082E-8	12	0.2
6	31257625	RS2524040	RS7748141	PRUNED_DISTANCE_FALLBACK	DISTANCE_FALLBACK		NA	9935	1.082E-8	24	
6	31258255	RS2844595	RS7748141	PRUNED_DISTANCE_FALLBACK	DISTANCE_FALLBACK		NA	9936	1.083E-8	24	
1	98478981	RS1938566	RS4950119	PRUNED_LD	LD		MULTI	9937	1.084E-8	47	0.93
17	43758885	RS112431991	RS62057151	PRUNED_LD	LD		EUR	9938	1.088E-8	96	0.8
7	110867535	RS214475	RS1541472	PRUNED_LD	LD		MULTI	9939	1.088E-8	120	0.72
5	152223531	RS4958583	RS17488630	PRUNED_LD	LD		EUR	9940	1.089E-8	112	0.99
6	29781703	RS1610673	RS547591961	PRUNED_DISTANCE_FALLBACK	DISTANCE_FALLBACK		NA	9941	1.089E-8	13	
6	31252469	RS386568878	RS7748141	PRUNED_DISTANCE_FALLBACK	DISTANCE_FALLBACK		NA	9942	1.093E-8	24	
6	31259579	RS2524163	RS7748141	PRUNED_DISTANCE_FALLBACK	DISTANCE_FALLBACK		NA	9943	1.093E-8	24	
3	52807736	RS11717836	RS13083798	PRUNED_LD	LD		MULTI	9944	1.094E-8	42	0.75
6	29752221	RS1611267	RS547591961	PRUNED_DISTANCE_FALLBACK	DISTANCE_FALLBACK		NA	9945	1.094E-8	13	
12	123709927	RS10846486	RS4460848	PRUNED_LD	LD		EUR	9946	1.095E-8	34	0.8
17	44331214	RS554899842	RS560050580	PRUNED_DISTANCE_FALLBACK	DISTANCE_FALLBACK		NA	9947	1.096E-8	111	
6	29352631	RS3117443	RS547591961	PRUNED_DISTANCE_FALLBACK	DISTANCE_FALLBACK		NA	9948	1.096E-8	13	
17	44091886	RS9891103	RS62057151	PRUNED_LD	LD		MULTI	9949	1.097E-8	96	1
6	31254088	RS2853933	RS7748141	PRUNED_DISTANCE_FALLBACK	DISTANCE_FALLBACK		NA	9950	1.097E-8	24	
7	1947687	RS6461005	RS12154473	PRUNED_LD	LD		MULTI	9951	1.097E-8	51	0.59
14	72461074	RS1978227	RS10137909	PRUNED_LD	LD		MULTI	9952	1.098E-8	114	0.98
6	29748523	RS1611233	RS547591961	PRUNED_DISTANCE_FALLBACK	DISTANCE_FALLBACK		NA	9953	1.098E-8	13	
6	29780529	RS753544	RS547591961	PRUNED_DISTANCE_FALLBACK	DISTANCE_FALLBACK		NA	9954	1.098E-8	13	
6	31253996	RS2524052	RS7748141	PRUNED_DISTANCE_FALLBACK	DISTANCE_FALLBACK		NA	9955	1.098E-8	24	
1	98474767	RS2391902	RS4950119	PRUNED_LD	LD		MULTI	9956	1.099E-8	47	1
12	123528405	RS655293	RS4460848	PRUNED_LD	LD		MULTI	9957	1.099E-8	34	0.61
6	31259798	RS2524161	RS7748141	PRUNED_DISTANCE_FALLBACK	DISTANCE_FALLBACK		NA	9958	1.1E-8	24	
19	19449686	RS2074090	RS2916074	PRUNED_LD	LD		MULTI	9959	1.101E-8	102	0.68
6	29748308	RS1611230	RS547591961	PRUNED_DISTANCE_FALLBACK	DISTANCE_FALLBACK		NA	9960	1.101E-8	13	
6	29757995	RS1611196	RS547591961	PRUNED_DISTANCE_FALLBACK	DISTANCE_FALLBACK		NA	9961	1.101E-8	13	
3	52621839	RS3852066	RS13083798	PRUNED_LD	LD		MULTI	9962	1.102E-8	42	0.89
5	45393754	RS10045420	RS16902086	PRUNED_LD	LD		MULTI	9963	1.102E-8	76	0.51
6	29752278	RS2394171	RS547591961	PRUNED_DISTANCE_FALLBACK	DISTANCE_FALLBACK		NA	9964	1.102E-8	13	
6	31253878	RS2853935	RS7748141	PRUNED_DISTANCE_FALLBACK	DISTANCE_FALLBACK		NA	9965	1.102E-8	24	
5	152218058	RS72802853	RS17488630	PRUNED_LD	LD		EUR	9966	1.103E-8	112	0.99
6	29748837	RS111296608	RS547591961	PRUNED_DISTANCE_FALLBACK	DISTANCE_FALLBACK		NA	9967	1.103E-8	13	
6	29785149	RS1620173	RS547591961	PRUNED_DISTANCE_FALLBACK	DISTANCE_FALLBACK		NA	9968	1.103E-8	13	
10	104598322	RS10786713	RS12219247	PRUNED_LD	LD		MULTI	9969	1.104E-8	54	0.94
6	29752671	RS2893981	RS547591961	PRUNED_DISTANCE_FALLBACK	DISTANCE_FALLBACK		NA	9970	1.104E-8	13	
6	29763762	RS3129185	RS547591961	PRUNED_DISTANCE_FALLBACK	DISTANCE_FALLBACK		NA	9971	1.104E-8	13	
10	18714347	RS11014185	RS7071123	PRUNED_LD	LD		MULTI	9972	1.105E-8	77	0.86
6	30067834	RS1264696	RS547591961	PRUNED_DISTANCE_FALLBACK	DISTANCE_FALLBACK		NA	9973	1.106E-8	13	
3	52804487	RS13071584	RS13083798	PRUNED_LD	LD		MULTI	9974	1.107E-8	42	0.75
6	29742846	RS1419641	RS3131856	PRUNED_LD	LD		EUR	9975	1.109E-8	12	0.2
6	31259930	RS2524159	RS7748141	PRUNED_DISTANCE_FALLBACK	DISTANCE_FALLBACK		NA	9976	1.109E-8	24	
6	32400939	RS3129859	RS431204	PRUNED_DISTANCE_FALLBACK	DISTANCE_FALLBACK		NA	9977	1.112E-8	14	
6	29337075	RS3930883	RS547591961	PRUNED_DISTANCE_FALLBACK	DISTANCE_FALLBACK		NA	9978	1.114E-8	13	
2	185499482	RS62176172	RS11693094	PRUNED_LD	LD		MULTI	9979	1.116E-8	107	0.41
6	26685321	RS2498388	RS13215879	PRUNED_DISTANCE_FALLBACK	DISTANCE_FALLBACK		NA	9980	1.116E-8	22	
6	31261276	RS2243868	RS7748141	PRUNED_DISTANCE_FALLBACK	DISTANCE_FALLBACK		NA	9981	1.116E-8	24	
10	104585125	RS4919683	RS12219247	PRUNED_LD	LD		MULTI	9982	1.117E-8	54	0.86
5	45561903	RS1351720	RS4257782	PRUNED_LD	LD		MULTI	9983	1.117E-8	132	0.82
19	19443466	RS8103197	RS2916074	PRUNED_LD	LD		MULTI	9984	1.119E-8	102	0.68
8	38043758	RS7828832	RS10958683	PRUNED_LD	LD		MULTI	9985	1.119E-8	93	0.58
6	29337101	RS1555244	RS547591961	PRUNED_DISTANCE_FALLBACK	DISTANCE_FALLBACK		NA	9986	1.122E-8	13	
2	201226862	RS2163548	RS3769472	PRUNED_LD	LD		EUR	9987	1.124E-8	94	0.23
13	57111355	RS9537433	RS9597388	PRUNED_LD	LD		MULTI	9988	1.125E-8	121	0.57
6	32451730	RS13195237	RS431204	PRUNED_DISTANCE_FALLBACK	DISTANCE_FALLBACK		NA	9989	1.125E-8	14	
7	104601236	RS6955349	RS17777642	PRUNED_LD	LD		MULTI	9990	1.126E-8	78	0.8
10	104596981	RS6162	RS12219247	PRUNED_LD	LD		MULTI	9991	1.129E-8	54	0.93
5	45653912	RS2589161	RS4257782	PRUNED_LD	LD		MULTI	9992	1.129E-8	132	0.52
19	19442434	RS12985655	RS2916074	PRUNED_LD	LD		MULTI	9993	1.13E-8	102	0.68
7	2131829	RS2895202	RS12154473	PRUNED_LD	LD		MULTI	9994	1.131E-8	51	0.44
3	52621627	RS3733046	RS13083798	PRUNED_LD	LD		MULTI	9995	1.133E-8	42	0.88
6	29768951	RS1610650	RS547591961	PRUNED_DISTANCE_FALLBACK	DISTANCE_FALLBACK		NA	9996	1.135E-8	13	
6	29748690	RS1611236	RS547591961	PRUNED_DISTANCE_FALLBACK	DISTANCE_FALLBACK		NA	9997	1.136E-8	13	
6	29748139	RS1611228	RS547591961	PRUNED_DISTANCE_FALLBACK	DISTANCE_FALLBACK		NA	9998	1.137E-8	13	
10	18709580	RS7912753	RS7071123	PRUNED_LD	LD		MULTI	9999	1.138E-8	77	0.86
10	104959852	RS4307650	RS1163238	PRUNED_LD	LD		MULTI	10000	1.139E-8	55	0.38
5	137840860	RS13164092	RS10117	PRUNED_LD	LD		MULTI	10001	1.142E-8	105	0.87
8	38292466	RS17175814	RS10958683	PRUNED_LD	LD		MULTI	10002	1.142E-8	93	0.9
3	52584715	RS2878628	RS13083798	PRUNED_LD	LD		MULTI	10003	1.143E-8	42	0.78
15	85243681	RS11636499	RS11638554	PRUNED_LD	LD		MULTI	10004	1.145E-8	85	0.75
7	2141239	RS4719436	RS12154473	PRUNED_LD	LD		EUR	10005	1.148E-8	51	0.43
17	44283571	RS547806241	RS560050580	PRUNED_DISTANCE_FALLBACK	DISTANCE_FALLBACK		NA	10006	1.149E-8	111	
2	58391570	RS848289	RS7596038	PRUNED_LD	LD		MULTI	10007	1.149E-8	56	0.65
6	29355202	RS3094548	RS547591961	PRUNED_DISTANCE_FALLBACK	DISTANCE_FALLBACK		NA	10008	1.151E-8	13	
6	31267061	RS2853921	RS7748141	PRUNED_DISTANCE_FALLBACK	DISTANCE_FALLBACK		NA	10009	1.151E-8	24	
6	32581305	RS9271289	6:32634952_G_T	PRUNED_DISTANCE_FALLBACK	DISTANCE_FALLBACK		NA	10010	1.151E-8	33	
8	38042351	RS112791537	RS10958683	PRUNED_LD	LD		MULTI	10011	1.151E-8	93	0.59
6	32613997	RS9273238	6:32634952_G_T	PRUNED_DISTANCE_FALLBACK	DISTANCE_FALLBACK		NA	10012	1.152E-8	33	
7	111078912	RS38752	RS1541472	PRUNED_LD	LD		MULTI	10013	1.152E-8	120	0.82
5	45552765	RS2625494	RS2625494	SELECTED_LEAD	LD	OK		10014	1.154E-8	156	
6	30067568	RS1264697	RS547591961	PRUNED_DISTANCE_FALLBACK	DISTANCE_FALLBACK		NA	10015	1.154E-8	13	
5	45655893	RS2589162	RS4257782	PRUNED_LD	LD		MULTI	10016	1.156E-8	132	0.88
19	19440864	RS67720221	RS2916074	PRUNED_LD	LD		MULTI	10017	1.158E-8	102	0.68
22	42408079	RS133328	RS5751191	PRUNED_LD	LD		MULTI	10018	1.161E-8	69	0.87
5	137841263	RS55985421	RS10117	PRUNED_LD	LD		MULTI	10019	1.161E-8	105	0.87
7	104600854	RS4727614	RS17777642	PRUNED_LD	LD		MULTI	10020	1.161E-8	78	0.79
7	2164995	RS2398705	RS12154473	PRUNED_LD	LD		EUR	10021	1.163E-8	51	0.45
22	42315790	RS763263	RS5751191	PRUNED_LD	LD		ASN	10022	1.164E-8	69	0.66
3	180993424	RS12632136	RS12152501	PRUNED_LD	LD		MULTI	10023	1.164E-8	72	0.68
6	29782470	RS1736959	RS547591961	PRUNED_DISTANCE_FALLBACK	DISTANCE_FALLBACK		NA	10024	1.164E-8	13	
19	19453521	RS2965191	RS2916074	PRUNED_LD	LD		MULTI	10025	1.166E-8	102	0.69
22	42337040	RS6002548	RS5751191	PRUNED_LD	LD		ASN	10026	1.167E-8	69	0.71
6	29782533	RS1736958	RS547591961	PRUNED_DISTANCE_FALLBACK	DISTANCE_FALLBACK		NA	10027	1.167E-8	13	
19	19453560	RS2301669	RS2916074	PRUNED_LD	LD		MULTI	10028	1.168E-8	102	0.69
6	29783660	RS1079599	RS547591961	PRUNED_DISTANCE_FALLBACK	DISTANCE_FALLBACK		NA	10029	1.168E-8	13	
6	29783529	RS1111673	RS547591961	PRUNED_DISTANCE_FALLBACK	DISTANCE_FALLBACK		NA	10030	1.169E-8	13	
5	137840293	RS11956240	RS10117	PRUNED_LD	LD		MULTI	10031	1.171E-8	105	0.87
2	58445910	RS72618694	RS7596038	PRUNED_LD	LD		MULTI	10032	1.172E-8	56	0.6
1	98472879	RS1938564	RS4950119	PRUNED_LD	LD		MULTI	10033	1.173E-8	47	1
6	29786732	RS1736946	RS547591961	PRUNED_DISTANCE_FALLBACK	DISTANCE_FALLBACK		NA	10034	1.173E-8	13	
10	3821561	RS17731	RS17731	SELECTED_LEAD	LD	OK_LOCAL_CACHE		10035	1.174E-8	157	
18	53775254	RS1789595	RS715170	PRUNED_LD	LD		MULTI	10036	1.178E-8	147	0.92
5	60826956	RS6879809	RS6879809	SELECTED_LEAD	LD	OK_LOCAL_CACHE		10037	1.178E-8	158	
7	2139990	RS3778969	RS12154473	PRUNED_LD	LD		EUR	10038	1.18E-8	51	0.44
3	52593230	RS3796353	RS13083798	PRUNED_LD	LD		MULTI	10039	1.181E-8	42	0.78
6	29745351	RS1618670	RS547591961	PRUNED_DISTANCE_FALLBACK	DISTANCE_FALLBACK		NA	10040	1.181E-8	13	
6	29747373	RS2735042	RS547591961	PRUNED_DISTANCE_FALLBACK	DISTANCE_FALLBACK		NA	10041	1.181E-8	13	
6	30067177	RS1264698	RS547591961	PRUNED_DISTANCE_FALLBACK	DISTANCE_FALLBACK		NA	10042	1.181E-8	13	
2	201101900	RS10931889	RS3769472	PRUNED_LD	LD		EUR	10043	1.182E-8	94	0.33
6	29786734	RS1736945	RS547591961	PRUNED_DISTANCE_FALLBACK	DISTANCE_FALLBACK		NA	10044	1.183E-8	13	
6	29783219	RS1318083	RS547591961	PRUNED_DISTANCE_FALLBACK	DISTANCE_FALLBACK		NA	10045	1.186E-8	13	
7	110929121	RS12668070	RS1541472	PRUNED_LD	LD		MULTI	10046	1.186E-8	120	0.97
6	29747685	RS1737020	RS547591961	PRUNED_DISTANCE_FALLBACK	DISTANCE_FALLBACK		NA	10047	1.187E-8	13	
6	29747690	RS1737019	RS547591961	PRUNED_DISTANCE_FALLBACK	DISTANCE_FALLBACK		NA	10048	1.187E-8	13	
6	29782786	RS1736955	RS547591961	PRUNED_DISTANCE_FALLBACK	DISTANCE_FALLBACK		NA	10049	1.188E-8	13	
5	60563907	RS12523278	RS56219078	PRUNED_LD	LD		EUR	10050	1.189E-8	73	0.61
6	29747134	RS1633020	RS547591961	PRUNED_DISTANCE_FALLBACK	DISTANCE_FALLBACK		NA	10051	1.189E-8	13	
7	2139286	RS73038441	RS12154473	PRUNED_LD	LD		EUR	10052	1.189E-8	51	0.44
7	2139457	RS73038442	RS12154473	PRUNED_LD	LD		EUR	10053	1.189E-8	51	0.44
14	33303788	RS12885467	RS12883788	PRUNED_LD	LD		MULTI	10054	1.192E-8	109	0.91
6	29747587	RS1633018	RS547591961	PRUNED_DISTANCE_FALLBACK	DISTANCE_FALLBACK		NA	10055	1.193E-8	13	
7	2138296	RS3778965	RS12154473	PRUNED_LD	LD		EUR	10056	1.195E-8	51	0.44
6	29744610	RS2844837	RS547591961	PRUNED_DISTANCE_FALLBACK	DISTANCE_FALLBACK		NA	10057	1.196E-8	13	
2	58381785	RS848294	RS7596038	PRUNED_LD	LD		MULTI	10058	1.197E-8	56	0.65
1	98332523	RS61787785	RS4950119	PRUNED_LD	LD		MULTI	10059	1.198E-8	47	0.77
8	38046142	RS11785366	RS10958683	PRUNED_LD	LD		MULTI	10060	1.198E-8	93	0.55
6	29757608	RS1633014	RS547591961	PRUNED_DISTANCE_FALLBACK	DISTANCE_FALLBACK		NA	10061	1.199E-8	13	
6	29773686	6:29773686_T_A	RS547591961	PRUNED_DISTANCE_FALLBACK	DISTANCE_FALLBACK		NA	10062	1.199E-8	13	
6	29783064	RS1077433	RS547591961	PRUNED_DISTANCE_FALLBACK	DISTANCE_FALLBACK		NA	10063	1.199E-8	13	
1	98460106	RS9440288	RS4950119	PRUNED_LD	LD		MULTI	10064	1.2E-8	47	1
6	29738665	RS1610726	RS547591961	PRUNED_DISTANCE_FALLBACK	DISTANCE_FALLBACK		NA	10065	1.201E-8	13	
8	38045029	RS58780114	RS10958683	PRUNED_LD	LD		MULTI	10066	1.202E-8	93	0.58
17	44350293	RS2732711	RS560050580	PRUNED_DISTANCE_FALLBACK	DISTANCE_FALLBACK		NA	10067	1.203E-8	111	
7	110898915	RS13240464	RS1541472	PRUNED_LD	LD		MULTI	10068	1.203E-8	120	0.73
17	43719143	RS393152	RS62057151	PRUNED_LD	LD		EUR	10069	1.204E-8	96	0.74
2	201102055	RS10931890	RS3769472	PRUNED_LD	LD		EUR	10070	1.205E-8	94	0.34
1	98487510	RS5005705	RS4950119	PRUNED_LD	LD		MULTI	10071	1.206E-8	47	1
19	19449603	19:19449603_G_A	19:19449603_G_A	SELECTED_LEAD	DISTANCE_FALLBACK	NO_LD_RESPONSE		10072	1.207E-8	159	
8	38046769	RS12682626	RS10958683	PRUNED_LD	LD		MULTI	10073	1.207E-8	93	0.58
5	45655070	RS1405918	RS4257782	PRUNED_LD	LD		MULTI	10074	1.212E-8	132	0.88
6	29825737	RS1611683	RS547591961	PRUNED_DISTANCE_FALLBACK	DISTANCE_FALLBACK		NA	10075	1.213E-8	13	
6	32636733	RS3135000	6:32634952_G_T	PRUNED_DISTANCE_FALLBACK	DISTANCE_FALLBACK		NA	10076	1.214E-8	33	
7	2138109	RS3778964	RS12154473	PRUNED_LD	LD		EUR	10077	1.214E-8	51	0.44
17	44293671	RS2696608	RS560050580	PRUNED_DISTANCE_FALLBACK	DISTANCE_FALLBACK		NA	10078	1.219E-8	111	
22	42340508	RS1023497	RS5751191	PRUNED_LD	LD		ASN	10079	1.219E-8	69	0.71
12	29934586	RS721617	RS721617	SELECTED_LEAD	LD	OK_LOCAL_CACHE		10080	1.221E-8	160	
17	43718336	RS434805	RS62057151	PRUNED_LD	LD		EUR	10081	1.221E-8	96	0.74
13	56990360	RS12584191	RS9597388	PRUNED_LD	LD		MULTI	10082	1.222E-8	121	0.87
6	29745794	RS1633030	RS547591961	PRUNED_DISTANCE_FALLBACK	DISTANCE_FALLBACK		NA	10083	1.222E-8	13	
6	29745884	RS1614309	RS547591961	PRUNED_DISTANCE_FALLBACK	DISTANCE_FALLBACK		NA	10084	1.224E-8	13	
6	32456039	RS80086369	RS431204	PRUNED_DISTANCE_FALLBACK	DISTANCE_FALLBACK		NA	10085	1.225E-8	14	
6	29746367	RS1633028	RS547591961	PRUNED_DISTANCE_FALLBACK	DISTANCE_FALLBACK		NA	10086	1.226E-8	13	
6	29782868	RS1077432	RS547591961	PRUNED_DISTANCE_FALLBACK	DISTANCE_FALLBACK		NA	10087	1.227E-8	13	
3	52598540	RS13059862	RS13083798	PRUNED_LD	LD		MULTI	10088	1.229E-8	42	0.79
15	58921198	RS972801	RS793571	PRUNED_LD	LD		EUR	10089	1.231E-8	52	0.33
3	52593138	RS17052259	RS13083798	PRUNED_LD	LD		MULTI	10090	1.233E-8	42	0.78
4	103374760	RS13129951	RS35518360	PRUNED_LD	LD		EUR	10091	1.233E-8	84	0.28
6	29798419	RS915670	RS547591961	PRUNED_DISTANCE_FALLBACK	DISTANCE_FALLBACK		NA	10092	1.233E-8	13	
8	38032158	RS59911155	RS10958683	PRUNED_LD	LD		MULTI	10093	1.233E-8	93	0.56
3	52593119	RS17052256	RS13083798	PRUNED_LD	LD		MULTI	10094	1.234E-8	42	0.78
8	38049439	RS10112856	RS10958683	PRUNED_LD	LD		MULTI	10095	1.239E-8	93	0.58
11	130717406	RS73022837	RS7106771	PRUNED_LD	LD		MULTI	10096	1.24E-8	82	0.55
6	31116142	RS1265067	RS7748141	PRUNED_DISTANCE_FALLBACK	DISTANCE_FALLBACK		NA	10097	1.24E-8	24	
6	31113083	RS1265076	RS7748141	PRUNED_DISTANCE_FALLBACK	DISTANCE_FALLBACK		NA	10098	1.242E-8	24	
3	52742537	RS12486554	RS13083798	PRUNED_LD	LD		MULTI	10099	1.243E-8	42	0.87
5	45608322	RS2337483	RS4257782	PRUNED_LD	LD		MULTI	10100	1.243E-8	132	0.88
15	61843103	RS8028972	RS35351411	PRUNED_LD	LD		MULTI	10101	1.245E-8	90	0.45
5	137851192	RS3849046	RS10117	PRUNED_LD	LD		MULTI	10102	1.246E-8	105	0.91
3	52598608	RS13060048	RS13083798	PRUNED_LD	LD		MULTI	10103	1.249E-8	42	0.79
13	57110903	RS7996819	RS9597388	PRUNED_LD	LD		MULTI	10104	1.25E-8	121	0.57
8	38052482	RS10958541	RS10958683	PRUNED_LD	LD		MULTI	10105	1.25E-8	93	0.57
5	45393552	RS6874677	RS16902086	PRUNED_LD	LD		ASN	10106	1.252E-8	76	0.52
10	18733661	RS4748467	RS7071123	PRUNED_LD	LD		MULTI	10107	1.254E-8	77	0.66
14	99732416	RS2693674	RS2664308	PRUNED_LD	LD		MULTI	10108	1.255E-8	150	0.97
6	29779806	RS1610666	RS547591961	PRUNED_DISTANCE_FALLBACK	DISTANCE_FALLBACK		NA	10109	1.255E-8	13	
1	98533392	RS1198600	RS4950119	PRUNED_LD	LD		MULTI	10110	1.256E-8	47	0.93
19	19426609	RS2315025	RS2916074	PRUNED_LD	LD		MULTI	10111	1.256E-8	102	0.66
3	52918422	RS4687562	RS2245424	PRUNED_LD	LD		MULTI	10112	1.256E-8	99	0.72
6	31109810	RS1265087	RS7748141	PRUNED_DISTANCE_FALLBACK	DISTANCE_FALLBACK		NA	10113	1.257E-8	24	
6	29744833	RS1633032	RS547591961	PRUNED_DISTANCE_FALLBACK	DISTANCE_FALLBACK		NA	10114	1.258E-8	13	
10	18716346	RS10764483	RS7071123	PRUNED_LD	LD		MULTI	10115	1.259E-8	77	1
6	29743400	RS1633035	RS547591961	PRUNED_DISTANCE_FALLBACK	DISTANCE_FALLBACK		NA	10116	1.26E-8	13	
6	29743563	RS1633034	RS547591961	PRUNED_DISTANCE_FALLBACK	DISTANCE_FALLBACK		NA	10117	1.26E-8	13	
22	42475568	RS8135801	RS5751191	PRUNED_LD	LD		MULTI	10118	1.262E-8	69	0.56
22	42340844	RS1023500	RS5751191	PRUNED_LD	LD		ASN	10119	1.266E-8	69	0.71
7	2103637	RS73048919	RS12154473	PRUNED_LD	LD		MULTI	10120	1.267E-8	51	0.54
2	58073603	RS1607889	RS1356545	PRUNED_LD	LD		MULTI	10121	1.268E-8	39	0.72
6	29743788	RS1633033	RS547591961	PRUNED_DISTANCE_FALLBACK	DISTANCE_FALLBACK		NA	10122	1.268E-8	13	
8	38069508	RS60530611	RS10958683	PRUNED_LD	LD		MULTI	10123	1.27E-8	93	0.65
10	104655315	RS10883796	RS12219247	PRUNED_LD	LD		MULTI	10124	1.271E-8	54	0.52
6	31242089	RS2524080	RS7748141	PRUNED_DISTANCE_FALLBACK	DISTANCE_FALLBACK		NA	10125	1.273E-8	24	
10	18712258	RS4748464	RS7071123	PRUNED_LD	LD		MULTI	10126	1.274E-8	77	0.86
2	201099961	RS11689664	RS3769472	PRUNED_LD	LD		EUR	10127	1.274E-8	94	0.33
14	72421334	RS34836658	RS714975	PRUNED_LD	LD		MULTI	10128	1.276E-8	138	1
19	19432811	RS7247263	RS2916074	PRUNED_LD	LD		MULTI	10129	1.277E-8	102	0.48
6	29736011	RS1737044	RS3131856	PRUNED_LD	LD		EUR	10130	1.277E-8	12	0.2
8	38068324	RS1043782	RS10958683	PRUNED_LD	LD		MULTI	10131	1.277E-8	93	0.65
6	29736229	RS1737041	RS3131856	PRUNED_LD	LD		EUR	10132	1.28E-8	12	0.2
15	61843150	RS8030235	RS35351411	PRUNED_LD	LD		MULTI	10133	1.281E-8	90	0.46
6	29736601	RS1737040	RS3131856	PRUNED_LD	LD		EUR	10134	1.285E-8	12	0.2
22	42382748	RS133292	RS5751191	PRUNED_LD	LD		MULTI	10135	1.286E-8	69	0.8
6	29737222	RS1737032	RS3131856	PRUNED_LD	LD		EUR	10136	1.286E-8	12	0.2
6	31115700	RS1265069	RS7748141	PRUNED_DISTANCE_FALLBACK	DISTANCE_FALLBACK		NA	10137	1.286E-8	24	
7	110988593	RS35426637	RS1541472	PRUNED_LD	LD		MULTI	10138	1.286E-8	120	0.89
6	32561390	RS9270589	6:32634952_G_T	PRUNED_DISTANCE_FALLBACK	DISTANCE_FALLBACK		NA	10139	1.287E-8	33	
11	130894976	RS11222432	RS961491	PRUNED_LD	LD		EUR	10140	1.292E-8	44	0.27
6	29733537	RS1737056	RS3131856	PRUNED_LD	LD		EUR	10141	1.292E-8	12	0.2
6	29797639	RS1049033	RS547591961	PRUNED_DISTANCE_FALLBACK	DISTANCE_FALLBACK		NA	10142	1.296E-8	13	
11	130754608	RS11222375	RS7106771	PRUNED_LD	LD		MULTI	10143	1.297E-8	82	0.63
8	38040503	RS4537271	RS4537271	SELECTED_LEAD	LD	OK		10144	1.297E-8	161	
3	136357693	RS1017881	RS1394094	PRUNED_LD	LD		MULTI	10145	1.298E-8	50	0.4
8	38292147	RS10101096	RS10958683	PRUNED_LD	LD		MULTI	10146	1.298E-8	93	0.89
8	38293463	RS2411256	RS10958683	PRUNED_LD	LD		MULTI	10147	1.3E-8	93	0.79
6	26350810	RS34565965	RS41266839	PRUNED_LD	LD		EUR	10148	1.301E-8	3	0.25
7	104942925	RS13238191	RS12705304	PRUNED_LD	LD		MULTI	10149	1.301E-8	141	0.92
2	201146399	RS11687313	RS3769472	PRUNED_LD	LD		EUR	10150	1.302E-8	94	0.28
8	38050852	RS6982519	RS10958683	PRUNED_LD	LD		MULTI	10151	1.302E-8	93	0.58
6	31117188	RS1265114	RS7748141	PRUNED_DISTANCE_FALLBACK	DISTANCE_FALLBACK		NA	10152	1.303E-8	24	
2	79433627	RS13407231	RS17016552	PRUNED_LD	LD		MULTI	10153	1.304E-8	149	0.98
17	44215896	RS568519571	RS560050580	PRUNED_DISTANCE_FALLBACK	DISTANCE_FALLBACK		NA	10154	1.305E-8	111	
6	29736792	RS1737037	RS3131856	PRUNED_LD	LD		EUR	10155	1.305E-8	12	0.2
6	31119380	RS1265111	RS7748141	PRUNED_DISTANCE_FALLBACK	DISTANCE_FALLBACK		NA	10156	1.305E-8	24	
2	201134216	RS6739563	RS3769472	PRUNED_LD	LD		MULTI	10157	1.306E-8	94	0.34
8	38057330	RS7015996	RS10958683	PRUNED_LD	LD		MULTI	10158	1.306E-8	93	0.58
11	130717209	RS73022834	RS7106771	PRUNED_LD	LD		MULTI	10159	1.307E-8	82	0.55
13	56965006	RS9591758	RS9597388	PRUNED_LD	LD		MULTI	10160	1.308E-8	121	0.83
1	98476966	RS9724773	RS4950119	PRUNED_LD	LD		MULTI	10161	1.309E-8	47	1
1	98475913	RS9324381	RS4950119	PRUNED_LD	LD		MULTI	10162	1.311E-8	47	1
6	29735779	RS1737045	RS3131856	PRUNED_LD	LD		EUR	10163	1.311E-8	12	0.2
6	30760389	RS3131053	RS1264353	PRUNED_LD	LD		EUR	10164	1.312E-8	15	0.26
8	38057612	RS7016434	RS10958683	PRUNED_LD	LD		MULTI	10165	1.312E-8	93	0.58
14	72435705	RS12888615	RS714975	PRUNED_LD	LD		MULTI	10166	1.313E-8	138	0.69
6	31118019	RS1265112	RS7748141	PRUNED_DISTANCE_FALLBACK	DISTANCE_FALLBACK		NA	10167	1.313E-8	24	
1	98452069	RS72963738	RS4950119	PRUNED_LD	LD		MULTI	10168	1.314E-8	47	0.9
13	57109834	RS9537431	RS9597388	PRUNED_LD	LD		MULTI	10169	1.314E-8	121	0.58
2	201026183	RS2881594	RS166845	PRUNED_LD	LD		MULTI	10170	1.315E-8	86	0.62
8	38058361	RS10216482	RS10958683	PRUNED_LD	LD		MULTI	10171	1.315E-8	93	0.58
17	43670696	RS531934295	RS382362	PRUNED_DISTANCE_FALLBACK	DISTANCE_FALLBACK		NA	10172	1.316E-8	137	
6	29734696	RS1737050	RS3131856	PRUNED_LD	LD		EUR	10173	1.322E-8	12	0.2
6	31118942	RS2517985	RS7748141	PRUNED_DISTANCE_FALLBACK	DISTANCE_FALLBACK		NA	10174	1.322E-8	24	
6	29733807	RS1737054	RS3131856	PRUNED_LD	LD		EUR	10175	1.324E-8	12	0.21
14	72462017	RS1978225	RS10137909	PRUNED_LD	LD		MULTI	10176	1.326E-8	114	0.98
12	110829036	RS28555214	RS4766428	PRUNED_LD	LD		EUR	10177	1.327E-8	100	0.48
19	11847256	RS57164304	RS57164304	SELECTED_LEAD	LD	OK_LOCAL_CACHE		10178	1.327E-8	162	
8	38060391	RS10099466	RS10958683	PRUNED_LD	LD		MULTI	10179	1.327E-8	93	0.65
8	143332644	RS11996660	RS4129585	PRUNED_LD	LD		MULTI	10180	1.327E-8	127	0.57
6	31112602	RS1265078	RS7748141	PRUNED_DISTANCE_FALLBACK	DISTANCE_FALLBACK		NA	10181	1.33E-8	24	
22	42470608	RS133381	RS5751191	PRUNED_LD	LD		MULTI	10182	1.332E-8	69	0.57
18	53804156	RS1789589	RS715170	PRUNED_LD	LD		MULTI	10183	1.334E-8	147	1
19	19457908	RS2905421	RS2916074	PRUNED_LD	LD		MULTI	10184	1.335E-8	102	0.69
6	29744609	RS558367026	RS547591961	PRUNED_DISTANCE_FALLBACK	DISTANCE_FALLBACK		NA	10185	1.335E-8	13	
6	31110391	RS1576	RS7748141	PRUNED_DISTANCE_FALLBACK	DISTANCE_FALLBACK		NA	10186	1.337E-8	24	
2	201026743	RS11674293	RS166845	PRUNED_LD	LD		MULTI	10187	1.338E-8	86	0.62
10	18715941	RS6482411	RS7071123	PRUNED_LD	LD		MULTI	10188	1.339E-8	77	0.77
18	53770443	RS1789593	RS715170	PRUNED_LD	LD		MULTI	10189	1.339E-8	147	0.93
22	42474138	RS1807494	RS5751191	PRUNED_LD	LD		MULTI	10190	1.339E-8	69	0.57
22	42476754	RS6002592	RS5751191	PRUNED_LD	LD		MULTI	10191	1.341E-8	69	0.57
10	104214267	RS3929747	RS10786701	PRUNED_LD	LD		ASN	10192	1.342E-8	91	0.31
15	85318159	RS11633413	RS11638554	PRUNED_LD	LD		MULTI	10193	1.342E-8	85	0.67
3	52599789	RS6786919	RS13083798	PRUNED_LD	LD		MULTI	10194	1.342E-8	42	0.79
1	98340139	RS17379561	RS4950119	PRUNED_LD	LD		MULTI	10195	1.345E-8	47	0.77
1	98483322	RS9324382	RS4950119	PRUNED_LD	LD		MULTI	10196	1.345E-8	47	1
8	38038710	RS7830233	RS10958683	PRUNED_LD	LD		MULTI	10197	1.347E-8	93	0.56
6	31893944	RS2734335	RS431204	PRUNED_DISTANCE_FALLBACK	DISTANCE_FALLBACK		NA	10198	1.349E-8	14	
6	32006886	RS397515530	RS431204	PRUNED_DISTANCE_FALLBACK	DISTANCE_FALLBACK		NA	10199	1.35E-8	14	
1	98557010	RS1198578	RS4950119	PRUNED_LD	LD		MULTI	10200	1.355E-8	47	0.93
6	31109947	RS2523833	RS7748141	PRUNED_DISTANCE_FALLBACK	DISTANCE_FALLBACK		NA	10201	1.355E-8	24	
1	98541359	RS1198592	RS4950119	PRUNED_LD	LD		MULTI	10202	1.359E-8	47	0.93
2	79426855	RS6721531	RS17016552	PRUNED_LD	LD		MULTI	10203	1.359E-8	149	0.96
10	104595420	RS3781287	RS12219247	PRUNED_LD	LD		MULTI	10204	1.363E-8	54	0.93
8	38077755	RS7821119	RS10958683	PRUNED_LD	LD		MULTI	10205	1.363E-8	93	0.65
22	42339095	RS6002554	RS5751191	PRUNED_LD	LD		ASN	10206	1.364E-8	69	0.71
1	98541309	RS1198593	RS4950119	PRUNED_LD	LD		MULTI	10207	1.365E-8	47	0.93
8	38049622	RS16887258	RS10958683	PRUNED_LD	LD		MULTI	10208	1.365E-8	93	0.58
7	137010589	RS2290268	RS10954580	PRUNED_LD	LD		ASN	10209	1.366E-8	38	0.21
6	31113940	RS746646	RS7748141	PRUNED_DISTANCE_FALLBACK	DISTANCE_FALLBACK		NA	10210	1.367E-8	24	
6	32688839	RS9275738	RS1794282	PRUNED_LD	LD		EUR	10211	1.369E-8	19	0.22
5	45553387	RS1384732	RS4257782	PRUNED_LD	LD		MULTI	10212	1.37E-8	132	0.81
15	85304446	RS34162609	RS11638554	PRUNED_LD	LD		MULTI	10213	1.371E-8	85	0.69
7	104871892	RS10953470	RS12705304	PRUNED_LD	LD		MULTI	10214	1.372E-8	141	0.86
17	44359663	RS36123991	RS560050580	PRUNED_DISTANCE_FALLBACK	DISTANCE_FALLBACK		NA	10215	1.373E-8	111	
7	1908727	RS6949794	RS12154473	PRUNED_LD	LD		MULTI	10216	1.373E-8	51	0.44
2	201087157	RS76112266	RS3769472	PRUNED_LD	LD		EUR	10217	1.378E-8	94	0.32
15	85318065	RS11633377	RS11638554	PRUNED_LD	LD		MULTI	10218	1.381E-8	85	0.68
5	45585723	RS2696018	RS4257782	PRUNED_LD	LD		MULTI	10219	1.382E-8	132	0.79
17	44256296	RS575478168	RS560050580	PRUNED_DISTANCE_FALLBACK	DISTANCE_FALLBACK		NA	10220	1.383E-8	111	
12	123485188	RS883263	RS4460848	PRUNED_LD	LD		EUR	10221	1.386E-8	34	0.59
2	57992112	RS13032423	RS1356545	PRUNED_LD	LD		MULTI	10222	1.388E-8	39	0.52
18	53215739	RS581653	RS9636107	PRUNED_LD	LD		ASN	10223	1.391E-8	101	0.5
12	123473254	RS1463877	RS4460848	PRUNED_LD	LD		EUR	10224	1.392E-8	34	0.59
18	53453353	RS72932579	RS72932579	SELECTED_LEAD	LD	OK_LOCAL_CACHE		10225	1.393E-8	163	
17	44214888	RS575074983	RS560050580	PRUNED_DISTANCE_FALLBACK	DISTANCE_FALLBACK		NA	10226	1.394E-8	111	
14	72464832	RS2010848	RS10137909	PRUNED_LD	LD		MULTI	10227	1.395E-8	114	0.97
6	29734184	RS1737051	RS547591961	PRUNED_DISTANCE_FALLBACK	DISTANCE_FALLBACK		NA	10228	1.395E-8	13	
6	29735225	RS1737048	RS3131856	PRUNED_LD	LD		EUR	10229	1.397E-8	12	0.2
7	2144378	RS3800902	RS12154473	PRUNED_LD	LD		EUR	10230	1.399E-8	51	0.44
6	29735134	RS1612392	RS3131856	PRUNED_LD	LD		EUR	10231	1.4E-8	12	0.2
11	134249349	RS893952	RS7112912	PRUNED_LD	LD		MULTI	10232	1.403E-8	64	0.46
13	56982515	RS9972002	RS9597388	PRUNED_LD	LD		MULTI	10233	1.404E-8	121	0.83
22	42466509	RS133375	RS5751191	PRUNED_LD	LD		MULTI	10234	1.404E-8	69	0.58
1	98537363	RS1198596	RS4950119	PRUNED_LD	LD		MULTI	10235	1.405E-8	47	0.93
1	98457523	RS2391873	RS4950119	PRUNED_LD	LD		MULTI	10236	1.407E-8	47	1
6	32613273	RS9273175	6:32634952_G_T	PRUNED_DISTANCE_FALLBACK	DISTANCE_FALLBACK		NA	10237	1.407E-8	33	
15	61838442	RS4074904	RS35351411	PRUNED_LD	LD		MULTI	10238	1.408E-8	90	0.44
15	91418394	RS8027450	RS6226	PRUNED_LD	LD		EUR	10239	1.409E-8	41	0.2
3	52236762	RS352169	RS2276834	PRUNED_LD	LD		MULTI	10240	1.41E-8	63	0.73
10	18714705	RS1575836	RS7071123	PRUNED_LD	LD		MULTI	10241	1.411E-8	77	0.86
22	42380001	RS5751195	RS5751191	PRUNED_LD	LD		MULTI	10242	1.411E-8	69	0.95
6	32603295	6:32603295_G_C	6:32634952_G_T	PRUNED_DISTANCE_FALLBACK	DISTANCE_FALLBACK		NA	10243	1.411E-8	33	
14	72462609	RS11623548	RS10137909	PRUNED_LD	LD		MULTI	10244	1.412E-8	114	0.97
5	45622496	RS6893773	RS4257782	PRUNED_LD	LD		MULTI	10245	1.412E-8	132	0.91
2	201024512	RS1569178	RS166845	PRUNED_LD	LD		MULTI	10246	1.415E-8	86	0.62
6	29736152	RS1737042	RS547591961	PRUNED_DISTANCE_FALLBACK	DISTANCE_FALLBACK		NA	10247	1.415E-8	13	
14	33302882	RS17522122	RS12883788	PRUNED_LD	LD		MULTI	10248	1.416E-8	109	0.81
15	85257599	RS34900908	RS11638554	PRUNED_LD	LD		MULTI	10249	1.417E-8	85	0.71
11	123394636	RS77502336	RS77502336	SELECTED_LEAD	LD	OK_LOCAL_CACHE		10250	1.42E-8	164	
3	52618018	RS11720243	RS13083798	PRUNED_LD	LD		MULTI	10251	1.421E-8	42	0.87
7	110894778	RS7810543	RS1541472	PRUNED_LD	LD		MULTI	10252	1.421E-8	120	0.73
7	2068630	RS59619245	RS12154473	PRUNED_LD	LD		MULTI	10253	1.423E-8	51	0.58
6	31114182	RS746647	RS7748141	PRUNED_DISTANCE_FALLBACK	DISTANCE_FALLBACK		NA	10254	1.424E-8	24	
13	57088496	RS1341549	RS9597388	PRUNED_LD	LD		MULTI	10255	1.427E-8	121	0.58
6	31237027	RS2394961	RS7748141	PRUNED_DISTANCE_FALLBACK	DISTANCE_FALLBACK		NA	10256	1.43E-8	24	
15	85264461	RS58416181	RS11638554	PRUNED_LD	LD		MULTI	10257	1.433E-8	85	0.7
15	85250253	RS4643294	RS11638554	PRUNED_LD	LD		MULTI	10258	1.434E-8	85	0.73
3	52600999	RS1821879	RS13083798	PRUNED_LD	LD		MULTI	10259	1.436E-8	42	0.77
3	52605005	RS6788887	RS13083798	PRUNED_LD	LD		MULTI	10260	1.436E-8	42	0.79
6	32582435	RS7451962	6:32634952_G_T	PRUNED_DISTANCE_FALLBACK	DISTANCE_FALLBACK		NA	10261	1.436E-8	33	
15	61877355	RS12594873	RS35351411	PRUNED_LD	LD		MULTI	10262	1.437E-8	90	0.93
15	85248133	RS35316992	RS11638554	PRUNED_LD	LD		MULTI	10263	1.438E-8	85	0.73
1	98457303	RS2893376	RS4950119	PRUNED_LD	LD		MULTI	10264	1.441E-8	47	1
5	60774227	RS1374043	RS6879809	PRUNED_LD	LD		MULTI	10265	1.442E-8	158	0.98
14	72461281	RS2283424	RS10137909	PRUNED_LD	LD		MULTI	10266	1.445E-8	114	0.98
6	31112108	RS1265079	RS7748141	PRUNED_DISTANCE_FALLBACK	DISTANCE_FALLBACK		NA	10267	1.445E-8	24	
8	38036165	RS11783967	RS10958683	PRUNED_LD	LD		MULTI	10268	1.445E-8	93	0.57
7	137011403	RS1431095	RS320682	PRUNED_LD	LD		MULTI	10269	1.45E-8	108	0.96
19	19446936	RS769267	RS2916074	PRUNED_LD	LD		MULTI	10270	1.451E-8	102	0.66
15	85258203	RS35524990	RS11638554	PRUNED_LD	LD		MULTI	10271	1.454E-8	85	0.71
15	85307287	RS11633450	RS11638554	PRUNED_LD	LD		MULTI	10272	1.454E-8	85	0.69
22	42341308	RS7293091	RS5751191	PRUNED_LD	LD		ASN	10273	1.454E-8	69	0.71
7	104769415	RS7797912	RS17777642	PRUNED_LD	LD		EUR	10274	1.455E-8	78	0.59
8	38055186	RS4379415	RS10958683	PRUNED_LD	LD		MULTI	10275	1.456E-8	93	0.58
1	98476958	RS9727941	RS4950119	PRUNED_LD	LD		MULTI	10276	1.457E-8	47	1
11	130754723	RS34333162	RS7106771	PRUNED_LD	LD		MULTI	10277	1.457E-8	82	0.66
6	32582332	RS5004276	6:32634952_G_T	PRUNED_DISTANCE_FALLBACK	DISTANCE_FALLBACK		NA	10278	1.457E-8	33	
6	32603936	RS9272309	6:32634952_G_T	PRUNED_DISTANCE_FALLBACK	DISTANCE_FALLBACK		NA	10279	1.458E-8	33	
1	98529378	RS1198583	RS4950119	PRUNED_LD	LD		MULTI	10280	1.46E-8	47	0.93
8	38033989	RS2270376	RS10958683	PRUNED_LD	LD		MULTI	10281	1.46E-8	93	0.57
6	32581778	RS2395223	6:32634952_G_T	PRUNED_DISTANCE_FALLBACK	DISTANCE_FALLBACK		NA	10282	1.464E-8	33	
8	38039940	RS10108757	RS10958683	PRUNED_LD	LD		MULTI	10283	1.466E-8	93	0.57
22	42475703	RS2269524	RS5751191	PRUNED_LD	LD		MULTI	10284	1.468E-8	69	0.57
6	29736995	RS1737036	RS547591961	PRUNED_DISTANCE_FALLBACK	DISTANCE_FALLBACK		NA	10285	1.47E-8	13	
3	52610415	RS7652191	RS13083798	PRUNED_LD	LD		MULTI	10286	1.471E-8	42	0.88
6	32582275	RS2858859	6:32634952_G_T	PRUNED_DISTANCE_FALLBACK	DISTANCE_FALLBACK		NA	10287	1.471E-8	33	
6	30066659	RS1264699	RS547591961	PRUNED_DISTANCE_FALLBACK	DISTANCE_FALLBACK		NA	10288	1.472E-8	13	
6	29736691	RS1737038	RS547591961	PRUNED_DISTANCE_FALLBACK	DISTANCE_FALLBACK		NA	10289	1.474E-8	13	
6	32581221	RS9271286	6:32634952_G_T	PRUNED_DISTANCE_FALLBACK	DISTANCE_FALLBACK		NA	10290	1.474E-8	33	
7	104917682	RS7801804	RS12705304	PRUNED_LD	LD		MULTI	10291	1.474E-8	141	0.87
3	52605136	RS6788993	RS13083798	PRUNED_LD	LD		MULTI	10292	1.475E-8	42	0.79
6	30066631	RS1264700	RS547591961	PRUNED_DISTANCE_FALLBACK	DISTANCE_FALLBACK		NA	10293	1.475E-8	13	
8	38049136	RS61076607	RS10958683	PRUNED_LD	LD		MULTI	10294	1.475E-8	93	0.58
10	3820787	RS1043003	RS17731	PRUNED_LD	LD		MULTI	10295	1.476E-8	157	0.98
15	85302373	RS12899981	RS11638554	PRUNED_LD	LD		MULTI	10296	1.478E-8	85	0.69
3	52611413	RS11718420	RS13083798	PRUNED_LD	LD		MULTI	10297	1.479E-8	42	0.87
3	136087012	RS619605	RS1394094	PRUNED_LD	LD		MULTI	10298	1.48E-8	50	0.53
15	85298662	RS12910012	RS11638554	PRUNED_LD	LD		MULTI	10299	1.486E-8	85	0.69
7	1958672	RS12536062	RS12154473	PRUNED_LD	LD		MULTI	10300	1.486E-8	51	0.56
1	183302605	RS677475	RS549337	PRUNED_LD	LD		MULTI	10301	1.49E-8	135	1
7	1975624	RS12699483	RS12154473	PRUNED_LD	LD		MULTI	10302	1.49E-8	51	0.59
10	104657300	RS12219346	RS11191580	PRUNED_LD	LD		ASN	10303	1.492E-8	48	0.32
17	43933307	RS7221167	RS62057151	PRUNED_LD	LD		EUR	10304	1.494E-8	96	0.33
6	32581982	RS521512	6:32634952_G_T	PRUNED_DISTANCE_FALLBACK	DISTANCE_FALLBACK		NA	10305	1.494E-8	33	
3	52615227	RS4687629	RS13083798	PRUNED_LD	LD		MULTI	10306	1.495E-8	42	0.89
13	57107912	RS9563410	RS9597388	PRUNED_LD	LD		MULTI	10307	1.497E-8	121	0.58
5	60786880	RS7732234	RS6879809	PRUNED_LD	LD		MULTI	10308	1.497E-8	158	0.98
10	18716145	RS10741058	RS7071123	PRUNED_LD	LD		MULTI	10309	1.499E-8	77	1
19	19431423	RS3934667	RS2916074	PRUNED_LD	LD		MULTI	10310	1.5E-8	102	0.53
8	38055762	RS10156283	RS10958683	PRUNED_LD	LD		MULTI	10311	1.502E-8	93	0.59
13	57108870	RS4885978	RS9597388	PRUNED_LD	LD		MULTI	10312	1.508E-8	121	0.58
15	61854506	RS12903705	RS35351411	PRUNED_LD	LD		MULTI	10313	1.508E-8	90	0.93
8	38047066	RS12674975	RS10958683	PRUNED_LD	LD		MULTI	10314	1.508E-8	93	0.58
3	52617802	RS11720159	RS13083798	PRUNED_LD	LD		MULTI	10315	1.509E-8	42	0.88
22	42466980	RS2859438	RS5751191	PRUNED_LD	LD		MULTI	10316	1.512E-8	69	0.58
7	110928777	RS12705760	RS1541472	PRUNED_LD	LD		MULTI	10317	1.513E-8	120	0.94
6	32581754	RS2894275	6:32634952_G_T	PRUNED_DISTANCE_FALLBACK	DISTANCE_FALLBACK		NA	10318	1.514E-8	33	
18	77688830	RS12455965	RS55858161	PRUNED_LD	LD		EUR	10319	1.517E-8	87	0.24
6	29926192	RS2735086	RS547591961	PRUNED_DISTANCE_FALLBACK	DISTANCE_FALLBACK		NA	10320	1.517E-8	13	
7	2083664	RS60137119	RS12154473	PRUNED_LD	LD		MULTI	10321	1.517E-8	51	0.58
15	85256159	RS62021219	RS11638554	PRUNED_LD	LD		MULTI	10322	1.519E-8	85	0.71
22	42340582	RS1023499	RS5751191	PRUNED_LD	LD		ASN	10323	1.521E-8	69	0.71
6	31946837	RS386480	RS431204	PRUNED_DISTANCE_FALLBACK	DISTANCE_FALLBACK		NA	10324	1.522E-8	14	
10	104656015	RS7896290	RS12219247	PRUNED_LD	LD		MULTI	10325	1.523E-8	54	0.52
11	46702691	RS4319473	RS7108770	PRUNED_LD	LD		MULTI	10326	1.523E-8	65	0.83
13	57090344	RS10507611	RS9597388	PRUNED_LD	LD		MULTI	10327	1.526E-8	121	0.58
22	42470589	RS4822088	RS5751191	PRUNED_LD	LD		MULTI	10328	1.527E-8	69	0.56
6	31047620	RS3132564	RS7748141	PRUNED_DISTANCE_FALLBACK	DISTANCE_FALLBACK		NA	10329	1.527E-8	24	
8	38051471	RS7815101	RS10958683	PRUNED_LD	LD		MULTI	10330	1.529E-8	93	0.57
15	85270275	RS12916867	RS11638554	PRUNED_LD	LD		MULTI	10331	1.53E-8	85	0.69
18	53774879	RS1792707	RS715170	PRUNED_LD	LD		MULTI	10332	1.532E-8	147	0.93
8	38049006	RS58320990	RS10958683	PRUNED_LD	LD		MULTI	10333	1.532E-8	93	0.58
3	52606366	RS7625743	RS13083798	PRUNED_LD	LD		MULTI	10334	1.534E-8	42	0.88
3	181188505	RS11711948	RS112011743	PRUNED_DISTANCE_FALLBACK	DISTANCE_FALLBACK		NA	10335	1.535E-8	81	
22	42467695	RS133378	RS5751191	PRUNED_LD	LD		MULTI	10336	1.537E-8	69	0.57
13	57088274	RS1341547	RS9597388	PRUNED_LD	LD		MULTI	10337	1.538E-8	121	0.58
22	42504918	RS8141702	RS5751191	PRUNED_LD	LD		MULTI	10338	1.538E-8	69	0.53
3	52605943	RS4687546	RS13083798	PRUNED_LD	LD		MULTI	10339	1.539E-8	42	0.88
6	30766211	RS1264375	RS1264353	PRUNED_LD	LD		EUR	10340	1.539E-8	15	0.26
11	130718967	RS61467764	RS7106771	PRUNED_LD	LD		MULTI	10341	1.547E-8	82	0.55
22	42477650	RS2071711	RS5751191	PRUNED_LD	LD		MULTI	10342	1.547E-8	69	0.57
6	30066097	RS916569	RS547591961	PRUNED_DISTANCE_FALLBACK	DISTANCE_FALLBACK		NA	10343	1.547E-8	13	
22	42465260	RS133370	RS5751191	PRUNED_LD	LD		MULTI	10344	1.549E-8	69	0.58
3	52602274	RS13063160	RS13083798	PRUNED_LD	LD		MULTI	10345	1.549E-8	42	0.79
6	32581253	RS9271287	6:32634952_G_T	PRUNED_DISTANCE_FALLBACK	DISTANCE_FALLBACK		NA	10346	1.55E-8	33	
6	32431922	RS9268892	RS431204	PRUNED_DISTANCE_FALLBACK	DISTANCE_FALLBACK		NA	10347	1.551E-8	14	
3	52619836	RS12629701	RS13083798	PRUNED_LD	LD		MULTI	10348	1.552E-8	42	0.89
13	57108151	RS4491395	RS9597388	PRUNED_LD	LD		MULTI	10349	1.553E-8	121	0.54
3	52606292	RS11714565	RS13083798	PRUNED_LD	LD		MULTI	10350	1.553E-8	42	0.88
1	98521585	RS2660301	RS4950119	PRUNED_LD	LD		MULTI	10351	1.555E-8	47	0.93
1	98532403	RS1198579	RS4950119	PRUNED_LD	LD		MULTI	10352	1.557E-8	47	0.93
15	85294469	RS62019464	RS11638554	PRUNED_LD	LD		MULTI	10353	1.559E-8	85	0.69
15	85295927	RS11637142	RS11638554	PRUNED_LD	LD		MULTI	10354	1.56E-8	85	0.69
10	104655515	RS4363528	RS12219247	PRUNED_LD	LD		MULTI	10355	1.561E-8	54	0.52
2	233551530	RS7588513	RS2293780	PRUNED_LD	LD		EUR	10356	1.562E-8	43	0.32
14	99729963	RS941519	RS2664308	PRUNED_LD	LD		MULTI	10357	1.563E-8	150	0.98
22	42493902	RS5996111	RS5751191	PRUNED_LD	LD		MULTI	10358	1.566E-8	69	0.55
14	72424912	RS2238281	RS714975	PRUNED_LD	LD		MULTI	10359	1.567E-8	138	1
8	38034284	RS55962869	RS10958683	PRUNED_LD	LD		MULTI	10360	1.567E-8	93	0.57
11	124612932	RS12293670	RS12293670	SELECTED_LEAD	LD	OK_LOCAL_CACHE		10361	1.569E-8	165	
22	42506081	RS5996113	RS5751191	PRUNED_LD	LD		MULTI	10362	1.569E-8	69	0.53
8	143394915	RS13267784	RS4129585	PRUNED_LD	LD		MULTI	10363	1.572E-8	127	0.36
7	110950216	RS12670206	RS1541472	PRUNED_LD	LD		MULTI	10364	1.573E-8	120	0.95
12	123700476	RS1727320	RS4460848	PRUNED_LD	LD		EUR	10365	1.574E-8	34	0.84
13	57106685	RS9537429	RS9597388	PRUNED_LD	LD		MULTI	10366	1.574E-8	121	0.58
13	57107491	RS9569483	RS9597388	PRUNED_LD	LD		MULTI	10367	1.574E-8	121	0.58
2	58063748	RS1520965	RS1356545	PRUNED_LD	LD		MULTI	10368	1.576E-8	39	0.75
13	57108109	RS12585303	RS9597388	PRUNED_LD	LD		MULTI	10369	1.578E-8	121	0.58
2	58275666	RS986512	RS1356545	PRUNED_LD	LD		MULTI	10370	1.578E-8	39	0.61
3	52609362	RS6805156	RS13083798	PRUNED_LD	LD		MULTI	10371	1.581E-8	42	0.88
3	52604861	RS6786043	RS13083798	PRUNED_LD	LD		MULTI	10372	1.582E-8	42	0.76
13	57102432	RS1341535	RS9597388	PRUNED_LD	LD		MULTI	10373	1.585E-8	121	0.58
5	45596358	RS755048	RS4257782	PRUNED_LD	LD		MULTI	10374	1.587E-8	132	0.87
15	58963920	RS8032140	RS793571	PRUNED_LD	LD		EUR	10375	1.588E-8	52	0.31
8	38063235	RS7836805	RS10958683	PRUNED_LD	LD		MULTI	10376	1.589E-8	93	0.62
6	29735104	RS1737049	RS547591961	PRUNED_DISTANCE_FALLBACK	DISTANCE_FALLBACK		NA	10377	1.59E-8	13	
13	57102398	RS1341536	RS9597388	PRUNED_LD	LD		MULTI	10378	1.591E-8	121	0.58
12	57569478	RS12814239	RS61937595	PRUNED_LD	LD		EUR	10379	1.594E-8	46	0.41
15	61843580	RS4775414	RS35351411	PRUNED_LD	LD		MULTI	10380	1.594E-8	90	0.46
15	85231585	RS34028043	RS11638554	PRUNED_LD	LD		MULTI	10381	1.594E-8	85	0.78
2	58074053	RS2204019	RS1356545	PRUNED_LD	LD		MULTI	10382	1.595E-8	39	0.71
13	57105036	RS9537425	RS9597388	PRUNED_LD	LD		MULTI	10383	1.596E-8	121	0.58
3	52603352	RS10433550	RS13083798	PRUNED_LD	LD		MULTI	10384	1.596E-8	42	0.42
22	42492063	RS7292241	RS5751191	PRUNED_LD	LD		MULTI	10385	1.597E-8	69	0.55
13	57102112	RS9537423	RS9597388	PRUNED_LD	LD		MULTI	10386	1.598E-8	121	0.58
19	19394396	RS10407952	RS2916074	PRUNED_LD	LD		MULTI	10387	1.601E-8	102	0.65
6	31839494	RS3132442	RS431204	PRUNED_DISTANCE_FALLBACK	DISTANCE_FALLBACK		NA	10388	1.601E-8	14	
15	85311382	RS35758837	RS11638554	PRUNED_LD	LD		MULTI	10389	1.603E-8	85	0.69
8	17070926	RS4921741	RS2904684	PRUNED_LD	LD		MULTI	10390	1.603E-8	113	0.94
15	61849261	RS4774406	RS35351411	PRUNED_LD	LD		MULTI	10391	1.604E-8	90	0.75
6	26955750	RS9368480	RS13215879	PRUNED_DISTANCE_FALLBACK	DISTANCE_FALLBACK		NA	10392	1.605E-8	22	
6	30068724	RS1264694	RS547591961	PRUNED_DISTANCE_FALLBACK	DISTANCE_FALLBACK		NA	10393	1.605E-8	13	
3	52604180	RS9758945	RS13083798	PRUNED_LD	LD		MULTI	10394	1.606E-8	42	0.75
19	19401218	RS4808938	RS2916074	PRUNED_LD	LD		MULTI	10395	1.612E-8	102	0.66
3	52800731	RS4687650	RS13083798	PRUNED_LD	LD		MULTI	10396	1.612E-8	42	0.75
10	104653473	RS12782585	RS12219247	PRUNED_LD	LD		MULTI	10397	1.614E-8	54	0.53
2	201143409	RS11688415	RS3769472	PRUNED_LD	LD		EUR	10398	1.614E-8	94	0.27
5	45634000	RS6451810	RS4257782	PRUNED_LD	LD		MULTI	10399	1.617E-8	132	0.9
6	30067892	RS1264695	RS547591961	PRUNED_DISTANCE_FALLBACK	DISTANCE_FALLBACK		NA	10400	1.617E-8	13	
7	2067593	RS11764212	RS12154473	PRUNED_LD	LD		MULTI	10401	1.617E-8	51	0.58
10	104652495	RS10883793	RS12219247	PRUNED_LD	LD		MULTI	10402	1.622E-8	54	0.52
3	52618941	RS7614498	RS13083798	PRUNED_LD	LD		MULTI	10403	1.622E-8	42	0.88
10	104654577	RS10883795	RS12219247	PRUNED_LD	LD		MULTI	10404	1.624E-8	54	0.52
6	29737595	RS1737029	RS547591961	PRUNED_DISTANCE_FALLBACK	DISTANCE_FALLBACK		NA	10405	1.624E-8	13	
8	38063246	RS11779210	RS10958683	PRUNED_LD	LD		MULTI	10406	1.624E-8	93	0.63
10	104570118	RS4919680	RS4919680	SELECTED_LEAD	LD	OK		10407	1.625E-8	166	
11	109328421	RS10890996	RS10890995	PRUNED_LD	LD		MULTI	10408	1.625E-8	153	1
22	42492362	RS6002603	RS5751191	PRUNED_LD	LD		MULTI	10409	1.626E-8	69	0.55
6	32432575	RS9268917	RS431204	PRUNED_DISTANCE_FALLBACK	DISTANCE_FALLBACK		NA	10410	1.626E-8	14	
3	63903759	RS6798742	RS6798742	SELECTED_LEAD	LD	OK_LOCAL_CACHE		10411	1.627E-8	167	
5	152331031	RS72804801	RS17488630	PRUNED_LD	LD		MULTI	10412	1.627E-8	112	0.77
19	19395967	RS6511028	RS2916074	PRUNED_LD	LD		MULTI	10413	1.633E-8	102	0.66
13	57103185	RS7139663	RS9597388	PRUNED_LD	LD		MULTI	10414	1.636E-8	121	0.58
6	32581350	RS9271292	6:32634952_G_T	PRUNED_DISTANCE_FALLBACK	DISTANCE_FALLBACK		NA	10415	1.637E-8	33	
19	19404786	RS7254927	RS2916074	PRUNED_LD	LD		MULTI	10416	1.638E-8	102	0.66
11	124613957	RS55661361	RS12293670	PRUNED_LD	LD		MULTI	10417	1.64E-8	165	1
19	19403410	RS10409234	RS2916074	PRUNED_LD	LD		MULTI	10418	1.64E-8	102	0.66
22	42465574	RS133371	RS5751191	PRUNED_LD	LD		MULTI	10419	1.64E-8	69	0.61
6	32574305	RS616187	6:32634952_G_T	PRUNED_DISTANCE_FALLBACK	DISTANCE_FALLBACK		NA	10420	1.64E-8	33	
8	38065983	RS11777969	RS10958683	PRUNED_LD	LD		MULTI	10421	1.641E-8	93	0.63
13	57106965	RS9591767	RS9597388	PRUNED_LD	LD		MULTI	10422	1.642E-8	121	0.75
6	31327895	RS2523583	RS7748141	PRUNED_DISTANCE_FALLBACK	DISTANCE_FALLBACK		NA	10423	1.642E-8	24	
6	29737481	RS1737031	RS547591961	PRUNED_DISTANCE_FALLBACK	DISTANCE_FALLBACK		NA	10424	1.645E-8	13	
6	32394913	RS732162	RS431204	PRUNED_DISTANCE_FALLBACK	DISTANCE_FALLBACK		NA	10425	1.646E-8	14	
20	37361944	RS2246672	RS6124079	PRUNED_LD	LD		MULTI	10426	1.647E-8	89	0.41
15	85231906	RS34784022	RS11638554	PRUNED_LD	LD		MULTI	10427	1.648E-8	85	0.78
22	42465941	RS133374	RS5751191	PRUNED_LD	LD		MULTI	10428	1.648E-8	69	0.58
7	1909865	RS71523265	RS12154473	PRUNED_LD	LD		MULTI	10429	1.65E-8	51	0.45
15	78934551	RS3813567	RS3813567	SELECTED_LEAD	LD	OK_LOCAL_CACHE		10430	1.652E-8	168	
19	19397479	RS7254748	RS2916074	PRUNED_LD	LD		MULTI	10431	1.654E-8	102	0.66
19	19429975	RS12977937	RS2916074	PRUNED_LD	LD		MULTI	10432	1.654E-8	102	0.67
13	57105260	RS9537426	RS9597388	PRUNED_LD	LD		MULTI	10433	1.659E-8	121	0.6
3	181245320	RS35746395	RS112011743	PRUNED_DISTANCE_FALLBACK	DISTANCE_FALLBACK		NA	10434	1.66E-8	81	
7	110949566	RS6962665	RS1541472	PRUNED_LD	LD		MULTI	10435	1.661E-8	120	0.92
15	85227636	RS11638290	RS11638554	PRUNED_LD	LD		MULTI	10436	1.662E-8	85	0.76
3	52233861	RS181274	RS2276834	PRUNED_LD	LD		MULTI	10437	1.662E-8	63	0.74
6	32592582	RS9271657	6:32634952_G_T	PRUNED_DISTANCE_FALLBACK	DISTANCE_FALLBACK		NA	10438	1.663E-8	33	
8	130894370	RS298607	RS298607	SELECTED_LEAD	LD	OK_LOCAL_CACHE		10439	1.664E-8	169	
13	57103403	RS9537424	RS9597388	PRUNED_LD	LD		MULTI	10440	1.67E-8	121	0.58
19	19398005	RS4808937	RS2916074	PRUNED_LD	LD		MULTI	10441	1.67E-8	102	0.66
22	42511002	RS6002621	RS5751191	PRUNED_LD	LD		MULTI	10442	1.672E-8	69	0.53
15	85319692	RS36033486	RS11638554	PRUNED_LD	LD		MULTI	10443	1.673E-8	85	0.68
15	85268036	RS62021226	RS11638554	PRUNED_LD	LD		MULTI	10444	1.674E-8	85	0.7
22	42493098	RS5996109	RS5751191	PRUNED_LD	LD		MULTI	10445	1.675E-8	69	0.55
8	38037803	RS11774769	RS10958683	PRUNED_LD	LD		MULTI	10446	1.675E-8	93	0.56
11	130723677	RS73022854	RS7106771	PRUNED_LD	LD		MULTI	10447	1.676E-8	82	0.57
11	130839547	RS61909201	RS961491	PRUNED_LD	LD		MULTI	10448	1.677E-8	44	0.65
8	38056571	RS28864534	RS10958683	PRUNED_LD	LD		MULTI	10449	1.679E-8	93	0.58
6	31229552	RS2844626	RS7748141	PRUNED_DISTANCE_FALLBACK	DISTANCE_FALLBACK		NA	10450	1.681E-8	24	
8	38047599	RS74302881	RS10958683	PRUNED_LD	LD		MULTI	10451	1.682E-8	93	0.58
13	57105163	RS9527533	RS9597388	PRUNED_LD	LD		MULTI	10452	1.685E-8	121	0.58
13	57000979	RS9597408	RS9597388	PRUNED_LD	LD		MULTI	10453	1.693E-8	121	0.87
19	19405405	RS2023882	RS2916074	PRUNED_LD	LD		MULTI	10454	1.693E-8	102	0.66
6	32392591	RS2157333	RS431204	PRUNED_DISTANCE_FALLBACK	DISTANCE_FALLBACK		NA	10455	1.694E-8	14	
8	38037581	RS55928150	RS10958683	PRUNED_LD	LD		MULTI	10456	1.696E-8	93	0.57
2	201234216	RS3856513	RS3769472	PRUNED_LD	LD		MULTI	10457	1.701E-8	94	0.64
8	38054441	RS113407804	RS10958683	PRUNED_LD	LD		MULTI	10458	1.701E-8	93	0.57
13	57000395	RS9597407	RS9597388	PRUNED_LD	LD		MULTI	10459	1.702E-8	121	0.87
6	31947460	RS389883	RS431204	PRUNED_DISTANCE_FALLBACK	DISTANCE_FALLBACK		NA	10460	1.702E-8	14	
11	130732100	RS7936858	RS7106771	PRUNED_LD	LD		MULTI	10461	1.703E-8	82	0.62
13	57010856	RS9597410	RS9597388	PRUNED_LD	LD		MULTI	10462	1.703E-8	121	0.87
15	59000957	RS347117	RS793571	PRUNED_LD	LD		EUR	10463	1.703E-8	52	0.39
19	19420581	RS4808942	RS2916074	PRUNED_LD	LD		MULTI	10464	1.703E-8	102	0.65
15	85143277	RS11631921	RS11638554	PRUNED_LD	LD		MULTI	10465	1.705E-8	85	0.97
7	110901229	RS2109299	RS1541472	PRUNED_LD	LD		MULTI	10466	1.705E-8	120	0.73
6	32582672	RS9271331	6:32634952_G_T	PRUNED_DISTANCE_FALLBACK	DISTANCE_FALLBACK		NA	10467	1.706E-8	33	
22	42493081	RS6002604	RS5751191	PRUNED_LD	LD		MULTI	10468	1.71E-8	69	0.55
18	53207325	RS1319637	RS9636107	PRUNED_LD	LD		ASN	10469	1.711E-8	101	0.5
15	85240403	RS12908699	RS11638554	PRUNED_LD	LD		MULTI	10470	1.713E-8	85	0.75
13	56968151	RS2784017	RS9597388	PRUNED_LD	LD		MULTI	10471	1.715E-8	121	0.92
15	85280792	RS60957376	RS11638554	PRUNED_LD	LD		MULTI	10472	1.716E-8	85	0.69
22	42471774	RS133382	RS5751191	PRUNED_LD	LD		MULTI	10473	1.716E-8	69	0.57
13	56998818	RS9597406	RS9597388	PRUNED_LD	LD		MULTI	10474	1.718E-8	121	0.87
5	45556378	RS11741075	RS4257782	PRUNED_LD	LD		MULTI	10475	1.722E-8	132	0.83
22	42500483	RS28791586	RS5751191	PRUNED_LD	LD		MULTI	10476	1.723E-8	69	0.53
22	42492225	RS6002602	RS5751191	PRUNED_LD	LD		MULTI	10477	1.724E-8	69	0.55
19	19454828	RS2965193	RS2916074	PRUNED_LD	LD		MULTI	10478	1.725E-8	102	0.68
3	52619792	RS12629699	RS13083798	PRUNED_LD	LD		MULTI	10479	1.726E-8	42	0.86
11	130718214	RS35274053	RS7106771	PRUNED_LD	LD		MULTI	10480	1.728E-8	82	0.55
13	57083688	RS2000156	RS9597388	PRUNED_LD	LD		MULTI	10481	1.729E-8	121	0.58
13	57105309	RS9527534	RS9597388	PRUNED_LD	LD		MULTI	10482	1.729E-8	121	0.58
22	42500745	RS2839708	RS5751191	PRUNED_LD	LD		MULTI	10483	1.734E-8	69	0.53
3	136328268	RS1471741	RS1394094	PRUNED_LD	LD		MULTI	10484	1.735E-8	50	0.34
14	72462694	RS11623588	RS10137909	PRUNED_LD	LD		MULTI	10485	1.736E-8	114	0.97
10	104649729	RS7100709	RS12219247	PRUNED_LD	LD		MULTI	10486	1.737E-8	54	0.45
22	42493767	RS5996110	RS5751191	PRUNED_LD	LD		MULTI	10487	1.737E-8	69	0.55
6	32155581	RS204993	RS2071278	PRUNED_LD	LD		EUR	10488	1.737E-8	10	0.26
13	56998667	RS9597405	RS9597388	PRUNED_LD	LD		MULTI	10489	1.739E-8	121	0.87
19	19416045	RS1010207	RS2916074	PRUNED_LD	LD		MULTI	10490	1.739E-8	102	0.65
6	31106268	RS3130573	RS7748141	PRUNED_DISTANCE_FALLBACK	DISTANCE_FALLBACK		NA	10491	1.74E-8	24	
8	38035100	RS3824288	RS10958683	PRUNED_LD	LD		MULTI	10492	1.742E-8	93	0.57
6	31289401	RS9265175	RS7748141	PRUNED_DISTANCE_FALLBACK	DISTANCE_FALLBACK		NA	10493	1.745E-8	24	
6	31318630	RS9266043	RS7748141	PRUNED_DISTANCE_FALLBACK	DISTANCE_FALLBACK		NA	10494	1.746E-8	24	
3	52536514	RS731831	RS13083798	PRUNED_LD	LD		MULTI	10495	1.749E-8	42	0.58
15	85288087	RS62019463	RS11638554	PRUNED_LD	LD		MULTI	10496	1.754E-8	85	0.69
3	136036986	RS664088	RS1394094	PRUNED_LD	LD		MULTI	10497	1.756E-8	50	0.51
3	180687597	RS13076860	RS112011743	PRUNED_DISTANCE_FALLBACK	DISTANCE_FALLBACK		NA	10498	1.757E-8	81	
18	53215142	RS12963873	RS9636107	PRUNED_LD	LD		ASN	10499	1.76E-8	101	0.5
19	19413947	RS2301786	RS2916074	PRUNED_LD	LD		MULTI	10500	1.76E-8	102	0.66
4	103112470	RS6855246	RS35518360	PRUNED_LD	LD		EUR	10501	1.76E-8	84	0.55
10	104647849	RS12768205	RS12219247	PRUNED_LD	LD		MULTI	10502	1.761E-8	54	0.55
6	31839756	RS3130481	RS431204	PRUNED_DISTANCE_FALLBACK	DISTANCE_FALLBACK		NA	10503	1.763E-8	14	
6	31219803	6:31219803_G_A	RS7748141	PRUNED_DISTANCE_FALLBACK	DISTANCE_FALLBACK		NA	10504	1.765E-8	24	
13	57007286	RS9591762	RS9597388	PRUNED_LD	LD		MULTI	10505	1.766E-8	121	0.87
2	201227060	RS1369841	RS3769472	PRUNED_LD	LD		MULTI	10506	1.766E-8	94	0.64
13	57086968	RS8001565	RS9597388	PRUNED_LD	LD		MULTI	10507	1.767E-8	121	0.57
3	180687598	RS13076861	RS12152501	PRUNED_LD	LD		MULTI	10508	1.771E-8	72	0.56
15	85285536	RS17599989	RS11638554	PRUNED_LD	LD		MULTI	10509	1.773E-8	85	0.69
6	31319176	6:31319176_G_T	RS7748141	PRUNED_DISTANCE_FALLBACK	DISTANCE_FALLBACK		NA	10510	1.775E-8	24	
2	201070971	RS149828043	RS166845	PRUNED_LD	LD		MULTI	10511	1.777E-8	86	0.58
6	32608524	RS9272648	6:32634952_G_T	PRUNED_DISTANCE_FALLBACK	DISTANCE_FALLBACK		NA	10512	1.777E-8	33	
22	42417687	RS133340	RS5751191	PRUNED_LD	LD		MULTI	10513	1.778E-8	69	0.84
22	42492863	RS73421049	RS5751191	PRUNED_LD	LD		MULTI	10514	1.778E-8	69	0.55
19	19413381	RS2315022	RS2916074	PRUNED_LD	LD		MULTI	10515	1.78E-8	102	0.66
22	42496979	RS6002610	RS5751191	PRUNED_LD	LD		MULTI	10516	1.78E-8	69	0.55
10	104659682	RS10883797	RS11191580	PRUNED_LD	LD		ASN	10517	1.782E-8	48	0.32
10	104660068	RS10786722	RS11191580	PRUNED_LD	LD		ASN	10518	1.782E-8	48	0.33
7	104935801	RS9649275	RS12705304	PRUNED_LD	LD		MULTI	10519	1.783E-8	141	0.94
22	42511550	RS2839710	RS5751191	PRUNED_LD	LD		MULTI	10520	1.785E-8	69	0.48
2	201230076	RS6743157	RS3769472	PRUNED_LD	LD		MULTI	10521	1.788E-8	94	0.64
12	123862813	RS34032470	RS4460848	PRUNED_LD	LD		MULTI	10522	1.79E-8	34	0.34
22	42510983	RS5996115	RS5751191	PRUNED_LD	LD		MULTI	10523	1.793E-8	69	0.53
6	27159570	RS858977	RS13215879	PRUNED_DISTANCE_FALLBACK	DISTANCE_FALLBACK		NA	10524	1.794E-8	22	
2	201068915	RS143911669	RS166845	PRUNED_LD	LD		MULTI	10525	1.796E-8	86	0.58
2	201071288	RS11685663	RS11685663	SELECTED_LEAD	DISTANCE_FALLBACK	NO_LD_RESPONSE		10526	1.796E-8	170	
18	77674634	RS12454454	RS55858161	PRUNED_LD	LD		MULTI	10527	1.797E-8	87	0.41
10	104663310	RS10883799	RS11191580	PRUNED_LD	LD		ASN	10528	1.798E-8	48	0.33
13	57084097	RS1954432	RS9597388	PRUNED_LD	LD		MULTI	10529	1.799E-8	121	0.58
13	57101737	RS1341538	RS9597388	PRUNED_LD	LD		MULTI	10530	1.799E-8	121	0.58
8	143315772	RS4976981	RS4129585	PRUNED_LD	LD		MULTI	10531	1.8E-8	127	0.57
15	59022615	RS442495	RS793571	PRUNED_LD	LD		EUR	10532	1.801E-8	52	0.43
18	77677315	RS12456484	RS55858161	PRUNED_LD	LD		MULTI	10533	1.801E-8	87	0.42
10	104661484	RS1046778	RS11191580	PRUNED_LD	LD		ASN	10534	1.802E-8	48	0.33
10	104659018	RS7909591	RS11191580	PRUNED_LD	LD		ASN	10535	1.803E-8	48	0.28
10	104658992	RS7909286	RS11191580	PRUNED_LD	LD		ASN	10536	1.804E-8	48	0.31
11	133764666	RS329647	RS688500	PRUNED_LD	LD		EUR	10537	1.804E-8	130	0.25
2	201071395	RS12621336	RS166845	PRUNED_LD	LD		MULTI	10538	1.805E-8	86	0.57
14	72408767	RS35479711	RS10137909	PRUNED_LD	LD		ASN	10539	1.806E-8	114	0.25
1	183292291	RS12046401	RS549337	PRUNED_LD	LD		MULTI	10540	1.808E-8	135	1
13	56989456	RS2803489	RS9597388	PRUNED_LD	LD		MULTI	10541	1.808E-8	121	0.87
6	31936668	RS410851	RS431204	PRUNED_DISTANCE_FALLBACK	DISTANCE_FALLBACK		NA	10542	1.808E-8	14	
17	43778680	RS17688916	RS62057151	PRUNED_LD	LD		EUR	10543	1.809E-8	96	0.73
15	85319258	RS17600551	RS11638554	PRUNED_LD	LD		MULTI	10544	1.81E-8	85	0.68
8	38035959	RS12681876	RS10958683	PRUNED_LD	LD		MULTI	10545	1.81E-8	93	0.57
14	99731731	RS34611983	RS2664308	PRUNED_LD	LD		EUR	10546	1.812E-8	150	0.43
10	104662118	RS11191459	RS11191580	PRUNED_LD	LD		ASN	10547	1.814E-8	48	0.33
22	42470317	RS13057094	RS5751191	PRUNED_LD	LD		MULTI	10548	1.814E-8	69	0.57
3	52230475	RS104903	RS2276834	PRUNED_LD	LD		MULTI	10549	1.814E-8	63	0.74
7	2159817	RS3778978	RS12154473	PRUNED_LD	LD		EUR	10550	1.814E-8	51	0.45
6	29735289	RS1737047	RS547591961	PRUNED_DISTANCE_FALLBACK	DISTANCE_FALLBACK		NA	10551	1.816E-8	13	
13	57083502	RS2000155	RS9597388	PRUNED_LD	LD		MULTI	10552	1.819E-8	121	0.58
22	42501802	RS6002614	RS5751191	PRUNED_LD	LD		MULTI	10553	1.819E-8	69	0.53
22	42375761	RS5758527	RS5751191	PRUNED_LD	LD		MULTI	10554	1.82E-8	69	0.97
6	30760886	RS9262201	RS1264353	PRUNED_LD	LD		EUR	10555	1.82E-8	15	0.3
13	57081372	RS7333297	RS9597388	PRUNED_LD	LD		MULTI	10556	1.821E-8	121	0.58
13	57088855	RS9537418	RS9597388	PRUNED_LD	LD		MULTI	10557	1.822E-8	121	0.58
6	30732054	RS3129975	RS1264353	PRUNED_LD	LD		EUR	10558	1.822E-8	15	0.32
2	201242293	RS3754797	RS3769472	PRUNED_LD	LD		MULTI	10559	1.824E-8	94	0.62
22	42491734	RS8138500	RS5751191	PRUNED_LD	LD		MULTI	10560	1.824E-8	69	0.55
10	104662673	RS7912578	RS11191580	PRUNED_LD	LD		ASN	10561	1.826E-8	48	0.33
22	42484466	RS6002596	RS5751191	PRUNED_LD	LD		MULTI	10562	1.827E-8	69	0.54
10	104662458	RS7897654	RS11191580	PRUNED_LD	LD		ASN	10563	1.828E-8	48	0.32
15	58972995	RS11854073	RS793571	PRUNED_LD	LD		EUR	10564	1.833E-8	52	0.3
7	137061472	RS1669022	RS10954580	PRUNED_LD	LD		MULTI	10565	1.834E-8	38	0.39
13	57105377	RS9537427	RS9597388	PRUNED_LD	LD		MULTI	10566	1.837E-8	121	0.57
6	32574190	RS615698	6:32634952_G_T	PRUNED_DISTANCE_FALLBACK	DISTANCE_FALLBACK		NA	10567	1.838E-8	33	
8	38058640	RS55885015	RS10958683	PRUNED_LD	LD		MULTI	10568	1.84E-8	93	0.58
6	30731633	RS3094119	RS1264353	PRUNED_LD	LD		EUR	10569	1.841E-8	15	0.32
1	73958086	RS1021756	RS1160682	PRUNED_LD	LD		MULTI	10570	1.842E-8	53	0.64
2	200043559	RS11683244	RS1451488	PRUNED_LD	LD		MULTI	10571	1.842E-8	88	0.87
22	42416303	RS133336	RS5751191	PRUNED_LD	LD		MULTI	10572	1.842E-8	69	0.84
2	201068684	RS74993507	RS166845	PRUNED_LD	LD		MULTI	10573	1.843E-8	86	0.54
22	42512297	RS7286375	RS5751191	PRUNED_LD	LD		MULTI	10574	1.844E-8	69	0.53
22	42513261	RS2413672	RS5751191	PRUNED_LD	LD		MULTI	10575	1.844E-8	69	0.53
22	42507748	RS2413669	RS5751191	PRUNED_LD	LD		MULTI	10576	1.845E-8	69	0.53
13	57082961	RS1417855	RS9597388	PRUNED_LD	LD		MULTI	10577	1.847E-8	121	0.58
15	85280212	RS34570071	RS11638554	PRUNED_LD	LD		MULTI	10578	1.847E-8	85	0.7
22	42507859	RS6002618	RS5751191	PRUNED_LD	LD		MULTI	10579	1.847E-8	69	0.53
6	32206539	RS3134937	RS2071278	PRUNED_LD	LD		EUR	10580	1.849E-8	10	0.36
13	57083071	RS1417856	RS9597388	PRUNED_LD	LD		MULTI	10581	1.853E-8	121	0.58
15	85240008	RS12911736	RS11638554	PRUNED_LD	LD		MULTI	10582	1.853E-8	85	0.75
22	42494773	RS6002606	RS5751191	PRUNED_LD	LD		MULTI	10583	1.853E-8	69	0.54
22	42501217	RS6519306	RS5751191	PRUNED_LD	LD		MULTI	10584	1.854E-8	69	0.53
22	42466950	RS133377	RS5751191	PRUNED_LD	LD		MULTI	10585	1.855E-8	69	0.58
1	98556159	RS2660298	RS4950119	PRUNED_LD	LD		MULTI	10586	1.856E-8	47	0.93
6	31116210	RS130071	RS7748141	PRUNED_DISTANCE_FALLBACK	DISTANCE_FALLBACK		NA	10587	1.857E-8	24	
13	57013465	RS9597412	RS9597388	PRUNED_LD	LD		MULTI	10588	1.858E-8	121	0.87
15	85314397	RS17534709	RS11638554	PRUNED_LD	LD		MULTI	10589	1.859E-8	85	0.69
5	45537620	RS10043792	RS4257782	PRUNED_LD	LD		MULTI	10590	1.859E-8	132	0.75
22	42506193	RS7364289	RS5751191	PRUNED_LD	LD		MULTI	10591	1.861E-8	69	0.54
14	72412206	RS12897929	RS10137909	PRUNED_LD	LD		MULTI	10592	1.862E-8	114	0.34
13	57004606	RS9597409	RS9597388	PRUNED_LD	LD		MULTI	10593	1.865E-8	121	0.87
6	32603133	RS9272255	6:32634952_G_T	PRUNED_DISTANCE_FALLBACK	DISTANCE_FALLBACK		NA	10594	1.866E-8	33	
2	201073947	RS112486506	RS11685663	PRUNED_DISTANCE_FALLBACK	DISTANCE_FALLBACK		NA	10595	1.867E-8	170	
5	45586917	RS2580258	RS4257782	PRUNED_LD	LD		MULTI	10596	1.867E-8	132	0.83
1	98555553	RS1622611	RS4950119	PRUNED_LD	LD		MULTI	10597	1.868E-8	47	0.93
13	57003907	RS4885970	RS9597388	PRUNED_LD	LD		MULTI	10598	1.869E-8	121	0.87
13	57082591	RS7986793	RS9597388	PRUNED_LD	LD		MULTI	10599	1.869E-8	121	0.58
7	2161849	RS1860832	RS12154473	PRUNED_LD	LD		EUR	10600	1.87E-8	51	0.45
8	130886595	RS298609	RS298607	PRUNED_LD	LD		MULTI	10601	1.87E-8	169	0.97
11	130753718	RS948087	RS7106771	PRUNED_LD	LD		MULTI	10602	1.871E-8	82	0.65
6	30069822	RS1110448	RS547591961	PRUNED_DISTANCE_FALLBACK	DISTANCE_FALLBACK		NA	10603	1.871E-8	13	
5	137838122	RS11750854	RS10117	PRUNED_LD	LD		MULTI	10604	1.874E-8	105	0.65
2	201239002	RS3769456	RS3769472	PRUNED_LD	LD		MULTI	10605	1.875E-8	94	0.64
4	103292422	RS13109272	RS35518360	PRUNED_LD	LD		EUR	10606	1.876E-8	84	0.42
11	130730825	RS11603014	RS7106771	PRUNED_LD	LD		MULTI	10607	1.877E-8	82	0.6
15	59077171	RS673813	RS793571	PRUNED_LD	LD		EUR	10608	1.877E-8	52	0.45
6	31839782	RS3130482	RS431204	PRUNED_DISTANCE_FALLBACK	DISTANCE_FALLBACK		NA	10609	1.877E-8	14	
22	42488160	RS6002597	RS5751191	PRUNED_LD	LD		MULTI	10610	1.878E-8	69	0.55
6	30731556	RS3094120	RS1264353	PRUNED_LD	LD		EUR	10611	1.878E-8	15	0.32
22	42492104	RS7291996	RS5751191	PRUNED_LD	LD		MULTI	10612	1.879E-8	69	0.55
13	57010916	RS9597411	RS9597388	PRUNED_LD	LD		MULTI	10613	1.881E-8	121	0.87
13	57011315	RS71428219	RS9597388	PRUNED_LD	LD		MULTI	10614	1.882E-8	121	0.87
13	57015447	RS1547800	RS9597388	PRUNED_LD	LD		MULTI	10615	1.882E-8	121	0.87
22	42512613	RS61665536	RS5751191	PRUNED_LD	LD		MULTI	10616	1.886E-8	69	0.53
22	42416056	RS133335	RS5751191	PRUNED_LD	LD		MULTI	10617	1.888E-8	69	0.84
22	42498578	RS9620026	RS5751191	PRUNED_LD	LD		MULTI	10618	1.888E-8	69	0.55
7	104923002	RS11765899	RS12705304	PRUNED_LD	LD		MULTI	10619	1.89E-8	141	0.91
4	103198082	RS13135092	RS35518360	PRUNED_LD	LD		EUR	10620	1.892E-8	84	0.89
8	130876435	RS710616	RS298607	PRUNED_LD	LD		MULTI	10621	1.897E-8	169	0.96
19	19423817	RS2315024	RS2916074	PRUNED_LD	LD		MULTI	10622	1.898E-8	102	0.64
22	42494335	RS6002605	RS5751191	PRUNED_LD	LD		MULTI	10623	1.898E-8	69	0.55
10	104214048	RS1571003	RS10786701	PRUNED_LD	LD		ASN	10624	1.9E-8	91	0.29
13	57080519	RS9537413	RS9597388	PRUNED_LD	LD		MULTI	10625	1.903E-8	121	0.62
14	72390689	RS36341	RS10137909	PRUNED_LD	LD		MULTI	10626	1.904E-8	114	0.69
7	1948756	RS35582663	RS12154473	PRUNED_LD	LD		MULTI	10627	1.91E-8	51	0.5
19	19410480	RS4808939	RS2916074	PRUNED_LD	LD		MULTI	10628	1.913E-8	102	0.65
7	110904226	RS982256	RS1541472	PRUNED_LD	LD		MULTI	10629	1.915E-8	120	0.72
22	42513761	RS6002623	RS5751191	PRUNED_LD	LD		MULTI	10630	1.916E-8	69	0.53
22	42416987	RS133339	RS5751191	PRUNED_LD	LD		MULTI	10631	1.919E-8	69	0.79
22	42468535	RS133379	RS5751191	PRUNED_LD	LD		MULTI	10632	1.92E-8	69	0.57
5	60807734	RS1445976	RS6879809	PRUNED_LD	LD		MULTI	10633	1.92E-8	158	1
6	30730345	RS9262173	RS1264353	PRUNED_LD	LD		EUR	10634	1.921E-8	15	0.32
6	30730960	RS3094121	RS1264353	PRUNED_LD	LD		EUR	10635	1.921E-8	15	0.32
13	57081377	RS7334724	RS9597388	PRUNED_LD	LD		MULTI	10636	1.923E-8	121	0.58
13	57081097	RS7332712	RS9597388	PRUNED_LD	LD		MULTI	10637	1.924E-8	121	0.62
2	201163783	RS4673905	RS3769472	PRUNED_LD	LD		MULTI	10638	1.926E-8	94	0.84
7	104881530	RS3801282	RS12705304	PRUNED_LD	LD		MULTI	10639	1.927E-8	141	0.9
13	57054691	RS4509903	RS9597388	PRUNED_LD	LD		MULTI	10640	1.929E-8	121	0.63
13	57100937	RS10454570	RS9597388	PRUNED_LD	LD		MULTI	10641	1.929E-8	121	0.74
15	85331493	RS62019472	RS11638554	PRUNED_LD	LD		MULTI	10642	1.929E-8	85	0.66
12	110974890	RS10849900	RS684596	PRUNED_LD	LD		MULTI	10643	1.93E-8	154	0.77
15	85331271	RS34342559	RS11638554	PRUNED_LD	LD		MULTI	10644	1.93E-8	85	0.66
2	79431917	RS2049271	RS17016552	PRUNED_LD	LD		MULTI	10645	1.932E-8	149	0.98
2	58087596	RS2717073	RS1356545	PRUNED_LD	LD		MULTI	10646	1.933E-8	39	0.66
22	42486723	RS1801311	RS5751191	PRUNED_LD	LD		MULTI	10647	1.934E-8	69	0.54
22	42498675	RS28817600	RS5751191	PRUNED_LD	LD		MULTI	10648	1.934E-8	69	0.53
17	43572419	RS56328224	RS382362	PRUNED_DISTANCE_FALLBACK	DISTANCE_FALLBACK		NA	10649	1.938E-8	137	
3	63864612	RS832195	RS6798742	PRUNED_LD	LD		MULTI	10650	1.94E-8	167	0.86
1	73934633	RS11210257	RS1160682	PRUNED_LD	LD		MULTI	10651	1.941E-8	53	0.66
1	183292490	RS12046463	RS549337	PRUNED_LD	LD		MULTI	10652	1.941E-8	135	1
18	53208982	RS17513240	RS9636107	PRUNED_LD	LD		ASN	10653	1.941E-8	101	0.5
22	42518426	RS764481	RS5751191	PRUNED_LD	LD		MULTI	10654	1.943E-8	69	0.54
3	53063360	RS2581806	RS2245424	PRUNED_LD	LD		MULTI	10655	1.946E-8	99	0.46
13	57102325	RS1341537	RS9597388	PRUNED_LD	LD		MULTI	10656	1.947E-8	121	0.58
16	29994922	RS3814883	RS3814883	SELECTED_LEAD	LD	OK_LOCAL_CACHE		10657	1.947E-8	171	
18	53412903	RS784251	RS9636107	PRUNED_LD	LD		MULTI	10658	1.949E-8	101	0.3
7	137045731	RS161344	RS10954580	PRUNED_LD	LD		MULTI	10659	1.949E-8	38	0.37
13	57080623	RS9537414	RS9597388	PRUNED_LD	LD		MULTI	10660	1.951E-8	121	0.62
6	30733974	RS3131037	RS1264353	PRUNED_LD	LD		EUR	10661	1.956E-8	15	0.31
1	73878194	RS11210235	RS1160682	PRUNED_LD	LD		MULTI	10662	1.959E-8	53	0.78
22	42498204	RS12157818	RS5751191	PRUNED_LD	LD		MULTI	10663	1.959E-8	69	0.55
12	123518866	RS641760	RS4460848	PRUNED_LD	LD		MULTI	10664	1.961E-8	34	0.61
6	26337264	RS7755741	RS71557335	PRUNED_DISTANCE_FALLBACK	DISTANCE_FALLBACK		NA	10665	1.961E-8	29	
17	44353222	RS2732703	RS560050580	PRUNED_DISTANCE_FALLBACK	DISTANCE_FALLBACK		NA	10666	1.962E-8	111	
6	32605439	RS9272448	6:32634952_G_T	PRUNED_DISTANCE_FALLBACK	DISTANCE_FALLBACK		NA	10667	1.962E-8	33	
6	33049902	RS111721461	6:32634952_G_T	PRUNED_DISTANCE_FALLBACK	DISTANCE_FALLBACK		NA	10668	1.962E-8	33	
14	72396074	RS36332	RS10137909	PRUNED_LD	LD		MULTI	10669	1.963E-8	114	0.73
7	104923005	RS10953474	RS12705304	PRUNED_LD	LD		MULTI	10670	1.966E-8	141	0.91
1	73880654	RS10465868	RS1160682	PRUNED_LD	LD		MULTI	10671	1.969E-8	53	0.78
22	42514190	RS11090076	RS5751191	PRUNED_LD	LD		MULTI	10672	1.969E-8	69	0.53
6	29932037	RS2252965	RS547591961	PRUNED_DISTANCE_FALLBACK	DISTANCE_FALLBACK		NA	10673	1.969E-8	13	
22	42482502	RS4147641	RS5751191	PRUNED_LD	LD		MULTI	10674	1.97E-8	69	0.57
1	73879821	RS11210236	RS1160682	PRUNED_LD	LD		MULTI	10675	1.972E-8	53	0.78
8	143403693	RS13266463	RS4129585	PRUNED_LD	LD		MULTI	10676	1.973E-8	127	0.35
13	57080418	RS9537412	RS9597388	PRUNED_LD	LD		MULTI	10677	1.974E-8	121	0.58
19	19422485	RS2285859	RS2916074	PRUNED_LD	LD		MULTI	10678	1.975E-8	102	0.6
22	42504679	RS6002616	RS5751191	PRUNED_LD	LD		MULTI	10679	1.976E-8	69	0.53
6	29932292	RS2523933	RS547591961	PRUNED_DISTANCE_FALLBACK	DISTANCE_FALLBACK		NA	10680	1.976E-8	13	
1	73880724	RS10465869	RS1160682	PRUNED_LD	LD		MULTI	10681	1.977E-8	53	0.78
19	50169020	RS2304204	RS12104272	PRUNED_LD	LD		MULTI	10682	1.978E-8	98	0.83
6	26338538	RS2393649	RS71557335	PRUNED_DISTANCE_FALLBACK	DISTANCE_FALLBACK		NA	10683	1.978E-8	29	
7	1950784	RS4721184	RS12154473	PRUNED_LD	LD		MULTI	10684	1.978E-8	51	0.51
13	57082582	RS7985742	RS9597388	PRUNED_LD	LD		MULTI	10685	1.98E-8	121	0.58
22	42517492	RS5996116	RS5751191	PRUNED_LD	LD		MULTI	10686	1.98E-8	69	0.54
6	30734080	RS3131038	RS1264353	PRUNED_LD	LD		EUR	10687	1.98E-8	15	0.31
22	42516229	RS8138678	RS5751191	PRUNED_LD	LD		MULTI	10688	1.981E-8	69	0.54
3	63874734	RS704364	RS6798742	PRUNED_LD	LD		MULTI	10689	1.984E-8	167	0.9
15	85324467	RS11633267	RS11638554	PRUNED_LD	LD		MULTI	10690	1.986E-8	85	0.68
22	42506370	RS7364293	RS5751191	PRUNED_LD	LD		MULTI	10691	1.986E-8	69	0.53
11	130726077	RS11603243	RS11603243	SELECTED_LEAD	LD	OK		10692	1.987E-8	172	
14	72425819	RS2067854	RS714975	PRUNED_LD	LD		MULTI	10693	1.988E-8	138	0.92
11	130739480	RS2236713	RS7106771	PRUNED_LD	LD		MULTI	10694	1.99E-8	82	0.62
11	130786345	RS3751033	RS961491	PRUNED_LD	LD		MULTI	10695	1.99E-8	44	0.33
2	200043537	RS11683241	RS1451488	PRUNED_LD	LD		MULTI	10696	1.995E-8	88	0.87
19	19410948	RS4808940	RS2916074	PRUNED_LD	LD		MULTI	10697	1.996E-8	102	0.67
22	42490600	RS61527837	RS5751191	PRUNED_LD	LD		MULTI	10698	1.997E-8	69	0.55
8	38021982	RS76873509	RS76873509	SELECTED_LEAD	LD	OK_LOCAL_CACHE		10699	1.999E-8	173	
7	104894341	RS3823751	RS12705304	PRUNED_LD	LD		MULTI	10700	2E-8	141	0.76
22	42488906	RS6002600	RS5751191	PRUNED_LD	LD		MULTI	10701	2.006E-8	69	0.55
6	32414273	RS3129890	RS431204	PRUNED_DISTANCE_FALLBACK	DISTANCE_FALLBACK		NA	10702	2.006E-8	14	
13	57096149	RS9569481	RS9597388	PRUNED_LD	LD		MULTI	10703	2.008E-8	121	0.58
22	42489058	RS6002601	RS5751191	PRUNED_LD	LD		MULTI	10704	2.008E-8	69	0.55
7	137062363	RS1584663	RS10954580	PRUNED_LD	LD		MULTI	10705	2.011E-8	38	0.38
7	104889573	RS3801281	RS12705304	PRUNED_LD	LD		MULTI	10706	2.016E-8	141	0.9
22	42485292	RS4147640	RS5751191	PRUNED_LD	LD		MULTI	10707	2.017E-8	69	0.54
7	1950440	RS11771973	RS12154473	PRUNED_LD	LD		MULTI	10708	2.017E-8	51	0.51
12	110879226	RS12822385	RS4766428	PRUNED_LD	LD		EUR	10709	2.018E-8	100	0.37
15	85210765	RS12905057	RS11638554	PRUNED_LD	LD		MULTI	10710	2.02E-8	85	0.83
1	98396847	RS4478846	RS4950119	PRUNED_LD	LD		MULTI	10711	2.027E-8	47	0.78
2	233708393	RS62193341	RS2293780	PRUNED_LD	LD		EUR	10712	2.028E-8	43	0.41
6	26338434	RS2893842	RS71557335	PRUNED_DISTANCE_FALLBACK	DISTANCE_FALLBACK		NA	10713	2.029E-8	29	
6	32566021	RS9270657	6:32634952_G_T	PRUNED_DISTANCE_FALLBACK	DISTANCE_FALLBACK		NA	10714	2.029E-8	33	
22	42488345	RS6002598	RS5751191	PRUNED_LD	LD		MULTI	10715	2.031E-8	69	0.52
18	77694168	RS2277725	RS55858161	PRUNED_LD	LD		EUR	10716	2.032E-8	87	0.24
6	30762068	RS3131056	RS1264353	PRUNED_LD	LD		EUR	10717	2.032E-8	15	0.33
22	42513824	RS6002624	RS5751191	PRUNED_LD	LD		MULTI	10718	2.04E-8	69	0.53
6	30761734	RS3094112	RS1264353	PRUNED_LD	LD		EUR	10719	2.04E-8	15	0.33
17	44360941	RS558980400	RS560050580	PRUNED_DISTANCE_FALLBACK	DISTANCE_FALLBACK		NA	10720	2.042E-8	111	
18	53213887	RS658977	RS9636107	PRUNED_LD	LD		ASN	10721	2.042E-8	101	0.5
19	19577215	RS4808961	RS2916074	PRUNED_LD	LD		MULTI	10722	2.045E-8	102	1
1	183302979	RS581606	RS549337	PRUNED_LD	LD		MULTI	10723	2.047E-8	135	1
19	19410622	RS4808193	RS2916074	PRUNED_LD	LD		MULTI	10724	2.047E-8	102	0.65
22	42515637	RS8143153	RS5751191	PRUNED_LD	LD		MULTI	10725	2.047E-8	69	0.54
12	123887687	RS28690326	RS4460848	PRUNED_LD	LD		MULTI	10726	2.051E-8	34	0.28
13	57074527	RS12874445	RS9597388	PRUNED_LD	LD		MULTI	10727	2.056E-8	121	0.79
11	130753069	RS948086	RS7106771	PRUNED_LD	LD		MULTI	10728	2.058E-8	82	0.66
1	73935251	RS11210259	RS1160682	PRUNED_LD	LD		MULTI	10729	2.059E-8	53	0.66
10	18711288	RS10828679	RS7071123	PRUNED_LD	LD		MULTI	10730	2.059E-8	77	0.81
12	123644043	RS61041384	RS4460848	PRUNED_LD	LD		ASN	10731	2.059E-8	34	0.86
13	57059116	RS7990900	RS9597388	PRUNED_LD	LD		MULTI	10732	2.059E-8	121	0.64
13	57072163	RS1857000	RS9597388	PRUNED_LD	LD		MULTI	10733	2.061E-8	121	0.62
7	104867330	RS9640686	RS12705304	PRUNED_LD	LD		MULTI	10734	2.062E-8	141	0.86
3	136103920	RS521746	RS1394094	PRUNED_LD	LD		MULTI	10735	2.066E-8	50	0.55
6	30730339	RS9262172	RS1264353	PRUNED_LD	LD		EUR	10736	2.066E-8	15	0.27
1	183302490	RS677002	RS549337	PRUNED_LD	LD		MULTI	10737	2.068E-8	135	1
13	57077011	RS1341545	RS9597388	PRUNED_LD	LD		MULTI	10738	2.069E-8	121	0.62
13	57088457	RS1341548	RS9597388	PRUNED_LD	LD		MULTI	10739	2.07E-8	121	0.58
20	37362432	RS1406857	RS6124079	PRUNED_LD	LD		MULTI	10740	2.07E-8	89	0.41
4	103283117	RS34333163	RS35518360	PRUNED_LD	LD		EUR	10741	2.07E-8	84	0.4
13	57100037	RS12184698	RS9597388	PRUNED_LD	LD		MULTI	10742	2.074E-8	121	0.75
13	57044215	RS9597419	RS9597388	PRUNED_LD	LD		MULTI	10743	2.076E-8	121	0.84
13	57100660	RS35761216	RS9597388	PRUNED_LD	LD		MULTI	10744	2.076E-8	121	0.57
1	73935978	RS4361942	RS1160682	PRUNED_LD	LD		MULTI	10745	2.078E-8	53	0.66
13	57059326	RS9537408	RS9597388	PRUNED_LD	LD		MULTI	10746	2.078E-8	121	0.64
11	133817809	RS695134	RS688500	PRUNED_LD	LD		MULTI	10747	2.083E-8	130	0.71
17	44351743	RS2696541	RS560050580	PRUNED_DISTANCE_FALLBACK	DISTANCE_FALLBACK		NA	10748	2.084E-8	111	
7	2086672	RS6950627	RS12154473	PRUNED_LD	LD		MULTI	10749	2.085E-8	51	0.58
1	183302445	RS577623	RS549337	PRUNED_LD	LD		MULTI	10750	2.087E-8	135	1
14	72417484	RS112893155	RS112893155	SELECTED_LEAD	DISTANCE_FALLBACK	NO_LD_RESPONSE		10751	2.088E-8	174	
7	1931030	RS12667688	RS12154473	PRUNED_LD	LD		MULTI	10752	2.089E-8	51	0.49
13	57076232	RS9569478	RS9597388	PRUNED_LD	LD		MULTI	10753	2.09E-8	121	0.62
1	183302111	RS675220	RS549337	PRUNED_LD	LD		MULTI	10754	2.091E-8	135	1
6	32601775	RS9272192	6:32634952_G_T	PRUNED_DISTANCE_FALLBACK	DISTANCE_FALLBACK		NA	10755	2.092E-8	33	
10	18710698	RS983048	RS7071123	PRUNED_LD	LD		MULTI	10756	2.095E-8	77	0.86
13	57071691	RS2315033	RS9597388	PRUNED_LD	LD		MULTI	10757	2.095E-8	121	0.62
13	57075815	RS9563408	RS9597388	PRUNED_LD	LD		MULTI	10758	2.095E-8	121	0.62
8	130895117	RS438877	RS298607	PRUNED_LD	LD		MULTI	10759	2.095E-8	169	0.99
7	137011782	RS10250267	RS320682	PRUNED_LD	LD		MULTI	10760	2.103E-8	108	0.96
17	44787312	RS1378358	RS560050580	PRUNED_DISTANCE_FALLBACK	DISTANCE_FALLBACK		NA	10761	2.106E-8	111	
8	38031345	RS16887244	RS10958683	PRUNED_LD	LD		MULTI	10762	2.107E-8	93	0.56
17	43757450	RS55974014	RS62057151	PRUNED_LD	LD		EUR	10763	2.109E-8	96	0.76
3	63890130	RS9882884	RS6798742	PRUNED_LD	LD		MULTI	10764	2.111E-8	167	0.93
12	123891107	RS61955125	RS4460848	PRUNED_LD	LD		MULTI	10765	2.112E-8	34	0.32
15	85322351	RS12908549	RS11638554	PRUNED_LD	LD		MULTI	10766	2.112E-8	85	0.68
13	57024368	RS12859440	RS9597388	PRUNED_LD	LD		MULTI	10767	2.113E-8	121	0.86
13	57074235	RS28628722	RS9597388	PRUNED_LD	LD		MULTI	10768	2.114E-8	121	0.62
13	57074131	RS2211512	RS9597388	PRUNED_LD	LD		MULTI	10769	2.117E-8	121	0.55
6	32576726	RS647467	6:32634952_G_T	PRUNED_DISTANCE_FALLBACK	DISTANCE_FALLBACK		NA	10770	2.12E-8	33	
7	110864299	RS214469	RS1541472	PRUNED_LD	LD		MULTI	10771	2.121E-8	120	0.7
11	113418222	RS10736469	RS10736470	PRUNED_LD	LD		MULTI	10772	2.122E-8	143	0.96
13	57099560	RS1936322	RS9597388	PRUNED_LD	LD		MULTI	10773	2.122E-8	121	0.58
17	43662020	RS558887987	RS382362	PRUNED_DISTANCE_FALLBACK	DISTANCE_FALLBACK		NA	10774	2.127E-8	137	
13	57058331	RS6561890	RS9597388	PRUNED_LD	LD		MULTI	10775	2.129E-8	121	0.62
1	98433535	RS11165937	RS4950119	PRUNED_LD	LD		MULTI	10776	2.131E-8	47	0.9
12	123890893	RS28496545	RS4460848	PRUNED_LD	LD		MULTI	10777	2.131E-8	34	0.34
13	57072746	RS2000158	RS9597388	PRUNED_LD	LD		MULTI	10778	2.133E-8	121	0.62
6	31882024	RS2844452	RS431204	PRUNED_DISTANCE_FALLBACK	DISTANCE_FALLBACK		NA	10779	2.133E-8	14	
13	57076260	RS9563409	RS9597388	PRUNED_LD	LD		MULTI	10780	2.134E-8	121	0.62
3	52811172	RS6792369	RS13083798	PRUNED_LD	LD		MULTI	10781	2.134E-8	42	0.62
7	110917686	RS13239254	RS1541472	PRUNED_LD	LD		MULTI	10782	2.134E-8	120	0.71
3	135872958	RS7372313	RS9845457	PRUNED_LD	LD		MULTI	10783	2.135E-8	83	0.76
6	26090452	RS13196986	RS71557335	PRUNED_DISTANCE_FALLBACK	DISTANCE_FALLBACK		NA	10784	2.136E-8	29	
2	58076796	RS2947351	RS1356545	PRUNED_LD	LD		MULTI	10785	2.141E-8	39	0.71
14	72457037	RS1860104	RS10137909	PRUNED_LD	LD		MULTI	10786	2.144E-8	114	0.95
6	26335276	RS9348708	RS71557335	PRUNED_DISTANCE_FALLBACK	DISTANCE_FALLBACK		NA	10787	2.144E-8	29	
7	104807207	RS10238507	RS17777642	PRUNED_LD	LD		EUR	10788	2.145E-8	78	0.53
17	44256655	RS573087564	RS560050580	PRUNED_DISTANCE_FALLBACK	DISTANCE_FALLBACK		NA	10789	2.146E-8	111	
13	57071228	RS7990289	RS9597388	PRUNED_LD	LD		MULTI	10790	2.147E-8	121	0.61
17	44095467	RS58879558	RS62057151	PRUNED_LD	LD		EUR	10791	2.148E-8	96	0.56
7	1948712	RS34269264	RS12154473	PRUNED_LD	LD		MULTI	10792	2.148E-8	51	0.5
2	201057443	RS79053279	RS166845	PRUNED_LD	LD		MULTI	10793	2.149E-8	86	0.58
6	25987441	RS183879	RS71557335	PRUNED_DISTANCE_FALLBACK	DISTANCE_FALLBACK		NA	10794	2.153E-8	29	
12	123633057	RS74703625	RS4460848	PRUNED_LD	LD		ASN	10795	2.159E-8	34	0.84
12	2288436	RS10848626	RS1860002	PRUNED_LD	LD		MULTI	10796	2.16E-8	45	0.37
7	1912222	RS4721135	RS12154473	PRUNED_LD	LD		MULTI	10797	2.16E-8	51	0.48
7	110851553	RS214460	RS1541472	PRUNED_LD	LD		MULTI	10798	2.161E-8	120	0.67
11	130894699	RS10791115	RS961491	PRUNED_LD	LD		EUR	10799	2.169E-8	44	0.34
22	42487900	RS4147638	RS5751191	PRUNED_LD	LD		MULTI	10800	2.169E-8	69	0.55
6	29256420	RS1884123	RS539591970	PRUNED_DISTANCE_FALLBACK	DISTANCE_FALLBACK		NA	10801	2.17E-8	11	
1	73884929	RS12044316	RS1160682	PRUNED_LD	LD		MULTI	10802	2.173E-8	53	0.78
15	85321220	RS62019469	RS11638554	PRUNED_LD	LD		MULTI	10803	2.18E-8	85	0.68
7	104771857	RS2299304	RS17777642	PRUNED_LD	LD		EUR	10804	2.18E-8	78	0.6
10	104572276	RS284861	RS12219247	PRUNED_LD	LD		ASN	10805	2.185E-8	54	0.39
7	1954301	RS2056480	RS12154473	PRUNED_LD	LD		MULTI	10806	2.185E-8	51	0.5
2	201240305	RS12990174	RS3769472	PRUNED_LD	LD		MULTI	10807	2.191E-8	94	0.63
12	123714236	RS1727334	RS4460848	PRUNED_LD	LD		EUR	10808	2.194E-8	34	0.76
13	57096710	RS9527532	RS9597388	PRUNED_LD	LD		MULTI	10809	2.194E-8	121	0.56
15	91428955	RS1894400	RS6226	PRUNED_LD	LD		EUR	10810	2.199E-8	41	0.2
6	30069795	RS1108052	RS547591961	PRUNED_DISTANCE_FALLBACK	DISTANCE_FALLBACK		NA	10811	2.199E-8	13	
1	30430366	RS267700	RS4949526	PRUNED_LD	LD		MULTI	10812	2.203E-8	106	0.99
1	73897246	RS6672225	RS1160682	PRUNED_LD	LD		MULTI	10813	2.203E-8	53	0.74
10	104574642	RS284853	RS12219247	PRUNED_LD	LD		ASN	10814	2.203E-8	54	0.39
7	104999901	RS13226540	RS12705304	PRUNED_LD	LD		MULTI	10815	2.203E-8	141	0.82
22	42431429	RS5758553	RS5751191	PRUNED_LD	LD		MULTI	10816	2.205E-8	69	0.79
12	2288405	RS10848625	RS1860002	PRUNED_LD	LD		MULTI	10817	2.206E-8	45	0.37
13	57096570	RS9537420	RS9597388	PRUNED_LD	LD		MULTI	10818	2.207E-8	121	0.58
3	136328270	RS1471740	RS1394094	PRUNED_LD	LD		MULTI	10819	2.208E-8	50	0.36
13	57097444	RS3905099	RS9597388	PRUNED_LD	LD		MULTI	10820	2.209E-8	121	0.58
18	77671112	RS4799106	RS55858161	PRUNED_LD	LD		MULTI	10821	2.209E-8	87	0.44
15	59232783	RS12438918	RS793571	PRUNED_LD	LD		MULTI	10822	2.21E-8	52	0.63
13	57037396	RS34510180	RS9597388	PRUNED_LD	LD		MULTI	10823	2.215E-8	121	0.84
1	73874321	RS1316718	RS1160682	PRUNED_LD	LD		MULTI	10824	2.217E-8	53	0.78
1	73969936	RS7416650	RS1160682	PRUNED_LD	LD		MULTI	10825	2.217E-8	53	0.61
11	130741282	RS73024809	RS7106771	PRUNED_LD	LD		MULTI	10826	2.221E-8	82	0.63
15	85333396	RS61074241	RS11638554	PRUNED_LD	LD		MULTI	10827	2.222E-8	85	0.66
7	110953303	RS2110309	RS1541472	PRUNED_LD	LD		MULTI	10828	2.222E-8	120	0.93
13	57096561	RS9527531	RS9597388	PRUNED_LD	LD		MULTI	10829	2.223E-8	121	0.58
18	53780029	RS1789562	RS715170	PRUNED_LD	LD		MULTI	10830	2.226E-8	147	0.96
15	58983425	RS7161889	RS793571	PRUNED_LD	LD		EUR	10831	2.23E-8	52	0.34
13	57068827	RS1936324	RS9597388	PRUNED_LD	LD		MULTI	10832	2.232E-8	121	0.62
13	57055959	RS9527520	RS9597388	PRUNED_LD	LD		MULTI	10833	2.234E-8	121	0.64
13	57076526	RS2000157	RS9597388	PRUNED_LD	LD		MULTI	10834	2.236E-8	121	0.62
2	58076229	RS2683622	RS1356545	PRUNED_LD	LD		MULTI	10835	2.236E-8	39	0.71
2	233550961	RS6738529	RS2293780	PRUNED_LD	LD		MULTI	10836	2.236E-8	43	0.35
6	26376628	RS12214031	RS71557335	PRUNED_DISTANCE_FALLBACK	DISTANCE_FALLBACK		NA	10837	2.238E-8	29	
1	98404234	RS4506495	RS4950119	PRUNED_LD	LD		MULTI	10838	2.24E-8	47	0.77
19	19411136	RS4808941	RS2916074	PRUNED_LD	LD		MULTI	10839	2.24E-8	102	0.63
6	27128307	RS4713069	RS13215879	PRUNED_DISTANCE_FALLBACK	DISTANCE_FALLBACK		NA	10840	2.242E-8	22	
12	123753492	RS10846491	RS4460848	PRUNED_LD	LD		EUR	10841	2.245E-8	34	0.64
5	45090306	RS10051592	RS16902086	PRUNED_LD	LD		MULTI	10842	2.246E-8	76	0.59
6	30066714	RS6457149	RS547591961	PRUNED_DISTANCE_FALLBACK	DISTANCE_FALLBACK		NA	10843	2.253E-8	13	
15	58983588	RS7163162	RS793571	PRUNED_LD	LD		EUR	10844	2.254E-8	52	0.34
13	57055602	RS1578507	RS9597388	PRUNED_LD	LD		MULTI	10845	2.256E-8	121	0.63
13	57070870	RS7988125	RS9597388	PRUNED_LD	LD		MULTI	10846	2.257E-8	121	0.62
1	73898258	RS11210244	RS1160682	PRUNED_LD	LD		MULTI	10847	2.259E-8	53	0.74
1	73939898	RS12754690	RS1160682	PRUNED_LD	LD		MULTI	10848	2.259E-8	53	0.66
1	73886699	RS7553998	RS1160682	PRUNED_LD	LD		MULTI	10849	2.261E-8	53	0.78
1	73898030	RS11210243	RS1160682	PRUNED_LD	LD		MULTI	10850	2.261E-8	53	0.74
13	57058434	RS7321643	RS9597388	PRUNED_LD	LD		MULTI	10851	2.261E-8	121	0.63
13	57070826	RS7988101	RS9597388	PRUNED_LD	LD		MULTI	10852	2.261E-8	121	0.62
12	123716513	RS1716170	RS4460848	PRUNED_LD	LD		EUR	10853	2.262E-8	34	0.76
15	59076778	RS1648532	RS793571	PRUNED_LD	LD		EUR	10854	2.263E-8	52	0.45
8	143333231	RS7012636	RS4129585	PRUNED_LD	LD		MULTI	10855	2.263E-8	127	0.5
7	104877916	RS2299319	RS12705304	PRUNED_LD	LD		MULTI	10856	2.265E-8	141	0.9
15	85331629	RS35557864	RS11638554	PRUNED_LD	LD		MULTI	10857	2.266E-8	85	0.66
17	44797919	RS199456	RS199456	SELECTED_LEAD	LD	OK_LOCAL_CACHE		10858	2.266E-8	175	
6	30066713	RS6457148	RS547591961	PRUNED_DISTANCE_FALLBACK	DISTANCE_FALLBACK		NA	10859	2.266E-8	13	
2	200039743	RS12618784	RS1451488	PRUNED_LD	LD		MULTI	10860	2.267E-8	88	0.87
3	52896032	RS13072537	RS13083798	PRUNED_LD	LD		MULTI	10861	2.267E-8	42	0.35
8	38298647	RS11777067	RS10958683	PRUNED_LD	LD		MULTI	10862	2.267E-8	93	0.82
13	57028755	RS9597416	RS9597388	PRUNED_LD	LD		MULTI	10863	2.268E-8	121	0.86
15	85329421	RS12906348	RS11638554	PRUNED_LD	LD		MULTI	10864	2.273E-8	85	0.65
17	43573419	RS62065453	RS382362	PRUNED_DISTANCE_FALLBACK	DISTANCE_FALLBACK		NA	10865	2.273E-8	137	
2	200037911	RS6713045	RS1451488	PRUNED_LD	LD		MULTI	10866	2.273E-8	88	0.87
6	28665362	RS7382146	RS539591970	PRUNED_DISTANCE_FALLBACK	DISTANCE_FALLBACK		NA	10867	2.273E-8	11	
6	32582354	RS5004277	6:32634952_G_T	PRUNED_DISTANCE_FALLBACK	DISTANCE_FALLBACK		NA	10868	2.275E-8	33	
12	123639869	RS61187102	RS4460848	PRUNED_LD	LD		ASN	10869	2.276E-8	34	0.84
6	32604994	RS9272414	6:32634952_G_T	PRUNED_DISTANCE_FALLBACK	DISTANCE_FALLBACK		NA	10870	2.276E-8	33	
7	104812129	RS10266871	RS17777642	PRUNED_LD	LD		EUR	10871	2.282E-8	78	0.47
5	45598365	RS10805695	RS4257782	PRUNED_LD	LD		MULTI	10872	2.283E-8	132	0.88
15	59232853	RS12438961	RS793571	PRUNED_LD	LD		MULTI	10873	2.287E-8	52	0.66
2	58069464	RS1106302	RS1356545	PRUNED_LD	LD		MULTI	10874	2.287E-8	39	0.71
3	136224697	RS699165	RS1394094	PRUNED_LD	LD		MULTI	10875	2.287E-8	50	0.6
12	123715266	RS941305	RS4460848	PRUNED_LD	LD		EUR	10876	2.289E-8	34	0.76
14	72449591	RS12897542	RS10137909	PRUNED_LD	LD		EUR	10877	2.29E-8	114	0.21
15	85328352	RS3748376	RS11638554	PRUNED_LD	LD		MULTI	10878	2.29E-8	85	0.68
13	57030211	RS9591763	RS9597388	PRUNED_LD	LD		MULTI	10879	2.299E-8	121	0.86
1	73908975	RS4287126	RS1160682	PRUNED_LD	LD		MULTI	10880	2.301E-8	53	0.66
13	57068062	RS2211511	RS9597388	PRUNED_LD	LD		MULTI	10881	2.306E-8	121	0.62
7	1948172	RS12537348	RS12154473	PRUNED_LD	LD		MULTI	10882	2.306E-8	51	0.5
18	53225049	RS587136	RS9636107	PRUNED_LD	LD		ASN	10883	2.312E-8	101	0.5
13	57096382	RS9569482	RS9597388	PRUNED_LD	LD		MULTI	10884	2.317E-8	121	0.58
6	29664177	RS3116807	RS547591961	PRUNED_DISTANCE_FALLBACK	DISTANCE_FALLBACK		NA	10885	2.317E-8	13	
1	73941881	RS11210261	RS1160682	PRUNED_LD	LD		MULTI	10886	2.319E-8	53	0.66
6	32190390	RS915894	RS2071278	PRUNED_LD	LD		EUR	10887	2.32E-8	10	0.24
5	45572099	RS1483303	RS4257782	PRUNED_LD	LD		MULTI	10888	2.323E-8	132	0.81
6	28606662	RS9378185	RS539591970	PRUNED_DISTANCE_FALLBACK	DISTANCE_FALLBACK		NA	10889	2.323E-8	11	
1	73912799	RS11210251	RS1160682	PRUNED_LD	LD		MULTI	10890	2.325E-8	53	0.66
14	72437724	RS34328930	RS714975	PRUNED_LD	LD		MULTI	10891	2.325E-8	138	0.69
6	32207393	RS416352	RS2071278	PRUNED_LD	LD		EUR	10892	2.326E-8	10	0.25
17	44809001	RS199448	RS199456	PRUNED_LD	LD		MULTI	10893	2.329E-8	175	1
1	73894768	RS56060088	RS1160682	PRUNED_LD	LD		MULTI	10894	2.336E-8	53	0.74
6	32601760	RS9272190	6:32634952_G_T	PRUNED_DISTANCE_FALLBACK	DISTANCE_FALLBACK		NA	10895	2.336E-8	33	
13	56998171	RS791160	RS9597388	PRUNED_LD	LD		MULTI	10896	2.337E-8	121	0.87
1	73887871	RS1361244	RS1160682	PRUNED_LD	LD		MULTI	10897	2.34E-8	53	0.76
1	73899742	RS1572668	RS1160682	PRUNED_LD	LD		MULTI	10898	2.341E-8	53	0.73
10	18757239	RS12777225	RS7071123	PRUNED_LD	LD		MULTI	10899	2.341E-8	77	0.46
6	26743712	RS2046863	RS13215879	PRUNED_DISTANCE_FALLBACK	DISTANCE_FALLBACK		NA	10900	2.342E-8	22	
2	58076951	RS2953437	RS1356545	PRUNED_LD	LD		MULTI	10901	2.344E-8	39	0.71
13	57093700	RS9527528	RS9597388	PRUNED_LD	LD		MULTI	10902	2.348E-8	121	0.58
7	104624626	RS3823752	RS17777642	PRUNED_LD	LD		MULTI	10903	2.353E-8	78	0.71
13	57054706	RS2314790	RS9597388	PRUNED_LD	LD		MULTI	10904	2.354E-8	121	0.63
2	58071224	RS2947350	RS1356545	PRUNED_LD	LD		MULTI	10905	2.355E-8	39	0.71
2	200032395	RS2122844	RS1451488	PRUNED_LD	LD		MULTI	10906	2.357E-8	88	0.87
11	130729626	RS12418278	RS7106771	PRUNED_LD	LD		MULTI	10907	2.359E-8	82	0.59
7	1948359	RS12537914	RS12154473	PRUNED_LD	LD		MULTI	10908	2.36E-8	51	0.5
8	143309504	RS10098073	RS4129585	PRUNED_LD	LD		MULTI	10909	2.361E-8	127	0.89
13	57055337	RS1578505	RS9597388	PRUNED_LD	LD		MULTI	10910	2.362E-8	121	0.63
4	103345983	RS71621626	RS35518360	PRUNED_LD	LD		EUR	10911	2.368E-8	84	0.32
6	32565884	RS9270651	6:32634952_G_T	PRUNED_DISTANCE_FALLBACK	DISTANCE_FALLBACK		NA	10912	2.368E-8	33	
1	73987608	RS1338653	RS1160682	PRUNED_LD	LD		MULTI	10913	2.369E-8	53	0.61
22	42423645	RS133347	RS5751191	PRUNED_LD	LD		MULTI	10914	2.369E-8	69	0.8
5	45603206	RS2696013	RS4257782	PRUNED_LD	LD		MULTI	10915	2.371E-8	132	0.87
1	73986097	RS2341392	RS1160682	PRUNED_LD	LD		MULTI	10916	2.373E-8	53	0.61
1	73889436	RS4354497	RS1160682	PRUNED_LD	LD		MULTI	10917	2.376E-8	53	0.76
3	180599318	RS13096210	RS112011743	PRUNED_DISTANCE_FALLBACK	DISTANCE_FALLBACK		NA	10918	2.376E-8	81	
7	104819479	RS6943183	RS17777642	PRUNED_LD	LD		EUR	10919	2.376E-8	78	0.37
13	57091960	RS1858623	RS9597388	PRUNED_LD	LD		MULTI	10920	2.378E-8	121	0.58
2	200029749	RS6730991	RS1451488	PRUNED_LD	LD		MULTI	10921	2.378E-8	88	0.86
12	123716376	RS1716171	RS4460848	PRUNED_LD	LD		EUR	10922	2.38E-8	34	0.76
15	58982390	RS12439457	RS793571	PRUNED_LD	LD		EUR	10923	2.38E-8	52	0.34
15	85282045	RS11632465	RS11638554	PRUNED_LD	LD		MULTI	10924	2.38E-8	85	0.69
1	73985364	RS61605983	RS1160682	PRUNED_LD	LD		MULTI	10925	2.382E-8	53	0.61
13	57094216	RS1341541	RS9597388	PRUNED_LD	LD		MULTI	10926	2.386E-8	121	0.58
12	123715113	RS941306	RS4460848	PRUNED_LD	LD		EUR	10927	2.387E-8	34	0.76
1	73942894	RS11210263	RS1160682	PRUNED_LD	LD		MULTI	10928	2.388E-8	53	0.66
11	130861244	RS11600358	RS961491	PRUNED_LD	LD		EUR	10929	2.388E-8	44	0.35
13	56997658	RS791158	RS9597388	PRUNED_LD	LD		MULTI	10930	2.39E-8	121	0.87
13	57002831	RS791165	RS9597388	PRUNED_LD	LD		MULTI	10931	2.391E-8	121	0.87
2	201225902	RS1975583	RS3769472	PRUNED_LD	LD		MULTI	10932	2.392E-8	94	0.66
6	31564167	RS2515919	RS431204	PRUNED_DISTANCE_FALLBACK	DISTANCE_FALLBACK		NA	10933	2.392E-8	14	
1	73887712	RS4557913	RS1160682	PRUNED_LD	LD		MULTI	10934	2.397E-8	53	0.76
1	73971450	RS2173735	RS1160682	PRUNED_LD	LD		MULTI	10935	2.397E-8	53	0.6
11	113392994	RS2514218	RS10736470	PRUNED_LD	LD		MULTI	10936	2.397E-8	143	0.5
2	58092395	RS2717070	RS1356545	PRUNED_LD	LD		MULTI	10937	2.398E-8	39	0.76
5	152338061	RS4958599	RS17488630	PRUNED_LD	LD		EUR	10938	2.399E-8	112	0.76
6	29699055	RS2523403	RS547591961	PRUNED_DISTANCE_FALLBACK	DISTANCE_FALLBACK		NA	10939	2.401E-8	13	
1	73909964	RS4113049	RS1160682	PRUNED_LD	LD		MULTI	10940	2.404E-8	53	0.66
5	45597039	RS10069510	RS4257782	PRUNED_LD	LD		MULTI	10941	2.405E-8	132	0.88
3	52903446	RS10865977	RS2245424	PRUNED_LD	LD		MULTI	10942	2.406E-8	99	0.68
5	45579692	RS2049656	RS4257782	PRUNED_LD	LD		MULTI	10943	2.406E-8	132	0.8
1	73888982	RS1338656	RS1160682	PRUNED_LD	LD		MULTI	10944	2.407E-8	53	0.76
1	73910157	RS12747728	RS1160682	PRUNED_LD	LD		MULTI	10945	2.407E-8	53	0.66
22	42534276	RS28570317	RS5751191	PRUNED_LD	LD		MULTI	10946	2.407E-8	69	0.48
1	73910055	RS4113050	RS1160682	PRUNED_LD	LD		MULTI	10947	2.411E-8	53	0.66
11	109357926	RS11213094	RS10890995	PRUNED_LD	LD		MULTI	10948	2.415E-8	153	0.93
11	109356443	RS11600810	RS10890995	PRUNED_LD	LD		MULTI	10949	2.416E-8	153	0.93
22	42517689	RS6002625	RS5751191	PRUNED_LD	LD		MULTI	10950	2.421E-8	69	0.54
13	57054331	RS7994712	RS7994712	SELECTED_LEAD	LD	OK		10951	2.423E-8	176	
2	200032842	RS2345460	RS1451488	PRUNED_LD	LD		MULTI	10952	2.428E-8	88	0.87
5	45596159	RS2005147	RS4257782	PRUNED_LD	LD		MULTI	10953	2.43E-8	132	0.87
5	152309801	RS7736377	RS17488630	PRUNED_LD	LD		EUR	10954	2.434E-8	112	0.79
6	30069835	RS1108053	RS547591961	PRUNED_DISTANCE_FALLBACK	DISTANCE_FALLBACK		NA	10955	2.435E-8	13	
3	45339907	RS76952894	RS76952894	SELECTED_LEAD	LD	OK_LOCAL_CACHE		10956	2.437E-8	177	
8	130877770	RS384752	RS298607	PRUNED_LD	LD		MULTI	10957	2.438E-8	169	0.96
15	59073790	RS17190727	RS793571	PRUNED_LD	LD		EUR	10958	2.439E-8	52	0.45
1	98405856	RS4322261	RS4950119	PRUNED_LD	LD		MULTI	10959	2.441E-8	47	0.84
1	73891887	RS4998957	RS1160682	PRUNED_LD	LD		MULTI	10960	2.442E-8	53	0.73
7	1953897	RS2056478	RS12154473	PRUNED_LD	LD		MULTI	10961	2.443E-8	51	0.51
12	29916839	RS436124	RS721617	PRUNED_LD	LD		MULTI	10962	2.444E-8	160	0.92
13	57002185	RS791163	RS9597388	PRUNED_LD	LD		MULTI	10963	2.445E-8	121	0.87
12	123632367	RS58991895	RS4460848	PRUNED_LD	LD		ASN	10964	2.446E-8	34	0.84
1	73892420	RS4636406	RS1160682	PRUNED_LD	LD		MULTI	10965	2.447E-8	53	0.76
8	130858156	RS423915	RS298607	PRUNED_LD	LD		MULTI	10966	2.447E-8	169	0.94
15	85200946	RS2175567	RS11638554	PRUNED_LD	LD		MULTI	10967	2.45E-8	85	0.83
13	57056252	RS7331618	RS9597388	PRUNED_LD	LD		MULTI	10968	2.451E-8	121	0.63
17	44812188	RS199447	RS199456	PRUNED_LD	LD		MULTI	10969	2.453E-8	175	1
5	152288222	RS4958592	RS17488630	PRUNED_LD	LD		EUR	10970	2.453E-8	112	0.79
13	57064904	RS9527523	RS9597388	PRUNED_LD	LD		MULTI	10971	2.459E-8	121	0.62
13	57093657	RS9527527	RS9597388	PRUNED_LD	LD		MULTI	10972	2.459E-8	121	0.58
5	45598041	RS113595177	RS113595177	SELECTED_LEAD	DISTANCE_FALLBACK	NO_LD_RESPONSE		10973	2.469E-8	178	
8	130877818	RS383209	RS298607	PRUNED_LD	LD		MULTI	10974	2.469E-8	169	0.96
13	56952664	RS2784012	RS9597388	PRUNED_LD	LD		MULTI	10975	2.475E-8	121	1
17	44787313	RS538628	RS560050580	PRUNED_DISTANCE_FALLBACK	DISTANCE_FALLBACK		NA	10976	2.479E-8	111	
1	73889110	RS11210237	RS1160682	PRUNED_LD	LD		MULTI	10977	2.48E-8	53	0.76
6	32575493	RS486912	6:32634952_G_T	PRUNED_DISTANCE_FALLBACK	DISTANCE_FALLBACK		NA	10978	2.481E-8	33	
13	57055566	RS1578506	RS9597388	PRUNED_LD	LD		MULTI	10979	2.484E-8	121	0.63
1	73892579	RS1538375	RS1160682	PRUNED_LD	LD		MULTI	10980	2.486E-8	53	0.76
18	53768975	RS1792709	RS715170	PRUNED_LD	LD		MULTI	10981	2.489E-8	147	0.93
12	2321820	RS11062157	RS1860002	PRUNED_LD	LD		EUR	10982	2.492E-8	45	0.28
1	73892613	RS1538376	RS1160682	PRUNED_LD	LD		MULTI	10983	2.497E-8	53	0.76
3	45336706	RS113203323	RS76952894	PRUNED_LD	LD		MULTI	10984	2.498E-8	177	0.98
7	104653265	RS2192932	RS17777642	PRUNED_LD	LD		MULTI	10985	2.498E-8	78	0.69
13	57064251	RS8001834	RS9597388	PRUNED_LD	LD		MULTI	10986	2.506E-8	121	0.61
22	42420855	RS133346	RS5751191	PRUNED_LD	LD		MULTI	10987	2.506E-8	69	0.75
7	104744041	RS6967587	RS17777642	PRUNED_LD	LD		EUR	10988	2.509E-8	78	0.62
17	44790203	RS169201	RS560050580	PRUNED_DISTANCE_FALLBACK	DISTANCE_FALLBACK		NA	10989	2.51E-8	111	
5	60807886	RS2053694	RS6879809	PRUNED_LD	LD		MULTI	10990	2.51E-8	158	1
2	200031543	RS1376587	RS1451488	PRUNED_LD	LD		MULTI	10991	2.512E-8	88	0.88
1	73905524	RS6679389	RS1160682	PRUNED_LD	LD		MULTI	10992	2.517E-8	53	0.62
1	73892824	RS1416266	RS1160682	PRUNED_LD	LD		MULTI	10993	2.518E-8	53	0.76
1	73905414	RS12033505	RS1160682	PRUNED_LD	LD		MULTI	10994	2.52E-8	53	0.66
12	2287970	RS10848624	RS1860002	PRUNED_LD	LD		MULTI	10995	2.522E-8	45	0.37
2	200042808	RS4675353	RS1451488	PRUNED_LD	LD		MULTI	10996	2.523E-8	88	0.87
22	42435868	RS4822084	RS5751191	PRUNED_LD	LD		MULTI	10997	2.523E-8	69	0.79
2	201222403	RS2033804	RS3769472	PRUNED_LD	LD		MULTI	10998	2.525E-8	94	0.94
15	91427872	RS35346340	RS6226	PRUNED_LD	LD		EUR	10999	2.527E-8	41	0.21
1	73889941	RS1416274	RS1160682	PRUNED_LD	LD		MULTI	11000	2.529E-8	53	0.76
1	73944904	RS12239956	RS1160682	PRUNED_LD	LD		MULTI	11001	2.531E-8	53	0.63
8	38288566	RS7005874	RS10958683	PRUNED_LD	LD		MULTI	11002	2.531E-8	93	0.79
1	73977107	RS12026485	RS1160682	PRUNED_LD	LD		MULTI	11003	2.535E-8	53	0.61
7	104898337	RS4496901	RS12705304	PRUNED_LD	LD		MULTI	11004	2.536E-8	141	0.9
13	57053619	RS9537405	RS9597388	PRUNED_LD	LD		MULTI	11005	2.537E-8	121	0.61
13	57090830	RS10162048	RS9597388	PRUNED_LD	LD		MULTI	11006	2.539E-8	121	0.75
17	44773783	RS199441	RS560050580	PRUNED_DISTANCE_FALLBACK	DISTANCE_FALLBACK		NA	11007	2.539E-8	111	
1	73893148	RS4406595	RS1160682	PRUNED_LD	LD		MULTI	11008	2.541E-8	53	0.75
5	152288453	RS4262150	RS17488630	PRUNED_LD	LD		EUR	11009	2.544E-8	112	0.79
2	200031387	RS16831114	RS1451488	PRUNED_LD	LD		MULTI	11010	2.545E-8	88	0.88
11	113394035	RS12420205	RS12420205	SELECTED_LEAD	LD	OK		11011	2.548E-8	179	
1	73894150	RS12562533	RS1160682	PRUNED_LD	LD		MULTI	11012	2.552E-8	53	0.76
17	44793503	RS199439	RS560050580	PRUNED_DISTANCE_FALLBACK	DISTANCE_FALLBACK		NA	11013	2.562E-8	111	
2	201116853	RS77089299	RS3769472	PRUNED_LD	LD		EUR	11014	2.563E-8	94	0.23
8	38020408	RS55736052	RS76873509	PRUNED_LD	LD		MULTI	11015	2.563E-8	173	1
13	57054570	RS12430588	RS9597388	PRUNED_LD	LD		MULTI	11016	2.564E-8	121	0.62
1	73890390	RS7521446	RS1160682	PRUNED_LD	LD		MULTI	11017	2.565E-8	53	0.76
15	85200520	RS1051168	RS11638554	PRUNED_LD	LD		MULTI	11018	2.566E-8	85	0.83
17	44795469	RS199457	RS560050580	PRUNED_DISTANCE_FALLBACK	DISTANCE_FALLBACK		NA	11019	2.566E-8	111	
5	45597920	RS138035012	RS4257782	PRUNED_LD	LD		MULTI	11020	2.569E-8	132	0.88
1	73897381	RS6669843	RS1160682	PRUNED_LD	LD		MULTI	11021	2.57E-8	53	0.74
13	57054664	RS12428561	RS9597388	PRUNED_LD	LD		MULTI	11022	2.571E-8	121	0.63
22	42321251	RS7290134	RS5751191	PRUNED_LD	LD		ASN	11023	2.572E-8	69	0.66
6	29753370	RS528250461	RS547591961	PRUNED_DISTANCE_FALLBACK	DISTANCE_FALLBACK		NA	11024	2.576E-8	13	
13	57051206	RS9569475	RS9597388	PRUNED_LD	LD		MULTI	11025	2.577E-8	121	0.61
11	46342834	RS7476	RS12285419	PRUNED_LD	LD		MULTI	11026	2.58E-8	66	0.59
7	2184060	RS4721441	RS12154473	PRUNED_LD	LD		EUR	11027	2.58E-8	51	0.41
1	73890473	RS7519030	RS1160682	PRUNED_LD	LD		MULTI	11028	2.582E-8	53	0.76
12	123550813	RS585522	RS4460848	PRUNED_LD	LD		EUR	11029	2.582E-8	34	0.61
6	32565940	RS9270653	6:32634952_G_T	PRUNED_DISTANCE_FALLBACK	DISTANCE_FALLBACK		NA	11030	2.582E-8	33	
15	85337699	RS12903134	RS11638554	PRUNED_LD	LD		MULTI	11031	2.584E-8	85	0.66
12	123750895	RS1402275	RS4460848	PRUNED_LD	LD		EUR	11032	2.585E-8	34	0.64
8	143326821	RS4976983	RS4129585	PRUNED_LD	LD		MULTI	11033	2.588E-8	127	0.61
5	152282430	RS11167604	RS17488630	PRUNED_LD	LD		EUR	11034	2.589E-8	112	0.81
2	58049901	RS2717049	RS1356545	PRUNED_LD	LD		MULTI	11035	2.592E-8	39	0.72
2	145183851	RS13016542	RS13016542	SELECTED_LEAD	LD	OK_LOCAL_CACHE		11036	2.592E-8	180	
1	73897809	RS11210242	RS1160682	PRUNED_LD	LD		MULTI	11037	2.596E-8	53	0.74
14	72435633	RS12888760	RS714975	PRUNED_LD	LD		MULTI	11038	2.596E-8	138	0.69
1	73890886	RS61765512	RS1160682	PRUNED_LD	LD		MULTI	11039	2.598E-8	53	0.75
1	30429958	RS12740833	RS4949526	PRUNED_LD	LD		MULTI	11040	2.602E-8	106	0.99
15	91429176	RS7497304	RS7497304	SELECTED_LEAD	LD	OK_LOCAL_CACHE		11041	2.602E-8	181	
1	73974388	RS12742409	RS1160682	PRUNED_LD	LD		MULTI	11042	2.604E-8	53	0.58
1	73890900	RS61765513	RS1160682	PRUNED_LD	LD		MULTI	11043	2.608E-8	53	0.75
14	72415308	RS34729701	RS10137909	PRUNED_LD	LD		MULTI	11044	2.609E-8	114	0.34
7	2177190	RS3778996	RS12154473	PRUNED_LD	LD		EUR	11045	2.61E-8	51	0.41
8	143327128	RS4976984	RS4129585	PRUNED_LD	LD		MULTI	11046	2.61E-8	127	0.61
22	42339516	RS3752591	RS5751191	PRUNED_LD	LD		ASN	11047	2.611E-8	69	0.71
15	85201419	RS12904605	RS11638554	PRUNED_LD	LD		MULTI	11048	2.617E-8	85	0.84
3	180673936	RS1805604	RS12152501	PRUNED_LD	LD		MULTI	11049	2.617E-8	72	0.69
12	29917265	RS679087	RS721617	PRUNED_LD	LD		MULTI	11050	2.621E-8	160	0.86
14	72415335	RS35051666	RS10137909	PRUNED_LD	LD		MULTI	11051	2.622E-8	114	0.34
6	33389381	RS211456	RS9461856	PRUNED_LD	LD		MULTI	11052	2.625E-8	71	0.88
7	104952483	RS6466057	RS12705304	PRUNED_LD	LD		MULTI	11053	2.627E-8	141	0.9
1	73904937	RS2095794	RS1160682	PRUNED_LD	LD		MULTI	11054	2.628E-8	53	0.66
11	46361978	RS12273290	RS12285419	PRUNED_LD	LD		MULTI	11055	2.632E-8	66	0.73
7	104923929	RS6466053	RS12705304	PRUNED_LD	LD		MULTI	11056	2.633E-8	141	0.91
2	200034595	RS6755019	RS1451488	PRUNED_LD	LD		MULTI	11057	2.639E-8	88	0.87
12	29917266	RS672107	RS721617	PRUNED_LD	LD		MULTI	11058	2.64E-8	160	0.86
3	180672927	RS35751112	RS12152501	PRUNED_LD	LD		MULTI	11059	2.643E-8	72	0.69
10	18680963	RS2148184	RS7071123	PRUNED_LD	LD		EUR	11060	2.645E-8	77	0.65
13	57051841	RS8002050	RS9597388	PRUNED_LD	LD		MULTI	11061	2.651E-8	121	0.58
18	77685520	RS12968139	RS55858161	PRUNED_LD	LD		EUR	11062	2.651E-8	87	0.24
17	44817408	RS199445	RS199456	PRUNED_LD	LD		MULTI	11063	2.652E-8	175	1
5	152278906	RS7713322	RS17488630	PRUNED_LD	LD		EUR	11064	2.655E-8	112	0.81
1	73890737	RS61765511	RS1160682	PRUNED_LD	LD		MULTI	11065	2.66E-8	53	0.76
13	57071989	RS13378557	RS9597388	PRUNED_LD	LD		MULTI	11066	2.665E-8	121	0.8
6	26336300	RS989133	RS71557335	PRUNED_DISTANCE_FALLBACK	DISTANCE_FALLBACK		NA	11067	2.666E-8	29	
7	1953571	RS12536261	RS12154473	PRUNED_LD	LD		MULTI	11068	2.666E-8	51	0.51
2	58093903	RS10445894	RS1356545	PRUNED_LD	LD		MULTI	11069	2.668E-8	39	0.76
1	73894459	RS12565386	RS1160682	PRUNED_LD	LD		MULTI	11070	2.671E-8	53	0.74
5	152288508	RS4262151	RS17488630	PRUNED_LD	LD		EUR	11071	2.674E-8	112	0.8
6	26743718	RS2046862	RS13215879	PRUNED_DISTANCE_FALLBACK	DISTANCE_FALLBACK		NA	11072	2.675E-8	22	
3	52895785	RS12487379	RS13083798	PRUNED_LD	LD		MULTI	11073	2.677E-8	42	0.36
22	42459622	RS2413666	RS5751191	PRUNED_LD	LD		MULTI	11074	2.683E-8	69	0.6
22	42428727	RS133349	RS5751191	PRUNED_LD	LD		MULTI	11075	2.685E-8	69	0.8
14	72440615	RS2877774	RS714975	PRUNED_LD	LD		MULTI	11076	2.69E-8	138	0.69
6	26286468	RS56763414	RS71557335	PRUNED_DISTANCE_FALLBACK	DISTANCE_FALLBACK		NA	11077	2.691E-8	29	
1	73894065	RS12569115	RS1160682	PRUNED_LD	LD		MULTI	11078	2.697E-8	53	0.75
22	42534126	RS28515621	RS5751191	PRUNED_LD	LD		MULTI	11079	2.697E-8	69	0.48
6	26275649	RS12665035	RS71557335	PRUNED_DISTANCE_FALLBACK	DISTANCE_FALLBACK		NA	11080	2.703E-8	29	
5	152288557	RS4463219	RS17488630	PRUNED_LD	LD		EUR	11081	2.705E-8	112	0.8
8	38295928	RS9657190	RS10958683	PRUNED_LD	LD		MULTI	11082	2.705E-8	93	0.88
2	200035809	RS59097191	RS1451488	PRUNED_LD	LD		MULTI	11083	2.707E-8	88	0.87
6	73171881	RS1572209	RS1572209	SELECTED_LEAD	LD	OK_LOCAL_CACHE		11084	2.709E-8	182	
7	104907017	RS3801278	RS12705304	PRUNED_LD	LD		MULTI	11085	2.71E-8	141	0.89
14	72415426	RS35858041	RS10137909	PRUNED_LD	LD		MULTI	11086	2.712E-8	114	0.34
5	152334841	RS72806705	RS17488630	PRUNED_LD	LD		EUR	11087	2.712E-8	112	0.77
13	57063548	RS9569476	RS9597388	PRUNED_LD	LD		MULTI	11088	2.713E-8	121	0.62
6	32631418	6:32631418_A_G	6:32634952_G_T	PRUNED_DISTANCE_FALLBACK	DISTANCE_FALLBACK		NA	11089	2.713E-8	33	
2	200041124	RS56317974	RS1451488	PRUNED_LD	LD		MULTI	11090	2.714E-8	88	0.87
5	60765587	RS6895046	RS6879809	PRUNED_LD	LD		MULTI	11091	2.721E-8	158	0.98
13	57096187	RS9591766	RS9597388	PRUNED_LD	LD		MULTI	11092	2.722E-8	121	0.75
2	200035920	RS59447251	RS1451488	PRUNED_LD	LD		MULTI	11093	2.726E-8	88	0.87
2	200040295	RS6750308	RS1451488	PRUNED_LD	LD		MULTI	11094	2.729E-8	88	0.87
15	85226652	RS8041103	RS11638554	PRUNED_LD	LD		MULTI	11095	2.73E-8	85	0.6
5	152333304	RS72806703	RS17488630	PRUNED_LD	LD		EUR	11096	2.733E-8	112	0.77
1	73914157	RS12037168	RS1160682	PRUNED_LD	LD		MULTI	11097	2.734E-8	53	0.66
7	1955152	RS4421257	RS12154473	PRUNED_LD	LD		MULTI	11098	2.742E-8	51	0.49
15	58974904	RS4775087	RS793571	PRUNED_LD	LD		EUR	11099	2.747E-8	52	0.31
12	123746357	RS4759416	RS4460848	PRUNED_LD	LD		EUR	11100	2.749E-8	34	0.64
13	57061958	RS9316860	RS9597388	PRUNED_LD	LD		MULTI	11101	2.749E-8	121	0.82
12	29930883	RS10843506	RS721617	PRUNED_LD	LD		MULTI	11102	2.751E-8	160	0.98
2	200036804	RS1470755	RS1451488	PRUNED_LD	LD		MULTI	11103	2.76E-8	88	0.87
12	29917641	RS439639	RS721617	PRUNED_LD	LD		MULTI	11104	2.762E-8	160	0.92
3	180646027	RS1805569	RS12152501	PRUNED_LD	LD		MULTI	11105	2.769E-8	72	0.62
2	200040985	RS10177617	RS1451488	PRUNED_LD	LD		MULTI	11106	2.77E-8	88	0.87
6	32574171	RS615672	6:32634952_G_T	PRUNED_DISTANCE_FALLBACK	DISTANCE_FALLBACK		NA	11107	2.77E-8	33	
8	144252618	RS56843986	RS56843986	SELECTED_LEAD	LD	OK_LOCAL_CACHE		11108	2.772E-8	183	
12	2288945	RS2159102	RS1860002	PRUNED_LD	LD		MULTI	11109	2.773E-8	45	0.37
12	29931056	RS10843507	RS721617	PRUNED_LD	LD		MULTI	11110	2.773E-8	160	0.96
6	32604283	RS9272340	6:32634952_G_T	PRUNED_DISTANCE_FALLBACK	DISTANCE_FALLBACK		NA	11111	2.776E-8	33	
12	123746510	RS4759417	RS4460848	PRUNED_LD	LD		EUR	11112	2.778E-8	34	0.65
22	42442539	RS133358	RS5751191	PRUNED_LD	LD		MULTI	11113	2.781E-8	69	0.8
3	180646631	RS1805571	RS12152501	PRUNED_LD	LD		MULTI	11114	2.781E-8	72	0.69
14	72408202	RS35077074	RS10137909	PRUNED_LD	LD		ASN	11115	2.782E-8	114	0.24
3	180693504	RS1805606	RS12152501	PRUNED_LD	LD		MULTI	11116	2.783E-8	72	0.69
1	73893579	RS1338647	RS1160682	PRUNED_LD	LD		MULTI	11117	2.784E-8	53	0.75
12	123593485	RS7299943	RS4460848	PRUNED_LD	LD		MULTI	11118	2.784E-8	34	0.65
8	143328290	RS6985751	RS4129585	PRUNED_LD	LD		MULTI	11119	2.784E-8	127	0.61
3	180647263	RS1805572	RS12152501	PRUNED_LD	LD		MULTI	11120	2.787E-8	72	0.63
12	2285731	RS2238044	RS1860002	PRUNED_LD	LD		MULTI	11121	2.791E-8	45	0.37
1	73893609	RS1338648	RS1160682	PRUNED_LD	LD		MULTI	11122	2.793E-8	53	0.75
2	200038009	RS6742079	RS1451488	PRUNED_LD	LD		MULTI	11123	2.793E-8	88	0.87
1	73952123	RS7513375	RS1160682	PRUNED_LD	LD		MULTI	11124	2.794E-8	53	0.57
5	45789024	RS4455564	RS4257782	PRUNED_LD	LD		MULTI	11125	2.794E-8	132	0.88
1	73893632	RS1338649	RS1160682	PRUNED_LD	LD		MULTI	11126	2.796E-8	53	0.74
13	57089234	RS1341550	RS9597388	PRUNED_LD	LD		MULTI	11127	2.798E-8	121	0.58
6	32660741	RS9275241	6:32634952_G_T	PRUNED_DISTANCE_FALLBACK	DISTANCE_FALLBACK		NA	11128	2.8E-8	33	
3	63900477	RS7627690	RS6798742	PRUNED_LD	LD		MULTI	11129	2.804E-8	167	0.9
13	57097715	RS4533154	RS9597388	PRUNED_LD	LD		MULTI	11130	2.809E-8	121	0.58
2	200036454	RS4675342	RS1451488	PRUNED_LD	LD		MULTI	11131	2.809E-8	88	0.87
13	57036035	RS12853934	RS9597388	PRUNED_LD	LD		MULTI	11132	2.81E-8	121	0.84
1	73904211	RS4369181	RS1160682	PRUNED_LD	LD		MULTI	11133	2.813E-8	53	0.66
14	72450698	RS12893646	RS10137909	PRUNED_LD	LD		EUR	11134	2.82E-8	114	0.23
6	32575391	RS2858866	6:32634952_G_T	PRUNED_DISTANCE_FALLBACK	DISTANCE_FALLBACK		NA	11135	2.82E-8	33	
7	104907507	RS917114	RS12705304	PRUNED_LD	LD		MULTI	11136	2.83E-8	141	0.89
3	45327748	RS77379825	RS76952894	PRUNED_LD	LD		MULTI	11137	2.831E-8	177	0.96
3	181011435	RS12633981	RS12152501	PRUNED_LD	LD		MULTI	11138	2.831E-8	72	0.6
22	42496829	RS6002609	RS5751191	PRUNED_LD	LD		MULTI	11139	2.832E-8	69	0.55
17	44018519	RS7210219	RS62057151	PRUNED_LD	LD		MULTI	11140	2.834E-8	96	1
7	111022481	RS37667	RS1541472	PRUNED_LD	LD		MULTI	11141	2.84E-8	120	0.53
2	200037468	RS6435004	RS1451488	PRUNED_LD	LD		MULTI	11142	2.842E-8	88	0.87
6	29942590	RS426483	RS547591961	PRUNED_DISTANCE_FALLBACK	DISTANCE_FALLBACK		NA	11143	2.846E-8	13	
15	91406188	RS7167085	RS6226	PRUNED_LD	LD		EUR	11144	2.848E-8	41	0.48
2	58051437	RS2717047	RS1356545	PRUNED_LD	LD		MULTI	11145	2.851E-8	39	0.71
7	110999503	RS37658	RS1541472	PRUNED_LD	LD		MULTI	11146	2.853E-8	120	0.52
7	137039328	RS320683	RS10954580	PRUNED_LD	LD		EUR	11147	2.86E-8	38	0.34
2	200036945	RS4675343	RS1451488	PRUNED_LD	LD		MULTI	11148	2.872E-8	88	0.87
6	29664637	RS3129085	RS547591961	PRUNED_DISTANCE_FALLBACK	DISTANCE_FALLBACK		NA	11149	2.872E-8	13	
15	85337800	RS35726233	RS11638554	PRUNED_LD	LD		MULTI	11150	2.881E-8	85	0.66
2	200035340	RS9973950	RS1451488	PRUNED_LD	LD		MULTI	11151	2.885E-8	88	0.87
17	44801784	RS199451	RS199456	PRUNED_LD	LD		MULTI	11152	2.886E-8	175	1
3	135965888	RS523118	RS1394094	PRUNED_LD	LD		MULTI	11153	2.887E-8	50	0.35
5	45946785	RS6451843	RS4257782	PRUNED_LD	LD		MULTI	11154	2.887E-8	132	0.77
3	135851077	RS10935177	RS9845457	PRUNED_LD	LD		MULTI	11155	2.89E-8	83	0.64
12	29921443	RS302317	RS721617	PRUNED_LD	LD		MULTI	11156	2.892E-8	160	0.92
3	45330051	RS112627313	RS76952894	PRUNED_LD	LD		MULTI	11157	2.893E-8	177	0.98
3	180696550	RS62291435	RS12152501	PRUNED_LD	LD		MULTI	11158	2.893E-8	72	0.68
22	42427949	RS133348	RS5751191	PRUNED_LD	LD		MULTI	11159	2.894E-8	69	0.73
2	200042097	RS7567954	RS1451488	PRUNED_LD	LD		MULTI	11160	2.895E-8	88	0.87
3	180659905	RS13071004	RS12152501	PRUNED_LD	LD		MULTI	11161	2.895E-8	72	0.6
6	32683653	RS3104411	6:32634952_G_T	PRUNED_DISTANCE_FALLBACK	DISTANCE_FALLBACK		NA	11162	2.896E-8	33	
7	1976667	RS2280548	RS12154473	PRUNED_LD	LD		MULTI	11163	2.896E-8	51	0.6
13	57070633	RS9597422	RS9597388	PRUNED_LD	LD		MULTI	11164	2.905E-8	121	0.81
5	45781872	RS10941703	RS4257782	PRUNED_LD	LD		MULTI	11165	2.905E-8	132	0.91
6	29788606	RS1610675	RS547591961	PRUNED_DISTANCE_FALLBACK	DISTANCE_FALLBACK		NA	11166	2.906E-8	13	
17	44819565	RS199443	RS199456	PRUNED_LD	LD		MULTI	11167	2.912E-8	175	1
6	28629873	RS6925714	RS539591970	PRUNED_DISTANCE_FALLBACK	DISTANCE_FALLBACK		NA	11168	2.92E-8	11	
12	29919054	RS302315	RS721617	PRUNED_LD	LD		MULTI	11169	2.927E-8	160	0.92
6	29788392	RS1155143	RS547591961	PRUNED_DISTANCE_FALLBACK	DISTANCE_FALLBACK		NA	11170	2.928E-8	13	
2	58075743	RS2716999	RS1356545	PRUNED_LD	LD		MULTI	11171	2.93E-8	39	0.71
6	29786644	RS1633047	RS547591961	PRUNED_DISTANCE_FALLBACK	DISTANCE_FALLBACK		NA	11172	2.935E-8	13	
6	29786420	RS1736948	RS547591961	PRUNED_DISTANCE_FALLBACK	DISTANCE_FALLBACK		NA	11173	2.94E-8	13	
7	138587479	RS4506138	RS10235212	PRUNED_LD	LD		EUR	11174	2.94E-8	148	0.72
11	133817792	RS507378	RS688500	PRUNED_LD	LD		MULTI	11175	2.942E-8	130	0.73
7	111039799	RS12705762	RS1541472	PRUNED_LD	LD		MULTI	11176	2.945E-8	120	0.81
3	180641807	RS34161981	RS12152501	PRUNED_LD	LD		MULTI	11177	2.949E-8	72	0.66
14	72449119	RS12896825	RS10137909	PRUNED_LD	LD		EUR	11178	2.953E-8	114	0.22
15	85200211	RS17598603	RS11638554	PRUNED_LD	LD		MULTI	11179	2.955E-8	85	0.84
1	73964312	RS11210266	RS1160682	PRUNED_LD	LD		MULTI	11180	2.957E-8	53	0.64
6	29787300	RS1633039	RS547591961	PRUNED_DISTANCE_FALLBACK	DISTANCE_FALLBACK		NA	11181	2.96E-8	13	
7	1976556	RS2280550	RS12154473	PRUNED_LD	LD		MULTI	11182	2.962E-8	51	0.6
18	77694294	RS2277724	RS55858161	PRUNED_LD	LD		EUR	11183	2.964E-8	87	0.24
5	152303127	RS4958595	RS17488630	PRUNED_LD	LD		EUR	11184	2.965E-8	112	0.76
7	110892851	RS1978247	RS1541472	PRUNED_LD	LD		MULTI	11185	2.976E-8	120	0.7
12	123873242	RS28533432	RS4460848	PRUNED_LD	LD		MULTI	11186	2.982E-8	34	0.34
13	57047873	RS9597420	RS9597388	PRUNED_LD	LD		MULTI	11187	2.982E-8	121	0.8
22	42442235	RS133357	RS5751191	PRUNED_LD	LD		MULTI	11188	2.985E-8	69	0.8
2	58048221	RS1915459	RS1356545	PRUNED_LD	LD		MULTI	11189	2.995E-8	39	0.72
2	201083534	RS79725795	RS3769472	PRUNED_LD	LD		EUR	11190	3.008E-8	94	0.27
6	29786005	RS1736950	RS547591961	PRUNED_DISTANCE_FALLBACK	DISTANCE_FALLBACK		NA	11191	3.013E-8	13	
22	42490967	RS5996108	RS5751191	PRUNED_LD	LD		MULTI	11192	3.017E-8	69	0.55
1	73991792	RS11210276	RS1160682	PRUNED_LD	LD		MULTI	11193	3.02E-8	53	0.6
1	73926994	RS12039430	RS1160682	PRUNED_LD	LD		MULTI	11194	3.023E-8	53	0.66
6	26288055	RS10946810	RS71557335	PRUNED_DISTANCE_FALLBACK	DISTANCE_FALLBACK		NA	11195	3.023E-8	29	
6	32595060	RS9271850	6:32634952_G_T	PRUNED_DISTANCE_FALLBACK	DISTANCE_FALLBACK		NA	11196	3.026E-8	33	
5	60742205	RS10041978	RS56219078	PRUNED_LD	LD		EUR	11197	3.027E-8	73	0.36
14	72449491	RS10483837	RS10137909	PRUNED_LD	LD		EUR	11198	3.036E-8	114	0.22
6	26965646	RS9467951	RS13215879	PRUNED_DISTANCE_FALLBACK	DISTANCE_FALLBACK		NA	11199	3.036E-8	22	
6	31241092	RS2523599	RS7748141	PRUNED_DISTANCE_FALLBACK	DISTANCE_FALLBACK		NA	11200	3.038E-8	24	
11	46398916	RS34406563	RS7108770	PRUNED_LD	LD		MULTI	11201	3.041E-8	65	0.87
7	104715490	RS10808141	RS17777642	PRUNED_LD	LD		EUR	11202	3.044E-8	78	0.63
7	104770386	RS6950620	RS17777642	PRUNED_LD	LD		EUR	11203	3.05E-8	78	0.59
18	53195249	RS7240986	RS9636107	PRUNED_LD	LD		EUR	11204	3.053E-8	101	0.62
1	73847802	RS7546305	RS1160682	PRUNED_LD	LD		MULTI	11205	3.062E-8	53	0.91
2	58049605	RS2717050	RS1356545	PRUNED_LD	LD		MULTI	11206	3.063E-8	39	0.72
2	200030731	RS12693881	RS1451488	PRUNED_LD	LD		MULTI	11207	3.073E-8	88	0.71
3	180636744	RS1011927	RS12152501	PRUNED_LD	LD		MULTI	11208	3.073E-8	72	0.59
19	19383755	RS10419245	RS2916074	PRUNED_LD	LD		MULTI	11209	3.074E-8	102	0.64
6	31413809	RS9267091	RS3094012	PRUNED_LD	LD		EUR	11210	3.075E-8	18	0.42
7	111069946	RS38751	RS1541472	PRUNED_LD	LD		MULTI	11211	3.078E-8	120	0.45
7	1976457	RS1801368	RS12154473	PRUNED_LD	LD		MULTI	11212	3.079E-8	51	0.6
8	27413986	RS56223946	RS56223946	SELECTED_LEAD	LD	OK_MIXED		11213	3.079E-8	184	
3	180664162	RS12186104	RS12152501	PRUNED_LD	LD		MULTI	11214	3.083E-8	72	0.69
8	143324721	RS12545056	RS4129585	PRUNED_LD	LD		MULTI	11215	3.086E-8	127	0.51
5	152280130	RS7702551	RS17488630	PRUNED_LD	LD		EUR	11216	3.091E-8	112	0.81
13	57066556	RS1361586	RS9597388	PRUNED_LD	LD		MULTI	11217	3.094E-8	121	0.81
6	27162175	RS1102565	RS13215879	PRUNED_DISTANCE_FALLBACK	DISTANCE_FALLBACK		NA	11218	3.099E-8	22	
5	152279610	RS9324737	RS17488630	PRUNED_LD	LD		EUR	11219	3.104E-8	112	0.8
8	143320790	RS10110368	RS10110368	SELECTED_LEAD	LD	OK		11220	3.104E-8	185	
6	33056788	RS9296075	6:32634952_G_T	PRUNED_DISTANCE_FALLBACK	DISTANCE_FALLBACK		NA	11221	3.106E-8	33	
6	32636756	RS2858302	6:32634952_G_T	PRUNED_DISTANCE_FALLBACK	DISTANCE_FALLBACK		NA	11222	3.108E-8	33	
13	57048112	RS9569474	RS9597388	PRUNED_LD	LD		MULTI	11223	3.112E-8	121	0.63
5	152338710	RS72806708	RS17488630	PRUNED_LD	LD		MULTI	11224	3.119E-8	112	0.77
13	57053759	RS9597421	RS9597388	PRUNED_LD	LD		MULTI	11225	3.123E-8	121	0.82
5	152286477	RS10056647	RS17488630	PRUNED_LD	LD		EUR	11226	3.123E-8	112	0.8
8	143324722	RS12545057	RS12545057	SELECTED_LEAD	LD	OK		11227	3.123E-8	186	
6	31840766	RS504653	RS431204	PRUNED_DISTANCE_FALLBACK	DISTANCE_FALLBACK		NA	11228	3.125E-8	14	
7	2180885	RS3778999	RS12154473	PRUNED_LD	LD		EUR	11229	3.127E-8	51	0.42
8	143320789	RS10092090	RS4129585	PRUNED_LD	LD		MULTI	11230	3.127E-8	127	0.53
5	152286739	RS13187261	RS17488630	PRUNED_LD	LD		EUR	11231	3.129E-8	112	0.81
8	143330576	RS6583611	RS4129585	PRUNED_LD	LD		MULTI	11232	3.129E-8	127	0.61
3	180657880	RS1805573	RS12152501	PRUNED_LD	LD		MULTI	11233	3.131E-8	72	0.68
3	180651723	RS13093137	RS12152501	PRUNED_LD	LD		MULTI	11234	3.147E-8	72	0.69
3	180662287	RS13083851	RS12152501	PRUNED_LD	LD		MULTI	11235	3.147E-8	72	0.67
3	180638885	RS9859769	RS12152501	PRUNED_LD	LD		MULTI	11236	3.154E-8	72	0.59
3	180658176	RS1805574	RS12152501	PRUNED_LD	LD		MULTI	11237	3.159E-8	72	0.69
2	200035225	RS1584661	RS1451488	PRUNED_LD	LD		MULTI	11238	3.162E-8	88	0.87
7	1953766	RS13224989	RS12154473	PRUNED_LD	LD		MULTI	11239	3.164E-8	51	0.51
15	85343980	RS35960805	RS11638554	PRUNED_LD	LD		MULTI	11240	3.166E-8	85	0.66
15	61887937	RS62008437	RS35351411	PRUNED_LD	LD		EUR	11241	3.168E-8	90	0.77
19	19380646	RS2074299	RS2916074	PRUNED_LD	LD		MULTI	11242	3.168E-8	102	0.64
8	143318092	RS7828451	RS4129585	PRUNED_LD	LD		MULTI	11243	3.168E-8	127	0.61
2	200035339	RS1584660	RS1451488	PRUNED_LD	LD		MULTI	11244	3.171E-8	88	0.87
20	37422726	RS4812272	RS6124079	PRUNED_LD	LD		MULTI	11245	3.171E-8	89	0.78
3	63914618	RS59971314	RS6798742	PRUNED_LD	LD		MULTI	11246	3.172E-8	167	0.9
5	152298890	RS112611903	RS112611903	SELECTED_LEAD	DISTANCE_FALLBACK	NO_LD_RESPONSE		11247	3.172E-8	187	
3	180647410	RS1805589	RS12152501	PRUNED_LD	LD		MULTI	11248	3.174E-8	72	0.69
8	144252432	RS56323065	RS56843986	PRUNED_LD	LD		MULTI	11249	3.176E-8	183	1
1	98549810	RS2802525	RS4950119	PRUNED_LD	LD		MULTI	11250	3.185E-8	47	0.93
6	32604963	RS9272408	6:32634952_G_T	PRUNED_DISTANCE_FALLBACK	DISTANCE_FALLBACK		NA	11251	3.185E-8	33	
8	27412605	RS113623975	RS113623975	SELECTED_LEAD	DISTANCE_FALLBACK	NO_LD_RESPONSE		11252	3.189E-8	188	
11	24372348	RS72874202	RS72874202	SELECTED_LEAD	LD	OK_LOCAL_CACHE		11253	3.191E-8	189	
6	30065149	RS1156533	RS547591961	PRUNED_DISTANCE_FALLBACK	DISTANCE_FALLBACK		NA	11254	3.194E-8	13	
15	91407994	RS7497418	RS6226	PRUNED_LD	LD		EUR	11255	3.197E-8	41	0.48
6	26815653	RS201154248	RS13215879	PRUNED_DISTANCE_FALLBACK	DISTANCE_FALLBACK		NA	11256	3.202E-8	22	
8	144250528	RS7830479	RS56843986	PRUNED_LD	LD		MULTI	11257	3.203E-8	183	1
10	3819714	RS1043009	RS17731	PRUNED_LD	LD		MULTI	11258	3.204E-8	157	0.97
3	136146030	RS6789488	RS1394094	PRUNED_LD	LD		MULTI	11259	3.211E-8	50	0.54
13	57077944	RS10507610	RS9597388	PRUNED_LD	LD		MULTI	11260	3.213E-8	121	0.8
12	123627905	RS77250160	RS4460848	PRUNED_LD	LD		ASN	11261	3.226E-8	34	0.78
3	180654916	RS756391	RS12152501	PRUNED_LD	LD		MULTI	11262	3.229E-8	72	0.69
14	72440976	RS929444	RS714975	PRUNED_LD	LD		MULTI	11263	3.235E-8	138	0.69
6	29790880	RS557851020	RS547591961	PRUNED_DISTANCE_FALLBACK	DISTANCE_FALLBACK		NA	11264	3.237E-8	13	
19	19381755	RS2074303	RS2916074	PRUNED_LD	LD		MULTI	11265	3.243E-8	102	0.64
6	29791561	RS1611159	RS547591961	PRUNED_DISTANCE_FALLBACK	DISTANCE_FALLBACK		NA	11266	3.245E-8	13	
3	180641664	RS16832165	RS12152501	PRUNED_LD	LD		MULTI	11267	3.25E-8	72	0.6
11	134562295	RS1944870	RS1944870	SELECTED_LEAD	LD	OK_LOCAL_CACHE		11268	3.251E-8	190	
7	1976863	RS2280546	RS12154473	PRUNED_LD	LD		MULTI	11269	3.251E-8	51	0.6
13	57064916	RS9591765	RS9597388	PRUNED_LD	LD		MULTI	11270	3.259E-8	121	0.81
14	99733384	RS1540840	RS1540840	SELECTED_LEAD	LD	OK_MIXED		11271	3.259E-8	191	
14	72467631	RS2238272	RS10137909	PRUNED_LD	LD		MULTI	11272	3.263E-8	114	0.89
8	144239660	RS7007949	RS56843986	PRUNED_LD	LD		MULTI	11273	3.263E-8	183	0.89
7	104971987	RS1204066	RS12705304	PRUNED_LD	LD		MULTI	11274	3.266E-8	141	0.9
12	123742563	RS4759371	RS4460848	PRUNED_LD	LD		EUR	11275	3.267E-8	34	0.67
12	123742093	RS1533703	RS4460848	PRUNED_LD	LD		EUR	11276	3.269E-8	34	0.67
12	123745359	RS2337934	RS4460848	PRUNED_LD	LD		EUR	11277	3.27E-8	34	0.65
13	56992893	RS806471	RS9597388	PRUNED_LD	LD		MULTI	11278	3.27E-8	121	0.81
8	143320717	RS7465677	RS4129585	PRUNED_LD	LD		MULTI	11279	3.272E-8	127	0.61
3	180664042	RS9879060	RS12152501	PRUNED_LD	LD		MULTI	11280	3.278E-8	72	0.63
7	104972174	RS2040914	RS12705304	PRUNED_LD	LD		MULTI	11281	3.286E-8	141	0.9
19	19390497	RS8101938	RS2916074	PRUNED_LD	LD		MULTI	11282	3.287E-8	102	0.66
4	30814699	RS2121656	RS2121656	SELECTED_LEAD	LD	OK_LOCAL_CACHE		11283	3.292E-8	192	
8	143320276	RS10464987	RS4129585	PRUNED_LD	LD		MULTI	11284	3.292E-8	127	0.61
7	104664879	RS6948885	RS17777642	PRUNED_LD	LD		MULTI	11285	3.299E-8	78	0.7
8	143306952	RS11787519	RS4129585	PRUNED_LD	LD		EUR	11286	3.3E-8	127	0.51
6	29791542	RS1611158	RS547591961	PRUNED_DISTANCE_FALLBACK	DISTANCE_FALLBACK		NA	11287	3.302E-8	13	
6	32575746	RS3021303	6:32634952_G_T	PRUNED_DISTANCE_FALLBACK	DISTANCE_FALLBACK		NA	11288	3.303E-8	33	
8	38299624	RS60527016	RS10958683	PRUNED_LD	LD		MULTI	11289	3.306E-8	93	0.81
19	19390749	RS2301784	RS2916074	PRUNED_LD	LD		MULTI	11290	3.308E-8	102	0.66
11	24369279	RS11027825	RS72874202	PRUNED_LD	LD		MULTI	11291	3.314E-8	189	0.98
6	32565905	RS9270652	6:32634952_G_T	PRUNED_DISTANCE_FALLBACK	DISTANCE_FALLBACK		NA	11292	3.314E-8	33	
15	85221993	RS34452033	RS11638554	PRUNED_LD	LD		MULTI	11293	3.317E-8	85	0.8
6	29791945	RS1611162	RS547591961	PRUNED_DISTANCE_FALLBACK	DISTANCE_FALLBACK		NA	11294	3.318E-8	13	
6	29793021	RS1736942	RS547591961	PRUNED_DISTANCE_FALLBACK	DISTANCE_FALLBACK		NA	11295	3.318E-8	13	
12	123741200	RS10773001	RS4460848	PRUNED_LD	LD		EUR	11296	3.321E-8	34	0.67
3	52978418	RS62253605	RS2245424	PRUNED_LD	LD		MULTI	11297	3.326E-8	99	0.58
19	19392401	RS2269873	RS2916074	PRUNED_LD	LD		MULTI	11298	3.339E-8	102	0.64
2	185778428	RS1344706	RS11693094	PRUNED_LD	LD		MULTI	11299	3.339E-8	107	0.69
2	58051769	RS12185644	RS1356545	PRUNED_LD	LD		MULTI	11300	3.34E-8	39	0.72
22	42324622	RS12158335	RS5751191	PRUNED_LD	LD		ASN	11301	3.344E-8	69	0.66
19	19391402	RS6511026	RS2916074	PRUNED_LD	LD		MULTI	11302	3.347E-8	102	0.66
13	57086974	RS58328352	RS9597388	PRUNED_LD	LD		MULTI	11303	3.35E-8	121	0.74
3	36858583	RS75968099	RS9834970	PRUNED_LD	LD		EUR	11304	3.353E-8	144	0.52
8	143297312	RS11777164	RS4129585	PRUNED_LD	LD		EUR	11305	3.353E-8	127	0.47
15	85344550	RS12912388	RS11638554	PRUNED_LD	LD		MULTI	11306	3.357E-8	85	0.65
12	123741776	RS1969354	RS4460848	PRUNED_LD	LD		EUR	11307	3.36E-8	34	0.67
2	104976101	RS7585377	RS7585377	SELECTED_LEAD	LD	OK_LOCAL_CACHE		11308	3.363E-8	193	
17	44822662	RS199535	RS199456	PRUNED_LD	LD		MULTI	11309	3.367E-8	175	1
19	19387149	RS2017964	RS2916074	PRUNED_LD	LD		MULTI	11310	3.369E-8	102	0.64
7	1977906	RS4719366	RS12154473	PRUNED_LD	LD		MULTI	11311	3.37E-8	51	0.59
8	27419807	RS11778040	RS56223946	PRUNED_LD	LD		EUR	11312	3.375E-8	184	0.62
7	110896833	RS7804021	RS1541472	PRUNED_LD	LD		MULTI	11313	3.381E-8	120	0.7
3	135911172	RS7349597	RS9845457	PRUNED_LD	LD		MULTI	11314	3.385E-8	83	0.89
3	180667565	RS1805576	RS12152501	PRUNED_LD	LD		MULTI	11315	3.385E-8	72	0.63
5	137902339	RS1042665	RS10117	PRUNED_LD	LD		MULTI	11316	3.385E-8	105	0.84
3	180670235	RS741503	RS12152501	PRUNED_LD	LD		MULTI	11317	3.397E-8	72	0.63
7	104711711	RS11760317	RS17777642	PRUNED_LD	LD		EUR	11318	3.401E-8	78	0.63
6	32611663	RS9273016	6:32634952_G_T	PRUNED_DISTANCE_FALLBACK	DISTANCE_FALLBACK		NA	11319	3.403E-8	33	
1	98546821	RS2802529	RS4950119	PRUNED_LD	LD		MULTI	11320	3.404E-8	47	0.93
3	45328650	RS17635696	RS76952894	PRUNED_LD	LD		MULTI	11321	3.413E-8	177	0.96
3	180660778	RS13095562	RS12152501	PRUNED_LD	LD		MULTI	11322	3.426E-8	72	0.61
6	26291601	RS9379845	RS71557335	PRUNED_DISTANCE_FALLBACK	DISTANCE_FALLBACK		NA	11323	3.429E-8	29	
3	45324274	RS75364808	RS76952894	PRUNED_LD	LD		MULTI	11324	3.43E-8	177	0.96
3	180639252	RS1805567	RS12152501	PRUNED_LD	LD		MULTI	11325	3.433E-8	72	0.65
2	185460295	RS11888068	RS11693094	PRUNED_LD	LD		MULTI	11326	3.439E-8	107	0.33
6	26295926	RS9393698	RS71557335	PRUNED_DISTANCE_FALLBACK	DISTANCE_FALLBACK		NA	11327	3.441E-8	29	
3	45307320	RS17635268	RS76952894	PRUNED_LD	LD		MULTI	11328	3.454E-8	177	0.93
5	60751467	RS10939903	RS56219078	PRUNED_LD	LD		EUR	11329	3.454E-8	73	0.35
6	33444074	RS9366821	RS9461856	PRUNED_LD	LD		MULTI	11330	3.455E-8	71	0.86
1	73725998	RS12136984	RS1160682	PRUNED_LD	LD		MULTI	11331	3.459E-8	53	0.63
17	55745993	RS12603880	RS12603880	SELECTED_LEAD	LD	OK_LOCAL_CACHE		11332	3.46E-8	194	
7	110854261	RS214463	RS1541472	PRUNED_LD	LD		MULTI	11333	3.461E-8	120	0.67
2	201078821	RS10445792	RS3769472	PRUNED_LD	LD		EUR	11334	3.47E-8	94	0.27
3	180673962	RS1805605	RS12152501	PRUNED_LD	LD		MULTI	11335	3.473E-8	72	0.69
14	72451099	RS71427144	RS10137909	PRUNED_LD	LD		EUR	11336	3.476E-8	114	0.22
3	180649595	RS28544188	RS12152501	PRUNED_LD	LD		MULTI	11337	3.484E-8	72	0.58
15	59016431	RS2555356	RS793571	PRUNED_LD	LD		EUR	11338	3.49E-8	52	0.38
3	180649596	RS35080573	RS12152501	PRUNED_LD	LD		MULTI	11339	3.502E-8	72	0.63
4	103373286	RS13116385	RS35518360	PRUNED_LD	LD		EUR	11340	3.503E-8	84	0.28
6	43160375	RS113113059	RS113113059	SELECTED_LEAD	LD	OK_LOCAL_CACHE		11341	3.506E-8	195	
12	123743674	RS4759415	RS4460848	PRUNED_LD	LD		EUR	11342	3.508E-8	34	0.65
6	32006621	RS6463	RS431204	PRUNED_DISTANCE_FALLBACK	DISTANCE_FALLBACK		NA	11343	3.508E-8	14	
15	59269263	RS34629633	RS793571	PRUNED_LD	LD		EUR	11344	3.514E-8	52	0.54
3	180635474	RS7622390	RS12152501	PRUNED_LD	LD		MULTI	11345	3.515E-8	72	0.59
19	19386015	RS8103496	RS2916074	PRUNED_LD	LD		MULTI	11346	3.518E-8	102	0.64
14	72421893	RS56067914	RS10137909	PRUNED_LD	LD		MULTI	11347	3.52E-8	114	0.35
8	143326402	RS8180914	RS4129585	PRUNED_LD	LD		MULTI	11348	3.521E-8	127	0.61
6	29938571	RS2571377	RS547591961	PRUNED_DISTANCE_FALLBACK	DISTANCE_FALLBACK		NA	11349	3.522E-8	13	
7	1931113	RS12669956	RS12154473	PRUNED_LD	LD		MULTI	11350	3.525E-8	51	0.49
7	104953466	RS6962856	RS12705304	PRUNED_LD	LD		MULTI	11351	3.527E-8	141	0.9
12	123745178	RS1980252	RS4460848	PRUNED_LD	LD		EUR	11352	3.532E-8	34	0.65
13	56832272	RS1335882	RS9597388	PRUNED_LD	LD		MULTI	11353	3.534E-8	121	0.32
3	136211960	RS12637102	RS1394094	PRUNED_LD	LD		MULTI	11354	3.541E-8	50	0.66
19	19385411	RS735273	RS2916074	PRUNED_LD	LD		MULTI	11355	3.545E-8	102	0.64
2	58053121	RS2947348	RS2947348	SELECTED_LEAD	LD	OK		11356	3.545E-8	196	
11	24373067	RS1372955	RS72874202	PRUNED_LD	LD		MULTI	11357	3.549E-8	189	0.96
3	180673354	RS1805603	RS12152501	PRUNED_LD	LD		MULTI	11358	3.553E-8	72	0.63
2	200035505	RS10931854	RS1451488	PRUNED_LD	LD		MULTI	11359	3.555E-8	88	0.79
7	138597036	RS3735013	RS10235212	PRUNED_LD	LD		MULTI	11360	3.558E-8	148	0.97
17	44824213	RS199534	RS199456	PRUNED_LD	LD		MULTI	11361	3.565E-8	175	1
3	180678965	RS35815802	RS12152501	PRUNED_LD	LD		MULTI	11362	3.579E-8	72	0.69
7	1954914	RS35797753	RS12154473	PRUNED_LD	LD		MULTI	11363	3.579E-8	51	0.48
7	2184505	RS3800922	RS12154473	PRUNED_LD	LD		EUR	11364	3.581E-8	51	0.4
6	29937262	RS2517672	RS547591961	PRUNED_DISTANCE_FALLBACK	DISTANCE_FALLBACK		NA	11365	3.586E-8	13	
6	29914533	RS376253	RS547591961	PRUNED_DISTANCE_FALLBACK	DISTANCE_FALLBACK		NA	11366	3.587E-8	13	
15	78863472	RS667282	RS3813567	PRUNED_LD	LD		MULTI	11367	3.589E-8	168	0.4
15	59270622	RS8026474	RS793571	PRUNED_LD	LD		EUR	11368	3.593E-8	52	0.54
5	152286204	RS4310018	RS17488630	PRUNED_LD	LD		EUR	11369	3.596E-8	112	0.81
8	144251049	RS7824786	RS56843986	PRUNED_LD	LD		MULTI	11370	3.601E-8	183	1
3	52831701	RS2240919	RS13083798	PRUNED_LD	LD		MULTI	11371	3.605E-8	42	0.57
13	57057021	RS4885974	RS9597388	PRUNED_LD	LD		MULTI	11372	3.611E-8	121	0.82
3	36856328	RS906482	RS9834970	PRUNED_LD	LD		EUR	11373	3.612E-8	144	0.68
3	180654807	RS10490806	RS12152501	PRUNED_LD	LD		MULTI	11374	3.615E-8	72	0.69
3	36864489	RS6550435	RS9834970	PRUNED_LD	LD		EUR	11375	3.616E-8	144	0.41
18	52733905	RS884285	RS12969453	PRUNED_LD	LD		MULTI	11376	3.619E-8	103	0.42
6	32608655	RS9272657	6:32634952_G_T	PRUNED_DISTANCE_FALLBACK	DISTANCE_FALLBACK		NA	11377	3.62E-8	33	
8	38295743	RS16887378	RS10958683	PRUNED_LD	LD		MULTI	11378	3.622E-8	93	0.87
6	105390567	RS314265	RS314265	SELECTED_LEAD	LD	OK_LOCAL_CACHE		11379	3.623E-8	197	
2	58083420	RS2953442	RS1356545	PRUNED_LD	LD		MULTI	11380	3.626E-8	39	0.66
10	104578531	RS284851	RS12219247	PRUNED_LD	LD		ASN	11381	3.627E-8	54	0.39
6	31298312	RS9265554	RS7748141	PRUNED_DISTANCE_FALLBACK	DISTANCE_FALLBACK		NA	11382	3.636E-8	24	
19	19373689	RS2074296	RS2916074	PRUNED_LD	LD		MULTI	11383	3.639E-8	102	0.63
2	58087739	RS2683626	RS1356545	PRUNED_LD	LD		MULTI	11384	3.649E-8	39	0.66
11	24373079	RS1372956	RS72874202	PRUNED_LD	LD		MULTI	11385	3.65E-8	189	0.96
3	45310542	RS11915916	RS76952894	PRUNED_LD	LD		MULTI	11386	3.655E-8	177	0.9
2	58053706	RS2953443	RS1356545	PRUNED_LD	LD		MULTI	11387	3.659E-8	39	0.74
7	138586781	RS10954637	RS10235212	PRUNED_LD	LD		EUR	11388	3.665E-8	148	0.72
1	73654543	RS11210176	RS1160682	PRUNED_LD	LD		MULTI	11389	3.668E-8	53	0.4
12	123733799	RS11057210	RS4460848	PRUNED_LD	LD		EUR	11390	3.671E-8	34	0.74
3	45317571	RS77174383	RS76952894	PRUNED_LD	LD		MULTI	11391	3.673E-8	177	0.96
7	1955435	RS2056481	RS12154473	PRUNED_LD	LD		MULTI	11392	3.675E-8	51	0.49
12	123619648	RS78856743	RS4460848	PRUNED_LD	LD		ASN	11393	3.679E-8	34	0.82
6	29711524	RS1610741	RS547591961	PRUNED_DISTANCE_FALLBACK	DISTANCE_FALLBACK		NA	11394	3.683E-8	13	
8	144250788	RS60195020	RS56843986	PRUNED_LD	LD		MULTI	11395	3.684E-8	183	1
3	52234203	RS352171	RS2276834	PRUNED_LD	LD		MULTI	11396	3.686E-8	63	0.71
15	85203392	RS11637728	RS11638554	PRUNED_LD	LD		MULTI	11397	3.689E-8	85	0.74
6	31107317	RS1265092	RS7748141	PRUNED_DISTANCE_FALLBACK	DISTANCE_FALLBACK		NA	11398	3.689E-8	24	
7	138587701	RS10230993	RS10235212	PRUNED_LD	LD		EUR	11399	3.695E-8	148	0.72
8	143313487	RS10100321	RS4129585	PRUNED_LD	LD		MULTI	11400	3.706E-8	127	0.61
1	73655313	RS12142152	RS1160682	PRUNED_LD	LD		MULTI	11401	3.71E-8	53	0.4
15	78870803	RS576982	RS3813567	PRUNED_LD	LD		MULTI	11402	3.715E-8	168	0.41
3	180700150	RS2601	RS12152501	PRUNED_LD	LD		MULTI	11403	3.715E-8	72	0.61
6	31231989	RS2853961	RS7748141	PRUNED_DISTANCE_FALLBACK	DISTANCE_FALLBACK		NA	11404	3.721E-8	24	
3	53071652	RS2581818	RS2245424	PRUNED_LD	LD		MULTI	11405	3.722E-8	99	0.46
19	19375883	RS10426780	RS2916074	PRUNED_LD	LD		MULTI	11406	3.724E-8	102	0.64
6	28662521	RS1319075	RS539591970	PRUNED_DISTANCE_FALLBACK	DISTANCE_FALLBACK		NA	11407	3.726E-8	11	
19	19387743	19:19387743_A_C	19:19449603_G_A	PRUNED_DISTANCE_FALLBACK	DISTANCE_FALLBACK		NA	11408	3.73E-8	159	
7	104741842	RS10953468	RS17777642	PRUNED_LD	LD		EUR	11409	3.73E-8	78	0.61
6	29938472	RS2523970	RS547591961	PRUNED_DISTANCE_FALLBACK	DISTANCE_FALLBACK		NA	11410	3.734E-8	13	
3	180668111	RS1805577	RS12152501	PRUNED_LD	LD		MULTI	11411	3.736E-8	72	0.69
6	26305623	RS61534839	RS71557335	PRUNED_DISTANCE_FALLBACK	DISTANCE_FALLBACK		NA	11412	3.738E-8	29	
1	98395881	RS4378243	RS4950119	PRUNED_LD	LD		MULTI	11413	3.742E-8	47	0.78
1	73846894	RS1923226	RS1160682	PRUNED_LD	LD		MULTI	11414	3.751E-8	53	0.94
8	143315080	RS7465167	RS4129585	PRUNED_LD	LD		MULTI	11415	3.764E-8	127	0.61
12	57490100	RS324015	RS324017	PRUNED_LD	LD		MULTI	11416	3.767E-8	140	0.94
2	200035506	RS10931855	RS1451488	PRUNED_LD	LD		MULTI	11417	3.775E-8	88	0.79
5	60843706	RS6898746	RS6879809	PRUNED_LD	LD		MULTI	11418	3.78E-8	158	0.99
12	123660100	RS79652218	RS4460848	PRUNED_LD	LD		ASN	11419	3.782E-8	34	0.96
8	144243392	RS7835528	RS56843986	PRUNED_LD	LD		MULTI	11420	3.788E-8	183	0.95
2	58087409	RS2717074	RS1356545	PRUNED_LD	LD		MULTI	11421	3.796E-8	39	0.66
1	30433405	RS267698	RS4949526	PRUNED_LD	LD		MULTI	11422	3.807E-8	106	1
3	53076755	RS9818819	RS2245424	PRUNED_LD	LD		MULTI	11423	3.807E-8	99	0.46
12	123719585	RS4759409	RS4460848	PRUNED_LD	LD		EUR	11424	3.809E-8	34	0.73
3	180610967	RS34315079	RS112011743	PRUNED_DISTANCE_FALLBACK	DISTANCE_FALLBACK		NA	11425	3.809E-8	81	
8	143314441	RS4976953	RS4129585	PRUNED_LD	LD		MULTI	11426	3.814E-8	127	0.61
3	180610908	RS13063712	RS112011743	PRUNED_DISTANCE_FALLBACK	DISTANCE_FALLBACK		NA	11427	3.815E-8	81	
11	130824213	RS10894293	RS961491	PRUNED_LD	LD		MULTI	11428	3.817E-8	44	0.59
7	1932151	RS11768206	RS12154473	PRUNED_LD	LD		MULTI	11429	3.817E-8	51	0.49
3	180665942	RS1805599	RS12152501	PRUNED_LD	LD		MULTI	11430	3.818E-8	72	0.63
3	45317710	RS74411626	RS76952894	PRUNED_LD	LD		MULTI	11431	3.82E-8	177	0.96
8	130869764	RS2663618	RS298607	PRUNED_LD	LD		MULTI	11432	3.823E-8	169	0.94
7	1950532	RS11764960	RS12154473	PRUNED_LD	LD		MULTI	11433	3.825E-8	51	0.5
6	29940814	RS2256922	RS547591961	PRUNED_DISTANCE_FALLBACK	DISTANCE_FALLBACK		NA	11434	3.844E-8	13	
2	201078307	RS10445791	RS3769472	PRUNED_LD	LD		EUR	11435	3.852E-8	94	0.27
8	130888404	RS298610	RS298607	PRUNED_LD	LD		MULTI	11436	3.853E-8	169	0.96
12	29928388	RS302321	RS721617	PRUNED_LD	LD		MULTI	11437	3.855E-8	160	0.93
8	89602539	RS13265056	RS13265056	SELECTED_LEAD	LD	OK_LOCAL_CACHE		11438	3.856E-8	198	
6	29938716	RS2517669	RS547591961	PRUNED_DISTANCE_FALLBACK	DISTANCE_FALLBACK		NA	11439	3.857E-8	13	
3	180632126	RS1805563	RS12152501	PRUNED_LD	LD		MULTI	11440	3.86E-8	72	0.59
20	37383370	RS6064986	RS6124079	PRUNED_LD	LD		MULTI	11441	3.861E-8	89	0.25
3	180702240	RS1051411	RS12152501	PRUNED_LD	LD		MULTI	11442	3.863E-8	72	0.61
6	26843315	RS2004168	RS13215879	PRUNED_DISTANCE_FALLBACK	DISTANCE_FALLBACK		NA	11443	3.87E-8	22	
5	152289810	RS4285285	RS17488630	PRUNED_LD	LD		EUR	11444	3.872E-8	112	0.8
3	45306634	RS17635239	RS76952894	PRUNED_LD	LD		MULTI	11445	3.878E-8	177	0.93
7	105004968	RS12705308	RS12705304	PRUNED_LD	LD		MULTI	11446	3.878E-8	141	0.9
1	73843468	RS1923225	RS1160682	PRUNED_LD	LD		MULTI	11447	3.89E-8	53	0.96
3	63868777	RS704367	RS6798742	PRUNED_LD	LD		MULTI	11448	3.89E-8	167	0.9
2	57950346	RS4671319	RS1356545	PRUNED_LD	LD		MULTI	11449	3.891E-8	39	0.41
6	29763303	RS78960639	RS547591961	PRUNED_DISTANCE_FALLBACK	DISTANCE_FALLBACK		NA	11450	3.894E-8	13	
17	44270985	RS528572193	RS560050580	PRUNED_DISTANCE_FALLBACK	DISTANCE_FALLBACK		NA	11451	3.896E-8	111	
2	104976198	RS4535062	RS7585377	PRUNED_LD	LD		MULTI	11452	3.9E-8	193	1
6	32674952	RS9275521	6:32634952_G_T	PRUNED_DISTANCE_FALLBACK	DISTANCE_FALLBACK		NA	11453	3.902E-8	33	
2	57943567	RS2125924	RS1356545	PRUNED_LD	LD		MULTI	11454	3.907E-8	39	0.39
3	180651870	RS13097727	RS12152501	PRUNED_LD	LD		MULTI	11455	3.908E-8	72	0.69
7	111025948	RS12532143	RS1541472	PRUNED_LD	LD		MULTI	11456	3.911E-8	120	0.83
7	2184902	RS3779003	RS12154473	PRUNED_LD	LD		EUR	11457	3.923E-8	51	0.41
17	44025888	RS242559	RS62057151	PRUNED_LD	LD		EUR	11458	3.925E-8	96	0.52
6	30727785	RS3131035	RS1264353	PRUNED_LD	LD		EUR	11459	3.934E-8	15	0.36
6	29939978	RS2523959	RS547591961	PRUNED_DISTANCE_FALLBACK	DISTANCE_FALLBACK		NA	11460	3.943E-8	13	
3	180637665	RS11717953	RS12152501	PRUNED_LD	LD		MULTI	11461	3.945E-8	72	0.65
6	31238318	RS9264638	RS7748141	PRUNED_DISTANCE_FALLBACK	DISTANCE_FALLBACK		NA	11462	3.949E-8	24	
12	123734774	RS4268544	RS4460848	PRUNED_LD	LD		EUR	11463	3.965E-8	34	0.72
15	59263990	RS11633609	RS793571	PRUNED_LD	LD		EUR	11464	3.979E-8	52	0.55
12	29933069	RS7312697	RS721617	PRUNED_LD	LD		MULTI	11465	3.981E-8	160	0.98
6	29939952	RS2523960	RS547591961	PRUNED_DISTANCE_FALLBACK	DISTANCE_FALLBACK		NA	11466	3.982E-8	13	
3	180616616	RS35709455	RS112011743	PRUNED_DISTANCE_FALLBACK	DISTANCE_FALLBACK		NA	11467	3.986E-8	81	
6	105378954	RS7759938	RS314265	PRUNED_LD	LD		MULTI	11468	3.986E-8	197	0.98
6	29939248	RS2523965	RS547591961	PRUNED_DISTANCE_FALLBACK	DISTANCE_FALLBACK		NA	11469	3.988E-8	13	
3	180633485	RS1805564	RS12152501	PRUNED_LD	LD		MULTI	11470	3.99E-8	72	0.65
6	29799116	RS1611139	RS547591961	PRUNED_DISTANCE_FALLBACK	DISTANCE_FALLBACK		NA	11471	3.992E-8	13	
6	32668323	RS2858310	6:32634952_G_T	PRUNED_DISTANCE_FALLBACK	DISTANCE_FALLBACK		NA	11472	3.994E-8	33	
6	29796327	RS1130356	RS547591961	PRUNED_DISTANCE_FALLBACK	DISTANCE_FALLBACK		NA	11473	4.002E-8	13	
12	2363716	RS2239037	RS1860002	PRUNED_LD	LD		MULTI	11474	4.003E-8	45	0.47
6	29939544	RS2523962	RS547591961	PRUNED_DISTANCE_FALLBACK	DISTANCE_FALLBACK		NA	11475	4.003E-8	13	
14	72428634	RS17104975	RS10137909	PRUNED_LD	LD		MULTI	11476	4.005E-8	114	0.31
8	143317421	RS13438979	RS4129585	PRUNED_LD	LD		MULTI	11477	4.006E-8	127	0.57
7	104934271	RS66599006	RS12705304	PRUNED_LD	LD		MULTI	11478	4.008E-8	141	0.93
11	109289538	RS2212430	RS10890995	PRUNED_LD	LD		MULTI	11479	4.012E-8	153	0.88
6	29939483	RS2523963	RS547591961	PRUNED_DISTANCE_FALLBACK	DISTANCE_FALLBACK		NA	11480	4.021E-8	13	
2	104980678	RS62152281	RS7585377	PRUNED_LD	LD		MULTI	11481	4.031E-8	193	0.95
6	29939294	RS2523964	RS547591961	PRUNED_DISTANCE_FALLBACK	DISTANCE_FALLBACK		NA	11482	4.038E-8	13	
12	123730935	RS9795522	RS4460848	PRUNED_LD	LD		EUR	11483	4.044E-8	34	0.75
6	29915061	RS2248162	RS547591961	PRUNED_DISTANCE_FALLBACK	DISTANCE_FALLBACK		NA	11484	4.046E-8	13	
15	78868398	RS2456020	RS3813567	PRUNED_LD	LD		EUR	11485	4.049E-8	168	0.39
2	201052418	RS11688872	RS166845	PRUNED_LD	LD		MULTI	11486	4.055E-8	86	0.61
17	44248837	RS553586616	RS560050580	PRUNED_DISTANCE_FALLBACK	DISTANCE_FALLBACK		NA	11487	4.057E-8	111	
6	32581467	RS9271295	6:32634952_G_T	PRUNED_DISTANCE_FALLBACK	DISTANCE_FALLBACK		NA	11488	4.063E-8	33	
7	138584485	RS10954636	RS10235212	PRUNED_LD	LD		EUR	11489	4.064E-8	148	0.72
3	180623491	RS7645677	RS112011743	PRUNED_DISTANCE_FALLBACK	DISTANCE_FALLBACK		NA	11490	4.067E-8	81	
15	91429287	RS4932373	RS7497304	PRUNED_LD	LD		MULTI	11491	4.068E-8	181	1
6	32207959	RS393481	RS2071278	PRUNED_LD	LD		EUR	11492	4.07E-8	10	0.25
17	55737740	RS4793888	RS12603880	PRUNED_LD	LD		MULTI	11493	4.074E-8	194	0.99
6	28609097	RS1810619	RS539591970	PRUNED_DISTANCE_FALLBACK	DISTANCE_FALLBACK		NA	11494	4.076E-8	11	
3	180632030	RS1805584	RS12152501	PRUNED_LD	LD		MULTI	11495	4.078E-8	72	0.65
6	32668336	RS2647046	6:32634952_G_T	PRUNED_DISTANCE_FALLBACK	DISTANCE_FALLBACK		NA	11496	4.083E-8	33	
8	144239099	RS11787024	RS56843986	PRUNED_LD	LD		MULTI	11497	4.085E-8	183	0.68
6	32632659	6:32632659_C_T	6:32634952_G_T	PRUNED_DISTANCE_FALLBACK	DISTANCE_FALLBACK		NA	11498	4.091E-8	33	
8	143323847	RS7822799	RS4129585	PRUNED_LD	LD		MULTI	11499	4.091E-8	127	0.61
12	123730830	RS11057206	RS4460848	PRUNED_LD	LD		EUR	11500	4.093E-8	34	0.75
8	144240257	RS9694368	RS56843986	PRUNED_LD	LD		MULTI	11501	4.1E-8	183	0.87
8	143323109	RS7822538	RS4129585	PRUNED_LD	LD		MULTI	11502	4.101E-8	127	0.61
6	32561093	RS9270578	6:32634952_G_T	PRUNED_DISTANCE_FALLBACK	DISTANCE_FALLBACK		NA	11503	4.109E-8	33	
1	73760104	RS35641559	RS1160682	PRUNED_LD	LD		MULTI	11504	4.115E-8	53	0.88
3	53055842	RS2244461	RS2245424	PRUNED_LD	LD		MULTI	11505	4.122E-8	99	0.48
6	27773664	RS200480	RS200480	SELECTED_LEAD	LD	OK_LOCAL_CACHE		11506	4.123E-8	199	
8	143323017	RS7832212	RS4129585	PRUNED_LD	LD		MULTI	11507	4.13E-8	127	0.61
3	52558133	RS13621	RS13083798	PRUNED_LD	LD		MULTI	11508	4.132E-8	42	0.75
1	2372133	RS2494638	RS2494638	SELECTED_LEAD	LD	OK		11509	4.136E-8	200	
10	18707995	RS6482406	RS7071123	PRUNED_LD	LD		MULTI	11510	4.136E-8	77	0.86
6	29941184	RS2571376	RS547591961	PRUNED_DISTANCE_FALLBACK	DISTANCE_FALLBACK		NA	11511	4.139E-8	13	
8	143322564	RS11991896	RS4129585	PRUNED_LD	LD		MULTI	11512	4.141E-8	127	0.59
10	18549016	RS7099380	10:18716103_C_A	PRUNED_DISTANCE_FALLBACK	DISTANCE_FALLBACK		NA	11513	4.142E-8	155	
6	28905033	RS3131067	RS539591970	PRUNED_DISTANCE_FALLBACK	DISTANCE_FALLBACK		NA	11514	4.145E-8	11	
2	58052499	RS2683625	RS1356545	PRUNED_LD	LD		MULTI	11515	4.149E-8	39	0.74
7	2171704	RS4721429	RS12154473	PRUNED_LD	LD		EUR	11516	4.153E-8	51	0.41
17	44161470	RS80028338	RS560050580	PRUNED_DISTANCE_FALLBACK	DISTANCE_FALLBACK		NA	11517	4.159E-8	111	
2	201241935	RS295121	RS11685663	PRUNED_DISTANCE_FALLBACK	DISTANCE_FALLBACK		NA	11518	4.168E-8	170	
15	91410009	RS3759929	RS6226	PRUNED_LD	LD		EUR	11519	4.169E-8	41	0.48
5	152334776	RS111617189	RS17488630	PRUNED_LD	LD		EUR	11520	4.172E-8	112	0.77
2	201120987	RS55985986	RS3769472	PRUNED_LD	LD		MULTI	11521	4.179E-8	94	0.33
6	26322473	RS9358924	RS71557335	PRUNED_DISTANCE_FALLBACK	DISTANCE_FALLBACK		NA	11522	4.182E-8	29	
5	152335434	RS6863497	RS17488630	PRUNED_LD	LD		EUR	11523	4.186E-8	112	0.77
3	180614218	RS62291407	RS112011743	PRUNED_DISTANCE_FALLBACK	DISTANCE_FALLBACK		NA	11524	4.187E-8	81	
3	180614002	RS62291406	RS112011743	PRUNED_DISTANCE_FALLBACK	DISTANCE_FALLBACK		NA	11525	4.192E-8	81	
2	145141541	RS12991836	RS12991836	SELECTED_LEAD	LD	OK_LOCAL_CACHE		11526	4.196E-8	201	
8	130921271	RS1979477	RS298607	PRUNED_LD	LD		MULTI	11527	4.2E-8	169	0.94
3	180615583	RS34133935	RS112011743	PRUNED_DISTANCE_FALLBACK	DISTANCE_FALLBACK		NA	11528	4.204E-8	81	
2	201049386	RS55906940	RS166845	PRUNED_LD	LD		MULTI	11529	4.205E-8	86	0.61
18	52722378	RS56096694	RS12969453	PRUNED_LD	LD		MULTI	11530	4.206E-8	103	0.42
3	136229022	RS711976	RS1394094	PRUNED_LD	LD		MULTI	11531	4.206E-8	50	0.61
8	143297663	RS62512616	RS4129585	PRUNED_LD	LD		EUR	11532	4.208E-8	127	0.47
3	53054727	RS2581777	RS2245424	PRUNED_LD	LD		MULTI	11533	4.214E-8	99	0.51
6	29941400	RS2735078	RS547591961	PRUNED_DISTANCE_FALLBACK	DISTANCE_FALLBACK		NA	11534	4.214E-8	13	
3	136218930	RS900048	RS1394094	PRUNED_LD	LD		MULTI	11535	4.215E-8	50	0.61
3	45337120	RS76906489	RS76952894	PRUNED_LD	LD		MULTI	11536	4.218E-8	177	0.99
6	26262063	RS9358914	RS71557335	PRUNED_DISTANCE_FALLBACK	DISTANCE_FALLBACK		NA	11537	4.219E-8	29	
3	136080537	RS1711161	RS1394094	PRUNED_LD	LD		MULTI	11538	4.224E-8	50	0.42
3	180620256	RS13086336	RS112011743	PRUNED_DISTANCE_FALLBACK	DISTANCE_FALLBACK		NA	11539	4.225E-8	81	
2	58089124	RS2717072	RS1356545	PRUNED_LD	LD		MULTI	11540	4.229E-8	39	0.66
6	28897214	RS876737	RS539591970	PRUNED_DISTANCE_FALLBACK	DISTANCE_FALLBACK		NA	11541	4.231E-8	11	
6	32592628	RS9271662	6:32634952_G_T	PRUNED_DISTANCE_FALLBACK	DISTANCE_FALLBACK		NA	11542	4.233E-8	33	
10	18704632	RS6482397	RS7071123	PRUNED_LD	LD		MULTI	11543	4.245E-8	77	0.86
6	32681631	RS9275596	6:32634952_G_T	PRUNED_DISTANCE_FALLBACK	DISTANCE_FALLBACK		NA	11544	4.249E-8	33	
3	45337131	RS76081018	RS76952894	PRUNED_LD	LD		MULTI	11545	4.25E-8	177	0.99
5	152338040	RS4958598	RS17488630	PRUNED_LD	LD		EUR	11546	4.266E-8	112	0.76
12	123721177	RS10772998	RS4460848	PRUNED_LD	LD		EUR	11547	4.268E-8	34	0.75
8	143326650	RS12234969	RS4129585	PRUNED_LD	LD		MULTI	11548	4.269E-8	127	0.61
6	28877773	RS1794588	RS539591970	PRUNED_DISTANCE_FALLBACK	DISTANCE_FALLBACK		NA	11549	4.285E-8	11	
6	32671765	RS2856699	6:32634952_G_T	PRUNED_DISTANCE_FALLBACK	DISTANCE_FALLBACK		NA	11550	4.29E-8	33	
3	180630565	RS1805579	RS112011743	PRUNED_DISTANCE_FALLBACK	DISTANCE_FALLBACK		NA	11551	4.295E-8	81	
7	1921429	RS12669518	RS12154473	PRUNED_LD	LD		MULTI	11552	4.296E-8	51	0.47
3	136095035	RS571513	RS1394094	PRUNED_LD	LD		MULTI	11553	4.299E-8	50	0.51
15	61864076	RS17270962	RS35351411	PRUNED_LD	LD		MULTI	11554	4.306E-8	90	0.76
22	42457912	RS2013960	RS5751191	PRUNED_LD	LD		MULTI	11555	4.306E-8	69	0.74
6	30728360	RS3094122	RS1264353	PRUNED_LD	LD		EUR	11556	4.324E-8	15	0.3
1	73847138	RS11210218	RS1160682	PRUNED_LD	LD		MULTI	11557	4.326E-8	53	0.94
11	109285519	RS2186673	RS10890995	PRUNED_LD	LD		MULTI	11558	4.338E-8	153	0.86
17	43656627	17:43656627_T_C	RS382362	PRUNED_DISTANCE_FALLBACK	DISTANCE_FALLBACK		NA	11559	4.338E-8	137	
6	105383978	RS2095812	RS314265	PRUNED_LD	LD		MULTI	11560	4.343E-8	197	0.99
6	29715762	RS1633086	RS547591961	PRUNED_DISTANCE_FALLBACK	DISTANCE_FALLBACK		NA	11561	4.347E-8	13	
6	31331829	RS2523554	RS7748141	PRUNED_DISTANCE_FALLBACK	DISTANCE_FALLBACK		NA	11562	4.348E-8	24	
22	42364997	RS6519298	RS5751191	PRUNED_LD	LD		MULTI	11563	4.35E-8	69	0.99
6	26326182	RS62394769	RS71557335	PRUNED_DISTANCE_FALLBACK	DISTANCE_FALLBACK		NA	11564	4.35E-8	29	
8	144241914	RS62523388	RS56843986	PRUNED_LD	LD		MULTI	11565	4.362E-8	183	0.71
3	53054234	RS2581776	RS2245424	PRUNED_LD	LD		MULTI	11566	4.368E-8	99	0.51
6	32603526	RS9272271	6:32634952_G_T	PRUNED_DISTANCE_FALLBACK	DISTANCE_FALLBACK		NA	11567	4.371E-8	33	
6	32573539	RS74812635	6:32634952_G_T	PRUNED_DISTANCE_FALLBACK	DISTANCE_FALLBACK		NA	11568	4.372E-8	33	
3	53088790	RS11923593	RS2245424	PRUNED_LD	LD		MULTI	11569	4.38E-8	99	0.44
1	73835741	RS2340402	RS1160682	PRUNED_LD	LD		MULTI	11570	4.381E-8	53	0.96
2	185785791	RS11681373	RS11693094	PRUNED_LD	LD		MULTI	11571	4.385E-8	107	0.69
7	104984019	RS1204077	RS12705304	PRUNED_LD	LD		MULTI	11572	4.392E-8	141	0.86
6	33432160	RS1755048	RS9461856	PRUNED_LD	LD		MULTI	11573	4.394E-8	71	0.87
6	31333191	RS2853993	RS7748141	PRUNED_DISTANCE_FALLBACK	DISTANCE_FALLBACK		NA	11574	4.396E-8	24	
3	135933264	RS1279831	RS9845457	PRUNED_LD	LD		MULTI	11575	4.402E-8	83	0.77
7	2266384	RS4719462	RS4719462	SELECTED_LEAD	LD	OK_LOCAL_CACHE		11576	4.43E-8	202	
6	33401124	RS381847	RS381847	SELECTED_LEAD	LD	OK		11577	4.444E-8	203	
3	52821011	RS1042779	RS13083798	PRUNED_LD	LD		MULTI	11578	4.452E-8	42	0.64
15	78873119	RS569207	RS3813567	PRUNED_LD	LD		MULTI	11579	4.454E-8	168	0.42
3	52236077	RS352170	RS2276834	PRUNED_LD	LD		MULTI	11580	4.454E-8	63	0.72
6	105392382	RS314264	RS314265	PRUNED_LD	LD		MULTI	11581	4.456E-8	197	1
1	73772693	RS2180945	RS1160682	PRUNED_LD	LD		MULTI	11582	4.458E-8	53	0.92
6	29664452	RS3131886	RS547591961	PRUNED_DISTANCE_FALLBACK	DISTANCE_FALLBACK		NA	11583	4.459E-8	13	
5	45945880	RS35648163	RS4257782	PRUNED_LD	LD		MULTI	11584	4.46E-8	132	0.77
6	105392745	RS314263	RS314265	PRUNED_LD	LD		MULTI	11585	4.463E-8	197	1
14	72403219	RS12434220	RS10137909	PRUNED_LD	LD		MULTI	11586	4.467E-8	114	0.35
3	180592360	RS7630922	RS112011743	PRUNED_DISTANCE_FALLBACK	DISTANCE_FALLBACK		NA	11587	4.469E-8	81	
6	105377347	RS9391254	RS314265	PRUNED_LD	LD		MULTI	11588	4.477E-8	197	0.98
8	143327651	RS7820538	RS4129585	PRUNED_LD	LD		MULTI	11589	4.493E-8	127	0.61
12	123720391	RS111818294	RS4460848	PRUNED_LD	LD		ASN	11590	4.497E-8	34	0.85
18	77672533	RS11661232	RS55858161	PRUNED_LD	LD		MULTI	11591	4.497E-8	87	0.39
2	233555953	RS11675479	RS2293780	PRUNED_LD	LD		MULTI	11592	4.506E-8	43	0.68
3	180622375	RS7652884	RS112011743	PRUNED_DISTANCE_FALLBACK	DISTANCE_FALLBACK		NA	11593	4.506E-8	81	
6	29717902	RS1737082	RS547591961	PRUNED_DISTANCE_FALLBACK	DISTANCE_FALLBACK		NA	11594	4.509E-8	13	
6	31236567	RS1049281	RS7748141	PRUNED_DISTANCE_FALLBACK	DISTANCE_FALLBACK		NA	11595	4.518E-8	24	
6	31331037	RS2523558	RS7748141	PRUNED_DISTANCE_FALLBACK	DISTANCE_FALLBACK		NA	11596	4.523E-8	24	
8	27442127	RS73229090	RS56223946	PRUNED_LD	LD		EUR	11597	4.524E-8	184	0.74
8	143299996	RS3935729	RS4129585	PRUNED_LD	LD		EUR	11598	4.526E-8	127	0.45
18	77679006	RS3744879	RS55858161	PRUNED_LD	LD		MULTI	11599	4.533E-8	87	0.38
8	144245514	RS7386735	RS56843986	PRUNED_LD	LD		MULTI	11600	4.534E-8	183	0.73
2	58237405	RS4672228	RS1356545	PRUNED_LD	LD		MULTI	11601	4.539E-8	39	0.36
6	30794617	RS915664	RS7748141	PRUNED_DISTANCE_FALLBACK	DISTANCE_FALLBACK		NA	11602	4.54E-8	24	
3	36872224	RS3732384	RS9834970	PRUNED_LD	LD		EUR	11603	4.542E-8	144	0.42
1	73750422	RS12044218	RS1160682	PRUNED_LD	LD		MULTI	11604	4.544E-8	53	0.84
15	59264799	RS7183317	RS793571	PRUNED_LD	LD		EUR	11605	4.547E-8	52	0.55
7	111059886	RS38748	RS1541472	PRUNED_LD	LD		MULTI	11606	4.56E-8	120	0.49
3	36871993	RS3732386	RS9834970	PRUNED_LD	LD		EUR	11607	4.563E-8	144	0.42
12	123725827	RS11057204	RS4460848	PRUNED_LD	LD		EUR	11608	4.578E-8	34	0.74
12	123726834	RS7313483	RS4460848	PRUNED_LD	LD		EUR	11609	4.581E-8	34	0.72
8	130874791	RS167239	RS298607	PRUNED_LD	LD		MULTI	11610	4.585E-8	169	0.92
20	37461311	RS6015966	RS6124079	PRUNED_LD	LD		MULTI	11611	4.586E-8	89	0.73
20	37461354	RS6028157	RS6124079	PRUNED_LD	LD		MULTI	11612	4.591E-8	89	0.75
12	123726134	RS10846487	RS4460848	PRUNED_LD	LD		EUR	11613	4.594E-8	34	0.72
5	45963019	RS4490592	RS113595177	PRUNED_DISTANCE_FALLBACK	DISTANCE_FALLBACK		NA	11614	4.607E-8	178	
8	130874674	RS298611	RS298607	PRUNED_LD	LD		MULTI	11615	4.607E-8	169	0.95
8	143329736	RS6583610	RS4129585	PRUNED_LD	LD		MULTI	11616	4.614E-8	127	0.61
6	29723979	RS1737080	RS547591961	PRUNED_DISTANCE_FALLBACK	DISTANCE_FALLBACK		NA	11617	4.616E-8	13	
3	136348961	RS6784582	RS1394094	PRUNED_LD	LD		MULTI	11618	4.625E-8	50	0.41
3	180619924	RS13085612	RS112011743	PRUNED_DISTANCE_FALLBACK	DISTANCE_FALLBACK		NA	11619	4.626E-8	81	
6	29721738	RS1611296	RS547591961	PRUNED_DISTANCE_FALLBACK	DISTANCE_FALLBACK		NA	11620	4.631E-8	13	
1	98540744	RS1198594	RS4950119	PRUNED_LD	LD		MULTI	11621	4.632E-8	47	0.93
1	73755783	RS10890030	RS1160682	PRUNED_LD	LD		MULTI	11622	4.652E-8	53	0.88
6	32670464	RS2858305	6:32634952_G_T	PRUNED_DISTANCE_FALLBACK	DISTANCE_FALLBACK		NA	11623	4.653E-8	33	
6	28883943	RS3131098	RS539591970	PRUNED_DISTANCE_FALLBACK	DISTANCE_FALLBACK		NA	11624	4.655E-8	11	
17	44828931	RS199533	RS199456	PRUNED_LD	LD		MULTI	11625	4.664E-8	175	1
3	180608921	RS62291403	RS112011743	PRUNED_DISTANCE_FALLBACK	DISTANCE_FALLBACK		NA	11626	4.665E-8	81	
15	61862996	RS8042070	RS35351411	PRUNED_LD	LD		MULTI	11627	4.669E-8	90	0.76
6	32596966	RS6929398	6:32634952_G_T	PRUNED_DISTANCE_FALLBACK	DISTANCE_FALLBACK		NA	11628	4.674E-8	33	
1	73749283	RS11210195	RS1160682	PRUNED_LD	LD		MULTI	11629	4.676E-8	53	0.82
10	104280664	RS2145307	RS10786701	PRUNED_LD	LD		MULTI	11630	4.678E-8	91	0.59
8	143328639	RS34870209	RS4129585	PRUNED_LD	LD		MULTI	11631	4.689E-8	127	0.61
1	73751701	RS10890029	RS1160682	PRUNED_LD	LD		MULTI	11632	4.694E-8	53	0.85
1	98336823	RS11165922	RS11165922	SELECTED_LEAD	LD	OK_LOCAL_CACHE		11633	4.694E-8	204	
6	32670897	RS2647051	6:32634952_G_T	PRUNED_DISTANCE_FALLBACK	DISTANCE_FALLBACK		NA	11634	4.696E-8	33	
6	29335661	RS9257794	RS547591961	PRUNED_DISTANCE_FALLBACK	DISTANCE_FALLBACK		NA	11635	4.698E-8	13	
6	32670308	RS2856717	6:32634952_G_T	PRUNED_DISTANCE_FALLBACK	DISTANCE_FALLBACK		NA	11636	4.7E-8	33	
3	180619838	RS7635754	RS112011743	PRUNED_DISTANCE_FALLBACK	DISTANCE_FALLBACK		NA	11637	4.707E-8	81	
5	152339648	RS72806710	RS17488630	PRUNED_LD	LD		EUR	11638	4.708E-8	112	0.74
6	105388405	RS7766336	RS314265	PRUNED_LD	LD		MULTI	11639	4.708E-8	197	0.98
3	36872193	RS3732385	RS9834970	PRUNED_LD	LD		EUR	11640	4.713E-8	144	0.42
8	130900030	RS298618	RS298607	PRUNED_LD	LD		MULTI	11641	4.713E-8	169	0.99
4	103363860	RS13140033	RS35518360	PRUNED_LD	LD		EUR	11642	4.72E-8	84	0.28
6	26323132	RS9358926	RS71557335	PRUNED_DISTANCE_FALLBACK	DISTANCE_FALLBACK		NA	11643	4.725E-8	29	
8	143315247	RS4325022	RS4129585	PRUNED_LD	LD		MULTI	11644	4.736E-8	127	0.61
3	180623255	RS34796896	RS112011743	PRUNED_DISTANCE_FALLBACK	DISTANCE_FALLBACK		NA	11645	4.741E-8	81	
3	36871507	RS7652637	RS9834970	PRUNED_LD	LD		EUR	11646	4.747E-8	144	0.42
3	53077806	RS7613013	RS2245424	PRUNED_LD	LD		MULTI	11647	4.754E-8	99	0.46
5	45945301	RS7727331	RS4257782	PRUNED_LD	LD		MULTI	11648	4.77E-8	132	0.76
3	180625961	RS4854997	RS112011743	PRUNED_DISTANCE_FALLBACK	DISTANCE_FALLBACK		NA	11649	4.772E-8	81	
6	33403422	RS453590	RS9461856	PRUNED_LD	LD		MULTI	11650	4.778E-8	71	0.88
6	29940202	RS2523958	RS547591961	PRUNED_DISTANCE_FALLBACK	DISTANCE_FALLBACK		NA	11651	4.788E-8	13	
8	130853447	RS837065	RS298607	PRUNED_LD	LD		MULTI	11652	4.788E-8	169	0.91
3	180625279	RS35014965	RS112011743	PRUNED_DISTANCE_FALLBACK	DISTANCE_FALLBACK		NA	11653	4.794E-8	81	
7	104797450	RS10487150	RS17777642	PRUNED_LD	LD		EUR	11654	4.801E-8	78	0.53
22	42454950	RS1063392	RS5751191	PRUNED_LD	LD		MULTI	11655	4.81E-8	69	0.76
3	135933899	RS642075	RS9845457	PRUNED_LD	LD		MULTI	11656	4.813E-8	83	0.75
1	73796949	RS12036558	RS1160682	PRUNED_LD	LD		MULTI	11657	4.816E-8	53	0.96
1	73900932	RS11210247	RS1160682	PRUNED_LD	LD		MULTI	11658	4.819E-8	53	0.73
3	180624900	RS62291414	RS112011743	PRUNED_DISTANCE_FALLBACK	DISTANCE_FALLBACK		NA	11659	4.819E-8	81	
20	37476277	RS6093098	RS6124079	PRUNED_LD	LD		MULTI	11660	4.826E-8	89	0.74
6	29724939	RS1737078	RS547591961	PRUNED_DISTANCE_FALLBACK	DISTANCE_FALLBACK		NA	11661	4.828E-8	13	
1	73840341	RS12406253	RS1160682	PRUNED_LD	LD		MULTI	11662	4.835E-8	53	0.96
3	180590560	RS13074054	RS112011743	PRUNED_DISTANCE_FALLBACK	DISTANCE_FALLBACK		NA	11663	4.835E-8	81	
8	143328026	RS13256788	RS4129585	PRUNED_LD	LD		MULTI	11664	4.836E-8	127	0.61
17	44753350	RS117300236	RS560050580	PRUNED_DISTANCE_FALLBACK	DISTANCE_FALLBACK		NA	11665	4.848E-8	111	
6	29798803	RS1610696	RS547591961	PRUNED_DISTANCE_FALLBACK	DISTANCE_FALLBACK		NA	11666	4.854E-8	13	
3	52986012	RS36051354	RS2245424	PRUNED_LD	LD		MULTI	11667	4.863E-8	99	0.58
4	30825695	RS11946238	RS2121656	PRUNED_LD	LD		MULTI	11668	4.867E-8	192	0.98
15	78873976	RS637137	RS3813567	PRUNED_LD	LD		MULTI	11669	4.871E-8	168	0.42
6	105472320	RS221618	RS221618	SELECTED_LEAD	LD	OK		11670	4.872E-8	205	
7	1919539	RS4721146	RS12154473	PRUNED_LD	LD		MULTI	11671	4.872E-8	51	0.48
6	29664749	RS3129083	RS547591961	PRUNED_DISTANCE_FALLBACK	DISTANCE_FALLBACK		NA	11672	4.879E-8	13	
10	104967679	RS1773926	RS1163238	PRUNED_LD	LD		MULTI	11673	4.884E-8	55	0.78
7	1923695	RS11761270	RS12154473	PRUNED_LD	LD		MULTI	11674	4.884E-8	51	0.47
8	143317385	RS34643171	RS4129585	PRUNED_LD	LD		MULTI	11675	4.889E-8	127	0.61
1	73851213	RS12718437	RS1160682	PRUNED_LD	LD		MULTI	11676	4.894E-8	53	0.9
8	143316525	RS4976982	RS4129585	PRUNED_LD	LD		MULTI	11677	4.898E-8	127	0.6
8	143300814	RS3935704	RS4129585	PRUNED_LD	LD		EUR	11678	4.9E-8	127	0.45
8	143324399	RS6583607	RS4129585	PRUNED_LD	LD		MULTI	11679	4.904E-8	127	0.61
7	1965255	RS12671113	RS12154473	PRUNED_LD	LD		MULTI	11680	4.905E-8	51	0.54
15	59262700	RS62002476	RS793571	PRUNED_LD	LD		EUR	11681	4.911E-8	52	0.55
12	123460823	RS883563	RS4460848	PRUNED_LD	LD		EUR	11682	4.916E-8	34	0.55
7	137081525	RS1731947	RS10954580	PRUNED_LD	LD		MULTI	11683	4.92E-8	38	0.41
10	18698339	RS7084123	RS7071123	PRUNED_LD	LD		MULTI	11684	4.922E-8	77	0.72
3	180607245	RS62291400	RS112011743	PRUNED_DISTANCE_FALLBACK	DISTANCE_FALLBACK		NA	11685	4.928E-8	81	
10	104282861	RS4919656	RS10786701	PRUNED_LD	LD		MULTI	11686	4.929E-8	91	0.59
1	73829223	RS1923217	RS1160682	PRUNED_LD	LD		MULTI	11687	4.93E-8	53	0.96
4	167972084	RS10006554	RS10006554	SELECTED_LEAD	LD	OK_LOCAL_CACHE		11688	4.931E-8	206	
2	58117095	RS2678913	RS1356545	PRUNED_LD	LD		MULTI	11689	4.937E-8	39	0.43
15	78926726	RS12440014	RS3813567	PRUNED_LD	LD		MULTI	11690	4.939E-8	168	0.68
3	180590297	RS34312605	RS112011743	PRUNED_DISTANCE_FALLBACK	DISTANCE_FALLBACK		NA	11691	4.941E-8	81	
8	144239859	RS10109061	RS56843986	PRUNED_LD	LD		MULTI	11692	4.947E-8	183	0.87
6	29714060	RS1633087	RS547591961	PRUNED_DISTANCE_FALLBACK	DISTANCE_FALLBACK		NA	11693	4.956E-8	13	
6	29725724	RS1625695	RS547591961	PRUNED_DISTANCE_FALLBACK	DISTANCE_FALLBACK		NA	11694	4.958E-8	13	
6	29714413	RS1737086	RS547591961	PRUNED_DISTANCE_FALLBACK	DISTANCE_FALLBACK		NA	11695	4.959E-8	13	
8	143313386	RS12676511	RS4129585	PRUNED_LD	LD		MULTI	11696	4.959E-8	127	0.61
11	134580591	RS4937935	RS1944870	PRUNED_LD	LD		MULTI	11697	4.979E-8	190	0.77
14	99719680	RS10150710	RS2664308	PRUNED_LD	LD		MULTI	11698	4.979E-8	150	0.68
3	180613118	RS13098541	RS112011743	PRUNED_DISTANCE_FALLBACK	DISTANCE_FALLBACK		NA	11699	4.979E-8	81	
8	143314520	RS4976979	RS4129585	PRUNED_LD	LD		MULTI	11700	4.988E-8	127	0.61
8	143316403	RS59554395	RS4129585	PRUNED_LD	LD		MULTI	11701	4.991E-8	127	0.61
