query_snp	proxy_snp	ld_population	proxy_r2	source
RS66868086	RS66868086	EUR	1	PLINK2_1KG_DIRECT
RS66868086	RS10755642	EUR	0.119792	PLINK2_1KG_DIRECT
RS66868086	RS79743090	EUR	0.119236	PLINK2_1KG_DIRECT
RS66868086	RS4713049	EUR	0.117587	PLINK2_1KG_DIRECT
RS66868086	RS6907403	EUR	0.119236	PLINK2_1KG_DIRECT
RS66868086	RS10946865	EUR	0.119236	PLINK2_1KG_DIRECT
RS66868086	RS12189753	EUR	0.119236	PLINK2_1KG_DIRECT
RS66868086	RS12530345	EUR	0.119236	PLINK2_1KG_DIRECT
RS66868086	RS12664610	EUR	0.119236	PLINK2_1KG_DIRECT
RS66868086	RS9393768	EUR	0.119236	PLINK2_1KG_DIRECT
RS66868086	RS12176087	EUR	0.413514	PLINK2_1KG_DIRECT
RS66868086	RS10946868	EUR	0.119236	PLINK2_1KG_DIRECT
RS66868086	RS6928511	EUR	0.12148	PLINK2_1KG_DIRECT
RS66868086	RS6933132	EUR	0.120914	PLINK2_1KG_DIRECT
RS66868086	RS10946870	EUR	0.117587	PLINK2_1KG_DIRECT
RS66868086	RS11755326	EUR	0.120914	PLINK2_1KG_DIRECT
RS66868086	RS7768643	EUR	0.119236	PLINK2_1KG_DIRECT
RS66868086	RS7768763	EUR	0.119236	PLINK2_1KG_DIRECT
RS66868086	RS7768814	EUR	0.119236	PLINK2_1KG_DIRECT
RS66868086	RS7769520	EUR	0.119236	PLINK2_1KG_DIRECT
RS66868086	RS9366673	EUR	0.293113	PLINK2_1KG_DIRECT
RS66868086	RS71557378	EUR	0.804082	PLINK2_1KG_DIRECT
RS66868086	RS12203512	EUR	0.124527	PLINK2_1KG_DIRECT
RS66868086	RS12203782	EUR	0.124527	PLINK2_1KG_DIRECT
RS66868086	RS9379945	EUR	0.432618	PLINK2_1KG_DIRECT
RS66868086	RS6911401	EUR	0.124527	PLINK2_1KG_DIRECT
RS66868086	RS10946881	EUR	0.124527	PLINK2_1KG_DIRECT
RS66868086	RS7755054	EUR	0.135965	PLINK2_1KG_DIRECT
RS66868086	RS4711137	EUR	0.135295	PLINK2_1KG_DIRECT
RS66868086	RS80264589	EUR	0.804082	PLINK2_1KG_DIRECT
RS66868086	RS35173303	EUR	0.804082	PLINK2_1KG_DIRECT
RS66868086	RS10456344	EUR	0.123332	PLINK2_1KG_DIRECT
RS66868086	RS12203587	EUR	0.123332	PLINK2_1KG_DIRECT
RS66868086	RS10498732	EUR	0.123332	PLINK2_1KG_DIRECT
RS66868086	RS3931463	EUR	0.123332	PLINK2_1KG_DIRECT
RS66868086	RS3931464	EUR	0.123332	PLINK2_1KG_DIRECT
RS66868086	RS9393777	EUR	0.428672	PLINK2_1KG_DIRECT
RS66868086	RS66975207	EUR	0.86789	PLINK2_1KG_DIRECT
RS66868086	RS9379948	EUR	0.123332	PLINK2_1KG_DIRECT
RS66868086	RS7771289	EUR	0.12274	PLINK2_1KG_DIRECT
RS66868086	RS35869525	EUR	0.804082	PLINK2_1KG_DIRECT
RS66868086	RS4713062	EUR	0.126347	PLINK2_1KG_DIRECT
RS66868086	RS34816374	EUR	0.804082	PLINK2_1KG_DIRECT
RS66868086	RS9368480	EUR	0.135965	PLINK2_1KG_DIRECT
RS66868086	RS3999248	EUR	0.125736	PLINK2_1KG_DIRECT
RS66868086	RS9379950	EUR	0.130087	PLINK2_1KG_DIRECT
RS66868086	RS9348742	EUR	0.130087	PLINK2_1KG_DIRECT
RS66868086	RS9368483	EUR	0.130087	PLINK2_1KG_DIRECT
RS66868086	RS9467951	EUR	0.131365	PLINK2_1KG_DIRECT
RS66868086	RS9357028	EUR	0.130087	PLINK2_1KG_DIRECT
RS66868086	RS9467956	EUR	0.130087	PLINK2_1KG_DIRECT
RS66868086	RS9348746	EUR	0.131365	PLINK2_1KG_DIRECT
RS66868086	RS34864993	EUR	0.568694	PLINK2_1KG_DIRECT
RS66868086	RS10456350	EUR	0.127578	PLINK2_1KG_DIRECT
RS66868086	RS151153924	EUR	0.568694	PLINK2_1KG_DIRECT
RS66868086	RS13215879	EUR	0.609438	PLINK2_1KG_DIRECT
RS66868086	RS9357030	EUR	0.131365	PLINK2_1KG_DIRECT
RS66868086	RS56874662	EUR	0.568694	PLINK2_1KG_DIRECT
RS66868086	RS9379952	EUR	0.131365	PLINK2_1KG_DIRECT
RS66868086	RS36022097	EUR	0.568694	PLINK2_1KG_DIRECT
RS66868086	RS4358615	EUR	0.127578	PLINK2_1KG_DIRECT
RS66868086	RS35212793	EUR	0.568694	PLINK2_1KG_DIRECT
RS66868086	RS13217285	EUR	0.609438	PLINK2_1KG_DIRECT
RS66868086	RS35769282	EUR	0.568694	PLINK2_1KG_DIRECT
RS66868086	RS12661756	EUR	0.131365	PLINK2_1KG_DIRECT
RS66868086	RS57713596	EUR	0.568694	PLINK2_1KG_DIRECT
RS66868086	RS6930959	EUR	0.131365	PLINK2_1KG_DIRECT
RS66868086	RS35741362	EUR	0.588211	PLINK2_1KG_DIRECT
RS66868086	RS7775041	EUR	0.140785	PLINK2_1KG_DIRECT
RS66868086	RS6918835	EUR	0.138754	PLINK2_1KG_DIRECT
RS66868086	RS6456766	EUR	0.142256	PLINK2_1KG_DIRECT
RS66868086	RS72838268	EUR	0.263964	PLINK2_1KG_DIRECT
RS66868086	RS12215241	EUR	0.263964	PLINK2_1KG_DIRECT
RS66868086	RS10946899	EUR	0.232026	PLINK2_1KG_DIRECT
RS66868086	RS12190473	EUR	0.249501	PLINK2_1KG_DIRECT
RS66868086	RS12199218	EUR	0.24797	PLINK2_1KG_DIRECT
RS66868086	RS3922717	EUR	0.249501	PLINK2_1KG_DIRECT
RS66868086	RS13207365	EUR	0.249501	PLINK2_1KG_DIRECT
RS66868086	RS13191326	EUR	0.630201	PLINK2_1KG_DIRECT
RS66868086	RS12203454	EUR	0.249501	PLINK2_1KG_DIRECT
RS66868086	RS36048693	EUR	0.246453	PLINK2_1KG_DIRECT
RS66868086	RS12204280	EUR	0.249501	PLINK2_1KG_DIRECT
RS66868086	RS7764984	EUR	0.151383	PLINK2_1KG_DIRECT
RS66868086	RS12215773	EUR	0.263964	PLINK2_1KG_DIRECT
RS66868086	RS12190859	EUR	0.263964	PLINK2_1KG_DIRECT
RS66868086	RS35608615	EUR	0.630201	PLINK2_1KG_DIRECT
RS66868086	RS35526527	EUR	0.630201	PLINK2_1KG_DIRECT
RS66868086	RS6940638	EUR	0.263964	PLINK2_1KG_DIRECT
RS66868086	RS6904071	EUR	0.410323	PLINK2_1KG_DIRECT
RS66868086	RS34388707	EUR	0.410323	PLINK2_1KG_DIRECT
RS66868086	RS67092078	EUR	0.896549	PLINK2_1KG_DIRECT
RS66868086	RS9348750	EUR	0.141584	PLINK2_1KG_DIRECT
RS66868086	RS926300	EUR	0.410323	PLINK2_1KG_DIRECT
RS66868086	RS9467989	EUR	0.255775	PLINK2_1KG_DIRECT
RS66868086	RS72842197	EUR	0.410323	PLINK2_1KG_DIRECT
RS66868086	RS9348751	EUR	0.141584	PLINK2_1KG_DIRECT
RS66868086	RS55834529	EUR	0.881778	PLINK2_1KG_DIRECT
RS66868086	RS6933999	EUR	0.255775	PLINK2_1KG_DIRECT
RS66868086	RS6921388	EUR	0.141584	PLINK2_1KG_DIRECT
RS66868086	RS7745603	EUR	0.255775	PLINK2_1KG_DIRECT
RS66868086	RS6913660	EUR	0.410323	PLINK2_1KG_DIRECT
RS66868086	RS66462181	EUR	0.896549	PLINK2_1KG_DIRECT
RS66868086	RS2022272	EUR	0.129558	PLINK2_1KG_DIRECT
RS66868086	RS67330695	EUR	0.410323	PLINK2_1KG_DIRECT
RS66868086	RS9393790	EUR	0.148495	PLINK2_1KG_DIRECT
RS66868086	RS6925226	EUR	0.124358	PLINK2_1KG_DIRECT
RS66868086	RS7744759	EUR	0.141584	PLINK2_1KG_DIRECT
RS66868086	RS9379960	EUR	0.141584	PLINK2_1KG_DIRECT
RS66868086	RS61240102	EUR	0.410323	PLINK2_1KG_DIRECT
RS66868086	RS9295730	EUR	0.142256	PLINK2_1KG_DIRECT
RS66868086	RS1028308	EUR	0.141584	PLINK2_1KG_DIRECT
RS66868086	RS9393791	EUR	0.148495	PLINK2_1KG_DIRECT
RS66868086	RS9368489	EUR	0.254184	PLINK2_1KG_DIRECT
RS66868086	RS13219181	EUR	0.410323	PLINK2_1KG_DIRECT
RS66868086	RS9379961	EUR	0.255775	PLINK2_1KG_DIRECT
RS66868086	RS9461335	EUR	0.141584	PLINK2_1KG_DIRECT
RS66868086	RS6914824	EUR	0.410323	PLINK2_1KG_DIRECT
RS66868086	RS67540232	EUR	0.410323	PLINK2_1KG_DIRECT
RS66868086	RS35768595	EUR	0.896549	PLINK2_1KG_DIRECT
RS66868086	RS858964	EUR	0.129558	PLINK2_1KG_DIRECT
RS66868086	RS13194053	EUR	0.410323	PLINK2_1KG_DIRECT
RS66868086	RS9379962	EUR	0.255775	PLINK2_1KG_DIRECT
RS66868086	RS35565446	EUR	0.896549	PLINK2_1KG_DIRECT
RS66868086	RS911186	EUR	0.284408	PLINK2_1KG_DIRECT
RS66868086	RS34569203	EUR	0.410323	PLINK2_1KG_DIRECT
RS66868086	RS6934329	EUR	0.378278	PLINK2_1KG_DIRECT
RS66868086	RS35909544	EUR	0.630201	PLINK2_1KG_DIRECT
RS66868086	RS34783558	EUR	0.410323	PLINK2_1KG_DIRECT
RS66868086	RS34817112	EUR	0.622838	PLINK2_1KG_DIRECT
RS66868086	RS56862318	EUR	0.622838	PLINK2_1KG_DIRECT
RS66868086	RS13219354	EUR	0.622838	PLINK2_1KG_DIRECT
RS66868086	RS3800307	EUR	0.323043	PLINK2_1KG_DIRECT
RS66868086	RS13211901	EUR	0.323043	PLINK2_1KG_DIRECT
RS66868086	RS67457459	EUR	0.622838	PLINK2_1KG_DIRECT
RS66868086	RS13212921	EUR	0.615627	PLINK2_1KG_DIRECT
RS66868086	RS9393795	EUR	0.140785	PLINK2_1KG_DIRECT
RS66868086	RS35589403	EUR	0.320746	PLINK2_1KG_DIRECT
RS66868086	RS4452638	EUR	0.615627	PLINK2_1KG_DIRECT
RS66868086	RS6938200	EUR	0.301197	PLINK2_1KG_DIRECT
RS66868086	RS6456771	EUR	0.159723	PLINK2_1KG_DIRECT
RS66868086	RS6915678	EUR	0.131978	PLINK2_1KG_DIRECT
RS66868086	RS36034627	EUR	0.320746	PLINK2_1KG_DIRECT
RS66868086	RS7759694	EUR	0.148495	PLINK2_1KG_DIRECT
RS66868086	RS7759741	EUR	0.297112	PLINK2_1KG_DIRECT
RS66868086	RS34843552	EUR	0.24495	PLINK2_1KG_DIRECT
RS66868086	RS9393801	EUR	0.129558	PLINK2_1KG_DIRECT
RS66868086	RS35982103	EUR	0.297112	PLINK2_1KG_DIRECT
RS66868086	RS6932590	EUR	0.212651	PLINK2_1KG_DIRECT
RS66868086	RS72839445	EUR	0.896549	PLINK2_1KG_DIRECT
RS66868086	RS13207082	EUR	0.896549	PLINK2_1KG_DIRECT
RS66868086	RS35454259	EUR	0.240523	PLINK2_1KG_DIRECT
RS66868086	RS13217239	EUR	0.116502	PLINK2_1KG_DIRECT
RS66868086	RS3800316	EUR	0.193438	PLINK2_1KG_DIRECT
RS66868086	RS3823427	EUR	0.240523	PLINK2_1KG_DIRECT
RS66868086	RS7746199	EUR	0.325368	PLINK2_1KG_DIRECT
RS66868086	RS72839449	EUR	0.325368	PLINK2_1KG_DIRECT
RS66868086	RS3800318	EUR	0.320746	PLINK2_1KG_DIRECT
RS66868086	RS13211166	EUR	0.323043	PLINK2_1KG_DIRECT
RS66868086	RS2393923	EUR	0.129141	PLINK2_1KG_DIRECT
RS66868086	RS56114371	EUR	0.896549	PLINK2_1KG_DIRECT
RS66868086	RS16897515	EUR	0.332506	PLINK2_1KG_DIRECT
RS66868086	RS2893910	EUR	0.325368	PLINK2_1KG_DIRECT
RS66868086	RS6923811	EUR	0.130994	PLINK2_1KG_DIRECT
RS66868086	RS13212562	EUR	0.802347	PLINK2_1KG_DIRECT
RS66868086	RS56401801	EUR	0.940519	PLINK2_1KG_DIRECT
RS66868086	RS71537559	EUR	0.970145	PLINK2_1KG_DIRECT
RS66868086	RS72839477	EUR	0.970145	PLINK2_1KG_DIRECT
RS66868086	RS28360634	EUR	0.970145	PLINK2_1KG_DIRECT
RS66868086	RS34332556	EUR	0.970145	PLINK2_1KG_DIRECT
RS66868086	RS67859638	EUR	0.970145	PLINK2_1KG_DIRECT
RS66868086	RS35120058	EUR	0.955396	PLINK2_1KG_DIRECT
RS66868086	RS13207689	EUR	0.970145	PLINK2_1KG_DIRECT
RS66868086	RS13218537	EUR	0.955396	PLINK2_1KG_DIRECT
RS66868086	RS13196692	EUR	0.955396	PLINK2_1KG_DIRECT
RS66868086	RS34953377	EUR	0.955396	PLINK2_1KG_DIRECT
RS66868086	RS66841633	EUR	0.941057	PLINK2_1KG_DIRECT
RS66868086	RS34150729	EUR	0.955396	PLINK2_1KG_DIRECT
RS66868086	RS13191227	EUR	0.955396	PLINK2_1KG_DIRECT
RS66868086	RS34071253	EUR	0.941057	PLINK2_1KG_DIRECT
RS66868086	RS35716472	EUR	0.941057	PLINK2_1KG_DIRECT
RS66868086	RS35984974	EUR	0.887474	PLINK2_1KG_DIRECT
RS66868086	RS13191474	EUR	0.955396	PLINK2_1KG_DIRECT
RS66868086	RS13195040	EUR	0.955396	PLINK2_1KG_DIRECT
RS66868086	RS41269265	EUR	0.955396	PLINK2_1KG_DIRECT
RS66868086	RS34196306	EUR	0.866649	PLINK2_1KG_DIRECT
RS66868086	RS113039233	EUR	0.168153	PLINK2_1KG_DIRECT
RS66868086	RS34613987	EUR	0.827937	PLINK2_1KG_DIRECT
RS66868086	RS149866169	EUR	0.827937	PLINK2_1KG_DIRECT
RS66868086	RS67240003	EUR	0.827937	PLINK2_1KG_DIRECT
RS66868086	RS7749305	EUR	0.827937	PLINK2_1KG_DIRECT
RS66868086	RS34864796	EUR	0.827937	PLINK2_1KG_DIRECT
RS66868086	RS58616630	EUR	0.955396	PLINK2_1KG_DIRECT
RS66868086	RS34573979	EUR	0.955396	PLINK2_1KG_DIRECT
RS66868086	RS6904596	EUR	0.816901	PLINK2_1KG_DIRECT
RS66868086	RS13195636	EUR	0.955396	PLINK2_1KG_DIRECT
RS66868086	RS13209332	EUR	0.955396	PLINK2_1KG_DIRECT
RS66868086	RS35848276	EUR	0.955396	PLINK2_1KG_DIRECT
RS66868086	RS34965299	EUR	0.955396	PLINK2_1KG_DIRECT
RS66868086	RS66785117	EUR	0.955396	PLINK2_1KG_DIRECT
RS66868086	RS140365013	EUR	0.955396	PLINK2_1KG_DIRECT
RS66868086	RS10484399	EUR	0.940519	PLINK2_1KG_DIRECT
RS66868086	RS34105070	EUR	0.955396	PLINK2_1KG_DIRECT
RS66868086	RS13202775	EUR	0.955396	PLINK2_1KG_DIRECT
RS66868086	RS72845046	EUR	0.940519	PLINK2_1KG_DIRECT
RS66868086	RS35715914	EUR	0.955396	PLINK2_1KG_DIRECT
RS66868086	RS13212093	EUR	0.955396	PLINK2_1KG_DIRECT
RS66868086	RS34038546	EUR	0.955396	PLINK2_1KG_DIRECT
RS66868086	RS144969912	EUR	0.955396	PLINK2_1KG_DIRECT
RS66868086	RS141342723	EUR	0.955396	PLINK2_1KG_DIRECT
RS66868086	RS34543938	EUR	0.955396	PLINK2_1KG_DIRECT
RS66868086	RS56405707	EUR	0.955396	PLINK2_1KG_DIRECT
RS66868086	RS13210634	EUR	0.955396	PLINK2_1KG_DIRECT
RS66868086	RS13215275	EUR	0.955396	PLINK2_1KG_DIRECT
RS66868086	RS13217620	EUR	0.83736	PLINK2_1KG_DIRECT
RS66868086	RS17749927	EUR	0.955396	PLINK2_1KG_DIRECT
RS66868086	RS13192965	EUR	0.955396	PLINK2_1KG_DIRECT
RS66868086	RS1139226	EUR	0.225788	PLINK2_1KG_DIRECT
RS66868086	RS12179134	EUR	0.366525	PLINK2_1KG_DIRECT
RS66868086	RS9468195	EUR	0.225788	PLINK2_1KG_DIRECT
RS66868086	RS4713118	EUR	0.225788	PLINK2_1KG_DIRECT
RS66868086	RS13215072	EUR	0.224576	PLINK2_1KG_DIRECT
RS66868086	RS7772027	EUR	0.239785	PLINK2_1KG_DIRECT
RS66868086	RS9468200	EUR	0.239785	PLINK2_1KG_DIRECT
RS66868086	RS34752872	EUR	0.239785	PLINK2_1KG_DIRECT
RS66868086	RS9380010	EUR	0.239785	PLINK2_1KG_DIRECT
RS66868086	RS9368528	EUR	0.239785	PLINK2_1KG_DIRECT
RS66868086	RS9380011	EUR	0.239785	PLINK2_1KG_DIRECT
RS66868086	RS9368529	EUR	0.239785	PLINK2_1KG_DIRECT
RS66868086	RS9380012	EUR	0.239785	PLINK2_1KG_DIRECT
RS66868086	RS34409918	EUR	0.970305	PLINK2_1KG_DIRECT
RS66868086	RS34432857	EUR	0.970305	PLINK2_1KG_DIRECT
RS66868086	RS2394000	EUR	0.239785	PLINK2_1KG_DIRECT
RS66868086	RS9468201	EUR	0.238459	PLINK2_1KG_DIRECT
RS66868086	RS9393847	EUR	0.239785	PLINK2_1KG_DIRECT
RS66868086	RS9393848	EUR	0.239785	PLINK2_1KG_DIRECT
RS66868086	RS34064842	EUR	0.970305	PLINK2_1KG_DIRECT
RS66868086	RS9468203	EUR	0.239785	PLINK2_1KG_DIRECT
RS66868086	RS9468204	EUR	0.239785	PLINK2_1KG_DIRECT
RS66868086	RS13212318	EUR	0.970305	PLINK2_1KG_DIRECT
RS66868086	RS9357045	EUR	0.348982	PLINK2_1KG_DIRECT
RS66868086	RS9348774	EUR	0.348982	PLINK2_1KG_DIRECT
RS66868086	RS9295740	EUR	0.344221	PLINK2_1KG_DIRECT
RS66868086	RS2056923	EUR	0.388431	PLINK2_1KG_DIRECT
RS66868086	RS9468206	EUR	0.237145	PLINK2_1KG_DIRECT
RS66868086	RS2056925	EUR	0.222182	PLINK2_1KG_DIRECT
RS66868086	RS6922574	EUR	0.224576	PLINK2_1KG_DIRECT
RS66868086	RS9348775	EUR	0.224576	PLINK2_1KG_DIRECT
RS66868086	RS9366700	EUR	0.223375	PLINK2_1KG_DIRECT
RS66868086	RS6456802	EUR	0.223375	PLINK2_1KG_DIRECT
RS66868086	RS13202295	EUR	0.970305	PLINK2_1KG_DIRECT
RS66868086	RS13202291	EUR	0.970305	PLINK2_1KG_DIRECT
RS66868086	RS9393851	EUR	0.223375	PLINK2_1KG_DIRECT
RS66868086	RS9461400	EUR	0.223375	PLINK2_1KG_DIRECT
RS66868086	RS17750424	EUR	0.970305	PLINK2_1KG_DIRECT
RS66868086	RS13193542	EUR	0.970305	PLINK2_1KG_DIRECT
RS66868086	RS10214440	EUR	0.223375	PLINK2_1KG_DIRECT
RS66868086	RS13193480	EUR	0.970305	PLINK2_1KG_DIRECT
RS66868086	RS9295742	EUR	0.223375	PLINK2_1KG_DIRECT
RS66868086	RS9461401	EUR	0.223375	PLINK2_1KG_DIRECT
RS66868086	RS6940116	EUR	0.394249	PLINK2_1KG_DIRECT
RS66868086	RS6902689	EUR	0.224576	PLINK2_1KG_DIRECT
RS66868086	RS17693963	EUR	0.789723	PLINK2_1KG_DIRECT
RS66868086	RS6914924	EUR	0.224576	PLINK2_1KG_DIRECT
RS66868086	RS6930992	EUR	0.223375	PLINK2_1KG_DIRECT
RS66868086	RS9468214	EUR	0.223375	PLINK2_1KG_DIRECT
RS66868086	RS6901520	EUR	0.223375	PLINK2_1KG_DIRECT
RS66868086	RS9295743	EUR	0.222182	PLINK2_1KG_DIRECT
RS66868086	RS9283880	EUR	0.222182	PLINK2_1KG_DIRECT
RS66868086	RS9283881	EUR	0.223375	PLINK2_1KG_DIRECT
RS66868086	RS9283882	EUR	0.223375	PLINK2_1KG_DIRECT
RS66868086	RS9283883	EUR	0.222182	PLINK2_1KG_DIRECT
RS66868086	RS7760523	EUR	0.224576	PLINK2_1KG_DIRECT
RS66868086	RS35957409	EUR	0.224576	PLINK2_1KG_DIRECT
RS66868086	RS9461405	EUR	0.224576	PLINK2_1KG_DIRECT
RS66868086	RS9461406	EUR	0.256609	PLINK2_1KG_DIRECT
RS66868086	RS4713121	EUR	0.239785	PLINK2_1KG_DIRECT
RS66868086	RS9468217	EUR	0.256609	PLINK2_1KG_DIRECT
RS66868086	RS7776351	EUR	0.224576	PLINK2_1KG_DIRECT
RS66868086	RS4711163	EUR	0.238459	PLINK2_1KG_DIRECT
RS66868086	RS7773070	EUR	0.224576	PLINK2_1KG_DIRECT
RS66868086	RS9295746	EUR	0.256609	PLINK2_1KG_DIRECT
RS66868086	RS72847313	EUR	0.970305	PLINK2_1KG_DIRECT
RS66868086	RS17750747	EUR	0.970305	PLINK2_1KG_DIRECT
RS66868086	RS7759217	EUR	0.229481	PLINK2_1KG_DIRECT
RS66868086	RS9468219	EUR	0.229481	PLINK2_1KG_DIRECT
RS66868086	RS9468220	EUR	0.264158	PLINK2_1KG_DIRECT
RS66868086	RS9366702	EUR	0.229481	PLINK2_1KG_DIRECT
RS66868086	RS7756968	EUR	0.264158	PLINK2_1KG_DIRECT
RS66868086	RS9368530	EUR	0.229481	PLINK2_1KG_DIRECT
RS66868086	RS2893929	EUR	0.264158	PLINK2_1KG_DIRECT
RS66868086	RS4140646	EUR	0.264158	PLINK2_1KG_DIRECT
RS66868086	RS2893930	EUR	0.264158	PLINK2_1KG_DIRECT
RS66868086	RS742046	EUR	0.230732	PLINK2_1KG_DIRECT
RS66868086	RS742047	EUR	0.264158	PLINK2_1KG_DIRECT
RS66868086	RS35501037	EUR	0.970305	PLINK2_1KG_DIRECT
RS66868086	RS760587	EUR	0.264158	PLINK2_1KG_DIRECT
RS66868086	RS9468223	EUR	0.230732	PLINK2_1KG_DIRECT
RS66868086	RS2179094	EUR	0.229481	PLINK2_1KG_DIRECT
RS66868086	RS1985099	EUR	0.229481	PLINK2_1KG_DIRECT
RS66868086	RS9468225	EUR	0.229481	PLINK2_1KG_DIRECT
RS66868086	RS9461407	EUR	0.187533	PLINK2_1KG_DIRECT
RS66868086	RS10484401	EUR	0.262621	PLINK2_1KG_DIRECT
RS66868086	RS35069907	EUR	0.262621	PLINK2_1KG_DIRECT
RS66868086	RS2893931	EUR	0.229481	PLINK2_1KG_DIRECT
RS66868086	RS2394002	EUR	0.22824	PLINK2_1KG_DIRECT
RS66868086	RS2092075	EUR	0.229481	PLINK2_1KG_DIRECT
RS66868086	RS13211701	EUR	0.229481	PLINK2_1KG_DIRECT
RS66868086	RS9468229	EUR	0.229481	PLINK2_1KG_DIRECT
RS66868086	RS2179095	EUR	0.229481	PLINK2_1KG_DIRECT
RS66868086	RS200465	EUR	0.22824	PLINK2_1KG_DIRECT
RS66868086	RS200468	EUR	0.328366	PLINK2_1KG_DIRECT
RS66868086	RS35037868	EUR	0.970305	PLINK2_1KG_DIRECT
RS66868086	RS200474	EUR	0.328366	PLINK2_1KG_DIRECT
RS66868086	RS200475	EUR	0.328366	PLINK2_1KG_DIRECT
RS66868086	RS200476	EUR	0.328366	PLINK2_1KG_DIRECT
RS66868086	RS169262	EUR	0.328366	PLINK2_1KG_DIRECT
RS66868086	RS13195728	EUR	0.970305	PLINK2_1KG_DIRECT
RS66868086	RS200480	EUR	0.160076	PLINK2_1KG_DIRECT
RS66868086	RS200481	EUR	0.779873	PLINK2_1KG_DIRECT
RS66868086	RS200482	EUR	0.770244	PLINK2_1KG_DIRECT
RS66868086	RS200483	EUR	0.789723	PLINK2_1KG_DIRECT
RS66868086	RS17751184	EUR	0.970305	PLINK2_1KG_DIRECT
RS66868086	RS200484	EUR	0.789723	PLINK2_1KG_DIRECT
RS66868086	RS200485	EUR	0.779873	PLINK2_1KG_DIRECT
RS66868086	RS200486	EUR	0.361367	PLINK2_1KG_DIRECT
RS66868086	RS9368531	EUR	0.789723	PLINK2_1KG_DIRECT
RS66868086	RS370155	EUR	0.770244	PLINK2_1KG_DIRECT
RS66868086	RS401763	EUR	0.789723	PLINK2_1KG_DIRECT
RS66868086	RS401754	EUR	0.789723	PLINK2_1KG_DIRECT
RS66868086	RS2747054	EUR	0.789723	PLINK2_1KG_DIRECT
RS66868086	RS34718920	EUR	0.970305	PLINK2_1KG_DIRECT
RS66868086	RS200504	EUR	0.361367	PLINK2_1KG_DIRECT
RS66868086	RS200503	EUR	0.249387	PLINK2_1KG_DIRECT
RS66868086	RS200502	EUR	0.249387	PLINK2_1KG_DIRECT
RS66868086	RS200501	EUR	0.789723	PLINK2_1KG_DIRECT
RS66868086	RS200497	EUR	0.779873	PLINK2_1KG_DIRECT
RS66868086	RS200490	EUR	0.770244	PLINK2_1KG_DIRECT
RS66868086	RS200489	EUR	0.789723	PLINK2_1KG_DIRECT
RS66868086	RS67101035	EUR	0.970305	PLINK2_1KG_DIRECT
RS66868086	RS201004	EUR	0.361367	PLINK2_1KG_DIRECT
RS66868086	RS34706883	EUR	0.970305	PLINK2_1KG_DIRECT
RS66868086	RS13212651	EUR	0.970305	PLINK2_1KG_DIRECT
RS66868086	RS201002	EUR	0.770244	PLINK2_1KG_DIRECT
RS66868086	RS201001	EUR	0.361367	PLINK2_1KG_DIRECT
RS66868086	RS201000	EUR	0.361367	PLINK2_1KG_DIRECT
RS66868086	RS35819751	EUR	0.970305	PLINK2_1KG_DIRECT
RS66868086	RS175597	EUR	0.789723	PLINK2_1KG_DIRECT
RS66868086	RS200997	EUR	0.188465	PLINK2_1KG_DIRECT
RS66868086	RS200996	EUR	0.779873	PLINK2_1KG_DIRECT
RS66868086	RS200995	EUR	0.804166	PLINK2_1KG_DIRECT
RS66868086	RS200994	EUR	0.278648	PLINK2_1KG_DIRECT
RS66868086	RS200992	EUR	0.736972	PLINK2_1KG_DIRECT
RS66868086	RS200991	EUR	0.450465	PLINK2_1KG_DIRECT
RS66868086	RS13194781	EUR	0.985245	PLINK2_1KG_DIRECT
RS66868086	RS200990	EUR	0.784582	PLINK2_1KG_DIRECT
RS66868086	RS200989	EUR	0.804166	PLINK2_1KG_DIRECT
RS66868086	RS36116761	EUR	0.985245	PLINK2_1KG_DIRECT
RS66868086	RS34194357	EUR	0.985245	PLINK2_1KG_DIRECT
RS66868086	RS200988	EUR	0.222334	PLINK2_1KG_DIRECT
RS66868086	RS34295134	EUR	0.794264	PLINK2_1KG_DIRECT
RS66868086	RS200983	EUR	0.794264	PLINK2_1KG_DIRECT
RS66868086	RS200981	EUR	0.784582	PLINK2_1KG_DIRECT
RS66868086	RS13199772	EUR	0.97089	PLINK2_1KG_DIRECT
RS66868086	RS13199906	EUR	0.985245	PLINK2_1KG_DIRECT
RS66868086	RS17763089	EUR	0.985245	PLINK2_1KG_DIRECT
RS66868086	RS200948	EUR	0.804166	PLINK2_1KG_DIRECT
RS66868086	RS200949	EUR	0.730728	PLINK2_1KG_DIRECT
RS66868086	RS200950	EUR	0.804166	PLINK2_1KG_DIRECT
RS66868086	RS200951	EUR	0.222334	PLINK2_1KG_DIRECT
RS66868086	RS200952	EUR	0.804166	PLINK2_1KG_DIRECT
RS66868086	RS17695758	EUR	0.985245	PLINK2_1KG_DIRECT
RS66868086	RS200953	EUR	0.784582	PLINK2_1KG_DIRECT
RS66868086	RS200954	EUR	0.804166	PLINK2_1KG_DIRECT
RS66868086	RS200956	EUR	0.433112	PLINK2_1KG_DIRECT
RS66868086	RS45509595	EUR	1	PLINK2_1KG_DIRECT
RS66868086	RS557042	EUR	0.814295	PLINK2_1KG_DIRECT
RS66868086	RS483143	EUR	0.794264	PLINK2_1KG_DIRECT
RS66868086	RS510987	EUR	0.224664	PLINK2_1KG_DIRECT
RS66868086	RS573179	EUR	0.29575	PLINK2_1KG_DIRECT
RS66868086	RS493161	EUR	0.814295	PLINK2_1KG_DIRECT
RS66868086	RS494887	EUR	0.457742	PLINK2_1KG_DIRECT
RS66868086	RS200979	EUR	0.457742	PLINK2_1KG_DIRECT
RS66868086	RS200978	EUR	0.29575	PLINK2_1KG_DIRECT
RS66868086	RS200977	EUR	0.784582	PLINK2_1KG_DIRECT
RS66868086	RS169287	EUR	0.450465	PLINK2_1KG_DIRECT
RS66868086	RS200976	EUR	0.450465	PLINK2_1KG_DIRECT
RS66868086	RS200975	EUR	0.457742	PLINK2_1KG_DIRECT
RS66868086	RS200974	EUR	0.457742	PLINK2_1KG_DIRECT
RS66868086	RS200973	EUR	0.450465	PLINK2_1KG_DIRECT
RS66868086	RS200972	EUR	0.178012	PLINK2_1KG_DIRECT
RS66868086	RS200971	EUR	0.225843	PLINK2_1KG_DIRECT
RS66868086	RS200969	EUR	0.29575	PLINK2_1KG_DIRECT
RS66868086	RS200968	EUR	0.457742	PLINK2_1KG_DIRECT
RS66868086	RS200967	EUR	0.224664	PLINK2_1KG_DIRECT
RS66868086	RS200966	EUR	0.450465	PLINK2_1KG_DIRECT
RS66868086	RS200965	EUR	0.457742	PLINK2_1KG_DIRECT
RS66868086	RS200964	EUR	0.454079	PLINK2_1KG_DIRECT
RS66868086	RS13199649	EUR	0.97089	PLINK2_1KG_DIRECT
RS66868086	RS188015	EUR	0.739231	PLINK2_1KG_DIRECT
RS66868086	RS149855	EUR	0.260088	PLINK2_1KG_DIRECT
RS66868086	RS149878	EUR	0.21778	PLINK2_1KG_DIRECT
RS66868086	RS34788973	EUR	0.97089	PLINK2_1KG_DIRECT
RS66868086	RS61742093	EUR	0.97089	PLINK2_1KG_DIRECT
RS66868086	RS13218875	EUR	0.97089	PLINK2_1KG_DIRECT
RS66868086	RS156737	EUR	0.13714	PLINK2_1KG_DIRECT
RS66868086	RS71559054	EUR	0.97089	PLINK2_1KG_DIRECT
RS66868086	RS67040724	EUR	0.97089	PLINK2_1KG_DIRECT
RS66868086	RS276371	EUR	0.13833	PLINK2_1KG_DIRECT
RS66868086	RS276369	EUR	0.137733	PLINK2_1KG_DIRECT
RS66868086	RS67662114	EUR	0.97089	PLINK2_1KG_DIRECT
RS66868086	RS13216117	EUR	0.97089	PLINK2_1KG_DIRECT
RS66868086	RS36101351	EUR	0.97089	PLINK2_1KG_DIRECT
RS66868086	RS28360499	EUR	0.956916	PLINK2_1KG_DIRECT
RS66868086	RS156740	EUR	0.137733	PLINK2_1KG_DIRECT
RS66868086	RS149901	EUR	0.281941	PLINK2_1KG_DIRECT
RS66868086	RS156743	EUR	0.730728	PLINK2_1KG_DIRECT
RS66868086	RS156744	EUR	0.312612	PLINK2_1KG_DIRECT
RS66868086	RS464312	EUR	0.283611	PLINK2_1KG_DIRECT
RS66868086	RS149946	EUR	0.312612	PLINK2_1KG_DIRECT
RS66868086	RS469228	EUR	0.283611	PLINK2_1KG_DIRECT
RS66868086	RS469227	EUR	0.283611	PLINK2_1KG_DIRECT
RS66868086	RS71537572	EUR	0.97089	PLINK2_1KG_DIRECT
RS66868086	RS149947	EUR	0.312612	PLINK2_1KG_DIRECT
RS66868086	RS149948	EUR	0.283611	PLINK2_1KG_DIRECT
RS66868086	RS149968	EUR	0.312612	PLINK2_1KG_DIRECT
RS66868086	RS149969	EUR	0.312612	PLINK2_1KG_DIRECT
RS66868086	RS149970	EUR	0.283611	PLINK2_1KG_DIRECT
RS66868086	RS149971	EUR	0.132508	PLINK2_1KG_DIRECT
RS66868086	RS149972	EUR	0.223495	PLINK2_1KG_DIRECT
RS66868086	RS149973	EUR	0.133076	PLINK2_1KG_DIRECT
RS66868086	RS149974	EUR	0.133076	PLINK2_1KG_DIRECT
RS66868086	RS149975	EUR	0.223495	PLINK2_1KG_DIRECT
RS66868086	RS149976	EUR	0.132508	PLINK2_1KG_DIRECT
RS66868086	RS149979	EUR	0.312612	PLINK2_1KG_DIRECT
RS66868086	RS138234416	EUR	0.97089	PLINK2_1KG_DIRECT
RS66868086	RS71559067	EUR	0.97089	PLINK2_1KG_DIRECT
RS66868086	RS149989	EUR	0.223495	PLINK2_1KG_DIRECT
RS66868086	RS149990	EUR	0.730728	PLINK2_1KG_DIRECT
RS66868086	RS149941	EUR	0.223495	PLINK2_1KG_DIRECT
RS66868086	RS149942	EUR	0.223495	PLINK2_1KG_DIRECT
RS66868086	RS149943	EUR	0.730728	PLINK2_1KG_DIRECT
RS66868086	RS149944	EUR	0.223495	PLINK2_1KG_DIRECT
RS66868086	RS149945	EUR	0.223495	PLINK2_1KG_DIRECT
RS66868086	RS13193295	EUR	0.943311	PLINK2_1KG_DIRECT
RS66868086	RS156736	EUR	0.312612	PLINK2_1KG_DIRECT
RS66868086	RS149897	EUR	0.223495	PLINK2_1KG_DIRECT
RS66868086	RS156734	EUR	0.223495	PLINK2_1KG_DIRECT
RS66868086	RS169431	EUR	0.223495	PLINK2_1KG_DIRECT
RS66868086	RS149949	EUR	0.714242	PLINK2_1KG_DIRECT
RS66868086	RS202908	EUR	0.223495	PLINK2_1KG_DIRECT
RS66868086	RS175954	EUR	0.312612	PLINK2_1KG_DIRECT
RS66868086	RS202906	EUR	0.714242	PLINK2_1KG_DIRECT
RS66868086	RS156739	EUR	0.221183	PLINK2_1KG_DIRECT
RS66868086	RS149958	EUR	0.22004	PLINK2_1KG_DIRECT
RS66868086	RS149959	EUR	0.221183	PLINK2_1KG_DIRECT
RS66868086	RS156738	EUR	0.221183	PLINK2_1KG_DIRECT
RS66868086	RS149900	EUR	0.320606	PLINK2_1KG_DIRECT
RS66868086	RS149961	EUR	0.308735	PLINK2_1KG_DIRECT
RS66868086	RS149962	EUR	0.221183	PLINK2_1KG_DIRECT
RS66868086	RS149963	EUR	0.131381	PLINK2_1KG_DIRECT
RS66868086	RS13200214	EUR	0.955957	PLINK2_1KG_DIRECT
RS66868086	RS149964	EUR	0.308735	PLINK2_1KG_DIRECT
RS66868086	RS149965	EUR	0.221183	PLINK2_1KG_DIRECT
RS66868086	RS149899	EUR	0.306825	PLINK2_1KG_DIRECT
RS66868086	RS172165	EUR	0.306825	PLINK2_1KG_DIRECT
RS66868086	RS172166	EUR	0.306825	PLINK2_1KG_DIRECT
RS66868086	RS203888	EUR	0.306825	PLINK2_1KG_DIRECT
RS66868086	RS203889	EUR	0.306825	PLINK2_1KG_DIRECT
RS66868086	RS203890	EUR	0.306825	PLINK2_1KG_DIRECT
RS66868086	RS12173797	EUR	0.221183	PLINK2_1KG_DIRECT
RS66868086	RS66529373	EUR	0.308735	PLINK2_1KG_DIRECT
RS66868086	RS9393881	EUR	0.308735	PLINK2_1KG_DIRECT
RS66868086	RS9357060	EUR	0.308735	PLINK2_1KG_DIRECT
RS66868086	RS9468271	EUR	0.308735	PLINK2_1KG_DIRECT
RS66868086	RS9380045	EUR	0.308735	PLINK2_1KG_DIRECT
RS66868086	RS9348789	EUR	0.308735	PLINK2_1KG_DIRECT
RS66868086	RS35949109	EUR	0.730728	PLINK2_1KG_DIRECT
RS66868086	RS9468274	EUR	0.308735	PLINK2_1KG_DIRECT
RS66868086	RS9468275	EUR	0.308735	PLINK2_1KG_DIRECT
RS66868086	RS9468276	EUR	0.308735	PLINK2_1KG_DIRECT
RS66868086	RS9368547	EUR	0.221183	PLINK2_1KG_DIRECT
RS66868086	RS9468277	EUR	0.308735	PLINK2_1KG_DIRECT
RS66868086	RS9468278	EUR	0.308735	PLINK2_1KG_DIRECT
RS66868086	RS13218430	EUR	0.308735	PLINK2_1KG_DIRECT
RS66868086	RS9380046	EUR	0.304933	PLINK2_1KG_DIRECT
RS66868086	RS183244	EUR	0.221183	PLINK2_1KG_DIRECT
RS66868086	RS149950	EUR	0.221183	PLINK2_1KG_DIRECT
RS66868086	RS149951	EUR	0.221183	PLINK2_1KG_DIRECT
RS66868086	RS9295755	EUR	0.322656	PLINK2_1KG_DIRECT
RS66868086	RS9295756	EUR	0.322656	PLINK2_1KG_DIRECT
RS66868086	RS10484403	EUR	0.322656	PLINK2_1KG_DIRECT
RS66868086	RS4713132	EUR	0.322656	PLINK2_1KG_DIRECT
RS66868086	RS4713133	EUR	0.322656	PLINK2_1KG_DIRECT
RS66868086	RS4713134	EUR	0.322656	PLINK2_1KG_DIRECT
RS66868086	RS9368548	EUR	0.322656	PLINK2_1KG_DIRECT
RS66868086	RS149954	EUR	0.221183	PLINK2_1KG_DIRECT
RS66868086	RS149955	EUR	0.221183	PLINK2_1KG_DIRECT
RS66868086	RS149956	EUR	0.131381	PLINK2_1KG_DIRECT
RS66868086	RS61471148	EUR	0.296253	PLINK2_1KG_DIRECT
RS66868086	RS9380047	EUR	0.29811	PLINK2_1KG_DIRECT
RS66868086	RS71559070	EUR	0.955957	PLINK2_1KG_DIRECT
RS66868086	RS7755442	EUR	0.29811	PLINK2_1KG_DIRECT
RS66868086	RS4713135	EUR	0.301881	PLINK2_1KG_DIRECT
RS66868086	RS203869	EUR	0.129713	PLINK2_1KG_DIRECT
RS66868086	RS34712084	EUR	0.662253	PLINK2_1KG_DIRECT
RS66868086	RS55747925	EUR	0.301881	PLINK2_1KG_DIRECT
RS66868086	RS56310871	EUR	0.301881	PLINK2_1KG_DIRECT
RS66868086	RS34716816	EUR	0.301881	PLINK2_1KG_DIRECT
RS66868086	RS203876	EUR	0.221	PLINK2_1KG_DIRECT
RS66868086	RS9393884	EUR	0.299986	PLINK2_1KG_DIRECT
RS66868086	RS9380049	EUR	0.301881	PLINK2_1KG_DIRECT
RS66868086	RS9380050	EUR	0.301881	PLINK2_1KG_DIRECT
RS66868086	RS203877	EUR	0.219826	PLINK2_1KG_DIRECT
RS66868086	RS203878	EUR	0.129163	PLINK2_1KG_DIRECT
RS66868086	RS9393885	EUR	0.299986	PLINK2_1KG_DIRECT
RS66868086	RS9393886	EUR	0.299986	PLINK2_1KG_DIRECT
RS66868086	RS9368549	EUR	0.299986	PLINK2_1KG_DIRECT
RS66868086	RS56364346	EUR	0.301881	PLINK2_1KG_DIRECT
RS66868086	RS9357061	EUR	0.301881	PLINK2_1KG_DIRECT
RS66868086	RS9368550	EUR	0.301881	PLINK2_1KG_DIRECT
RS66868086	RS1321505	EUR	0.662253	PLINK2_1KG_DIRECT
RS66868086	RS2295594	EUR	0.301881	PLINK2_1KG_DIRECT
RS66868086	RS9357062	EUR	0.301881	PLINK2_1KG_DIRECT
RS66868086	RS16893666	EUR	0.301881	PLINK2_1KG_DIRECT
RS66868086	RS2273564	EUR	0.301881	PLINK2_1KG_DIRECT
RS66868086	RS1853097	EUR	0.301881	PLINK2_1KG_DIRECT
RS66868086	RS35902873	EUR	0.955957	PLINK2_1KG_DIRECT
RS66868086	RS9393887	EUR	0.299986	PLINK2_1KG_DIRECT
RS66868086	RS9393888	EUR	0.301881	PLINK2_1KG_DIRECT
RS66868086	RS3734573	EUR	0.301881	PLINK2_1KG_DIRECT
RS66868086	RS9357063	EUR	0.299986	PLINK2_1KG_DIRECT
RS66868086	RS13197574	EUR	0.955957	PLINK2_1KG_DIRECT
RS66868086	RS3823180	EUR	0.301881	PLINK2_1KG_DIRECT
RS66868086	RS9368551	EUR	0.301881	PLINK2_1KG_DIRECT
RS66868086	RS203893	EUR	0.219826	PLINK2_1KG_DIRECT
RS66868086	RS9393890	EUR	0.301881	PLINK2_1KG_DIRECT
RS66868086	RS9380052	EUR	0.301881	PLINK2_1KG_DIRECT
RS66868086	RS9366715	EUR	0.301881	PLINK2_1KG_DIRECT
RS66868086	RS34166054	EUR	0.955957	PLINK2_1KG_DIRECT
RS66868086	RS476167	EUR	0.219826	PLINK2_1KG_DIRECT
RS66868086	RS34466819	EUR	0.299986	PLINK2_1KG_DIRECT
RS66868086	RS203892	EUR	0.219826	PLINK2_1KG_DIRECT
RS66868086	RS9380054	EUR	0.301881	PLINK2_1KG_DIRECT
RS66868086	RS2116981	EUR	0.301881	PLINK2_1KG_DIRECT
RS66868086	RS9368552	EUR	0.301881	PLINK2_1KG_DIRECT
RS66868086	RS113211083	EUR	0.301881	PLINK2_1KG_DIRECT
RS66868086	RS13437444	EUR	0.400215	PLINK2_1KG_DIRECT
RS66868086	RS188105	EUR	0.219826	PLINK2_1KG_DIRECT
RS66868086	RS2281588	EUR	0.301881	PLINK2_1KG_DIRECT
RS66868086	RS34662244	EUR	0.955957	PLINK2_1KG_DIRECT
RS66868086	RS34131763	EUR	0.301881	PLINK2_1KG_DIRECT
RS66868086	RS35193936	EUR	0.301881	PLINK2_1KG_DIRECT
RS66868086	RS203884	EUR	0.221	PLINK2_1KG_DIRECT
RS66868086	RS17711344	EUR	0.301881	PLINK2_1KG_DIRECT
RS66868086	RS36078605	EUR	0.301881	PLINK2_1KG_DIRECT
RS66868086	RS6932109	EUR	0.299986	PLINK2_1KG_DIRECT
RS66868086	RS203883	EUR	0.219826	PLINK2_1KG_DIRECT
RS66868086	RS6931858	EUR	0.301881	PLINK2_1KG_DIRECT
RS66868086	RS203882	EUR	0.219826	PLINK2_1KG_DIRECT
RS66868086	RS9393891	EUR	0.301881	PLINK2_1KG_DIRECT
RS66868086	RS9468286	EUR	0.301881	PLINK2_1KG_DIRECT
RS66868086	RS13203816	EUR	0.955957	PLINK2_1KG_DIRECT
RS66868086	RS9468287	EUR	0.662253	PLINK2_1KG_DIRECT
RS66868086	RS7739216	EUR	0.301881	PLINK2_1KG_DIRECT
RS66868086	RS35512245	EUR	0.301881	PLINK2_1KG_DIRECT
RS66868086	RS34588114	EUR	0.955957	PLINK2_1KG_DIRECT
RS66868086	RS68188794	EUR	0.896549	PLINK2_1KG_DIRECT
RS66868086	RS9393892	EUR	0.301881	PLINK2_1KG_DIRECT
RS66868086	RS9380055	EUR	0.301881	PLINK2_1KG_DIRECT
RS66868086	RS34371502	EUR	0.955957	PLINK2_1KG_DIRECT
RS66868086	RS9368553	EUR	0.301881	PLINK2_1KG_DIRECT
RS66868086	RS9368554	EUR	0.301881	PLINK2_1KG_DIRECT
RS66868086	RS4713137	EUR	0.301881	PLINK2_1KG_DIRECT
RS66868086	RS9348793	EUR	0.301881	PLINK2_1KG_DIRECT
RS66868086	RS1770131	EUR	0.219826	PLINK2_1KG_DIRECT
RS66868086	RS6905516	EUR	0.301881	PLINK2_1KG_DIRECT
RS66868086	RS6905522	EUR	0.301881	PLINK2_1KG_DIRECT
RS66868086	RS9461432	EUR	0.655075	PLINK2_1KG_DIRECT
RS66868086	RS9468290	EUR	0.301881	PLINK2_1KG_DIRECT
RS66868086	RS71559072	EUR	0.955957	PLINK2_1KG_DIRECT
RS66868086	RS1631552	EUR	0.219826	PLINK2_1KG_DIRECT
RS66868086	RS6934769	EUR	0.301881	PLINK2_1KG_DIRECT
RS66868086	RS35345226	EUR	0.955957	PLINK2_1KG_DIRECT
RS66868086	RS17711801	EUR	0.301881	PLINK2_1KG_DIRECT
RS66868086	RS536704	EUR	0.219826	PLINK2_1KG_DIRECT
RS66868086	RS4713139	EUR	0.655075	PLINK2_1KG_DIRECT
RS66868086	RS6922063	EUR	0.299986	PLINK2_1KG_DIRECT
RS66868086	RS2275508	EUR	0.299986	PLINK2_1KG_DIRECT
RS66868086	RS9461433	EUR	0.301881	PLINK2_1KG_DIRECT
RS66868086	RS9468292	EUR	0.301881	PLINK2_1KG_DIRECT
RS66868086	RS4713140	EUR	0.655075	PLINK2_1KG_DIRECT
RS66868086	RS1947863	EUR	0.301881	PLINK2_1KG_DIRECT
RS66868086	RS1225710	EUR	0.129163	PLINK2_1KG_DIRECT
RS66868086	RS4713141	EUR	0.301881	PLINK2_1KG_DIRECT
RS66868086	RS34130214	EUR	0.655075	PLINK2_1KG_DIRECT
RS66868086	RS1340004	EUR	0.299986	PLINK2_1KG_DIRECT
RS66868086	RS9380056	EUR	0.299986	PLINK2_1KG_DIRECT
RS66868086	RS9380057	EUR	0.299986	PLINK2_1KG_DIRECT
RS66868086	RS1947862	EUR	0.299986	PLINK2_1KG_DIRECT
RS66868086	RS6941992	EUR	0.299986	PLINK2_1KG_DIRECT
RS66868086	RS4713142	EUR	0.299986	PLINK2_1KG_DIRECT
RS66868086	RS4713143	EUR	0.299986	PLINK2_1KG_DIRECT
RS66868086	RS4713144	EUR	0.299986	PLINK2_1KG_DIRECT
RS66868086	RS4713145	EUR	0.29811	PLINK2_1KG_DIRECT
RS66868086	RS3757188	EUR	0.655075	PLINK2_1KG_DIRECT
RS66868086	RS3757187	EUR	0.299986	PLINK2_1KG_DIRECT
RS66868086	RS3757185	EUR	0.299986	PLINK2_1KG_DIRECT
RS66868086	RS1904841	EUR	0.301881	PLINK2_1KG_DIRECT
RS66868086	RS1904840	EUR	0.303795	PLINK2_1KG_DIRECT
RS66868086	RS2791332	EUR	0.221	PLINK2_1KG_DIRECT
RS66868086	RS9368555	EUR	0.303795	PLINK2_1KG_DIRECT
RS66868086	RS9393893	EUR	0.303795	PLINK2_1KG_DIRECT
RS66868086	RS868987	EUR	0.303795	PLINK2_1KG_DIRECT
RS66868086	RS2791333	EUR	0.128616	PLINK2_1KG_DIRECT
RS66868086	RS4713146	EUR	0.303795	PLINK2_1KG_DIRECT
RS66868086	RS9393894	EUR	0.303795	PLINK2_1KG_DIRECT
RS66868086	RS9468295	EUR	0.303795	PLINK2_1KG_DIRECT
RS66868086	RS1225715	EUR	0.129163	PLINK2_1KG_DIRECT
RS66868086	RS9468296	EUR	0.303795	PLINK2_1KG_DIRECT
RS66868086	RS1225716	EUR	0.221	PLINK2_1KG_DIRECT
RS66868086	RS35749575	EUR	0.955957	PLINK2_1KG_DIRECT
RS66868086	RS4711164	EUR	0.303795	PLINK2_1KG_DIRECT
RS66868086	RS4711165	EUR	0.303795	PLINK2_1KG_DIRECT
RS66868086	RS2622320	EUR	0.128616	PLINK2_1KG_DIRECT
RS66868086	RS4713148	EUR	0.303795	PLINK2_1KG_DIRECT
RS66868086	RS2622322	EUR	0.128616	PLINK2_1KG_DIRECT
RS66868086	RS9348794	EUR	0.303795	PLINK2_1KG_DIRECT
RS66868086	RS9468297	EUR	0.303795	PLINK2_1KG_DIRECT
RS66868086	RS72846780	EUR	0.955957	PLINK2_1KG_DIRECT
RS66868086	RS2622319	EUR	0.221	PLINK2_1KG_DIRECT
RS66868086	RS9295758	EUR	0.303795	PLINK2_1KG_DIRECT
RS66868086	RS17774663	EUR	0.303795	PLINK2_1KG_DIRECT
RS66868086	RS9468298	EUR	0.303795	PLINK2_1KG_DIRECT
RS66868086	RS1150666	EUR	0.222182	PLINK2_1KG_DIRECT
RS66868086	RS13205911	EUR	0.955957	PLINK2_1KG_DIRECT
RS66868086	RS9295759	EUR	0.303795	PLINK2_1KG_DIRECT
RS66868086	RS9348796	EUR	0.303795	PLINK2_1KG_DIRECT
RS66868086	RS11552219	EUR	0.303795	PLINK2_1KG_DIRECT
RS66868086	RS9468300	EUR	0.655075	PLINK2_1KG_DIRECT
RS66868086	RS9380058	EUR	0.301881	PLINK2_1KG_DIRECT
RS66868086	RS9393895	EUR	0.303795	PLINK2_1KG_DIRECT
RS66868086	RS9393896	EUR	0.301881	PLINK2_1KG_DIRECT
RS66868086	RS9393897	EUR	0.301881	PLINK2_1KG_DIRECT
RS66868086	RS13197175	EUR	0.941997	PLINK2_1KG_DIRECT
RS66868086	RS13197176	EUR	0.955957	PLINK2_1KG_DIRECT
RS66868086	RS9357065	EUR	0.303795	PLINK2_1KG_DIRECT
RS66868086	RS1225618	EUR	0.129163	PLINK2_1KG_DIRECT
RS66868086	RS9357066	EUR	0.303795	PLINK2_1KG_DIRECT
RS66868086	RS13201308	EUR	0.955957	PLINK2_1KG_DIRECT
RS66868086	RS9393898	EUR	0.301881	PLINK2_1KG_DIRECT
RS66868086	RS34765154	EUR	0.955957	PLINK2_1KG_DIRECT
RS66868086	RS1150670	EUR	0.128616	PLINK2_1KG_DIRECT
RS66868086	RS9368556	EUR	0.303795	PLINK2_1KG_DIRECT
RS66868086	RS9368557	EUR	0.303795	PLINK2_1KG_DIRECT
RS66868086	RS9380059	EUR	0.303795	PLINK2_1KG_DIRECT
RS66868086	RS9380060	EUR	0.303795	PLINK2_1KG_DIRECT
RS66868086	RS35227624	EUR	0.303795	PLINK2_1KG_DIRECT
RS66868086	RS2021826	EUR	0.128616	PLINK2_1KG_DIRECT
RS66868086	RS9380061	EUR	0.303795	PLINK2_1KG_DIRECT
RS66868086	RS34505829	EUR	0.955957	PLINK2_1KG_DIRECT
RS66868086	RS9368558	EUR	0.303795	PLINK2_1KG_DIRECT
RS66868086	RS9393899	EUR	0.303795	PLINK2_1KG_DIRECT
RS66868086	RS35098436	EUR	0.955957	PLINK2_1KG_DIRECT
RS66868086	RS9283884	EUR	0.303795	PLINK2_1KG_DIRECT
RS66868086	RS4713150	EUR	0.303795	PLINK2_1KG_DIRECT
RS66868086	RS4713151	EUR	0.303795	PLINK2_1KG_DIRECT
RS66868086	RS9393901	EUR	0.303795	PLINK2_1KG_DIRECT
RS66868086	RS3173443	EUR	0.303795	PLINK2_1KG_DIRECT
RS66868086	RS4713152	EUR	0.303795	PLINK2_1KG_DIRECT
RS66868086	RS9348797	EUR	0.303795	PLINK2_1KG_DIRECT
RS66868086	RS9380062	EUR	0.303795	PLINK2_1KG_DIRECT
RS66868086	RS9380063	EUR	0.303795	PLINK2_1KG_DIRECT
RS66868086	RS13217984	EUR	0.955957	PLINK2_1KG_DIRECT
RS66868086	RS8180562	EUR	0.655075	PLINK2_1KG_DIRECT
RS66868086	RS12332979	EUR	0.303795	PLINK2_1KG_DIRECT
RS66868086	RS1150678	EUR	0.221	PLINK2_1KG_DIRECT
RS66868086	RS67878650	EUR	0.303795	PLINK2_1KG_DIRECT
RS66868086	RS1233696	EUR	0.128616	PLINK2_1KG_DIRECT
RS66868086	RS9348798	EUR	0.303795	PLINK2_1KG_DIRECT
RS66868086	RS9380064	EUR	0.655075	PLINK2_1KG_DIRECT
RS66868086	RS9380065	EUR	0.303795	PLINK2_1KG_DIRECT
RS66868086	RS35781323	EUR	0.955957	PLINK2_1KG_DIRECT
RS66868086	RS9295760	EUR	0.221	PLINK2_1KG_DIRECT
RS66868086	RS9295761	EUR	0.29811	PLINK2_1KG_DIRECT
RS66868086	RS1225591	EUR	0.238459	PLINK2_1KG_DIRECT
RS66868086	RS1225592	EUR	0.202233	PLINK2_1KG_DIRECT
RS66868086	RS34832585	EUR	0.955957	PLINK2_1KG_DIRECT
RS66868086	RS1150679	EUR	0.126992	PLINK2_1KG_DIRECT
RS66868086	RS1225595	EUR	0.202233	PLINK2_1KG_DIRECT
RS66868086	RS6901017	EUR	0.27368	PLINK2_1KG_DIRECT
RS66868086	RS1233691	EUR	0.202233	PLINK2_1KG_DIRECT
RS66868086	RS9295762	EUR	0.27368	PLINK2_1KG_DIRECT
RS66868086	RS9368560	EUR	0.332773	PLINK2_1KG_DIRECT
RS66868086	RS1225598	EUR	0.27368	PLINK2_1KG_DIRECT
RS66868086	RS1150686	EUR	0.126992	PLINK2_1KG_DIRECT
RS66868086	RS1225597	EUR	0.202233	PLINK2_1KG_DIRECT
RS66868086	RS1150687	EUR	0.129163	PLINK2_1KG_DIRECT
RS66868086	RS1225596	EUR	0.27368	PLINK2_1KG_DIRECT
RS66868086	RS1150688	EUR	0.126992	PLINK2_1KG_DIRECT
RS66868086	RS1150689	EUR	0.27368	PLINK2_1KG_DIRECT
RS66868086	RS1225599	EUR	0.27368	PLINK2_1KG_DIRECT
RS66868086	RS1233705	EUR	0.27368	PLINK2_1KG_DIRECT
RS66868086	RS1233704	EUR	0.27368	PLINK2_1KG_DIRECT
RS66868086	RS1071893	EUR	0.202233	PLINK2_1KG_DIRECT
RS66868086	RS1150691	EUR	0.160797	PLINK2_1KG_DIRECT
RS66868086	RS9368561	EUR	0.662253	PLINK2_1KG_DIRECT
RS66868086	RS1233701	EUR	0.27368	PLINK2_1KG_DIRECT
RS66868086	RS1233699	EUR	0.27368	PLINK2_1KG_DIRECT
RS66868086	RS13195291	EUR	0.955957	PLINK2_1KG_DIRECT
RS66868086	RS735765	EUR	0.567468	PLINK2_1KG_DIRECT
RS66868086	RS1233697	EUR	0.27368	PLINK2_1KG_DIRECT
RS66868086	RS1233707	EUR	0.27368	PLINK2_1KG_DIRECT
RS66868086	RS1237875	EUR	0.27368	PLINK2_1KG_DIRECT
RS66868086	RS1233708	EUR	0.202233	PLINK2_1KG_DIRECT
RS66868086	RS1150692	EUR	0.27368	PLINK2_1KG_DIRECT
RS66868086	RS1150693	EUR	0.270448	PLINK2_1KG_DIRECT
RS66868086	RS13197633	EUR	0.955957	PLINK2_1KG_DIRECT
RS66868086	RS1150694	EUR	0.129163	PLINK2_1KG_DIRECT
RS66868086	RS1150696	EUR	0.268854	PLINK2_1KG_DIRECT
RS66868086	RS1736891	EUR	0.126992	PLINK2_1KG_DIRECT
RS66868086	RS35001169	EUR	0.86789	PLINK2_1KG_DIRECT
RS66868086	RS9393908	EUR	0.581726	PLINK2_1KG_DIRECT
RS66868086	RS9366717	EUR	0.581726	PLINK2_1KG_DIRECT
RS66868086	RS35656932	EUR	0.86789	PLINK2_1KG_DIRECT
RS66868086	RS34243448	EUR	0.86789	PLINK2_1KG_DIRECT
RS66868086	RS1150705	EUR	0.130266	PLINK2_1KG_DIRECT
RS66868086	RS9461443	EUR	0.238387	PLINK2_1KG_DIRECT
RS66868086	RS34477097	EUR	0.230967	PLINK2_1KG_DIRECT
RS66868086	RS1150707	EUR	0.126992	PLINK2_1KG_DIRECT
RS66868086	RS34024998	EUR	0.13893	PLINK2_1KG_DIRECT
RS66868086	RS34787248	EUR	0.346686	PLINK2_1KG_DIRECT
RS66868086	RS1233713	EUR	0.126456	PLINK2_1KG_DIRECT
RS66868086	RS9468317	EUR	0.346686	PLINK2_1KG_DIRECT
RS66868086	RS2299029	EUR	0.346686	PLINK2_1KG_DIRECT
RS66868086	RS11967137	EUR	0.333383	PLINK2_1KG_DIRECT
RS66868086	RS11962305	EUR	0.346686	PLINK2_1KG_DIRECT
RS66868086	RS7206	EUR	0.126992	PLINK2_1KG_DIRECT
RS66868086	RS13204012	EUR	0.86789	PLINK2_1KG_DIRECT
RS66868086	RS13205211	EUR	0.86789	PLINK2_1KG_DIRECT
RS66868086	RS9380069	EUR	0.532519	PLINK2_1KG_DIRECT
RS66868086	RS9366718	EUR	0.333383	PLINK2_1KG_DIRECT
RS66868086	RS9393909	EUR	0.346686	PLINK2_1KG_DIRECT
RS66868086	RS1150709	EUR	0.126992	PLINK2_1KG_DIRECT
RS66868086	RS9393910	EUR	0.346686	PLINK2_1KG_DIRECT
RS66868086	RS1150711	EUR	0.165257	PLINK2_1KG_DIRECT
RS66868086	RS9368563	EUR	0.346686	PLINK2_1KG_DIRECT
RS66868086	RS9295768	EUR	0.346686	PLINK2_1KG_DIRECT
RS66868086	RS9468318	EUR	0.346686	PLINK2_1KG_DIRECT
RS66868086	RS9357067	EUR	0.346686	PLINK2_1KG_DIRECT
RS66868086	RS967005	EUR	0.346686	PLINK2_1KG_DIRECT
RS66868086	RS13408	EUR	0.113923	PLINK2_1KG_DIRECT
RS66868086	RS17720293	EUR	0.650194	PLINK2_1KG_DIRECT
RS66868086	RS7740487	EUR	0.490158	PLINK2_1KG_DIRECT
RS66868086	RS13200462	EUR	0.490158	PLINK2_1KG_DIRECT
RS66868086	RS1736904	EUR	0.289651	PLINK2_1KG_DIRECT
RS66868086	RS9986596	EUR	0.490158	PLINK2_1KG_DIRECT
RS66868086	RS1736895	EUR	0.113454	PLINK2_1KG_DIRECT
RS66868086	RS1679732	EUR	0.480474	PLINK2_1KG_DIRECT
RS66868086	RS10456362	EUR	0.485274	PLINK2_1KG_DIRECT
RS66868086	RS12214383	EUR	0.113923	PLINK2_1KG_DIRECT
RS66868086	RS13208096	EUR	0.86789	PLINK2_1KG_DIRECT
RS66868086	RS1531681	EUR	0.113923	PLINK2_1KG_DIRECT
RS66868086	RS1679709	EUR	0.480474	PLINK2_1KG_DIRECT
RS66868086	RS1778511	EUR	0.480474	PLINK2_1KG_DIRECT
RS66868086	RS1778508	EUR	0.480474	PLINK2_1KG_DIRECT
RS66868086	RS2799077	EUR	0.480474	PLINK2_1KG_DIRECT
RS66868086	RS2799079	EUR	0.480474	PLINK2_1KG_DIRECT
RS66868086	RS67998226	EUR	0.854399	PLINK2_1KG_DIRECT
RS66868086	RS2394049	EUR	0.113923	PLINK2_1KG_DIRECT
RS66868086	RS11965538	EUR	0.480474	PLINK2_1KG_DIRECT
RS66868086	RS1778484	EUR	0.155099	PLINK2_1KG_DIRECT
RS66868086	RS1778483	EUR	0.193122	PLINK2_1KG_DIRECT
RS66868086	RS1778482	EUR	0.193122	PLINK2_1KG_DIRECT
RS66868086	RS2743555	EUR	0.480474	PLINK2_1KG_DIRECT
RS66868086	RS1419183	EUR	0.480474	PLINK2_1KG_DIRECT
RS66868086	RS1150726	EUR	0.155099	PLINK2_1KG_DIRECT
RS66868086	RS34878803	EUR	0.854399	PLINK2_1KG_DIRECT
RS66868086	RS1150724	EUR	0.155099	PLINK2_1KG_DIRECT
RS66868086	RS34396849	EUR	0.854399	PLINK2_1KG_DIRECT
RS66868086	RS6901575	EUR	0.480474	PLINK2_1KG_DIRECT
RS66868086	RS1150721	EUR	0.155099	PLINK2_1KG_DIRECT
RS66868086	RS1150718	EUR	0.155099	PLINK2_1KG_DIRECT
RS66868086	RS13211507	EUR	0.854399	PLINK2_1KG_DIRECT
RS66868086	RS34691223	EUR	0.854399	PLINK2_1KG_DIRECT
RS66868086	RS1233660	EUR	0.155099	PLINK2_1KG_DIRECT
RS66868086	RS6905391	EUR	0.466552	PLINK2_1KG_DIRECT
RS66868086	RS1150716	EUR	0.125393	PLINK2_1KG_DIRECT
RS66868086	RS13207345	EUR	0.86789	PLINK2_1KG_DIRECT
RS66868086	RS72854513	EUR	0.86789	PLINK2_1KG_DIRECT
RS66868086	RS2142730	EUR	0.125924	PLINK2_1KG_DIRECT
RS66868086	RS1936365	EUR	0.466552	PLINK2_1KG_DIRECT
RS66868086	RS33932084	EUR	0.841288	PLINK2_1KG_DIRECT
RS66868086	RS1997660	EUR	0.17227	PLINK2_1KG_DIRECT
RS66868086	RS2799081	EUR	0.223495	PLINK2_1KG_DIRECT
RS66868086	RS9468333	EUR	0.17227	PLINK2_1KG_DIRECT
RS66868086	RS56189111	EUR	0.86789	PLINK2_1KG_DIRECT
RS66868086	RS13191786	EUR	0.86789	PLINK2_1KG_DIRECT
RS66868086	RS4713158	EUR	0.17227	PLINK2_1KG_DIRECT
RS66868086	RS34950484	EUR	0.854399	PLINK2_1KG_DIRECT
RS66868086	RS853694	EUR	0.466552	PLINK2_1KG_DIRECT
RS66868086	RS35072899	EUR	0.86789	PLINK2_1KG_DIRECT
RS66868086	RS34661125	EUR	0.854399	PLINK2_1KG_DIRECT
RS66868086	RS853693	EUR	0.17227	PLINK2_1KG_DIRECT
RS66868086	RS853690	EUR	0.17227	PLINK2_1KG_DIRECT
RS66868086	RS13190888	EUR	0.854399	PLINK2_1KG_DIRECT
RS66868086	RS853685	EUR	0.45044	PLINK2_1KG_DIRECT
RS66868086	RS56075693	EUR	0.86789	PLINK2_1KG_DIRECT
RS66868086	RS34218844	EUR	0.86789	PLINK2_1KG_DIRECT
RS66868086	RS707907	EUR	0.17227	PLINK2_1KG_DIRECT
RS66868086	RS9301	EUR	0.125393	PLINK2_1KG_DIRECT
RS66868086	RS853684	EUR	0.125393	PLINK2_1KG_DIRECT
RS66868086	RS853683	EUR	0.17227	PLINK2_1KG_DIRECT
RS66868086	RS853682	EUR	0.462065	PLINK2_1KG_DIRECT
RS66868086	RS853681	EUR	0.45044	PLINK2_1KG_DIRECT
RS66868086	RS853679	EUR	0.45044	PLINK2_1KG_DIRECT
RS66868086	RS853678	EUR	0.45044	PLINK2_1KG_DIRECT
RS66868086	RS853676	EUR	0.45044	PLINK2_1KG_DIRECT
RS66868086	RS17312661	EUR	0.335976	PLINK2_1KG_DIRECT
RS66868086	RS7752448	EUR	0.5961	PLINK2_1KG_DIRECT
RS66868086	RS7772827	EUR	0.20858	PLINK2_1KG_DIRECT
RS66868086	RS1416920	EUR	0.199164	PLINK2_1KG_DIRECT
RS66868086	RS11970439	EUR	0.276974	PLINK2_1KG_DIRECT
RS66868086	RS67340775	EUR	0.839696	PLINK2_1KG_DIRECT
RS66868086	RS35030260	EUR	0.853166	PLINK2_1KG_DIRECT
RS66868086	RS1361386	EUR	0.199164	PLINK2_1KG_DIRECT
RS66868086	RS6456814	EUR	0.262621	PLINK2_1KG_DIRECT
RS66868086	RS6456815	EUR	0.199164	PLINK2_1KG_DIRECT
RS66868086	RS13217619	EUR	0.853166	PLINK2_1KG_DIRECT
RS66868086	RS7757003	EUR	0.262621	PLINK2_1KG_DIRECT
RS66868086	RS17301128	EUR	0.276974	PLINK2_1KG_DIRECT
RS66868086	RS13210258	EUR	0.261098	PLINK2_1KG_DIRECT
RS66868086	RS2108926	EUR	0.199164	PLINK2_1KG_DIRECT
RS66868086	RS1119211	EUR	0.262621	PLINK2_1KG_DIRECT
RS66868086	RS9468344	EUR	0.199164	PLINK2_1KG_DIRECT
RS66868086	RS6912584	EUR	0.276974	PLINK2_1KG_DIRECT
RS66868086	RS6456816	EUR	0.259588	PLINK2_1KG_DIRECT
RS66868086	RS35016036	EUR	0.839696	PLINK2_1KG_DIRECT
RS66868086	RS213240	EUR	0.119832	PLINK2_1KG_DIRECT
RS66868086	RS6942030	EUR	0.199164	PLINK2_1KG_DIRECT
RS66868086	RS12180820	EUR	0.199164	PLINK2_1KG_DIRECT
RS66868086	RS35744819	EUR	0.839696	PLINK2_1KG_DIRECT
RS66868086	RS9468350	EUR	0.259588	PLINK2_1KG_DIRECT
RS66868086	RS758398	EUR	0.197155	PLINK2_1KG_DIRECT
RS66868086	RS56131013	EUR	0.272057	PLINK2_1KG_DIRECT
RS66868086	RS213238	EUR	0.128977	PLINK2_1KG_DIRECT
RS66868086	RS6903652	EUR	0.272057	PLINK2_1KG_DIRECT
RS66868086	RS6903823	EUR	0.272057	PLINK2_1KG_DIRECT
RS66868086	RS13198809	EUR	0.839696	PLINK2_1KG_DIRECT
RS66868086	RS213237	EUR	0.119319	PLINK2_1KG_DIRECT
RS66868086	RS35353359	EUR	0.839696	PLINK2_1KG_DIRECT
RS66868086	RS213236	EUR	0.120347	PLINK2_1KG_DIRECT
RS66868086	RS6921919	EUR	0.299986	PLINK2_1KG_DIRECT
RS66868086	RS6922111	EUR	0.299986	PLINK2_1KG_DIRECT
RS66868086	RS213232	EUR	0.120347	PLINK2_1KG_DIRECT
RS66868086	RS9461455	EUR	0.186608	PLINK2_1KG_DIRECT
RS66868086	RS213230	EUR	0.234548	PLINK2_1KG_DIRECT
RS66868086	RS13201752	EUR	0.186608	PLINK2_1KG_DIRECT
RS66868086	RS13201753	EUR	0.186608	PLINK2_1KG_DIRECT
RS66868086	RS213228	EUR	0.170996	PLINK2_1KG_DIRECT
RS66868086	RS35875412	EUR	0.317753	PLINK2_1KG_DIRECT
RS66868086	RS13199081	EUR	0.241122	PLINK2_1KG_DIRECT
RS66868086	RS34924864	EUR	0.186608	PLINK2_1KG_DIRECT
RS66868086	RS13214023	EUR	0.839696	PLINK2_1KG_DIRECT
RS66868086	RS35191424	EUR	0.182078	PLINK2_1KG_DIRECT
RS66868086	RS11752496	EUR	0.182078	PLINK2_1KG_DIRECT
RS66868086	RS7750526	EUR	0.234548	PLINK2_1KG_DIRECT
RS66868086	RS1054372	EUR	0.182078	PLINK2_1KG_DIRECT
RS66868086	RS9468354	EUR	0.182078	PLINK2_1KG_DIRECT
RS66868086	RS7773051	EUR	0.182078	PLINK2_1KG_DIRECT
RS66868086	RS4455662	EUR	0.114822	PLINK2_1KG_DIRECT
RS66868086	RS10946954	EUR	0.114822	PLINK2_1KG_DIRECT
RS66868086	RS12697938	EUR	0.182078	PLINK2_1KG_DIRECT
RS66868086	RS13437294	EUR	0.182078	PLINK2_1KG_DIRECT
RS66868086	RS9468355	EUR	0.182078	PLINK2_1KG_DIRECT
RS66868086	RS9468357	EUR	0.182078	PLINK2_1KG_DIRECT
RS66868086	RS34513104	EUR	0.182078	PLINK2_1KG_DIRECT
RS66868086	RS9461456	EUR	0.182078	PLINK2_1KG_DIRECT
RS66868086	RS9468360	EUR	0.182078	PLINK2_1KG_DIRECT
RS66868086	RS16894021	EUR	0.182078	PLINK2_1KG_DIRECT
RS66868086	RS11751693	EUR	0.182078	PLINK2_1KG_DIRECT
RS66868086	RS9368565	EUR	0.114822	PLINK2_1KG_DIRECT
RS66868086	RS35017208	EUR	0.839696	PLINK2_1KG_DIRECT
RS66868086	RS11754208	EUR	0.182078	PLINK2_1KG_DIRECT
RS66868086	RS7749736	EUR	0.182078	PLINK2_1KG_DIRECT
RS66868086	RS9468361	EUR	0.182078	PLINK2_1KG_DIRECT
RS66868086	RS7774981	EUR	0.234548	PLINK2_1KG_DIRECT
RS66868086	RS7754960	EUR	0.234548	PLINK2_1KG_DIRECT
RS66868086	RS7775132	EUR	0.182078	PLINK2_1KG_DIRECT
RS66868086	RS1052215	EUR	0.114822	PLINK2_1KG_DIRECT
RS66868086	RS2531825	EUR	0.119832	PLINK2_1KG_DIRECT
RS66868086	RS13213152	EUR	0.839696	PLINK2_1KG_DIRECT
RS66868086	RS3734563	EUR	0.182078	PLINK2_1KG_DIRECT
RS66868086	RS1591913	EUR	0.182078	PLINK2_1KG_DIRECT
RS66868086	RS7759191	EUR	0.182078	PLINK2_1KG_DIRECT
RS66868086	RS3799499	EUR	0.234548	PLINK2_1KG_DIRECT
RS66868086	RS7764722	EUR	0.182078	PLINK2_1KG_DIRECT
RS66868086	RS7764737	EUR	0.182078	PLINK2_1KG_DIRECT
RS66868086	RS67981811	EUR	0.839696	PLINK2_1KG_DIRECT
RS66868086	RS9461458	EUR	0.182078	PLINK2_1KG_DIRECT
RS66868086	RS36092177	EUR	0.839696	PLINK2_1KG_DIRECT
RS66868086	RS9468365	EUR	0.182078	PLINK2_1KG_DIRECT
RS66868086	RS13213986	EUR	0.839696	PLINK2_1KG_DIRECT
RS66868086	RS1361385	EUR	0.182078	PLINK2_1KG_DIRECT
RS66868086	RS1416918	EUR	0.182078	PLINK2_1KG_DIRECT
RS66868086	RS2232429	EUR	0.839696	PLINK2_1KG_DIRECT
RS66868086	RS2232427	EUR	0.234548	PLINK2_1KG_DIRECT
RS66868086	RS9468367	EUR	0.182078	PLINK2_1KG_DIRECT
RS66868086	RS2232426	EUR	0.839696	PLINK2_1KG_DIRECT
RS66868086	RS9461459	EUR	0.182078	PLINK2_1KG_DIRECT
RS66868086	RS34546986	EUR	0.839696	PLINK2_1KG_DIRECT
RS66868086	RS28360638	EUR	0.182078	PLINK2_1KG_DIRECT
RS66868086	RS16894060	EUR	0.182078	PLINK2_1KG_DIRECT
RS66868086	RS34871267	EUR	0.839696	PLINK2_1KG_DIRECT
RS66868086	RS9468368	EUR	0.182078	PLINK2_1KG_DIRECT
RS66868086	RS2041230	EUR	0.182078	PLINK2_1KG_DIRECT
RS66868086	RS2232423	EUR	0.839696	PLINK2_1KG_DIRECT
RS66868086	RS1005125	EUR	0.118302	PLINK2_1KG_DIRECT
RS66868086	RS1005126	EUR	0.234548	PLINK2_1KG_DIRECT
RS66868086	RS1005127	EUR	0.182078	PLINK2_1KG_DIRECT
RS66868086	RS4580862	EUR	0.182078	PLINK2_1KG_DIRECT
RS66868086	RS4357130	EUR	0.182078	PLINK2_1KG_DIRECT
RS66868086	RS35883476	EUR	0.839696	PLINK2_1KG_DIRECT
RS66868086	RS9468370	EUR	0.182078	PLINK2_1KG_DIRECT
RS66868086	RS11755942	EUR	0.182078	PLINK2_1KG_DIRECT
RS66868086	RS13196606	EUR	0.234548	PLINK2_1KG_DIRECT
RS66868086	RS6907950	EUR	0.182078	PLINK2_1KG_DIRECT
RS66868086	RS6908137	EUR	0.182078	PLINK2_1KG_DIRECT
RS66868086	RS4254981	EUR	0.184777	PLINK2_1KG_DIRECT
RS66868086	RS58020991	EUR	0.238459	PLINK2_1KG_DIRECT
RS66868086	RS71559081	EUR	0.238459	PLINK2_1KG_DIRECT
RS66868086	RS2531827	EUR	0.114822	PLINK2_1KG_DIRECT
RS66868086	RS13217326	EUR	0.238459	PLINK2_1KG_DIRECT
RS66868086	RS6905380	EUR	0.237145	PLINK2_1KG_DIRECT
RS66868086	RS6928771	EUR	0.184777	PLINK2_1KG_DIRECT
RS66868086	RS6928773	EUR	0.184777	PLINK2_1KG_DIRECT
RS66868086	RS16901847	EUR	0.307681	PLINK2_1KG_DIRECT
RS66868086	RS6929825	EUR	0.184777	PLINK2_1KG_DIRECT
RS66868086	RS9468371	EUR	0.119832	PLINK2_1KG_DIRECT
RS66868086	RS9468372	EUR	0.119832	PLINK2_1KG_DIRECT
RS66868086	RS35599905	EUR	0.184777	PLINK2_1KG_DIRECT
RS66868086	RS1124131	EUR	0.184777	PLINK2_1KG_DIRECT
RS66868086	RS1124132	EUR	0.114822	PLINK2_1KG_DIRECT
RS66868086	RS6899389	EUR	0.184777	PLINK2_1KG_DIRECT
RS66868086	RS6922374	EUR	0.184777	PLINK2_1KG_DIRECT
RS66868086	RS6899603	EUR	0.184777	PLINK2_1KG_DIRECT
RS66868086	RS6922429	EUR	0.184777	PLINK2_1KG_DIRECT
RS66868086	RS1558205	EUR	0.163331	PLINK2_1KG_DIRECT
RS66868086	RS13203055	EUR	0.238459	PLINK2_1KG_DIRECT
RS66868086	RS2108927	EUR	0.114822	PLINK2_1KG_DIRECT
RS66868086	RS6922169	EUR	0.184777	PLINK2_1KG_DIRECT
RS66868086	RS13210866	EUR	0.184777	PLINK2_1KG_DIRECT
RS66868086	RS36018474	EUR	0.184777	PLINK2_1KG_DIRECT
RS66868086	RS13201726	EUR	0.184777	PLINK2_1KG_DIRECT
RS66868086	RS6940744	EUR	0.238459	PLINK2_1KG_DIRECT
RS66868086	RS11760133	EUR	0.186608	PLINK2_1KG_DIRECT
RS66868086	RS2027361	EUR	0.184777	PLINK2_1KG_DIRECT
RS66868086	RS2531831	EUR	0.120347	PLINK2_1KG_DIRECT
RS66868086	RS2531832	EUR	0.114822	PLINK2_1KG_DIRECT
RS66868086	RS4642462	EUR	0.184777	PLINK2_1KG_DIRECT
RS66868086	RS16894091	EUR	0.238459	PLINK2_1KG_DIRECT
RS66868086	RS16894095	EUR	0.190348	PLINK2_1KG_DIRECT
RS66868086	RS3800328	EUR	0.184777	PLINK2_1KG_DIRECT
RS66868086	RS2859365	EUR	0.119832	PLINK2_1KG_DIRECT
RS66868086	RS67211468	EUR	0.183871	PLINK2_1KG_DIRECT
RS66868086	RS13193272	EUR	0.238459	PLINK2_1KG_DIRECT
RS66868086	RS13201681	EUR	0.839696	PLINK2_1KG_DIRECT
RS66868086	RS35560946	EUR	0.183871	PLINK2_1KG_DIRECT
RS66868086	RS1339898	EUR	0.169375	PLINK2_1KG_DIRECT
RS66868086	RS13209596	EUR	0.238459	PLINK2_1KG_DIRECT
RS66868086	RS740621	EUR	0.184777	PLINK2_1KG_DIRECT
RS66868086	RS2247002	EUR	0.119832	PLINK2_1KG_DIRECT
RS66868086	RS740622	EUR	0.184777	PLINK2_1KG_DIRECT
RS66868086	RS9969098	EUR	0.238459	PLINK2_1KG_DIRECT
RS66868086	RS728122	EUR	0.119832	PLINK2_1KG_DIRECT
RS66868086	RS7740429	EUR	0.238459	PLINK2_1KG_DIRECT
RS66868086	RS7740351	EUR	0.183871	PLINK2_1KG_DIRECT
RS66868086	RS2023493	EUR	0.114822	PLINK2_1KG_DIRECT
RS66868086	RS7765989	EUR	0.307681	PLINK2_1KG_DIRECT
RS66868086	RS16894106	EUR	0.238459	PLINK2_1KG_DIRECT
RS66868086	RS7766356	EUR	0.330823	PLINK2_1KG_DIRECT
RS66868086	RS16894108	EUR	0.184777	PLINK2_1KG_DIRECT
RS66868086	RS2071965	EUR	0.183871	PLINK2_1KG_DIRECT
RS66868086	RS11752919	EUR	0.134171	PLINK2_1KG_DIRECT
RS66868086	RS66542396	EUR	0.134171	PLINK2_1KG_DIRECT
RS66868086	RS13215476	EUR	0.134764	PLINK2_1KG_DIRECT
RS66868086	RS6917130	EUR	0.134764	PLINK2_1KG_DIRECT
RS66868086	RS13190937	EUR	0.168572	PLINK2_1KG_DIRECT
RS66868086	RS2531804	EUR	0.12457	PLINK2_1KG_DIRECT
RS66868086	RS67381177	EUR	0.839696	PLINK2_1KG_DIRECT
RS66868086	RS13207208	EUR	0.134171	PLINK2_1KG_DIRECT
RS66868086	RS16894116	EUR	0.307681	PLINK2_1KG_DIRECT
RS66868086	RS13215804	EUR	0.168572	PLINK2_1KG_DIRECT
RS66868086	RS6939966	EUR	0.134171	PLINK2_1KG_DIRECT
RS66868086	RS6903535	EUR	0.134764	PLINK2_1KG_DIRECT
RS66868086	RS6927229	EUR	0.134764	PLINK2_1KG_DIRECT
RS66868086	RS61289879	EUR	0.324053	PLINK2_1KG_DIRECT
RS66868086	RS55690788	EUR	0.839696	PLINK2_1KG_DIRECT
RS66868086	RS34676049	EUR	0.839696	PLINK2_1KG_DIRECT
RS66868086	RS13191038	EUR	0.825026	PLINK2_1KG_DIRECT
RS66868086	RS13215054	EUR	0.21713	PLINK2_1KG_DIRECT
RS66868086	RS414745	EUR	0.189403	PLINK2_1KG_DIRECT
RS66868086	RS418092	EUR	0.190348	PLINK2_1KG_DIRECT
RS66868086	RS425615	EUR	0.189403	PLINK2_1KG_DIRECT
RS66868086	RS7742957	EUR	0.249399	PLINK2_1KG_DIRECT
RS66868086	RS17336532	EUR	0.298064	PLINK2_1KG_DIRECT
RS66868086	RS16901848	EUR	0.249399	PLINK2_1KG_DIRECT
RS66868086	RS35480587	EUR	0.125177	PLINK2_1KG_DIRECT
RS66868086	RS41270599	EUR	0.298064	PLINK2_1KG_DIRECT
RS66868086	RS13217047	EUR	0.298064	PLINK2_1KG_DIRECT
RS66868086	RS35546888	EUR	0.249399	PLINK2_1KG_DIRECT
RS66868086	RS11963067	EUR	0.249399	PLINK2_1KG_DIRECT
RS66868086	RS35257859	EUR	0.298064	PLINK2_1KG_DIRECT
RS66868086	RS418204	EUR	0.190348	PLINK2_1KG_DIRECT
RS66868086	RS6923110	EUR	0.251036	PLINK2_1KG_DIRECT
RS66868086	RS418914	EUR	0.192258	PLINK2_1KG_DIRECT
RS66868086	RS6941188	EUR	0.251036	PLINK2_1KG_DIRECT
RS66868086	RS410106	EUR	0.192258	PLINK2_1KG_DIRECT
RS66868086	RS442439	EUR	0.172639	PLINK2_1KG_DIRECT
RS66868086	RS4947336	EUR	0.839696	PLINK2_1KG_DIRECT
RS66868086	RS34388845	EUR	0.34234	PLINK2_1KG_DIRECT
RS66868086	RS9357070	EUR	0.211582	PLINK2_1KG_DIRECT
RS66868086	RS116591906	EUR	0.421416	PLINK2_1KG_DIRECT
RS66868086	RS34556183	EUR	0.224805	PLINK2_1KG_DIRECT
RS66868086	RS36103239	EUR	0.226244	PLINK2_1KG_DIRECT
RS66868086	RS11965972	EUR	0.226244	PLINK2_1KG_DIRECT
RS66868086	RS7741058	EUR	0.238946	PLINK2_1KG_DIRECT
RS66868086	RS35778344	EUR	0.421416	PLINK2_1KG_DIRECT
RS66868086	RS13220637	EUR	0.226244	PLINK2_1KG_DIRECT
RS66868086	RS36069097	EUR	0.227697	PLINK2_1KG_DIRECT
RS66868086	RS34470113	EUR	0.261797	PLINK2_1KG_DIRECT
RS66868086	RS1884936	EUR	0.206011	PLINK2_1KG_DIRECT
RS66868086	RS34724414	EUR	0.839696	PLINK2_1KG_DIRECT
RS66868086	RS7775683	EUR	0.212447	PLINK2_1KG_DIRECT
RS66868086	RS2893966	EUR	0.212447	PLINK2_1KG_DIRECT
RS66868086	RS13193532	EUR	0.537356	PLINK2_1KG_DIRECT
RS66868086	RS1884937	EUR	0.207275	PLINK2_1KG_DIRECT
RS66868086	RS11970339	EUR	0.212447	PLINK2_1KG_DIRECT
RS66868086	RS34177106	EUR	0.212447	PLINK2_1KG_DIRECT
RS66868086	RS13194504	EUR	0.839696	PLINK2_1KG_DIRECT
RS66868086	RS7767008	EUR	0.211136	PLINK2_1KG_DIRECT
RS66868086	RS56389860	EUR	0.212447	PLINK2_1KG_DIRECT
RS66868086	RS35128564	EUR	0.543371	PLINK2_1KG_DIRECT
RS66868086	RS61229539	EUR	0.207275	PLINK2_1KG_DIRECT
RS66868086	RS16894194	EUR	0.207275	PLINK2_1KG_DIRECT
RS66868086	RS16894197	EUR	0.207275	PLINK2_1KG_DIRECT
RS66868086	RS35466817	EUR	0.207275	PLINK2_1KG_DIRECT
RS66868086	RS4486067	EUR	0.531457	PLINK2_1KG_DIRECT
RS66868086	RS13202664	EUR	0.531457	PLINK2_1KG_DIRECT
RS66868086	RS6910361	EUR	0.531457	PLINK2_1KG_DIRECT
RS66868086	RS11966966	EUR	0.204758	PLINK2_1KG_DIRECT
RS66868086	RS11967609	EUR	0.203516	PLINK2_1KG_DIRECT
RS66868086	RS2394120	EUR	0.204758	PLINK2_1KG_DIRECT
RS66868086	RS2394121	EUR	0.203516	PLINK2_1KG_DIRECT
RS66868086	RS34953859	EUR	0.537356	PLINK2_1KG_DIRECT
RS66868086	RS2394122	EUR	0.217376	PLINK2_1KG_DIRECT
RS66868086	RS7748643	EUR	0.119988	PLINK2_1KG_DIRECT
RS66868086	RS7382146	EUR	0.101215	PLINK2_1KG_DIRECT
RS66868086	RS35044849	EUR	0.839696	PLINK2_1KG_DIRECT
RS66868086	RS6939576	EUR	0.176698	PLINK2_1KG_DIRECT
RS66868086	RS6908726	EUR	0.744534	PLINK2_1KG_DIRECT
RS66868086	RS35243068	EUR	0.826611	PLINK2_1KG_DIRECT
RS66868086	RS4713177	EUR	0.789508	PLINK2_1KG_DIRECT
RS66868086	RS7775835	EUR	0.51442	PLINK2_1KG_DIRECT
RS66868086	RS13217472	EUR	0.826611	PLINK2_1KG_DIRECT
RS66868086	RS9393925	EUR	0.575307	PLINK2_1KG_DIRECT
RS66868086	RS9393926	EUR	0.734011	PLINK2_1KG_DIRECT
RS66868086	RS9295778	EUR	0.335976	PLINK2_1KG_DIRECT
RS66868086	RS9468413	EUR	0.335976	PLINK2_1KG_DIRECT
RS66868086	RS9393929	EUR	0.734011	PLINK2_1KG_DIRECT
RS66868086	RS6456834	EUR	0.335976	PLINK2_1KG_DIRECT
RS66868086	RS6456835	EUR	0.734011	PLINK2_1KG_DIRECT
RS66868086	RS1622915	EUR	0.192889	PLINK2_1KG_DIRECT
RS66868086	RS1311911	EUR	0.734011	PLINK2_1KG_DIRECT
RS66868086	RS880638	EUR	0.114335	PLINK2_1KG_DIRECT
RS66868086	RS1233578	EUR	0.352252	PLINK2_1KG_DIRECT
RS66868086	RS1233579	EUR	0.813895	PLINK2_1KG_DIRECT
RS66868086	RS1233580	EUR	0.813895	PLINK2_1KG_DIRECT
RS66868086	RS1233581	EUR	0.813895	PLINK2_1KG_DIRECT
RS66868086	RS1233582	EUR	0.45044	PLINK2_1KG_DIRECT
RS66868086	RS1233583	EUR	0.801532	PLINK2_1KG_DIRECT
RS66868086	RS1233585	EUR	0.40257	PLINK2_1KG_DIRECT
RS66868086	RS1311912	EUR	0.813895	PLINK2_1KG_DIRECT
RS66868086	RS1311913	EUR	0.813895	PLINK2_1KG_DIRECT
RS66868086	RS1233588	EUR	0.813895	PLINK2_1KG_DIRECT
RS66868086	RS9257133	EUR	0.813895	PLINK2_1KG_DIRECT
RS66868086	RS9257136	EUR	0.813895	PLINK2_1KG_DIRECT
RS66868086	RS9257137	EUR	0.813895	PLINK2_1KG_DIRECT
RS66868086	RS1238262	EUR	0.813895	PLINK2_1KG_DIRECT
RS66868086	RS1742743	EUR	0.813895	PLINK2_1KG_DIRECT
RS66868086	RS1233593	EUR	0.813895	PLINK2_1KG_DIRECT
RS66868086	RS9257140	EUR	0.826611	PLINK2_1KG_DIRECT
RS66868086	RS1233594	EUR	0.813895	PLINK2_1KG_DIRECT
RS66868086	RS1233599	EUR	0.813895	PLINK2_1KG_DIRECT
RS66868086	RS1233600	EUR	0.813895	PLINK2_1KG_DIRECT
RS66868086	RS1233604	EUR	0.813895	PLINK2_1KG_DIRECT
RS66868086	RS1233608	EUR	0.40257	PLINK2_1KG_DIRECT
RS66868086	RS1233609	EUR	0.813895	PLINK2_1KG_DIRECT
RS66868086	RS1233610	EUR	0.813895	PLINK2_1KG_DIRECT
RS66868086	RS1233611	EUR	0.813895	PLINK2_1KG_DIRECT
RS66868086	RS1233612	EUR	0.813895	PLINK2_1KG_DIRECT
RS66868086	RS1233614	EUR	0.40257	PLINK2_1KG_DIRECT
RS66868086	RS9257167	EUR	0.826611	PLINK2_1KG_DIRECT
RS66868086	RS1311914	EUR	0.813895	PLINK2_1KG_DIRECT
RS66868086	RS1233618	EUR	0.813895	PLINK2_1KG_DIRECT
RS66868086	RS1233619	EUR	0.813895	PLINK2_1KG_DIRECT
RS66868086	RS1233620	EUR	0.813895	PLINK2_1KG_DIRECT
RS66868086	RS1233623	EUR	0.813895	PLINK2_1KG_DIRECT
RS66868086	RS1233624	EUR	0.813895	PLINK2_1KG_DIRECT
RS66868086	RS1311917	EUR	0.813895	PLINK2_1KG_DIRECT
RS66868086	RS1311918	EUR	0.813895	PLINK2_1KG_DIRECT
RS66868086	RS9257182	EUR	0.40257	PLINK2_1KG_DIRECT
RS66868086	RS9257183	EUR	0.801532	PLINK2_1KG_DIRECT
RS66868086	RS9257184	EUR	0.801532	PLINK2_1KG_DIRECT
RS66868086	RS9257187	EUR	0.801532	PLINK2_1KG_DIRECT
RS66868086	RS9257188	EUR	0.801532	PLINK2_1KG_DIRECT
RS66868086	RS9257189	EUR	0.801532	PLINK2_1KG_DIRECT
RS66868086	RS7764642	EUR	0.801532	PLINK2_1KG_DIRECT
RS66868086	RS9257190	EUR	0.468599	PLINK2_1KG_DIRECT
RS66868086	RS9257191	EUR	0.801532	PLINK2_1KG_DIRECT
RS66868086	RS9257192	EUR	0.786955	PLINK2_1KG_DIRECT
RS66868086	RS7761321	EUR	0.801532	PLINK2_1KG_DIRECT
RS66868086	RS7766699	EUR	0.801532	PLINK2_1KG_DIRECT
RS66868086	RS7767099	EUR	0.801532	PLINK2_1KG_DIRECT
RS66868086	RS9257217	EUR	0.801532	PLINK2_1KG_DIRECT
RS66868086	RS2765220	EUR	0.468599	PLINK2_1KG_DIRECT
RS66868086	RS7739915	EUR	0.51442	PLINK2_1KG_DIRECT
RS66868086	RS3132373	EUR	0.801532	PLINK2_1KG_DIRECT
RS66868086	RS3132372	EUR	0.468599	PLINK2_1KG_DIRECT
RS66868086	RS3131344	EUR	0.468599	PLINK2_1KG_DIRECT
RS66868086	RS3131343	EUR	0.801532	PLINK2_1KG_DIRECT
RS66868086	RS4324798	EUR	0.786955	PLINK2_1KG_DIRECT
RS66868086	RS9257223	EUR	0.786955	PLINK2_1KG_DIRECT
RS66868086	RS3131341	EUR	0.799283	PLINK2_1KG_DIRECT
RS66868086	RS417919	EUR	0.456807	PLINK2_1KG_DIRECT
RS66868086	RS3131340	EUR	0.77497	PLINK2_1KG_DIRECT
RS66868086	RS3132397	EUR	0.786955	PLINK2_1KG_DIRECT
RS66868086	RS3132396	EUR	0.786955	PLINK2_1KG_DIRECT
RS66868086	RS9257226	EUR	0.456807	PLINK2_1KG_DIRECT
RS66868086	RS9257227	EUR	0.786955	PLINK2_1KG_DIRECT
RS66868086	RS3135294	EUR	0.786955	PLINK2_1KG_DIRECT
RS66868086	RS172329	EUR	0.456807	PLINK2_1KG_DIRECT
RS66868086	RS172328	EUR	0.502036	PLINK2_1KG_DIRECT
RS66868086	RS3118360	EUR	0.786955	PLINK2_1KG_DIRECT
RS66868086	RS209181	EUR	0.502036	PLINK2_1KG_DIRECT
RS66868086	RS3118359	EUR	0.799283	PLINK2_1KG_DIRECT
RS66868086	RS3135295	EUR	0.786955	PLINK2_1KG_DIRECT
RS66868086	RS3135296	EUR	0.786955	PLINK2_1KG_DIRECT
RS66868086	RS3131337	EUR	0.689875	PLINK2_1KG_DIRECT
RS66868086	RS3132379	EUR	0.299591	PLINK2_1KG_DIRECT
RS66868086	RS3132376	EUR	0.786955	PLINK2_1KG_DIRECT
RS66868086	RS3118357	EUR	0.786955	PLINK2_1KG_DIRECT
RS66868086	RS9257248	EUR	0.786955	PLINK2_1KG_DIRECT
RS66868086	RS9257249	EUR	0.786955	PLINK2_1KG_DIRECT
RS66868086	RS9257250	EUR	0.786955	PLINK2_1KG_DIRECT
RS66868086	RS3135297	EUR	0.786955	PLINK2_1KG_DIRECT
RS66868086	RS3135298	EUR	0.772413	PLINK2_1KG_DIRECT
RS66868086	RS3132395	EUR	0.786955	PLINK2_1KG_DIRECT
RS66868086	RS3132394	EUR	0.786955	PLINK2_1KG_DIRECT
RS66868086	RS3135299	EUR	0.799283	PLINK2_1KG_DIRECT
RS66868086	RS3132393	EUR	0.786955	PLINK2_1KG_DIRECT
RS66868086	RS3131335	EUR	0.786955	PLINK2_1KG_DIRECT
RS66868086	RS9257262	EUR	0.786955	PLINK2_1KG_DIRECT
RS66868086	RS7760313	EUR	0.786955	PLINK2_1KG_DIRECT
RS66868086	RS9257267	EUR	0.786955	PLINK2_1KG_DIRECT
RS66868086	RS556827765	EUR	0.786955	PLINK2_1KG_DIRECT
RS66868086	RS3132384	EUR	0.786955	PLINK2_1KG_DIRECT
RS66868086	RS3135300	EUR	0.786955	PLINK2_1KG_DIRECT
RS66868086	RS3132385	EUR	0.799283	PLINK2_1KG_DIRECT
RS66868086	RS3131345	EUR	0.786955	PLINK2_1KG_DIRECT
RS66868086	RS3132387	EUR	0.786955	PLINK2_1KG_DIRECT
RS66868086	RS3132388	EUR	0.77497	PLINK2_1KG_DIRECT
RS66868086	RS3135302	EUR	0.786955	PLINK2_1KG_DIRECT
RS66868086	RS3132389	EUR	0.799283	PLINK2_1KG_DIRECT
RS66868086	RS3131336	EUR	0.786955	PLINK2_1KG_DIRECT
RS66868086	RS574909700	EUR	0.709512	PLINK2_1KG_DIRECT
RS66868086	RS539591970	EUR	0.786955	PLINK2_1KG_DIRECT
RS66868086	RS3118368	EUR	0.730183	PLINK2_1KG_DIRECT
RS66868086	RS3131093	EUR	0.786955	PLINK2_1KG_DIRECT
RS66868086	RS3132391	EUR	0.786955	PLINK2_1KG_DIRECT
RS66868086	RS3132392	EUR	0.786955	PLINK2_1KG_DIRECT
RS66868086	RS3135304	EUR	0.786955	PLINK2_1KG_DIRECT
RS66868086	RS3118367	EUR	0.786955	PLINK2_1KG_DIRECT
RS66868086	RS3135305	EUR	0.786955	PLINK2_1KG_DIRECT
RS66868086	RS3135306	EUR	0.786955	PLINK2_1KG_DIRECT
RS66868086	RS3118366	EUR	0.786955	PLINK2_1KG_DIRECT
RS66868086	RS3118365	EUR	0.751971	PLINK2_1KG_DIRECT
RS66868086	RS3135307	EUR	0.786955	PLINK2_1KG_DIRECT
RS66868086	RS3131095	EUR	0.799283	PLINK2_1KG_DIRECT
RS66868086	RS3135308	EUR	0.799283	PLINK2_1KG_DIRECT
RS66868086	RS3131096	EUR	0.799283	PLINK2_1KG_DIRECT
RS66868086	RS3118364	EUR	0.799283	PLINK2_1KG_DIRECT
RS66868086	RS3131097	EUR	0.799283	PLINK2_1KG_DIRECT
RS66868086	RS3135309	EUR	0.799283	PLINK2_1KG_DIRECT
RS66868086	RS3135310	EUR	0.799283	PLINK2_1KG_DIRECT
RS66868086	RS3135311	EUR	0.799283	PLINK2_1KG_DIRECT
RS66868086	RS3135312	EUR	0.799283	PLINK2_1KG_DIRECT
RS66868086	RS3135313	EUR	0.799283	PLINK2_1KG_DIRECT
RS66868086	RS9257331	EUR	0.799283	PLINK2_1KG_DIRECT
RS66868086	RS3135316	EUR	0.799283	PLINK2_1KG_DIRECT
RS41266839	RS41266839	EUR	1	PLINK2_1KG_DIRECT
RS41266839	RS4712936	EUR	0.420022	PLINK2_1KG_DIRECT
RS41266839	RS7752195	EUR	0.420022	PLINK2_1KG_DIRECT
RS41266839	RS913455	EUR	0.420022	PLINK2_1KG_DIRECT
RS41266839	RS4632883	EUR	0.420022	PLINK2_1KG_DIRECT
RS41266839	RS2039069	EUR	0.420022	PLINK2_1KG_DIRECT
RS41266839	RS7774567	EUR	0.420022	PLINK2_1KG_DIRECT
RS41266839	RS2328887	EUR	0.289371	PLINK2_1KG_DIRECT
RS41266839	RS9295661	EUR	0.434037	PLINK2_1KG_DIRECT
RS41266839	RS34991172	EUR	0.50324	PLINK2_1KG_DIRECT
RS41266839	RS35789010	EUR	0.529604	PLINK2_1KG_DIRECT
RS41266839	RS13212936	EUR	0.3391	PLINK2_1KG_DIRECT
RS41266839	RS13191296	EUR	0.708634	PLINK2_1KG_DIRECT
RS41266839	RS35436081	EUR	0.520698	PLINK2_1KG_DIRECT
RS41266839	RS68006638	EUR	0.724047	PLINK2_1KG_DIRECT
RS41266839	RS34493019	EUR	0.724047	PLINK2_1KG_DIRECT
RS41266839	RS4236040	EUR	0.556315	PLINK2_1KG_DIRECT
RS41266839	RS4712969	EUR	0.563946	PLINK2_1KG_DIRECT
RS41266839	RS6902211	EUR	0.563946	PLINK2_1KG_DIRECT
RS41266839	RS1892250	EUR	0.563946	PLINK2_1KG_DIRECT
RS41266839	RS1892251	EUR	0.477272	PLINK2_1KG_DIRECT
RS41266839	RS1937126	EUR	0.477272	PLINK2_1KG_DIRECT
RS41266839	RS4712972	EUR	0.356297	PLINK2_1KG_DIRECT
RS41266839	RS1892252	EUR	0.324057	PLINK2_1KG_DIRECT
RS41266839	RS6456701	EUR	0.563946	PLINK2_1KG_DIRECT
RS41266839	RS1954598	EUR	0.563946	PLINK2_1KG_DIRECT
RS41266839	RS3949215	EUR	0.563946	PLINK2_1KG_DIRECT
RS41266839	RS6910549	EUR	0.477272	PLINK2_1KG_DIRECT
RS41266839	RS1892253	EUR	0.477272	PLINK2_1KG_DIRECT
RS41266839	RS13213957	EUR	0.739499	PLINK2_1KG_DIRECT
RS41266839	RS10214468	EUR	0.382204	PLINK2_1KG_DIRECT
RS41266839	RS28360585	EUR	0.382204	PLINK2_1KG_DIRECT
RS41266839	RS13200921	EUR	0.623066	PLINK2_1KG_DIRECT
RS41266839	RS9467600	EUR	0.623066	PLINK2_1KG_DIRECT
RS41266839	RS9467603	EUR	0.623066	PLINK2_1KG_DIRECT
RS41266839	RS9461216	EUR	0.623066	PLINK2_1KG_DIRECT
RS41266839	RS9467606	EUR	0.623066	PLINK2_1KG_DIRECT
RS41266839	RS9467607	EUR	0.623066	PLINK2_1KG_DIRECT
RS41266839	RS9467609	EUR	0.623066	PLINK2_1KG_DIRECT
RS41266839	RS9467613	EUR	0.623066	PLINK2_1KG_DIRECT
RS41266839	RS6939997	EUR	0.623066	PLINK2_1KG_DIRECT
RS41266839	RS6940698	EUR	0.623066	PLINK2_1KG_DIRECT
RS41266839	RS13201341	EUR	0.739499	PLINK2_1KG_DIRECT
RS41266839	RS13199775	EUR	0.623066	PLINK2_1KG_DIRECT
RS41266839	RS34351439	EUR	0.623066	PLINK2_1KG_DIRECT
RS41266839	RS1165184	EUR	0.374486	PLINK2_1KG_DIRECT
RS41266839	RS9461219	EUR	0.623066	PLINK2_1KG_DIRECT
RS41266839	RS1324088	EUR	0.402729	PLINK2_1KG_DIRECT
RS41266839	RS1324087	EUR	0.402729	PLINK2_1KG_DIRECT
RS41266839	RS6913795	EUR	0.637823	PLINK2_1KG_DIRECT
RS41266839	RS9467621	EUR	0.637823	PLINK2_1KG_DIRECT
RS41266839	RS1177441	EUR	0.410377	PLINK2_1KG_DIRECT
RS41266839	RS1165168	EUR	0.410377	PLINK2_1KG_DIRECT
RS41266839	RS9467623	EUR	0.637823	PLINK2_1KG_DIRECT
RS41266839	RS1165163	EUR	0.410377	PLINK2_1KG_DIRECT
RS41266839	RS13211947	EUR	0.754988	PLINK2_1KG_DIRECT
RS41266839	RS67554133	EUR	0.687659	PLINK2_1KG_DIRECT
RS41266839	RS68194335	EUR	0.687659	PLINK2_1KG_DIRECT
RS41266839	RS55912630	EUR	0.754988	PLINK2_1KG_DIRECT
RS41266839	RS548987	EUR	0.385966	PLINK2_1KG_DIRECT
RS41266839	RS523383	EUR	0.385966	PLINK2_1KG_DIRECT
RS41266839	RS555460	EUR	0.385966	PLINK2_1KG_DIRECT
RS41266839	RS972087	EUR	0.496295	PLINK2_1KG_DIRECT
RS41266839	RS501220	EUR	0.385966	PLINK2_1KG_DIRECT
RS41266839	RS9467626	EUR	0.637823	PLINK2_1KG_DIRECT
RS41266839	RS13198474	EUR	0.67565	PLINK2_1KG_DIRECT
RS41266839	RS34043431	EUR	0.754988	PLINK2_1KG_DIRECT
RS41266839	RS36014129	EUR	0.770514	PLINK2_1KG_DIRECT
RS41266839	RS629444	EUR	0.445179	PLINK2_1KG_DIRECT
RS41266839	RS7766531	EUR	0.528288	PLINK2_1KG_DIRECT
RS41266839	RS7750960	EUR	0.528288	PLINK2_1KG_DIRECT
RS41266839	RS9467632	EUR	0.569558	PLINK2_1KG_DIRECT
RS41266839	RS13214169	EUR	0.528288	PLINK2_1KG_DIRECT
RS41266839	RS13208859	EUR	0.600387	PLINK2_1KG_DIRECT
RS41266839	RS13220488	EUR	0.600387	PLINK2_1KG_DIRECT
RS41266839	RS13207673	EUR	0.592405	PLINK2_1KG_DIRECT
RS41266839	RS6903228	EUR	0.555183	PLINK2_1KG_DIRECT
RS41266839	RS7748167	EUR	0.51569	PLINK2_1KG_DIRECT
RS41266839	RS9461222	EUR	0.555183	PLINK2_1KG_DIRECT
RS41266839	RS9467635	EUR	0.555183	PLINK2_1KG_DIRECT
RS41266839	RS34525648	EUR	0.555183	PLINK2_1KG_DIRECT
RS41266839	RS35169013	EUR	0.600387	PLINK2_1KG_DIRECT
RS41266839	RS9461223	EUR	0.555183	PLINK2_1KG_DIRECT
RS41266839	RS9295675	EUR	0.534793	PLINK2_1KG_DIRECT
RS41266839	RS17526722	EUR	0.757585	PLINK2_1KG_DIRECT
RS41266839	RS13195279	EUR	0.600387	PLINK2_1KG_DIRECT
RS41266839	RS34804024	EUR	0.600387	PLINK2_1KG_DIRECT
RS41266839	RS6931120	EUR	0.555183	PLINK2_1KG_DIRECT
RS41266839	RS3734523	EUR	0.569116	PLINK2_1KG_DIRECT
RS41266839	RS3884025	EUR	0.757585	PLINK2_1KG_DIRECT
RS41266839	RS67844427	EUR	0.600387	PLINK2_1KG_DIRECT
RS41266839	RS6940007	EUR	0.555183	PLINK2_1KG_DIRECT
RS41266839	RS34233736	EUR	0.608564	PLINK2_1KG_DIRECT
RS41266839	RS17586784	EUR	0.608564	PLINK2_1KG_DIRECT
RS41266839	RS13202371	EUR	0.608564	PLINK2_1KG_DIRECT
RS41266839	RS13202592	EUR	0.732885	PLINK2_1KG_DIRECT
RS41266839	RS34116162	EUR	0.608564	PLINK2_1KG_DIRECT
RS41266839	RS115648484	EUR	0.732885	PLINK2_1KG_DIRECT
RS41266839	RS13192713	EUR	0.608564	PLINK2_1KG_DIRECT
RS41266839	RS13193424	EUR	0.608564	PLINK2_1KG_DIRECT
RS41266839	RS35778245	EUR	0.608564	PLINK2_1KG_DIRECT
RS41266839	RS2051539	EUR	0.608564	PLINK2_1KG_DIRECT
RS41266839	RS13191776	EUR	0.608564	PLINK2_1KG_DIRECT
RS41266839	RS35069699	EUR	0.608564	PLINK2_1KG_DIRECT
RS41266839	RS67491322	EUR	0.656949	PLINK2_1KG_DIRECT
RS41266839	RS17587226	EUR	0.656949	PLINK2_1KG_DIRECT
RS41266839	RS72832596	EUR	0.608564	PLINK2_1KG_DIRECT
RS41266839	RS13196552	EUR	0.521922	PLINK2_1KG_DIRECT
RS41266839	RS35116528	EUR	0.521922	PLINK2_1KG_DIRECT
RS41266839	RS56294283	EUR	0.521922	PLINK2_1KG_DIRECT
RS41266839	RS56195001	EUR	0.51569	PLINK2_1KG_DIRECT
RS41266839	RS13203673	EUR	0.608564	PLINK2_1KG_DIRECT
RS41266839	RS36012762	EUR	0.528288	PLINK2_1KG_DIRECT
RS41266839	RS13212534	EUR	0.757585	PLINK2_1KG_DIRECT
RS41266839	RS17528178	EUR	0.757585	PLINK2_1KG_DIRECT
RS41266839	RS17587597	EUR	0.592405	PLINK2_1KG_DIRECT
RS41266839	RS13202688	EUR	0.757585	PLINK2_1KG_DIRECT
RS41266839	RS13192365	EUR	0.528288	PLINK2_1KG_DIRECT
RS41266839	RS35528636	EUR	0.528288	PLINK2_1KG_DIRECT
RS41266839	RS116201501	EUR	0.528288	PLINK2_1KG_DIRECT
RS41266839	RS72834617	EUR	0.528288	PLINK2_1KG_DIRECT
RS41266839	RS71557312	EUR	0.757585	PLINK2_1KG_DIRECT
RS41266839	RS13214280	EUR	0.528288	PLINK2_1KG_DIRECT
RS41266839	RS72834623	EUR	0.51569	PLINK2_1KG_DIRECT
RS41266839	RS13191445	EUR	0.757585	PLINK2_1KG_DIRECT
RS41266839	RS16891235	EUR	0.51569	PLINK2_1KG_DIRECT
RS41266839	RS41266779	EUR	0.757585	PLINK2_1KG_DIRECT
RS41266839	RS3734528	EUR	0.51569	PLINK2_1KG_DIRECT
RS41266839	RS34391493	EUR	0.470192	PLINK2_1KG_DIRECT
RS41266839	RS35249036	EUR	0.51569	PLINK2_1KG_DIRECT
RS41266839	RS28360595	EUR	0.592405	PLINK2_1KG_DIRECT
RS41266839	RS10484433	EUR	0.51569	PLINK2_1KG_DIRECT
RS41266839	RS10484435	EUR	0.592405	PLINK2_1KG_DIRECT
RS41266839	RS34791189	EUR	0.521922	PLINK2_1KG_DIRECT
RS41266839	RS13210041	EUR	0.757585	PLINK2_1KG_DIRECT
RS41266839	RS35335639	EUR	0.51569	PLINK2_1KG_DIRECT
RS41266839	RS35367169	EUR	0.51569	PLINK2_1KG_DIRECT
RS41266839	RS71557315	EUR	0.51569	PLINK2_1KG_DIRECT
RS41266839	RS13195692	EUR	0.51569	PLINK2_1KG_DIRECT
RS41266839	RS35506517	EUR	0.757585	PLINK2_1KG_DIRECT
RS41266839	RS3752417	EUR	0.592405	PLINK2_1KG_DIRECT
RS41266839	RS67296946	EUR	0.51569	PLINK2_1KG_DIRECT
RS41266839	RS60512607	EUR	0.51569	PLINK2_1KG_DIRECT
RS41266839	RS13220395	EUR	0.592405	PLINK2_1KG_DIRECT
RS41266839	RS13201821	EUR	0.51569	PLINK2_1KG_DIRECT
RS41266839	RS35378061	EUR	0.592405	PLINK2_1KG_DIRECT
RS41266839	RS16891261	EUR	0.592405	PLINK2_1KG_DIRECT
RS41266839	RS35050608	EUR	0.757585	PLINK2_1KG_DIRECT
RS41266839	RS1935234	EUR	0.15812	PLINK2_1KG_DIRECT
RS41266839	RS16891264	EUR	0.592405	PLINK2_1KG_DIRECT
RS41266839	RS71557316	EUR	0.592405	PLINK2_1KG_DIRECT
RS41266839	RS34888489	EUR	0.757585	PLINK2_1KG_DIRECT
RS41266839	RS34027471	EUR	0.592405	PLINK2_1KG_DIRECT
RS41266839	RS7749414	EUR	0.592405	PLINK2_1KG_DIRECT
RS41266839	RS13216785	EUR	0.503612	PLINK2_1KG_DIRECT
RS41266839	RS34197618	EUR	0.757585	PLINK2_1KG_DIRECT
RS41266839	RS61472021	EUR	0.422381	PLINK2_1KG_DIRECT
RS41266839	RS13196986	EUR	0.164637	PLINK2_1KG_DIRECT
RS41266839	RS13210399	EUR	0.528288	PLINK2_1KG_DIRECT
RS41266839	RS1045537	EUR	0.528288	PLINK2_1KG_DIRECT
RS41266839	RS13212652	EUR	0.509588	PLINK2_1KG_DIRECT
RS41266839	RS35402046	EUR	0.528288	PLINK2_1KG_DIRECT
RS41266839	RS13200888	EUR	0.534793	PLINK2_1KG_DIRECT
RS41266839	RS2237228	EUR	0.534793	PLINK2_1KG_DIRECT
RS41266839	RS35484309	EUR	0.534793	PLINK2_1KG_DIRECT
RS41266839	RS66790453	EUR	0.528288	PLINK2_1KG_DIRECT
RS41266839	RS13206501	EUR	0.509588	PLINK2_1KG_DIRECT
RS41266839	RS68149500	EUR	0.51569	PLINK2_1KG_DIRECT
RS41266839	RS16891315	EUR	0.509588	PLINK2_1KG_DIRECT
RS41266839	RS35825164	EUR	0.534793	PLINK2_1KG_DIRECT
RS41266839	RS13206443	EUR	0.534793	PLINK2_1KG_DIRECT
RS41266839	RS13197334	EUR	0.528288	PLINK2_1KG_DIRECT
RS41266839	RS13200797	EUR	0.534793	PLINK2_1KG_DIRECT
RS41266839	RS16891334	EUR	0.528288	PLINK2_1KG_DIRECT
RS41266839	RS35902160	EUR	0.528288	PLINK2_1KG_DIRECT
RS41266839	RS36109883	EUR	0.757585	PLINK2_1KG_DIRECT
RS41266839	RS3857546	EUR	0.471377	PLINK2_1KG_DIRECT
RS41266839	RS7749823	EUR	0.48081	PLINK2_1KG_DIRECT
RS41266839	RS1417998	EUR	0.483864	PLINK2_1KG_DIRECT
RS41266839	RS34661691	EUR	0.508423	PLINK2_1KG_DIRECT
RS41266839	RS17598658	EUR	0.89052	PLINK2_1KG_DIRECT
RS41266839	RS13204572	EUR	0.89052	PLINK2_1KG_DIRECT
RS41266839	RS34961555	EUR	0.874716	PLINK2_1KG_DIRECT
RS41266839	RS55706012	EUR	0.891984	PLINK2_1KG_DIRECT
RS41266839	RS10484439	EUR	0.878025	PLINK2_1KG_DIRECT
RS41266839	RS9467701	EUR	0.633068	PLINK2_1KG_DIRECT
RS41266839	RS6923139	EUR	0.633068	PLINK2_1KG_DIRECT
RS41266839	RS1883215	EUR	0.681636	PLINK2_1KG_DIRECT
RS41266839	RS13220522	EUR	0.92057	PLINK2_1KG_DIRECT
RS41266839	RS11966360	EUR	0.413971	PLINK2_1KG_DIRECT
RS41266839	RS35162296	EUR	0.878025	PLINK2_1KG_DIRECT
RS41266839	RS9467704	EUR	0.648546	PLINK2_1KG_DIRECT
RS41266839	RS6902392	EUR	0.633068	PLINK2_1KG_DIRECT
RS41266839	RS6902389	EUR	0.633068	PLINK2_1KG_DIRECT
RS41266839	RS6903015	EUR	0.633068	PLINK2_1KG_DIRECT
RS41266839	RS6908156	EUR	0.633068	PLINK2_1KG_DIRECT
RS41266839	RS9467707	EUR	0.633068	PLINK2_1KG_DIRECT
RS41266839	RS9467708	EUR	0.633068	PLINK2_1KG_DIRECT
RS41266839	RS34107459	EUR	0.906359	PLINK2_1KG_DIRECT
RS41266839	RS6939978	EUR	0.633068	PLINK2_1KG_DIRECT
RS41266839	RS34569761	EUR	0.648546	PLINK2_1KG_DIRECT
RS41266839	RS34158769	EUR	0.906359	PLINK2_1KG_DIRECT
RS41266839	RS9467713	EUR	0.633068	PLINK2_1KG_DIRECT
RS41266839	RS35942569	EUR	0.891984	PLINK2_1KG_DIRECT
RS41266839	RS9467714	EUR	0.506148	PLINK2_1KG_DIRECT
RS41266839	RS4711107	EUR	0.186851	PLINK2_1KG_DIRECT
RS41266839	RS9379850	EUR	0.404016	PLINK2_1KG_DIRECT
RS41266839	RS34565965	EUR	0.22163	PLINK2_1KG_DIRECT
RS41266839	RS67509210	EUR	0.563874	PLINK2_1KG_DIRECT
RS41266839	RS9366652	EUR	0.181396	PLINK2_1KG_DIRECT
RS41266839	RS9366653	EUR	0.563874	PLINK2_1KG_DIRECT
RS41266839	RS9379851	EUR	0.563874	PLINK2_1KG_DIRECT
RS41266839	RS35934643	EUR	0.563874	PLINK2_1KG_DIRECT
RS41266839	RS6933583	EUR	0.180509	PLINK2_1KG_DIRECT
RS41266839	RS4712980	EUR	0.180509	PLINK2_1KG_DIRECT
RS41266839	RS35304979	EUR	0.563874	PLINK2_1KG_DIRECT
RS41266839	RS9467725	EUR	0.180509	PLINK2_1KG_DIRECT
RS41266839	RS71557332	EUR	0.563874	PLINK2_1KG_DIRECT
RS41266839	RS9393703	EUR	0.563874	PLINK2_1KG_DIRECT
RS41266839	RS9358930	EUR	0.563874	PLINK2_1KG_DIRECT
RS41266839	RS9379852	EUR	0.563874	PLINK2_1KG_DIRECT
RS41266839	RS9379853	EUR	0.563874	PLINK2_1KG_DIRECT
RS41266839	RS9393704	EUR	0.563874	PLINK2_1KG_DIRECT
RS41266839	RS72836482	EUR	0.563874	PLINK2_1KG_DIRECT
RS41266839	RS9348709	EUR	0.563874	PLINK2_1KG_DIRECT
RS41266839	RS9348711	EUR	0.226492	PLINK2_1KG_DIRECT
RS41266839	RS9393705	EUR	0.563874	PLINK2_1KG_DIRECT
RS41266839	RS4712981	EUR	0.181396	PLINK2_1KG_DIRECT
RS41266839	RS9393706	EUR	0.563874	PLINK2_1KG_DIRECT
RS41266839	RS10946816	EUR	0.181396	PLINK2_1KG_DIRECT
RS41266839	RS34550936	EUR	0.563874	PLINK2_1KG_DIRECT
RS41266839	RS34622023	EUR	0.563874	PLINK2_1KG_DIRECT
RS41266839	RS9393707	EUR	0.563874	PLINK2_1KG_DIRECT
RS41266839	RS9393708	EUR	0.563874	PLINK2_1KG_DIRECT
RS41266839	RS9358932	EUR	0.563874	PLINK2_1KG_DIRECT
RS41266839	RS9379854	EUR	0.563874	PLINK2_1KG_DIRECT
RS41266839	RS9358933	EUR	0.181396	PLINK2_1KG_DIRECT
RS41266839	RS9358934	EUR	0.563874	PLINK2_1KG_DIRECT
RS41266839	RS10946817	EUR	0.108549	PLINK2_1KG_DIRECT
RS41266839	RS9357006	EUR	0.563874	PLINK2_1KG_DIRECT
RS41266839	RS9379855	EUR	0.563874	PLINK2_1KG_DIRECT
RS41266839	RS9393709	EUR	0.108549	PLINK2_1KG_DIRECT
RS41266839	RS3734536	EUR	0.108549	PLINK2_1KG_DIRECT
RS41266839	RS28362606	EUR	0.558302	PLINK2_1KG_DIRECT
RS41266839	RS58825580	EUR	0.526819	PLINK2_1KG_DIRECT
RS41266839	RS66827971	EUR	0.563874	PLINK2_1KG_DIRECT
RS41266839	RS71557334	EUR	0.563874	PLINK2_1KG_DIRECT
RS41266839	RS9348712	EUR	0.563874	PLINK2_1KG_DIRECT
RS41266839	RS9379856	EUR	0.563874	PLINK2_1KG_DIRECT
RS41266839	RS12199613	EUR	0.108549	PLINK2_1KG_DIRECT
RS41266839	RS9688946	EUR	0.108549	PLINK2_1KG_DIRECT
RS41266839	RS9379857	EUR	0.563874	PLINK2_1KG_DIRECT
RS41266839	RS9379858	EUR	0.563874	PLINK2_1KG_DIRECT
RS41266839	RS9393710	EUR	0.563874	PLINK2_1KG_DIRECT
RS41266839	RS71557335	EUR	0.563874	PLINK2_1KG_DIRECT
RS41266839	RS9379859	EUR	0.563874	PLINK2_1KG_DIRECT
RS41266839	RS9358935	EUR	0.563874	PLINK2_1KG_DIRECT
RS41266839	RS34436535	EUR	0.563874	PLINK2_1KG_DIRECT
RS41266839	RS35307327	EUR	0.563874	PLINK2_1KG_DIRECT
RS41266839	RS34878490	EUR	0.563874	PLINK2_1KG_DIRECT
RS41266839	RS9358936	EUR	0.563874	PLINK2_1KG_DIRECT
RS41266839	RS9393711	EUR	0.563874	PLINK2_1KG_DIRECT
RS41266839	RS9379862	EUR	0.226492	PLINK2_1KG_DIRECT
RS41266839	RS9393712	EUR	0.563874	PLINK2_1KG_DIRECT
RS41266839	RS12173854	EUR	0.563874	PLINK2_1KG_DIRECT
RS41266839	RS9379863	EUR	0.57532	PLINK2_1KG_DIRECT
RS41266839	RS9379864	EUR	0.57532	PLINK2_1KG_DIRECT
RS41266839	RS12176317	EUR	0.57532	PLINK2_1KG_DIRECT
RS41266839	RS12174602	EUR	0.57532	PLINK2_1KG_DIRECT
RS41266839	RS12174623	EUR	0.57532	PLINK2_1KG_DIRECT
RS41266839	RS12174639	EUR	0.57532	PLINK2_1KG_DIRECT
RS41266839	RS12174631	EUR	0.57532	PLINK2_1KG_DIRECT
RS41266839	RS13216828	EUR	0.57532	PLINK2_1KG_DIRECT
RS41266839	RS9393713	EUR	0.57532	PLINK2_1KG_DIRECT
RS41266839	RS9393714	EUR	0.57532	PLINK2_1KG_DIRECT
RS41266839	RS9358937	EUR	0.57532	PLINK2_1KG_DIRECT
RS41266839	RS9379870	EUR	0.181396	PLINK2_1KG_DIRECT
RS41266839	RS733528	EUR	0.182289	PLINK2_1KG_DIRECT
RS41266839	RS2073527	EUR	0.57532	PLINK2_1KG_DIRECT
RS41266839	RS2073528	EUR	0.182289	PLINK2_1KG_DIRECT
RS41266839	RS2073529	EUR	0.569546	PLINK2_1KG_DIRECT
RS41266839	RS2073530	EUR	0.57532	PLINK2_1KG_DIRECT
RS41266839	RS2073531	EUR	0.57532	PLINK2_1KG_DIRECT
RS41266839	RS9393715	EUR	0.558302	PLINK2_1KG_DIRECT
RS41266839	RS9348716	EUR	0.558302	PLINK2_1KG_DIRECT
RS41266839	RS9379871	EUR	0.563874	PLINK2_1KG_DIRECT
RS41266839	RS3757138	EUR	0.57532	PLINK2_1KG_DIRECT
RS41266839	RS1985732	EUR	0.171972	PLINK2_1KG_DIRECT
RS41266839	RS3047288	EUR	0.57532	PLINK2_1KG_DIRECT
RS41266839	RS28551159	EUR	0.57532	PLINK2_1KG_DIRECT
RS41266839	RS12214031	EUR	0.101613	PLINK2_1KG_DIRECT
RS41266839	RS13218591	EUR	0.172799	PLINK2_1KG_DIRECT
RS41266839	RS9393716	EUR	0.284044	PLINK2_1KG_DIRECT
RS41266839	RS9366654	EUR	0.563874	PLINK2_1KG_DIRECT
RS41266839	RS9366655	EUR	0.569546	PLINK2_1KG_DIRECT
RS41266839	RS1977	EUR	0.569546	PLINK2_1KG_DIRECT
RS41266839	RS1978	EUR	0.569546	PLINK2_1KG_DIRECT
RS41266839	RS1979	EUR	0.556178	PLINK2_1KG_DIRECT
RS41266839	RS68072215	EUR	0.569546	PLINK2_1KG_DIRECT
RS41266839	RS66823108	EUR	0.569546	PLINK2_1KG_DIRECT
RS41266839	RS72841536	EUR	0.569546	PLINK2_1KG_DIRECT
RS41266839	RS9467732	EUR	0.151569	PLINK2_1KG_DIRECT
RS41266839	RS9467736	EUR	0.152962	PLINK2_1KG_DIRECT
RS41266839	RS2072806	EUR	0.536958	PLINK2_1KG_DIRECT
RS41266839	RS9358938	EUR	0.536958	PLINK2_1KG_DIRECT
RS41266839	RS2072804	EUR	0.152962	PLINK2_1KG_DIRECT
RS41266839	RS2237235	EUR	0.230247	PLINK2_1KG_DIRECT
RS41266839	RS2072803	EUR	0.536958	PLINK2_1KG_DIRECT
RS41266839	RS9379873	EUR	0.542157	PLINK2_1KG_DIRECT
RS41266839	RS3799378	EUR	0.244862	PLINK2_1KG_DIRECT
RS41266839	RS10456045	EUR	0.153665	PLINK2_1KG_DIRECT
RS41266839	RS9393718	EUR	0.536958	PLINK2_1KG_DIRECT
RS41266839	RS75782365	EUR	1	PLINK2_1KG_DIRECT
RS41266839	RS34273322	EUR	0.523998	PLINK2_1KG_DIRECT
RS41266839	RS9358939	EUR	0.523998	PLINK2_1KG_DIRECT
RS41266839	RS2393667	EUR	0.536958	PLINK2_1KG_DIRECT
RS41266839	RS2076030	EUR	0.536958	PLINK2_1KG_DIRECT
RS41266839	RS2235251	EUR	0.542157	PLINK2_1KG_DIRECT
RS41266839	RS9366656	EUR	0.542157	PLINK2_1KG_DIRECT
RS41266839	RS13220495	EUR	1	PLINK2_1KG_DIRECT
RS41266839	RS9379875	EUR	0.542157	PLINK2_1KG_DIRECT
RS41266839	RS35942482	EUR	0.542157	PLINK2_1KG_DIRECT
RS41266839	RS34605993	EUR	0.793474	PLINK2_1KG_DIRECT
RS41266839	RS66757203	EUR	0.793474	PLINK2_1KG_DIRECT
RS41266839	RS35680819	EUR	0.793474	PLINK2_1KG_DIRECT
RS41266839	RS36033628	EUR	0.793474	PLINK2_1KG_DIRECT
RS41266839	RS35627490	EUR	0.793474	PLINK2_1KG_DIRECT
RS41266839	RS3823158	EUR	0.793474	PLINK2_1KG_DIRECT
RS41266839	RS13195401	EUR	0.968946	PLINK2_1KG_DIRECT
RS41266839	RS13195402	EUR	0.968946	PLINK2_1KG_DIRECT
RS41266839	RS13195509	EUR	0.793474	PLINK2_1KG_DIRECT
RS41266839	RS2273558	EUR	0.160947	PLINK2_1KG_DIRECT
RS41266839	RS1977199	EUR	0.220439	PLINK2_1KG_DIRECT
RS41266839	RS1977200	EUR	0.220439	PLINK2_1KG_DIRECT
RS41266839	RS3799380	EUR	0.300568	PLINK2_1KG_DIRECT
RS41266839	RS4518487	EUR	0.300568	PLINK2_1KG_DIRECT
RS41266839	RS3734542	EUR	0.793474	PLINK2_1KG_DIRECT
RS41266839	RS3734543	EUR	0.793474	PLINK2_1KG_DIRECT
RS41266839	RS3734544	EUR	0.334188	PLINK2_1KG_DIRECT
RS41266839	RS9366658	EUR	0.334188	PLINK2_1KG_DIRECT
RS41266839	RS9358944	EUR	0.334188	PLINK2_1KG_DIRECT
RS41266839	RS9348719	EUR	0.334188	PLINK2_1KG_DIRECT
RS41266839	RS6456727	EUR	0.300568	PLINK2_1KG_DIRECT
RS41266839	RS9358945	EUR	0.334188	PLINK2_1KG_DIRECT
RS41266839	RS7773938	EUR	0.336492	PLINK2_1KG_DIRECT
RS41266839	RS56296968	EUR	0.334188	PLINK2_1KG_DIRECT
RS41266839	RS3757150	EUR	0.334188	PLINK2_1KG_DIRECT
RS41266839	RS16891717	EUR	0.334188	PLINK2_1KG_DIRECT
RS41266839	RS6456728	EUR	0.291176	PLINK2_1KG_DIRECT
RS41266839	RS34104395	EUR	0.793474	PLINK2_1KG_DIRECT
RS41266839	RS6926677	EUR	0.312501	PLINK2_1KG_DIRECT
RS41266839	RS9358946	EUR	0.334188	PLINK2_1KG_DIRECT
RS41266839	RS9358947	EUR	0.334188	PLINK2_1KG_DIRECT
RS41266839	RS16891725	EUR	0.531846	PLINK2_1KG_DIRECT
RS41266839	RS7756567	EUR	0.334188	PLINK2_1KG_DIRECT
RS41266839	RS9348720	EUR	0.334188	PLINK2_1KG_DIRECT
RS41266839	RS9358948	EUR	0.334188	PLINK2_1KG_DIRECT
RS41266839	RS9348721	EUR	0.563874	PLINK2_1KG_DIRECT
RS41266839	RS6900665	EUR	0.563874	PLINK2_1KG_DIRECT
RS41266839	RS16891727	EUR	0.552827	PLINK2_1KG_DIRECT
RS41266839	RS34313099	EUR	0.348417	PLINK2_1KG_DIRECT
RS41266839	RS6924727	EUR	0.305175	PLINK2_1KG_DIRECT
RS41266839	RS6941920	EUR	0.305175	PLINK2_1KG_DIRECT
RS41266839	RS13195047	EUR	0.338395	PLINK2_1KG_DIRECT
RS41266839	RS6933213	EUR	0.305175	PLINK2_1KG_DIRECT
RS41266839	RS2093169	EUR	0.324428	PLINK2_1KG_DIRECT
RS41266839	RS9467772	EUR	0.293347	PLINK2_1KG_DIRECT
RS41266839	RS9379880	EUR	0.324428	PLINK2_1KG_DIRECT
RS41266839	RS72843784	EUR	0.952987	PLINK2_1KG_DIRECT
RS41266839	RS13220261	EUR	0.778103	PLINK2_1KG_DIRECT
RS41266839	RS9393727	EUR	0.494958	PLINK2_1KG_DIRECT
RS41266839	RS2295593	EUR	0.494958	PLINK2_1KG_DIRECT
RS41266839	RS35555795	EUR	0.778103	PLINK2_1KG_DIRECT
RS41266839	RS3799383	EUR	0.494958	PLINK2_1KG_DIRECT
RS41266839	RS9379882	EUR	0.494958	PLINK2_1KG_DIRECT
RS41266839	RS34148261	EUR	0.778103	PLINK2_1KG_DIRECT
RS41266839	RS12176129	EUR	0.494958	PLINK2_1KG_DIRECT
RS41266839	RS35433030	EUR	0.778103	PLINK2_1KG_DIRECT
RS41266839	RS66941101	EUR	0.778103	PLINK2_1KG_DIRECT
RS41266839	RS67234939	EUR	0.494958	PLINK2_1KG_DIRECT
RS41266839	RS6920256	EUR	0.509115	PLINK2_1KG_DIRECT
RS41266839	RS34246779	EUR	0.778103	PLINK2_1KG_DIRECT
RS41266839	RS72845428	EUR	0.778103	PLINK2_1KG_DIRECT
RS41266839	RS16901784	EUR	0.494958	PLINK2_1KG_DIRECT
RS41266839	RS11967935	EUR	0.285867	PLINK2_1KG_DIRECT
RS41266839	RS35277236	EUR	0.778103	PLINK2_1KG_DIRECT
RS41266839	RS72844462	EUR	0.778103	PLINK2_1KG_DIRECT
RS41266839	RS36162392	EUR	0.778103	PLINK2_1KG_DIRECT
RS41266839	RS13214027	EUR	0.444621	PLINK2_1KG_DIRECT
RS41266839	RS9379891	EUR	0.444621	PLINK2_1KG_DIRECT
RS41266839	RS13198716	EUR	0.952987	PLINK2_1KG_DIRECT
RS41266839	RS9393735	EUR	0.456347	PLINK2_1KG_DIRECT
RS41266839	RS9379893	EUR	0.291448	PLINK2_1KG_DIRECT
RS41266839	RS13190739	EUR	0.778103	PLINK2_1KG_DIRECT
RS41266839	RS13190754	EUR	0.291448	PLINK2_1KG_DIRECT
RS41266839	RS34229567	EUR	0.523998	PLINK2_1KG_DIRECT
RS41266839	RS13203358	EUR	0.523998	PLINK2_1KG_DIRECT
RS41266839	RS9379895	EUR	0.291448	PLINK2_1KG_DIRECT
RS41266839	RS34781270	EUR	0.778103	PLINK2_1KG_DIRECT
RS41266839	RS35400317	EUR	0.952987	PLINK2_1KG_DIRECT
RS41266839	RS4634439	EUR	0.523998	PLINK2_1KG_DIRECT
RS41266839	RS45527431	EUR	0.952987	PLINK2_1KG_DIRECT
RS41266839	RS9379897	EUR	0.523998	PLINK2_1KG_DIRECT
RS41266839	RS13208916	EUR	0.523998	PLINK2_1KG_DIRECT
RS41266839	RS28360517	EUR	0.523998	PLINK2_1KG_DIRECT
RS41266839	RS9379899	EUR	0.523998	PLINK2_1KG_DIRECT
RS41266839	RS9379901	EUR	0.523998	PLINK2_1KG_DIRECT
RS41266839	RS35076545	EUR	0.778103	PLINK2_1KG_DIRECT
RS41266839	RS9348726	EUR	0.523998	PLINK2_1KG_DIRECT
RS41266839	RS13212985	EUR	0.778103	PLINK2_1KG_DIRECT
RS41266839	RS11967852	EUR	0.297206	PLINK2_1KG_DIRECT
RS41266839	RS9393737	EUR	0.297206	PLINK2_1KG_DIRECT
RS41266839	RS7754159	EUR	0.299167	PLINK2_1KG_DIRECT
RS41266839	RS9393738	EUR	0.299167	PLINK2_1KG_DIRECT
RS41266839	RS9379905	EUR	0.299167	PLINK2_1KG_DIRECT
RS41266839	RS66488313	EUR	0.938141	PLINK2_1KG_DIRECT
RS41266839	RS67777156	EUR	0.938141	PLINK2_1KG_DIRECT
RS41266839	RS9295702	EUR	0.299167	PLINK2_1KG_DIRECT
RS41266839	RS9348728	EUR	0.299167	PLINK2_1KG_DIRECT
RS41266839	RS6936555	EUR	0.299167	PLINK2_1KG_DIRECT
RS41266839	RS6936561	EUR	0.299167	PLINK2_1KG_DIRECT
RS41266839	RS9368445	EUR	0.299167	PLINK2_1KG_DIRECT
RS41266839	RS13195210	EUR	0.299167	PLINK2_1KG_DIRECT
RS41266839	RS9368447	EUR	0.297206	PLINK2_1KG_DIRECT
RS41266839	RS9393739	EUR	0.297206	PLINK2_1KG_DIRECT
RS41266839	RS9368448	EUR	0.297206	PLINK2_1KG_DIRECT
RS41266839	RS3999471	EUR	0.297206	PLINK2_1KG_DIRECT
RS41266839	RS13201782	EUR	0.938141	PLINK2_1KG_DIRECT
RS41266839	RS9368450	EUR	0.299167	PLINK2_1KG_DIRECT
RS41266839	RS9393741	EUR	0.297206	PLINK2_1KG_DIRECT
RS41266839	RS9379907	EUR	0.297206	PLINK2_1KG_DIRECT
RS41266839	RS9368451	EUR	0.297206	PLINK2_1KG_DIRECT
RS41266839	RS13210025	EUR	0.297206	PLINK2_1KG_DIRECT
RS41266839	RS13215020	EUR	0.297206	PLINK2_1KG_DIRECT
RS41266839	RS7759969	EUR	0.295267	PLINK2_1KG_DIRECT
RS41266839	RS7740197	EUR	0.295267	PLINK2_1KG_DIRECT
RS41266839	RS9348729	EUR	0.295267	PLINK2_1KG_DIRECT
RS41266839	RS1104871	EUR	0.295267	PLINK2_1KG_DIRECT
RS41266839	RS2498388	EUR	0.103296	PLINK2_1KG_DIRECT
RS41266839	RS35144506	EUR	0.63224	PLINK2_1KG_DIRECT
RS41266839	RS1565465	EUR	0.116879	PLINK2_1KG_DIRECT
RS41266839	RS13213200	EUR	0.767868	PLINK2_1KG_DIRECT
RS41266839	RS13195977	EUR	0.481474	PLINK2_1KG_DIRECT
RS41266839	RS34244947	EUR	0.767868	PLINK2_1KG_DIRECT
RS41266839	RS374593247	EUR	0.712162	PLINK2_1KG_DIRECT
RS41266839	RS2636425	EUR	0.136707	PLINK2_1KG_DIRECT
RS41266839	RS4713042	EUR	0.125847	PLINK2_1KG_DIRECT
RS41266839	RS71557351	EUR	0.301148	PLINK2_1KG_DIRECT
RS41266839	RS4521582	EUR	0.130278	PLINK2_1KG_DIRECT
RS41266839	RS11754686	EUR	0.130278	PLINK2_1KG_DIRECT
RS41266839	RS10946853	EUR	0.131992	PLINK2_1KG_DIRECT
RS41266839	RS4711126	EUR	0.129714	PLINK2_1KG_DIRECT
RS41266839	RS12189867	EUR	0.129152	PLINK2_1KG_DIRECT
RS41266839	RS3004034	EUR	0.131992	PLINK2_1KG_DIRECT
RS41266839	RS10946854	EUR	0.131992	PLINK2_1KG_DIRECT
RS41266839	RS6936897	EUR	0.131418	PLINK2_1KG_DIRECT
RS41266839	RS10946856	EUR	0.131418	PLINK2_1KG_DIRECT
RS41266839	RS55664827	EUR	0.767868	PLINK2_1KG_DIRECT
RS41266839	RS2475068	EUR	0.13257	PLINK2_1KG_DIRECT
RS41266839	RS190945449	EUR	0.767868	PLINK2_1KG_DIRECT
RS41266839	RS2893884	EUR	0.129152	PLINK2_1KG_DIRECT
RS41266839	RS3999364	EUR	0.131992	PLINK2_1KG_DIRECT
RS41266839	RS71557353	EUR	0.406126	PLINK2_1KG_DIRECT
RS41266839	RS2004168	EUR	0.151569	PLINK2_1KG_DIRECT
RS41266839	RS57440165	EUR	0.938141	PLINK2_1KG_DIRECT
RS41266839	RS71276077	EUR	0.440827	PLINK2_1KG_DIRECT
RS41266839	RS77666565	EUR	0.767868	PLINK2_1KG_DIRECT
RS41266839	RS10807012	EUR	0.131418	PLINK2_1KG_DIRECT
RS41266839	RS10946859	EUR	0.142918	PLINK2_1KG_DIRECT
RS41266839	RS3925440	EUR	0.114064	PLINK2_1KG_DIRECT
RS41266839	RS10946861	EUR	0.130846	PLINK2_1KG_DIRECT
RS41266839	RS2093303	EUR	0.131992	PLINK2_1KG_DIRECT
RS41266839	RS4079824	EUR	0.131992	PLINK2_1KG_DIRECT
RS41266839	RS9379971	EUR	0.10591	PLINK2_1KG_DIRECT
RS9257566	RS9257566	EUR	1	PLINK2_1KG_DIRECT
RS9257566	RS1150690	EUR	0.117194	PLINK2_1KG_DIRECT
RS9257566	RS2859348	EUR	0.109639	PLINK2_1KG_DIRECT
RS9257566	RS916403	EUR	0.105569	PLINK2_1KG_DIRECT
RS9257566	RS2531803	EUR	0.105113	PLINK2_1KG_DIRECT
RS9257566	RS1361387	EUR	0.104659	PLINK2_1KG_DIRECT
RS9257566	RS2531806	EUR	0.109639	PLINK2_1KG_DIRECT
RS9257566	RS2859368	EUR	0.105113	PLINK2_1KG_DIRECT
RS9257566	RS6926470	EUR	0.120674	PLINK2_1KG_DIRECT
RS9257566	RS6456825	EUR	0.120674	PLINK2_1KG_DIRECT
RS9257566	RS9295772	EUR	0.114775	PLINK2_1KG_DIRECT
RS9257566	RS9295773	EUR	0.12017	PLINK2_1KG_DIRECT
RS9257566	RS414205	EUR	0.119668	PLINK2_1KG_DIRECT
RS9257566	RS420478	EUR	0.12017	PLINK2_1KG_DIRECT
RS9257566	RS450630	EUR	0.120674	PLINK2_1KG_DIRECT
RS9257566	RS370520	EUR	0.120674	PLINK2_1KG_DIRECT
RS9257566	RS436827	EUR	0.130532	PLINK2_1KG_DIRECT
RS9257566	RS380914	EUR	0.130532	PLINK2_1KG_DIRECT
RS9257566	RS9501180	EUR	0.130532	PLINK2_1KG_DIRECT
RS9257566	RS9393920	EUR	0.130532	PLINK2_1KG_DIRECT
RS9257566	RS9380079	EUR	0.130532	PLINK2_1KG_DIRECT
RS9257566	RS9348810	EUR	0.130532	PLINK2_1KG_DIRECT
RS9257566	RS9368568	EUR	0.135382	PLINK2_1KG_DIRECT
RS9257566	RS6926221	EUR	0.135382	PLINK2_1KG_DIRECT
RS9257566	RS12211927	EUR	0.135382	PLINK2_1KG_DIRECT
RS9257566	RS9378185	EUR	0.130005	PLINK2_1KG_DIRECT
RS9257566	RS1810619	EUR	0.127922	PLINK2_1KG_DIRECT
RS9257566	RS6925714	EUR	0.129481	PLINK2_1KG_DIRECT
RS9257566	RS1319075	EUR	0.133201	PLINK2_1KG_DIRECT
RS9257566	RS3130838	EUR	0.742986	PLINK2_1KG_DIRECT
RS9257566	RS3132374	EUR	0.742986	PLINK2_1KG_DIRECT
RS9257566	RS3135293	EUR	0.742986	PLINK2_1KG_DIRECT
RS9257566	RS1794588	EUR	0.139288	PLINK2_1KG_DIRECT
RS9257566	RS3132382	EUR	0.742986	PLINK2_1KG_DIRECT
RS9257566	RS3131098	EUR	0.139288	PLINK2_1KG_DIRECT
RS9257566	RS3131101	EUR	0.742986	PLINK2_1KG_DIRECT
RS9257566	RS3132378	EUR	0.742986	PLINK2_1KG_DIRECT
RS9257566	RS2230683	EUR	0.742986	PLINK2_1KG_DIRECT
RS9257566	RS13206458	EUR	0.742986	PLINK2_1KG_DIRECT
RS9257566	RS876737	EUR	0.139884	PLINK2_1KG_DIRECT
RS9257566	RS3135318	EUR	0.742986	PLINK2_1KG_DIRECT
RS9257566	RS3118361	EUR	0.685773	PLINK2_1KG_DIRECT
RS9257566	RS3131067	EUR	0.139884	PLINK2_1KG_DIRECT
RS9257566	RS3130892	EUR	0.742986	PLINK2_1KG_DIRECT
RS9257566	RS3130895	EUR	0.742986	PLINK2_1KG_DIRECT
RS9257566	RS3131068	EUR	0.742986	PLINK2_1KG_DIRECT
RS9257566	RS3131069	EUR	0.742986	PLINK2_1KG_DIRECT
RS9257566	RS3131071	EUR	0.697549	PLINK2_1KG_DIRECT
RS9257566	RS3130844	EUR	0.742986	PLINK2_1KG_DIRECT
RS9257566	RS3131072	EUR	0.742986	PLINK2_1KG_DIRECT
RS9257566	RS3131073	EUR	0.742986	PLINK2_1KG_DIRECT
RS9257566	RS3130845	EUR	0.742986	PLINK2_1KG_DIRECT
RS9257566	RS3131075	EUR	0.742986	PLINK2_1KG_DIRECT
RS9257566	RS3130846	EUR	0.742986	PLINK2_1KG_DIRECT
RS9257566	RS3135325	EUR	0.742986	PLINK2_1KG_DIRECT
RS9257566	RS3130847	EUR	0.742986	PLINK2_1KG_DIRECT
RS9257566	RS3131076	EUR	0.742986	PLINK2_1KG_DIRECT
RS9257566	RS148696809	EUR	0.742986	PLINK2_1KG_DIRECT
RS9257566	RS3130885	EUR	0.742986	PLINK2_1KG_DIRECT
RS9257566	RS3130887	EUR	0.742986	PLINK2_1KG_DIRECT
RS9257566	RS3130837	EUR	0.742986	PLINK2_1KG_DIRECT
RS9257566	RS3129791	EUR	0.742986	PLINK2_1KG_DIRECT
RS9257566	RS3130890	EUR	0.742986	PLINK2_1KG_DIRECT
RS9257566	RS550706621	EUR	0.742986	PLINK2_1KG_DIRECT
RS9257566	RS3129794	EUR	0.742986	PLINK2_1KG_DIRECT
RS9257566	RS3130891	EUR	0.742986	PLINK2_1KG_DIRECT
RS9257566	RS3130893	EUR	0.742986	PLINK2_1KG_DIRECT
RS9257566	RS3130894	EUR	0.742986	PLINK2_1KG_DIRECT
RS9257566	RS3131081	EUR	0.742986	PLINK2_1KG_DIRECT
RS9257566	RS3130896	EUR	0.742986	PLINK2_1KG_DIRECT
RS9257566	RS3135317	EUR	0.742986	PLINK2_1KG_DIRECT
RS9257566	RS3129797	EUR	0.742986	PLINK2_1KG_DIRECT
RS9257566	RS3129798	EUR	0.742986	PLINK2_1KG_DIRECT
RS9257566	RS3129799	EUR	0.742986	PLINK2_1KG_DIRECT
RS9257566	RS3117146	EUR	0.742986	PLINK2_1KG_DIRECT
RS9257566	RS3129800	EUR	0.742986	PLINK2_1KG_DIRECT
RS9257566	RS3130747	EUR	0.742986	PLINK2_1KG_DIRECT
RS9257566	RS3117141	EUR	0.742986	PLINK2_1KG_DIRECT
RS9257566	RS3117142	EUR	0.742986	PLINK2_1KG_DIRECT
RS9257566	RS3117143	EUR	0.742986	PLINK2_1KG_DIRECT
RS9257566	RS3131085	EUR	0.742986	PLINK2_1KG_DIRECT
RS9257566	RS3117145	EUR	0.719805	PLINK2_1KG_DIRECT
RS9257566	RS3129787	EUR	0.307621	PLINK2_1KG_DIRECT
RS9257566	RS3129788	EUR	0.742986	PLINK2_1KG_DIRECT
RS9257566	RS3129178	EUR	0.742986	PLINK2_1KG_DIRECT
RS9257566	RS3129112	EUR	0.742986	PLINK2_1KG_DIRECT
RS9257566	RS3130773	EUR	0.742986	PLINK2_1KG_DIRECT
RS9257566	RS3130777	EUR	0.742986	PLINK2_1KG_DIRECT
RS9257566	RS3129119	EUR	0.311351	PLINK2_1KG_DIRECT
RS9257566	RS3130715	EUR	0.742986	PLINK2_1KG_DIRECT
RS9257566	RS3129120	EUR	0.76585	PLINK2_1KG_DIRECT
RS9257566	RS3129122	EUR	0.452679	PLINK2_1KG_DIRECT
RS9257566	RS3130724	EUR	0.452679	PLINK2_1KG_DIRECT
RS9257566	RS3130725	EUR	0.76585	PLINK2_1KG_DIRECT
RS9257566	RS3129129	EUR	0.452679	PLINK2_1KG_DIRECT
RS9257566	RS3129137	EUR	0.262284	PLINK2_1KG_DIRECT
RS9257566	RS3129138	EUR	0.262284	PLINK2_1KG_DIRECT
RS9257566	RS3129141	EUR	0.418628	PLINK2_1KG_DIRECT
RS9257566	RS4947263	EUR	0.76585	PLINK2_1KG_DIRECT
RS9257566	RS3129151	EUR	0.452679	PLINK2_1KG_DIRECT
RS9257566	RS3129152	EUR	0.418628	PLINK2_1KG_DIRECT
RS9257566	RS3130740	EUR	0.343468	PLINK2_1KG_DIRECT
RS9257566	RS3130742	EUR	0.452679	PLINK2_1KG_DIRECT
RS9257566	RS3129162	EUR	0.452679	PLINK2_1KG_DIRECT
RS9257566	RS3116815	EUR	0.742986	PLINK2_1KG_DIRECT
RS9257566	RS3130746	EUR	0.742986	PLINK2_1KG_DIRECT
RS9257566	RS3129170	EUR	0.418628	PLINK2_1KG_DIRECT
RS9257566	RS3129171	EUR	0.395718	PLINK2_1KG_DIRECT
RS9257566	RS3129172	EUR	0.418628	PLINK2_1KG_DIRECT
RS9257566	RS3129173	EUR	0.742986	PLINK2_1KG_DIRECT
RS9257566	RS3130750	EUR	0.418628	PLINK2_1KG_DIRECT
RS9257566	RS3116827	EUR	0.452679	PLINK2_1KG_DIRECT
RS9257566	RS3116829	EUR	0.76585	PLINK2_1KG_DIRECT
RS9257566	RS3116830	EUR	0.742986	PLINK2_1KG_DIRECT
RS9257566	RS3129093	EUR	0.452679	PLINK2_1KG_DIRECT
RS9257566	RS760804	EUR	0.452679	PLINK2_1KG_DIRECT
RS9257566	RS6912280	EUR	0.452679	PLINK2_1KG_DIRECT
RS9257566	RS9257611	EUR	0.76585	PLINK2_1KG_DIRECT
RS9257566	RS9257612	EUR	0.452679	PLINK2_1KG_DIRECT
RS9257566	RS3130817	EUR	0.452679	PLINK2_1KG_DIRECT
RS9257566	RS3116834	EUR	0.452679	PLINK2_1KG_DIRECT
RS9257566	RS3116836	EUR	0.404823	PLINK2_1KG_DIRECT
RS9257566	RS3130828	EUR	0.76585	PLINK2_1KG_DIRECT
RS9257566	RS3130831	EUR	0.742986	PLINK2_1KG_DIRECT
RS9257566	RS3130836	EUR	0.452679	PLINK2_1KG_DIRECT
RS9257566	RS3130807	EUR	0.176872	PLINK2_1KG_DIRECT
RS9257566	RS3129101	EUR	0.443704	PLINK2_1KG_DIRECT
RS9257566	RS3130808	EUR	0.76585	PLINK2_1KG_DIRECT
RS9257566	RS2207338	EUR	0.173039	PLINK2_1KG_DIRECT
RS9257566	RS2207337	EUR	0.174559	PLINK2_1KG_DIRECT
RS9257566	RS3117342	EUR	0.76585	PLINK2_1KG_DIRECT
RS9257566	RS3117340	EUR	0.174559	PLINK2_1KG_DIRECT
RS9257566	RS3130821	EUR	0.174559	PLINK2_1KG_DIRECT
RS9257566	RS3129104	EUR	0.73159	PLINK2_1KG_DIRECT
RS9257566	RS3117339	EUR	0.73159	PLINK2_1KG_DIRECT
RS9257566	RS3117337	EUR	0.742986	PLINK2_1KG_DIRECT
RS9257566	RS2064503	EUR	0.173797	PLINK2_1KG_DIRECT
RS9257566	RS2207336	EUR	0.172285	PLINK2_1KG_DIRECT
RS9257566	RS3117333	EUR	0.76585	PLINK2_1KG_DIRECT
RS9257566	RS3117331	EUR	0.173797	PLINK2_1KG_DIRECT
RS9257566	RS3117330	EUR	0.173039	PLINK2_1KG_DIRECT
RS9257566	RS3130827	EUR	0.173039	PLINK2_1KG_DIRECT
RS9257566	RS3117326	EUR	0.742986	PLINK2_1KG_DIRECT
RS9257566	RS144447022	EUR	0.742986	PLINK2_1KG_DIRECT
RS9257566	RS3130834	EUR	0.742986	PLINK2_1KG_DIRECT
RS9257566	RS3117347	EUR	0.173039	PLINK2_1KG_DIRECT
RS9257566	RS3117346	EUR	0.173039	PLINK2_1KG_DIRECT
RS9257566	RS7381760	EUR	0.173039	PLINK2_1KG_DIRECT
RS9257566	RS9257681	EUR	0.754056	PLINK2_1KG_DIRECT
RS9257566	RS1884123	EUR	0.164968	PLINK2_1KG_DIRECT
RS9257566	RS3117425	EUR	0.709944	PLINK2_1KG_DIRECT
RS9257566	RS3117439	EUR	0.731412	PLINK2_1KG_DIRECT
RS9257566	RS3117426	EUR	0.305402	PLINK2_1KG_DIRECT
RS9257566	RS3117427	EUR	0.731146	PLINK2_1KG_DIRECT
RS9257566	RS150254595	EUR	0.479569	PLINK2_1KG_DIRECT
RS9257566	RS9257703	EUR	0.271719	PLINK2_1KG_DIRECT
RS9257566	RS4713208	EUR	0.122058	PLINK2_1KG_DIRECT
RS9257566	RS3129682	EUR	0.697216	PLINK2_1KG_DIRECT
RS9257566	RS720831	EUR	0.122058	PLINK2_1KG_DIRECT
RS9257566	RS3129683	EUR	0.479569	PLINK2_1KG_DIRECT
RS9257566	RS6930435	EUR	0.257329	PLINK2_1KG_DIRECT
RS9257566	RS6903989	EUR	0.268012	PLINK2_1KG_DIRECT
RS9257566	RS3117433	EUR	0.479569	PLINK2_1KG_DIRECT
RS9257566	RS3130805	EUR	0.479569	PLINK2_1KG_DIRECT
RS9257566	RS1014258	EUR	0.257329	PLINK2_1KG_DIRECT
RS9257566	RS7745768	EUR	0.479569	PLINK2_1KG_DIRECT
RS9257566	RS10447393	EUR	0.11724	PLINK2_1KG_DIRECT
RS9257566	RS9257761	EUR	0.479569	PLINK2_1KG_DIRECT
RS9257566	RS9257779	EUR	0.479569	PLINK2_1KG_DIRECT
RS9257566	RS7754402	EUR	0.144908	PLINK2_1KG_DIRECT
RS9257566	RS9257793	EUR	0.542874	PLINK2_1KG_DIRECT
RS9257566	RS9257794	EUR	0.191804	PLINK2_1KG_DIRECT
RS9257566	RS4713211	EUR	0.128422	PLINK2_1KG_DIRECT
RS9257566	RS3930883	EUR	0.128422	PLINK2_1KG_DIRECT
RS9257566	RS1555244	EUR	0.128422	PLINK2_1KG_DIRECT
RS9257566	RS9257800	EUR	0.686387	PLINK2_1KG_DIRECT
RS9257566	RS3749971	EUR	0.665594	PLINK2_1KG_DIRECT
RS9257566	RS9257802	EUR	0.391639	PLINK2_1KG_DIRECT
RS9257566	RS9257803	EUR	0.516352	PLINK2_1KG_DIRECT
RS9257566	RS9257805	EUR	0.537467	PLINK2_1KG_DIRECT
RS9257566	RS3094548	EUR	0.177282	PLINK2_1KG_DIRECT
RS9257566	RS9257809	EUR	0.593746	PLINK2_1KG_DIRECT
RS9257566	RS442694	EUR	0.621898	PLINK2_1KG_DIRECT
RS9257566	RS437955	EUR	0.567735	PLINK2_1KG_DIRECT
RS9257566	RS406511	EUR	0.567735	PLINK2_1KG_DIRECT
RS9257566	RS1535039	EUR	0.621898	PLINK2_1KG_DIRECT
RS9257566	RS2021078	EUR	0.139792	PLINK2_1KG_DIRECT
RS9257566	RS2023463	EUR	0.62344	PLINK2_1KG_DIRECT
RS9257566	RS2523443	EUR	0.621898	PLINK2_1KG_DIRECT
RS9257566	RS2143668	EUR	0.621898	PLINK2_1KG_DIRECT
RS9257566	RS2746149	EUR	0.62344	PLINK2_1KG_DIRECT
RS9257566	RS2206853	EUR	0.62344	PLINK2_1KG_DIRECT
RS9257566	RS2746150	EUR	0.621898	PLINK2_1KG_DIRECT
RS9257566	RS1233495	EUR	0.13884	PLINK2_1KG_DIRECT
RS9257566	RS1234844	EUR	0.621898	PLINK2_1KG_DIRECT
RS9257566	RS1233494	EUR	0.61226	PLINK2_1KG_DIRECT
RS9257566	RS1233493	EUR	0.62344	PLINK2_1KG_DIRECT
RS9257566	RS1233491	EUR	0.621898	PLINK2_1KG_DIRECT
RS9257566	RS1233489	EUR	0.621898	PLINK2_1KG_DIRECT
RS9257566	RS1233488	EUR	0.621898	PLINK2_1KG_DIRECT
RS9257566	RS1233487	EUR	0.13884	PLINK2_1KG_DIRECT
RS9257566	RS1233480	EUR	0.49371	PLINK2_1KG_DIRECT
RS9257566	RS1233478	EUR	0.241763	PLINK2_1KG_DIRECT
RS9257566	RS385816	EUR	0.500354	PLINK2_1KG_DIRECT
RS9257566	RS3094569	EUR	0.500354	PLINK2_1KG_DIRECT
RS9257566	RS2523432	EUR	0.535981	PLINK2_1KG_DIRECT
RS9257566	RS2523431	EUR	0.621898	PLINK2_1KG_DIRECT
RS9257566	RS408623	EUR	0.61226	PLINK2_1KG_DIRECT
RS9257566	RS389419	EUR	0.61226	PLINK2_1KG_DIRECT
RS9257566	RS404240	EUR	0.61226	PLINK2_1KG_DIRECT
RS9257566	RS413670	EUR	0.61226	PLINK2_1KG_DIRECT
RS9257566	RS1235162	EUR	0.521485	PLINK2_1KG_DIRECT
RS9257566	RS1233396	EUR	0.479343	PLINK2_1KG_DIRECT
RS9257566	RS926552	EUR	0.489827	PLINK2_1KG_DIRECT
RS9257566	RS1233393	EUR	0.529941	PLINK2_1KG_DIRECT
RS9257566	RS1233385	EUR	0.540861	PLINK2_1KG_DIRECT
RS9257566	RS3095269	EUR	0.192897	PLINK2_1KG_DIRECT
RS9257566	RS3095268	EUR	0.280242	PLINK2_1KG_DIRECT
RS9257566	RS3095267	EUR	0.187556	PLINK2_1KG_DIRECT
RS9257566	RS3095266	EUR	0.199498	PLINK2_1KG_DIRECT
RS9257566	RS3131856	EUR	0.540861	PLINK2_1KG_DIRECT
RS9257566	RS29218	EUR	0.187556	PLINK2_1KG_DIRECT
RS9257566	RS3117289	EUR	0.199498	PLINK2_1KG_DIRECT
RS9257566	RS3117318	EUR	0.199498	PLINK2_1KG_DIRECT
RS9257566	RS3130249	EUR	0.191163	PLINK2_1KG_DIRECT
RS9257566	RS3129073	EUR	0.199498	PLINK2_1KG_DIRECT
RS9257566	RS3095271	EUR	0.199498	PLINK2_1KG_DIRECT
RS9257566	RS29228	EUR	0.199498	PLINK2_1KG_DIRECT
RS9257566	RS3095294	EUR	0.18126	PLINK2_1KG_DIRECT
RS9257566	RS3129069	EUR	0.197728	PLINK2_1KG_DIRECT
RS9257566	RS3130251	EUR	0.190863	PLINK2_1KG_DIRECT
RS9257566	RS3095290	EUR	0.190863	PLINK2_1KG_DIRECT
RS9257566	RS2535240	EUR	0.156496	PLINK2_1KG_DIRECT
RS9257566	RS374317	EUR	0.161588	PLINK2_1KG_DIRECT
RS9257566	RS375248	EUR	0.161588	PLINK2_1KG_DIRECT
RS9257566	RS375984	EUR	0.161588	PLINK2_1KG_DIRECT
RS9257566	RS376319	EUR	0.161588	PLINK2_1KG_DIRECT
RS9257566	RS2535238	EUR	0.161588	PLINK2_1KG_DIRECT
RS9257566	RS2747421	EUR	0.161588	PLINK2_1KG_DIRECT
RS9257566	RS3129063	EUR	0.190863	PLINK2_1KG_DIRECT
RS9257566	RS387642	EUR	0.162895	PLINK2_1KG_DIRECT
RS9257566	RS387640	EUR	0.161588	PLINK2_1KG_DIRECT
RS9257566	RS3129062	EUR	0.161588	PLINK2_1KG_DIRECT
RS9257566	RS396660	EUR	0.107643	PLINK2_1KG_DIRECT
RS9257566	RS445150	EUR	0.107643	PLINK2_1KG_DIRECT
RS9257566	RS448380	EUR	0.161588	PLINK2_1KG_DIRECT
RS9257566	RS416568	EUR	0.114666	PLINK2_1KG_DIRECT
RS9257566	RS448489	EUR	0.161588	PLINK2_1KG_DIRECT
RS9257566	RS2747427	EUR	0.161588	PLINK2_1KG_DIRECT
RS9257566	RS2747428	EUR	0.161588	PLINK2_1KG_DIRECT
RS9257566	RS417764	EUR	0.161588	PLINK2_1KG_DIRECT
RS9257566	RS3129058	EUR	0.190863	PLINK2_1KG_DIRECT
RS9257566	RS2747429	EUR	0.161588	PLINK2_1KG_DIRECT
RS9257566	RS365052	EUR	0.114666	PLINK2_1KG_DIRECT
RS9257566	RS2747430	EUR	0.107643	PLINK2_1KG_DIRECT
RS9257566	RS2747431	EUR	0.114666	PLINK2_1KG_DIRECT
RS9257566	RS3117295	EUR	0.172153	PLINK2_1KG_DIRECT
RS9257566	RS3117299	EUR	0.172153	PLINK2_1KG_DIRECT
RS9257566	RS3129044	EUR	0.119165	PLINK2_1KG_DIRECT
RS9257566	RS3117301	EUR	0.146926	PLINK2_1KG_DIRECT
RS9257566	RS3095284	EUR	0.172153	PLINK2_1KG_DIRECT
RS9257566	RS3131898	EUR	0.172153	PLINK2_1KG_DIRECT
RS9257566	RS3117311	EUR	0.172153	PLINK2_1KG_DIRECT
RS9257566	RS3117312	EUR	0.172153	PLINK2_1KG_DIRECT
RS9257566	RS2747456	EUR	0.146926	PLINK2_1KG_DIRECT
RS9257566	RS2747457	EUR	0.146926	PLINK2_1KG_DIRECT
RS9257566	RS2747460	EUR	0.146926	PLINK2_1KG_DIRECT
RS9257566	RS3131895	EUR	0.172153	PLINK2_1KG_DIRECT
RS9257566	RS9258017	EUR	0.172153	PLINK2_1KG_DIRECT
RS9257566	RS3129039	EUR	0.170709	PLINK2_1KG_DIRECT
RS9257566	RS2535274	EUR	0.146926	PLINK2_1KG_DIRECT
RS9257566	RS2907897	EUR	0.146926	PLINK2_1KG_DIRECT
RS9257566	RS3129035	EUR	0.146926	PLINK2_1KG_DIRECT
RS9257566	RS3116814	EUR	0.146926	PLINK2_1KG_DIRECT
RS9257566	RS547591961	EUR	0.540861	PLINK2_1KG_DIRECT
RS9257566	RS3129033	EUR	0.146926	PLINK2_1KG_DIRECT
RS9257566	RS3116811	EUR	0.146926	PLINK2_1KG_DIRECT
RS9257566	RS3129092	EUR	0.172153	PLINK2_1KG_DIRECT
RS9257566	RS3131889	EUR	0.172153	PLINK2_1KG_DIRECT
RS9257566	RS3129086	EUR	0.136032	PLINK2_1KG_DIRECT
RS9257566	RS3129084	EUR	0.172153	PLINK2_1KG_DIRECT
RS9257566	RS9258048	EUR	0.136032	PLINK2_1KG_DIRECT
RS9257566	RS3131884	EUR	0.136032	PLINK2_1KG_DIRECT
RS9257566	RS3116804	EUR	0.136032	PLINK2_1KG_DIRECT
RS9257566	RS3129072	EUR	0.136032	PLINK2_1KG_DIRECT
RS9257566	RS9258074	EUR	0.136032	PLINK2_1KG_DIRECT
RS9257566	RS9258076	EUR	0.129927	PLINK2_1KG_DIRECT
RS9257566	RS9258077	EUR	0.150869	PLINK2_1KG_DIRECT
RS9257566	RS9258086	EUR	0.137052	PLINK2_1KG_DIRECT
RS9257566	RS9258087	EUR	0.137052	PLINK2_1KG_DIRECT
RS9257566	RS9258088	EUR	0.137052	PLINK2_1KG_DIRECT
RS9257566	RS3116802	EUR	0.136032	PLINK2_1KG_DIRECT
RS9257566	RS3129070	EUR	0.13502	PLINK2_1KG_DIRECT
RS9257566	RS3131874	EUR	0.136032	PLINK2_1KG_DIRECT
RS9257566	RS3129067	EUR	0.136032	PLINK2_1KG_DIRECT
RS9257566	RS3129066	EUR	0.136032	PLINK2_1KG_DIRECT
RS9257566	RS3129065	EUR	0.136032	PLINK2_1KG_DIRECT
RS9257566	RS3131873	EUR	0.136032	PLINK2_1KG_DIRECT
RS9257566	RS3116800	EUR	0.133934	PLINK2_1KG_DIRECT
RS9257566	RS3116799	EUR	0.155847	PLINK2_1KG_DIRECT
RS9257566	RS9258104	EUR	0.136032	PLINK2_1KG_DIRECT
RS9257566	RS3131872	EUR	0.136032	PLINK2_1KG_DIRECT
RS9257566	RS2158290	EUR	0.136032	PLINK2_1KG_DIRECT
RS9257566	RS2107203	EUR	0.136032	PLINK2_1KG_DIRECT
RS9257566	RS3129061	EUR	0.137052	PLINK2_1KG_DIRECT
RS9257566	RS3094732	EUR	0.137052	PLINK2_1KG_DIRECT
RS9257566	RS3131871	EUR	0.137052	PLINK2_1KG_DIRECT
RS9257566	RS3131870	EUR	0.136032	PLINK2_1KG_DIRECT
RS9257566	RS3129056	EUR	0.136032	PLINK2_1KG_DIRECT
RS9257566	RS3129055	EUR	0.136032	PLINK2_1KG_DIRECT
RS9257566	RS3129048	EUR	0.13502	PLINK2_1KG_DIRECT
RS9257566	RS3129047	EUR	0.13502	PLINK2_1KG_DIRECT
RS9257566	RS3129046	EUR	0.157749	PLINK2_1KG_DIRECT
RS9257566	RS3129042	EUR	0.136032	PLINK2_1KG_DIRECT
RS9257566	RS3094731	EUR	0.157749	PLINK2_1KG_DIRECT
RS9257566	RS3094730	EUR	0.157749	PLINK2_1KG_DIRECT
RS9257566	RS3131868	EUR	0.136032	PLINK2_1KG_DIRECT
RS9257566	RS3129037	EUR	0.136032	PLINK2_1KG_DIRECT
RS9257566	RS3094729	EUR	0.13502	PLINK2_1KG_DIRECT
RS9257566	RS3129036	EUR	0.170709	PLINK2_1KG_DIRECT
RS9257566	RS3131867	EUR	0.157749	PLINK2_1KG_DIRECT
RS9257566	RS3131866	EUR	0.136032	PLINK2_1KG_DIRECT
RS9257566	RS3131865	EUR	0.13473	PLINK2_1KG_DIRECT
RS9257566	RS3131864	EUR	0.157749	PLINK2_1KG_DIRECT
RS9257566	RS3094725	EUR	0.172153	PLINK2_1KG_DIRECT
RS9257566	RS3094724	EUR	0.172153	PLINK2_1KG_DIRECT
RS9257566	RS1610588	EUR	0.157749	PLINK2_1KG_DIRECT
RS9257566	RS1610589	EUR	0.157749	PLINK2_1KG_DIRECT
RS9257566	RS1610742	EUR	0.157749	PLINK2_1KG_DIRECT
RS9257566	RS1610744	EUR	0.157749	PLINK2_1KG_DIRECT
RS9257566	RS556415781	EUR	0.157749	PLINK2_1KG_DIRECT
RS9257566	RS533550179	EUR	0.157749	PLINK2_1KG_DIRECT
RS9257566	RS528448318	EUR	0.157749	PLINK2_1KG_DIRECT
RS9257566	RS577078190	EUR	0.157749	PLINK2_1KG_DIRECT
RS9257566	RS544864228	EUR	0.157749	PLINK2_1KG_DIRECT
RS9257566	RS2517911	EUR	0.145783	PLINK2_1KG_DIRECT
RS9257566	RS1632960	EUR	0.145783	PLINK2_1KG_DIRECT
RS9257566	RS1632957	EUR	0.145783	PLINK2_1KG_DIRECT
RS9257566	RS1736922	EUR	0.152419	PLINK2_1KG_DIRECT
RS9257566	RS1419696	EUR	0.15125	PLINK2_1KG_DIRECT
RS9257566	RS1628578	EUR	0.15125	PLINK2_1KG_DIRECT
RS9257566	RS885947	EUR	0.15125	PLINK2_1KG_DIRECT
RS9257566	RS885946	EUR	0.164217	PLINK2_1KG_DIRECT
RS9257566	RS885945	EUR	0.164217	PLINK2_1KG_DIRECT
RS9257566	RS1633107	EUR	0.152419	PLINK2_1KG_DIRECT
RS9257566	RS1633106	EUR	0.14808	PLINK2_1KG_DIRECT
RS9257566	RS1611350	EUR	0.11687	PLINK2_1KG_DIRECT
RS9257566	RS1610601	EUR	0.161588	PLINK2_1KG_DIRECT
RS9257566	RS1610602	EUR	0.115757	PLINK2_1KG_DIRECT
RS9257566	RS1736915	EUR	0.114886	PLINK2_1KG_DIRECT
RS9257566	RS1633099	EUR	0.114886	PLINK2_1KG_DIRECT
RS9257566	RS1633098	EUR	0.114886	PLINK2_1KG_DIRECT
RS9257566	RS929160	EUR	0.114886	PLINK2_1KG_DIRECT
RS9257566	RS929159	EUR	0.114886	PLINK2_1KG_DIRECT
RS9257566	RS929158	EUR	0.114886	PLINK2_1KG_DIRECT
RS9257566	RS1633096	EUR	0.128829	PLINK2_1KG_DIRECT
RS9257566	RS1610608	EUR	0.114886	PLINK2_1KG_DIRECT
RS9257566	RS885944	EUR	0.114886	PLINK2_1KG_DIRECT
RS9257566	RS885943	EUR	0.114886	PLINK2_1KG_DIRECT
RS9257566	RS885942	EUR	0.114886	PLINK2_1KG_DIRECT
RS9257566	RS1610612	EUR	0.114886	PLINK2_1KG_DIRECT
RS9257566	RS1633088	EUR	0.132893	PLINK2_1KG_DIRECT
RS9257566	RS1610735	EUR	0.100388	PLINK2_1KG_DIRECT
RS9257566	RS1610621	EUR	0.156496	PLINK2_1KG_DIRECT
RS9257566	RS1610625	EUR	0.100388	PLINK2_1KG_DIRECT
RS9257566	RS1737077	EUR	0.160295	PLINK2_1KG_DIRECT
RS9257566	RS1633065	EUR	0.100388	PLINK2_1KG_DIRECT
RS9257566	RS1633063	EUR	0.160295	PLINK2_1KG_DIRECT
RS9257566	RS1610629	EUR	0.153331	PLINK2_1KG_DIRECT
RS9257566	RS1610729	EUR	0.153331	PLINK2_1KG_DIRECT
RS9257566	RS1610633	EUR	0.153331	PLINK2_1KG_DIRECT
RS9257566	RS370631	EUR	0.14148	PLINK2_1KG_DIRECT
RS9257566	RS1633041	EUR	0.107667	PLINK2_1KG_DIRECT
RS9257566	RS1737059	EUR	0.109943	PLINK2_1KG_DIRECT
RS9257566	RS1737057	EUR	0.109943	PLINK2_1KG_DIRECT
RS9257566	RS1737056	EUR	0.108419	PLINK2_1KG_DIRECT
RS9257566	RS1737054	EUR	0.107667	PLINK2_1KG_DIRECT
RS9257566	RS1737051	EUR	0.106913	PLINK2_1KG_DIRECT
RS9257566	RS1737050	EUR	0.107667	PLINK2_1KG_DIRECT
RS9257566	RS1737049	EUR	0.109365	PLINK2_1KG_DIRECT
RS9257566	RS1612392	EUR	0.10692	PLINK2_1KG_DIRECT
RS9257566	RS1737048	EUR	0.104715	PLINK2_1KG_DIRECT
RS9257566	RS1737047	EUR	0.111655	PLINK2_1KG_DIRECT
RS9257566	RS2735044	EUR	0.108419	PLINK2_1KG_DIRECT
RS9257566	RS9258288	EUR	0.110714	PLINK2_1KG_DIRECT
RS9257566	RS9258289	EUR	0.110714	PLINK2_1KG_DIRECT
RS9257566	RS9258290	EUR	0.112925	PLINK2_1KG_DIRECT
RS9257566	RS9258291	EUR	0.112925	PLINK2_1KG_DIRECT
RS9257566	RS1737045	EUR	0.107667	PLINK2_1KG_DIRECT
RS9257566	RS1737044	EUR	0.107667	PLINK2_1KG_DIRECT
RS9257566	RS1737042	EUR	0.110067	PLINK2_1KG_DIRECT
RS9257566	RS1737041	EUR	0.107667	PLINK2_1KG_DIRECT
RS9257566	RS1737040	EUR	0.107667	PLINK2_1KG_DIRECT
RS9257566	RS1737038	EUR	0.110067	PLINK2_1KG_DIRECT
RS9257566	RS1737037	EUR	0.107667	PLINK2_1KG_DIRECT
RS9257566	RS1737036	EUR	0.110067	PLINK2_1KG_DIRECT
RS9257566	RS1737035	EUR	0.107667	PLINK2_1KG_DIRECT
RS9257566	RS1737032	EUR	0.107667	PLINK2_1KG_DIRECT
RS9257566	RS1737031	EUR	0.110067	PLINK2_1KG_DIRECT
RS9257566	RS1737029	EUR	0.110067	PLINK2_1KG_DIRECT
RS9257566	RS1737028	EUR	0.114244	PLINK2_1KG_DIRECT
RS9257566	RS1611270	EUR	0.107667	PLINK2_1KG_DIRECT
RS9257566	RS1611271	EUR	0.107667	PLINK2_1KG_DIRECT
RS9257566	RS1610634	EUR	0.114244	PLINK2_1KG_DIRECT
RS9257566	RS1610726	EUR	0.110067	PLINK2_1KG_DIRECT
RS9257566	RS885940	EUR	0.107667	PLINK2_1KG_DIRECT
RS9257566	RS885939	EUR	0.107667	PLINK2_1KG_DIRECT
RS9257566	RS885938	EUR	0.107667	PLINK2_1KG_DIRECT
RS9257566	RS1610635	EUR	0.107667	PLINK2_1KG_DIRECT
RS9257566	RS1610636	EUR	0.107667	PLINK2_1KG_DIRECT
RS9257566	RS1610637	EUR	0.107667	PLINK2_1KG_DIRECT
RS9257566	RS1610638	EUR	0.260054	PLINK2_1KG_DIRECT
RS9257566	RS1737024	EUR	0.146689	PLINK2_1KG_DIRECT
RS9257566	RS1610639	EUR	0.260054	PLINK2_1KG_DIRECT
RS9257566	RS1362068	EUR	0.114244	PLINK2_1KG_DIRECT
RS9257566	RS1362070	EUR	0.114244	PLINK2_1KG_DIRECT
RS9257566	RS1362069	EUR	0.114244	PLINK2_1KG_DIRECT
RS9257566	RS1633037	EUR	0.114244	PLINK2_1KG_DIRECT
RS9257566	RS1419641	EUR	0.107667	PLINK2_1KG_DIRECT
RS9257566	RS1633035	EUR	0.11327	PLINK2_1KG_DIRECT
RS9257566	RS1633034	EUR	0.11327	PLINK2_1KG_DIRECT
RS9257566	RS1633033	EUR	0.110067	PLINK2_1KG_DIRECT
RS9257566	RS2844839	EUR	0.114244	PLINK2_1KG_DIRECT
RS9257566	RS558367026	EUR	0.110067	PLINK2_1KG_DIRECT
RS9257566	RS2844837	EUR	0.107667	PLINK2_1KG_DIRECT
RS9257566	RS1633032	EUR	0.110067	PLINK2_1KG_DIRECT
RS9257566	RS1633031	EUR	0.114244	PLINK2_1KG_DIRECT
RS9257566	RS1737021	EUR	0.113585	PLINK2_1KG_DIRECT
RS9257566	RS1618670	EUR	0.112575	PLINK2_1KG_DIRECT
RS9257566	RS1615962	EUR	0.107667	PLINK2_1KG_DIRECT
RS9257566	RS1615251	EUR	0.114906	PLINK2_1KG_DIRECT
RS9257566	RS1633030	EUR	0.110067	PLINK2_1KG_DIRECT
RS9257566	RS1614309	EUR	0.110067	PLINK2_1KG_DIRECT
RS9257566	RS1633029	EUR	0.107667	PLINK2_1KG_DIRECT
RS9257566	RS1633028	EUR	0.110067	PLINK2_1KG_DIRECT
RS9257566	RS1633027	EUR	0.114244	PLINK2_1KG_DIRECT
RS9257566	RS1633024	EUR	0.114244	PLINK2_1KG_DIRECT
RS9257566	RS1633023	EUR	0.107667	PLINK2_1KG_DIRECT
RS9257566	RS1633022	EUR	0.107667	PLINK2_1KG_DIRECT
RS9257566	RS1633021	EUR	0.146689	PLINK2_1KG_DIRECT
RS9257566	RS1633020	EUR	0.110067	PLINK2_1KG_DIRECT
RS9257566	RS2735042	EUR	0.109365	PLINK2_1KG_DIRECT
RS9257566	RS1633019	EUR	0.11327	PLINK2_1KG_DIRECT
RS9257566	RS1633018	EUR	0.110067	PLINK2_1KG_DIRECT
RS9257566	RS1737020	EUR	0.109365	PLINK2_1KG_DIRECT
RS9257566	RS1737019	EUR	0.109365	PLINK2_1KG_DIRECT
RS9257566	RS2508055	EUR	0.114244	PLINK2_1KG_DIRECT
RS9257566	RS1611227	EUR	0.114244	PLINK2_1KG_DIRECT
RS9257566	RS1611228	EUR	0.110067	PLINK2_1KG_DIRECT
RS9257566	RS1611229	EUR	0.107667	PLINK2_1KG_DIRECT
RS9257566	RS1611230	EUR	0.11327	PLINK2_1KG_DIRECT
RS9257566	RS80334281	EUR	0.114244	PLINK2_1KG_DIRECT
RS9257566	RS1611233	EUR	0.107667	PLINK2_1KG_DIRECT
RS9257566	RS1611234	EUR	0.108669	PLINK2_1KG_DIRECT
RS9257566	RS146526194	EUR	0.112281	PLINK2_1KG_DIRECT
RS9257566	RS1611236	EUR	0.108669	PLINK2_1KG_DIRECT
RS9257566	RS111296608	EUR	0.107667	PLINK2_1KG_DIRECT
RS9257566	RS76210869	EUR	0.115574	PLINK2_1KG_DIRECT
RS9257566	RS76335018	EUR	0.107667	PLINK2_1KG_DIRECT
RS9257566	RS143525179	EUR	0.146689	PLINK2_1KG_DIRECT
RS9257566	RS1611267	EUR	0.114497	PLINK2_1KG_DIRECT
RS9257566	RS2394171	EUR	0.110067	PLINK2_1KG_DIRECT
RS9257566	RS2893981	EUR	0.109365	PLINK2_1KG_DIRECT
RS9257566	RS9258375	EUR	0.478317	PLINK2_1KG_DIRECT
RS9257566	RS9258381	EUR	0.231906	PLINK2_1KG_DIRECT
RS9257566	RS528250461	EUR	0.108669	PLINK2_1KG_DIRECT
RS9257566	RS1737018	EUR	0.114244	PLINK2_1KG_DIRECT
RS9257566	RS1737017	EUR	0.114244	PLINK2_1KG_DIRECT
RS9257566	RS1002044	EUR	0.107667	PLINK2_1KG_DIRECT
RS9257566	RS1002045	EUR	0.110957	PLINK2_1KG_DIRECT
RS9257566	RS1002046	EUR	0.107667	PLINK2_1KG_DIRECT
RS9257566	RS1737015	EUR	0.110603	PLINK2_1KG_DIRECT
RS9257566	RS2743942	EUR	0.146689	PLINK2_1KG_DIRECT
RS9257566	RS1737014	EUR	0.114244	PLINK2_1KG_DIRECT
RS9257566	RS1737013	EUR	0.107667	PLINK2_1KG_DIRECT
RS9257566	RS1737012	EUR	0.114244	PLINK2_1KG_DIRECT
RS9257566	RS1633015	EUR	0.107667	PLINK2_1KG_DIRECT
RS9257566	RS1737011	EUR	0.114244	PLINK2_1KG_DIRECT
RS9257566	RS1737010	EUR	0.114244	PLINK2_1KG_DIRECT
RS9257566	RS1633014	EUR	0.11327	PLINK2_1KG_DIRECT
RS9257566	RS1737009	EUR	0.114244	PLINK2_1KG_DIRECT
RS9257566	RS1611196	EUR	0.110603	PLINK2_1KG_DIRECT
RS9257566	RS1610640	EUR	0.114244	PLINK2_1KG_DIRECT
RS9257566	RS1610641	EUR	0.110836	PLINK2_1KG_DIRECT
RS9257566	RS1610642	EUR	0.110836	PLINK2_1KG_DIRECT
RS9257566	RS1610643	EUR	0.107667	PLINK2_1KG_DIRECT
RS9257566	RS1610644	EUR	0.107667	PLINK2_1KG_DIRECT
RS9257566	RS1610717	EUR	0.110836	PLINK2_1KG_DIRECT
RS9257566	RS1611199	EUR	0.110836	PLINK2_1KG_DIRECT
RS9257566	RS1611200	EUR	0.110836	PLINK2_1KG_DIRECT
RS9257566	RS1611202	EUR	0.110836	PLINK2_1KG_DIRECT
RS9257566	RS1611204	EUR	0.110836	PLINK2_1KG_DIRECT
RS9257566	RS1611205	EUR	0.110836	PLINK2_1KG_DIRECT
RS9257566	RS1611206	EUR	0.114244	PLINK2_1KG_DIRECT
RS9257566	RS1611207	EUR	0.114244	PLINK2_1KG_DIRECT
RS9257566	RS1611208	EUR	0.107667	PLINK2_1KG_DIRECT
RS9257566	RS1611209	EUR	0.107667	PLINK2_1KG_DIRECT
RS9257566	RS1610645	EUR	0.114244	PLINK2_1KG_DIRECT
RS9257566	RS1737006	EUR	0.114244	PLINK2_1KG_DIRECT
RS9257566	RS1610718	EUR	0.114244	PLINK2_1KG_DIRECT
RS9257566	RS1611211	EUR	0.114244	PLINK2_1KG_DIRECT
RS9257566	RS1611212	EUR	0.107667	PLINK2_1KG_DIRECT
RS9257566	RS1611213	EUR	0.110836	PLINK2_1KG_DIRECT
RS9257566	RS1611214	EUR	0.107802	PLINK2_1KG_DIRECT
RS9257566	RS1610719	EUR	0.110836	PLINK2_1KG_DIRECT
RS9257566	RS1610646	EUR	0.110603	PLINK2_1KG_DIRECT
RS9257566	RS1610720	EUR	0.114244	PLINK2_1KG_DIRECT
RS9257566	RS1737004	EUR	0.109513	PLINK2_1KG_DIRECT
RS9257566	RS1610723	EUR	0.110836	PLINK2_1KG_DIRECT
RS9257566	RS1610724	EUR	0.110836	PLINK2_1KG_DIRECT
RS9257566	RS1610725	EUR	0.107802	PLINK2_1KG_DIRECT
RS9257566	RS1611218	EUR	0.110836	PLINK2_1KG_DIRECT
RS9257566	RS1611219	EUR	0.114244	PLINK2_1KG_DIRECT
RS9257566	RS1611220	EUR	0.114244	PLINK2_1KG_DIRECT
RS9257566	RS1611221	EUR	0.114244	PLINK2_1KG_DIRECT
RS9257566	RS1611222	EUR	0.110836	PLINK2_1KG_DIRECT
RS9257566	RS1611223	EUR	0.114244	PLINK2_1KG_DIRECT
RS9257566	RS1610647	EUR	0.114244	PLINK2_1KG_DIRECT
RS9257566	RS1737003	EUR	0.110836	PLINK2_1KG_DIRECT
RS9257566	RS1633011	EUR	0.107667	PLINK2_1KG_DIRECT
RS9257566	RS1737002	EUR	0.107667	PLINK2_1KG_DIRECT
RS9257566	RS1633010	EUR	0.11327	PLINK2_1KG_DIRECT
RS9257566	RS1633009	EUR	0.107667	PLINK2_1KG_DIRECT
RS9257566	RS78960639	EUR	0.10692	PLINK2_1KG_DIRECT
RS9257566	RS3129185	EUR	0.10393	PLINK2_1KG_DIRECT
RS9257566	RS1633007	EUR	0.107667	PLINK2_1KG_DIRECT
RS9257566	RS1633006	EUR	0.107667	PLINK2_1KG_DIRECT
RS9257566	RS1633005	EUR	0.231906	PLINK2_1KG_DIRECT
RS9257566	RS1737000	EUR	0.108419	PLINK2_1KG_DIRECT
RS9257566	RS1736999	EUR	0.110774	PLINK2_1KG_DIRECT
RS9257566	RS1633004	EUR	0.108419	PLINK2_1KG_DIRECT
RS9257566	RS1633003	EUR	0.114244	PLINK2_1KG_DIRECT
RS9257566	RS1630969	EUR	0.111492	PLINK2_1KG_DIRECT
RS9257566	RS1633002	EUR	0.107667	PLINK2_1KG_DIRECT
RS9257566	RS1633001	EUR	0.110067	PLINK2_1KG_DIRECT
RS9257566	RS1629068	EUR	0.107667	PLINK2_1KG_DIRECT
RS9257566	RS1633000	EUR	0.110885	PLINK2_1KG_DIRECT
RS9257566	RS1632999	EUR	0.121791	PLINK2_1KG_DIRECT
RS9257566	RS1736997	EUR	0.120908	PLINK2_1KG_DIRECT
RS9257566	RS1736996	EUR	0.120033	PLINK2_1KG_DIRECT
RS9257566	RS1736994	EUR	0.107667	PLINK2_1KG_DIRECT
RS9257566	RS1736992	EUR	0.112925	PLINK2_1KG_DIRECT
RS9257566	RS1736991	EUR	0.11327	PLINK2_1KG_DIRECT
RS9257566	RS28514417	EUR	0.110603	PLINK2_1KG_DIRECT
RS9257566	RS1632997	EUR	0.110603	PLINK2_1KG_DIRECT
RS9257566	RS1736987	EUR	0.146689	PLINK2_1KG_DIRECT
RS9257566	RS1736986	EUR	0.110603	PLINK2_1KG_DIRECT
RS9257566	RS1736985	EUR	0.107667	PLINK2_1KG_DIRECT
RS9257566	RS1736984	EUR	0.114244	PLINK2_1KG_DIRECT
RS9257566	RS1736983	EUR	0.107667	PLINK2_1KG_DIRECT
RS9257566	RS909722	EUR	0.11327	PLINK2_1KG_DIRECT
RS9257566	RS1615839	EUR	0.114244	PLINK2_1KG_DIRECT
RS9257566	RS1610708	EUR	0.107667	PLINK2_1KG_DIRECT
RS9257566	RS909720	EUR	0.114244	PLINK2_1KG_DIRECT
RS9257566	RS1610709	EUR	0.110603	PLINK2_1KG_DIRECT
RS9257566	RS1610648	EUR	0.11327	PLINK2_1KG_DIRECT
RS9257566	RS1610650	EUR	0.11327	PLINK2_1KG_DIRECT
RS9257566	RS1610651	EUR	0.114244	PLINK2_1KG_DIRECT
RS9257566	RS885937	EUR	0.114244	PLINK2_1KG_DIRECT
RS9257566	RS1610653	EUR	0.112575	PLINK2_1KG_DIRECT
RS9257566	RS1610710	EUR	0.107667	PLINK2_1KG_DIRECT
RS9257566	RS1610711	EUR	0.107667	PLINK2_1KG_DIRECT
RS9257566	RS1632996	EUR	0.114244	PLINK2_1KG_DIRECT
RS9257566	RS1632995	EUR	0.114244	PLINK2_1KG_DIRECT
RS9257566	RS1610713	EUR	0.11327	PLINK2_1KG_DIRECT
RS9257566	RS1610714	EUR	0.107667	PLINK2_1KG_DIRECT
RS9257566	RS1610654	EUR	0.108419	PLINK2_1KG_DIRECT
RS9257566	RS1610655	EUR	0.108419	PLINK2_1KG_DIRECT
RS9257566	RS1610656	EUR	0.114244	PLINK2_1KG_DIRECT
RS9257566	RS28627687	EUR	0.114244	PLINK2_1KG_DIRECT
RS9257566	RS1610715	EUR	0.107667	PLINK2_1KG_DIRECT
RS9257566	RS1611189	EUR	0.146689	PLINK2_1KG_DIRECT
RS9257566	RS1610657	EUR	0.114244	PLINK2_1KG_DIRECT
RS9257566	RS1610658	EUR	0.107667	PLINK2_1KG_DIRECT
RS9257566	RS1610716	EUR	0.114244	PLINK2_1KG_DIRECT
RS9257566	RS1610659	EUR	0.107667	PLINK2_1KG_DIRECT
RS9257566	RS1610660	EUR	0.260054	PLINK2_1KG_DIRECT
RS9257566	RS1610661	EUR	0.107667	PLINK2_1KG_DIRECT
RS9257566	RS1611191	EUR	0.107667	PLINK2_1KG_DIRECT
RS9257566	RS1611192	EUR	0.146689	PLINK2_1KG_DIRECT
RS9257566	RS1611193	EUR	0.114244	PLINK2_1KG_DIRECT
RS9257566	RS1611194	EUR	0.114244	PLINK2_1KG_DIRECT
RS9257566	RS1611195	EUR	0.109178	PLINK2_1KG_DIRECT
RS9257566	RS1632988	EUR	0.111492	PLINK2_1KG_DIRECT
RS9257566	RS1632987	EUR	0.107667	PLINK2_1KG_DIRECT
RS9257566	RS1632986	EUR	0.114244	PLINK2_1KG_DIRECT
RS9257566	RS1736977	EUR	0.114244	PLINK2_1KG_DIRECT
RS9257566	RS1632983	EUR	0.11327	PLINK2_1KG_DIRECT
RS9257566	RS1632980	EUR	0.110067	PLINK2_1KG_DIRECT
RS9257566	RS1624302	EUR	0.107667	PLINK2_1KG_DIRECT
RS9257566	RS2248870	EUR	0.107667	PLINK2_1KG_DIRECT
RS9257566	RS2248871	EUR	0.107667	PLINK2_1KG_DIRECT
RS9257566	RS9258448	EUR	0.107667	PLINK2_1KG_DIRECT
RS9257566	RS2523410	EUR	0.107667	PLINK2_1KG_DIRECT
RS9257566	RS2517921	EUR	0.114244	PLINK2_1KG_DIRECT
RS9257566	RS1632979	EUR	0.107667	PLINK2_1KG_DIRECT
RS9257566	RS1736975	EUR	0.107667	PLINK2_1KG_DIRECT
RS9257566	RS1632978	EUR	0.107802	PLINK2_1KG_DIRECT
RS9257566	RS1736974	EUR	0.107667	PLINK2_1KG_DIRECT
RS9257566	RS1736973	EUR	0.107667	PLINK2_1KG_DIRECT
RS9257566	RS1632977	EUR	0.107802	PLINK2_1KG_DIRECT
RS9257566	RS1736972	EUR	0.107667	PLINK2_1KG_DIRECT
RS9257566	RS1632976	EUR	0.107667	PLINK2_1KG_DIRECT
RS9257566	RS1736971	EUR	0.107667	PLINK2_1KG_DIRECT
RS9257566	RS1736970	EUR	0.107802	PLINK2_1KG_DIRECT
RS9257566	RS1736969	EUR	0.107667	PLINK2_1KG_DIRECT
RS9257566	RS1736968	EUR	0.107667	PLINK2_1KG_DIRECT
RS9257566	RS1736967	EUR	0.107667	PLINK2_1KG_DIRECT
RS9257566	RS1632973	EUR	0.103268	PLINK2_1KG_DIRECT
RS9257566	RS1736966	EUR	0.107667	PLINK2_1KG_DIRECT
RS9257566	RS2735029	EUR	0.107667	PLINK2_1KG_DIRECT
RS9257566	RS1736964	EUR	0.107667	PLINK2_1KG_DIRECT
RS9257566	RS1736963	EUR	0.10692	PLINK2_1KG_DIRECT
RS9257566	RS2517920	EUR	0.106179	PLINK2_1KG_DIRECT
RS9257566	RS2517919	EUR	0.106179	PLINK2_1KG_DIRECT
RS9257566	RS1611172	EUR	0.10692	PLINK2_1KG_DIRECT
RS9257566	RS1611175	EUR	0.107667	PLINK2_1KG_DIRECT
RS9257566	RS1610697	EUR	0.107667	PLINK2_1KG_DIRECT
RS9257566	RS1610662	EUR	0.107667	PLINK2_1KG_DIRECT
RS9257566	RS1610663	EUR	0.107802	PLINK2_1KG_DIRECT
RS9257566	RS1611178	EUR	0.114244	PLINK2_1KG_DIRECT
RS9257566	RS1610664	EUR	0.107802	PLINK2_1KG_DIRECT
RS9257566	RS1610698	EUR	0.107667	PLINK2_1KG_DIRECT
RS9257566	RS1611180	EUR	0.107667	PLINK2_1KG_DIRECT
RS9257566	RS1610699	EUR	0.107802	PLINK2_1KG_DIRECT
RS9257566	RS1610665	EUR	0.107667	PLINK2_1KG_DIRECT
RS9257566	RS1610666	EUR	0.108419	PLINK2_1KG_DIRECT
RS9257566	RS1610667	EUR	0.109868	PLINK2_1KG_DIRECT
RS9257566	RS1610668	EUR	0.110774	PLINK2_1KG_DIRECT
RS9257566	RS1610669	EUR	0.114244	PLINK2_1KG_DIRECT
RS9257566	RS1610670	EUR	0.114244	PLINK2_1KG_DIRECT
RS9257566	RS753544	EUR	0.107667	PLINK2_1KG_DIRECT
RS9257566	RS739780	EUR	0.112281	PLINK2_1KG_DIRECT
RS9257566	RS1610700	EUR	0.107667	PLINK2_1KG_DIRECT
RS9257566	RS1610701	EUR	0.114244	PLINK2_1KG_DIRECT
RS9257566	RS1610702	EUR	0.159684	PLINK2_1KG_DIRECT
RS9257566	RS1610703	EUR	0.114244	PLINK2_1KG_DIRECT
RS9257566	RS1610673	EUR	0.107667	PLINK2_1KG_DIRECT
RS9257566	RS1610674	EUR	0.110714	PLINK2_1KG_DIRECT
RS9257566	RS1610704	EUR	0.107667	PLINK2_1KG_DIRECT
RS9257566	RS1736959	EUR	0.107667	PLINK2_1KG_DIRECT
RS9257566	RS1736958	EUR	0.107667	PLINK2_1KG_DIRECT
RS9257566	RS1736955	EUR	0.107667	PLINK2_1KG_DIRECT
RS9257566	RS1077432	EUR	0.107667	PLINK2_1KG_DIRECT
RS9257566	RS1077433	EUR	0.107667	PLINK2_1KG_DIRECT
RS9257566	RS1318083	EUR	0.107667	PLINK2_1KG_DIRECT
RS9257566	RS1111673	EUR	0.107667	PLINK2_1KG_DIRECT
RS9257566	RS1079599	EUR	0.107667	PLINK2_1KG_DIRECT
RS9257566	RS1627119	EUR	0.112575	PLINK2_1KG_DIRECT
RS9257566	RS1623557	EUR	0.109513	PLINK2_1KG_DIRECT
RS9257566	RS1620173	EUR	0.107667	PLINK2_1KG_DIRECT
RS9257566	RS2735028	EUR	0.109513	PLINK2_1KG_DIRECT
RS9257566	RS1736951	EUR	0.109513	PLINK2_1KG_DIRECT
RS9257566	RS1633067	EUR	0.109513	PLINK2_1KG_DIRECT
RS9257566	RS1736950	EUR	0.102797	PLINK2_1KG_DIRECT
RS9257566	RS1736948	EUR	0.102797	PLINK2_1KG_DIRECT
RS9257566	RS1633047	EUR	0.102797	PLINK2_1KG_DIRECT
RS9257566	RS1736946	EUR	0.109513	PLINK2_1KG_DIRECT
RS9257566	RS1736945	EUR	0.109513	PLINK2_1KG_DIRECT
RS9257566	RS1633039	EUR	0.102797	PLINK2_1KG_DIRECT
RS9257566	RS1155143	EUR	0.102797	PLINK2_1KG_DIRECT
RS9257566	RS1610675	EUR	0.102797	PLINK2_1KG_DIRECT
RS9257566	RS1611159	EUR	0.102119	PLINK2_1KG_DIRECT
RS9257566	RS1611162	EUR	0.100114	PLINK2_1KG_DIRECT
RS9257566	RS1736942	EUR	0.102797	PLINK2_1KG_DIRECT
RS9257566	RS1130356	EUR	0.102797	PLINK2_1KG_DIRECT
RS9257566	RS1049033	EUR	0.107667	PLINK2_1KG_DIRECT
RS9257566	RS915670	EUR	0.107667	PLINK2_1KG_DIRECT
RS9257566	RS1610696	EUR	0.102797	PLINK2_1KG_DIRECT
RS9257566	RS1611139	EUR	0.102797	PLINK2_1KG_DIRECT
RS9257566	RS1611143	EUR	0.10254	PLINK2_1KG_DIRECT
RS9257566	RS1610682	EUR	0.160939	PLINK2_1KG_DIRECT
RS9257566	RS1611133	EUR	0.159684	PLINK2_1KG_DIRECT
RS9257566	RS1611136	EUR	0.166705	PLINK2_1KG_DIRECT
RS9257566	RS2517878	EUR	0.166705	PLINK2_1KG_DIRECT
RS9257566	RS1611750	EUR	0.166705	PLINK2_1KG_DIRECT
RS9257566	RS2734988	EUR	0.168001	PLINK2_1KG_DIRECT
RS9257566	RS2734986	EUR	0.273706	PLINK2_1KG_DIRECT
RS9257566	RS2734985	EUR	0.177931	PLINK2_1KG_DIRECT
RS9257566	RS76635935	EUR	0.273706	PLINK2_1KG_DIRECT
RS9257566	RS2523762	EUR	0.177931	PLINK2_1KG_DIRECT
RS9257566	RS2523761	EUR	0.275795	PLINK2_1KG_DIRECT
RS9257566	RS2517870	EUR	0.177931	PLINK2_1KG_DIRECT
RS9257566	RS2523760	EUR	0.177931	PLINK2_1KG_DIRECT
RS9257566	RS2523759	EUR	0.172553	PLINK2_1KG_DIRECT
RS9257566	RS2523758	EUR	0.176565	PLINK2_1KG_DIRECT
RS9257566	RS2517869	EUR	0.170633	PLINK2_1KG_DIRECT
RS9257566	RS2517868	EUR	0.176066	PLINK2_1KG_DIRECT
RS9257566	RS7451408	EUR	0.16931	PLINK2_1KG_DIRECT
RS9257566	RS1317834	EUR	0.16931	PLINK2_1KG_DIRECT
RS9257566	RS9258593	EUR	0.174686	PLINK2_1KG_DIRECT
RS9257566	RS7451468	EUR	0.16931	PLINK2_1KG_DIRECT
RS9257566	RS3892860	EUR	0.16931	PLINK2_1KG_DIRECT
RS9257566	RS2428509	EUR	0.16931	PLINK2_1KG_DIRECT
RS9257566	RS2508052	EUR	0.270891	PLINK2_1KG_DIRECT
RS9257566	RS2508051	EUR	0.171243	PLINK2_1KG_DIRECT
RS9257566	RS9258606	EUR	0.171243	PLINK2_1KG_DIRECT
RS9257566	RS9258610	EUR	0.171243	PLINK2_1KG_DIRECT
RS9257566	RS5013087	EUR	0.171243	PLINK2_1KG_DIRECT
RS9257566	RS5013088	EUR	0.171243	PLINK2_1KG_DIRECT
RS9257566	RS5013089	EUR	0.260059	PLINK2_1KG_DIRECT
RS9257566	RS5013091	EUR	0.171243	PLINK2_1KG_DIRECT
RS9257566	RS5013092	EUR	0.171243	PLINK2_1KG_DIRECT
RS9257566	RS5013093	EUR	0.171243	PLINK2_1KG_DIRECT
RS9257566	RS5013094	EUR	0.169946	PLINK2_1KG_DIRECT
RS9257566	RS9258621	EUR	0.171243	PLINK2_1KG_DIRECT
RS9257566	RS3128910	EUR	0.171243	PLINK2_1KG_DIRECT
RS9257566	RS2734984	EUR	0.171243	PLINK2_1KG_DIRECT
RS9257566	RS2734983	EUR	0.260059	PLINK2_1KG_DIRECT
RS9257566	RS2517866	EUR	0.260059	PLINK2_1KG_DIRECT
RS9257566	RS3094176	EUR	0.260059	PLINK2_1KG_DIRECT
RS9257566	RS2247719	EUR	0.171243	PLINK2_1KG_DIRECT
RS9257566	RS2734981	EUR	0.169946	PLINK2_1KG_DIRECT
RS9257566	RS2734980	EUR	0.171243	PLINK2_1KG_DIRECT
RS9257566	RS2517862	EUR	0.260059	PLINK2_1KG_DIRECT
RS9257566	RS2517861	EUR	0.171243	PLINK2_1KG_DIRECT
RS9257566	RS9258645	EUR	0.171243	PLINK2_1KG_DIRECT
RS9257566	RS9258652	EUR	0.260059	PLINK2_1KG_DIRECT
RS9257566	RS2517860	EUR	0.171243	PLINK2_1KG_DIRECT
RS9257566	RS2517859	EUR	0.171243	PLINK2_1KG_DIRECT
RS9257566	RS2517857	EUR	0.260059	PLINK2_1KG_DIRECT
RS9257566	RS2517856	EUR	0.260059	PLINK2_1KG_DIRECT
RS9257566	RS3094173	EUR	0.171243	PLINK2_1KG_DIRECT
RS9257566	RS2517855	EUR	0.260059	PLINK2_1KG_DIRECT
RS9257566	RS2517850	EUR	0.171243	PLINK2_1KG_DIRECT
RS9257566	RS2508049	EUR	0.260059	PLINK2_1KG_DIRECT
RS9257566	RS9258690	EUR	0.171243	PLINK2_1KG_DIRECT
RS9257566	RS1611673	EUR	0.260059	PLINK2_1KG_DIRECT
RS9257566	RS1611678	EUR	0.260059	PLINK2_1KG_DIRECT
RS9257566	RS1611683	EUR	0.101326	PLINK2_1KG_DIRECT
RS9257566	RS1611689	EUR	0.260059	PLINK2_1KG_DIRECT
RS9257566	RS1611691	EUR	0.260059	PLINK2_1KG_DIRECT
RS9257566	RS1611694	EUR	0.260059	PLINK2_1KG_DIRECT
RS9257566	RS1611695	EUR	0.260059	PLINK2_1KG_DIRECT
RS9257566	RS1611698	EUR	0.260059	PLINK2_1KG_DIRECT
RS9257566	RS1611701	EUR	0.270891	PLINK2_1KG_DIRECT
RS9257566	RS1611703	EUR	0.270891	PLINK2_1KG_DIRECT
RS9257566	RS1611706	EUR	0.260059	PLINK2_1KG_DIRECT
RS9257566	RS1611713	EUR	0.123538	PLINK2_1KG_DIRECT
RS9257566	RS1611714	EUR	0.260059	PLINK2_1KG_DIRECT
RS9257566	RS1611716	EUR	0.260059	PLINK2_1KG_DIRECT
RS9257566	RS1611718	EUR	0.260059	PLINK2_1KG_DIRECT
RS9257566	RS1611721	EUR	0.260059	PLINK2_1KG_DIRECT
RS9257566	RS1611725	EUR	0.260059	PLINK2_1KG_DIRECT
RS9257566	RS1611727	EUR	0.260059	PLINK2_1KG_DIRECT
RS9257566	RS1611736	EUR	0.260059	PLINK2_1KG_DIRECT
RS9257566	RS1611738	EUR	0.260059	PLINK2_1KG_DIRECT
RS9257566	RS1611740	EUR	0.260059	PLINK2_1KG_DIRECT
RS9257566	RS1611744	EUR	0.260059	PLINK2_1KG_DIRECT
RS9257566	RS1611745	EUR	0.260059	PLINK2_1KG_DIRECT
RS9257566	RS1611746	EUR	0.260059	PLINK2_1KG_DIRECT
RS9257566	RS2734977	EUR	0.257454	PLINK2_1KG_DIRECT
RS9257566	RS2517827	EUR	0.120723	PLINK2_1KG_DIRECT
RS9257566	RS2734974	EUR	0.166903	PLINK2_1KG_DIRECT
RS9257566	RS2517826	EUR	0.166903	PLINK2_1KG_DIRECT
RS9257566	RS2734970	EUR	0.260059	PLINK2_1KG_DIRECT
RS9257566	RS1611630	EUR	0.270891	PLINK2_1KG_DIRECT
RS9257566	RS1611632	EUR	0.166903	PLINK2_1KG_DIRECT
RS9257566	RS1611635	EUR	0.270891	PLINK2_1KG_DIRECT
RS9257566	RS2844822	EUR	0.270891	PLINK2_1KG_DIRECT
RS9257566	RS885933	EUR	0.260059	PLINK2_1KG_DIRECT
RS9257566	RS885932	EUR	0.260059	PLINK2_1KG_DIRECT
RS9257566	RS1611645	EUR	0.273706	PLINK2_1KG_DIRECT
RS9257566	RS1611658	EUR	0.247415	PLINK2_1KG_DIRECT
RS9257566	RS2523808	EUR	0.166903	PLINK2_1KG_DIRECT
RS9257566	RS1611586	EUR	0.157995	PLINK2_1KG_DIRECT
RS9257566	RS1611607	EUR	0.239168	PLINK2_1KG_DIRECT
RS9257566	RS1611545	EUR	0.267889	PLINK2_1KG_DIRECT
RS9257566	RS1611546	EUR	0.159202	PLINK2_1KG_DIRECT
RS9257566	RS3128993	EUR	0.222513	PLINK2_1KG_DIRECT
RS9257566	RS376316	EUR	0.189177	PLINK2_1KG_DIRECT
RS9257566	RS3132689	EUR	0.250524	PLINK2_1KG_DIRECT
RS9257566	RS2517775	EUR	0.165023	PLINK2_1KG_DIRECT
RS9257566	RS2517774	EUR	0.165023	PLINK2_1KG_DIRECT
RS9257566	RS413985	EUR	0.236274	PLINK2_1KG_DIRECT
RS9257566	RS389600	EUR	0.238503	PLINK2_1KG_DIRECT
RS9257566	RS1655927	EUR	0.245381	PLINK2_1KG_DIRECT
RS9257566	RS2524005	EUR	0.227385	PLINK2_1KG_DIRECT
RS9257566	RS9259970	EUR	0.150998	PLINK2_1KG_DIRECT
RS9257566	RS401241	EUR	0.273706	PLINK2_1KG_DIRECT
RS9257566	RS3132690	EUR	0.17424	PLINK2_1KG_DIRECT
RS9257566	RS439935	EUR	0.273706	PLINK2_1KG_DIRECT
RS9257566	RS2571420	EUR	0.273706	PLINK2_1KG_DIRECT
RS9257566	RS9260080	EUR	0.172845	PLINK2_1KG_DIRECT
RS9257566	RS3129022	EUR	0.172845	PLINK2_1KG_DIRECT
RS9257566	RS707910	EUR	0.273706	PLINK2_1KG_DIRECT
RS9257566	RS9260146	EUR	0.268119	PLINK2_1KG_DIRECT
RS9257566	RS3132686	EUR	0.273706	PLINK2_1KG_DIRECT
RS9257566	RS1061815	EUR	0.273706	PLINK2_1KG_DIRECT
RS9257566	RS112863520	EUR	0.172845	PLINK2_1KG_DIRECT
RS9257566	RS376253	EUR	0.162207	PLINK2_1KG_DIRECT
RS9257566	RS2571384	EUR	0.276566	PLINK2_1KG_DIRECT
RS9257566	RS2571385	EUR	0.17424	PLINK2_1KG_DIRECT
RS9257566	RS2517724	EUR	0.172845	PLINK2_1KG_DIRECT
RS9257566	RS1655899	EUR	0.273706	PLINK2_1KG_DIRECT
RS9257566	RS1632882	EUR	0.172845	PLINK2_1KG_DIRECT
RS9257566	RS1655900	EUR	0.268119	PLINK2_1KG_DIRECT
RS9257566	RS1655905	EUR	0.273706	PLINK2_1KG_DIRECT
RS9257566	RS1632878	EUR	0.273706	PLINK2_1KG_DIRECT
RS9257566	RS1612063	EUR	0.270581	PLINK2_1KG_DIRECT
RS9257566	RS9260628	EUR	0.270891	PLINK2_1KG_DIRECT
RS9257566	RS9260629	EUR	0.270891	PLINK2_1KG_DIRECT
RS9257566	RS436003	EUR	0.172845	PLINK2_1KG_DIRECT
RS9257566	RS429511	EUR	0.257454	PLINK2_1KG_DIRECT
RS9257566	RS369073	EUR	0.265238	PLINK2_1KG_DIRECT
RS9257566	RS3132685	EUR	0.376946	PLINK2_1KG_DIRECT
RS9257566	RS1264807	EUR	0.257454	PLINK2_1KG_DIRECT
RS9257566	RS1632926	EUR	0.257454	PLINK2_1KG_DIRECT
RS9257566	RS356959	EUR	0.257454	PLINK2_1KG_DIRECT
RS9257566	RS3094146	EUR	0.508184	PLINK2_1KG_DIRECT
RS9257566	RS356971	EUR	0.257454	PLINK2_1KG_DIRECT
RS9257566	RS3115631	EUR	0.50525	PLINK2_1KG_DIRECT
RS9257566	RS3129012	EUR	0.25236	PLINK2_1KG_DIRECT
RS9257566	RS259926	EUR	0.257454	PLINK2_1KG_DIRECT
RS9257566	RS9261259	EUR	0.257454	PLINK2_1KG_DIRECT
RS9257566	RS8321	EUR	0.51603	PLINK2_1KG_DIRECT
RS9257566	RS9261290	EUR	0.508184	PLINK2_1KG_DIRECT
RS9257566	RS1264714	EUR	0.257454	PLINK2_1KG_DIRECT
RS9257566	RS1264709	EUR	0.265238	PLINK2_1KG_DIRECT
RS9257566	RS1264706	EUR	0.518952	PLINK2_1KG_DIRECT
RS9257566	RS1264705	EUR	0.518952	PLINK2_1KG_DIRECT
RS9257566	RS1156533	EUR	0.147988	PLINK2_1KG_DIRECT
RS9257566	RS1264703	EUR	0.201898	PLINK2_1KG_DIRECT
RS9257566	RS1264702	EUR	0.182787	PLINK2_1KG_DIRECT
RS9257566	RS916570	EUR	0.174138	PLINK2_1KG_DIRECT
RS9257566	RS916569	EUR	0.195665	PLINK2_1KG_DIRECT
RS9257566	RS1264700	EUR	0.195665	PLINK2_1KG_DIRECT
RS9257566	RS1264699	EUR	0.195665	PLINK2_1KG_DIRECT
RS9257566	RS6457148	EUR	0.195665	PLINK2_1KG_DIRECT
RS9257566	RS6457149	EUR	0.195665	PLINK2_1KG_DIRECT
RS9257566	RS1264698	EUR	0.195665	PLINK2_1KG_DIRECT
RS9257566	RS1264697	EUR	0.195665	PLINK2_1KG_DIRECT
RS9257566	RS1264696	EUR	0.195665	PLINK2_1KG_DIRECT
RS9257566	RS1264695	EUR	0.191533	PLINK2_1KG_DIRECT
RS9257566	RS1264694	EUR	0.191533	PLINK2_1KG_DIRECT
RS9257566	RS1108052	EUR	0.191533	PLINK2_1KG_DIRECT
RS9257566	RS1110448	EUR	0.190096	PLINK2_1KG_DIRECT
RS9257566	RS1108053	EUR	0.191533	PLINK2_1KG_DIRECT
RS9257566	RS2517664	EUR	0.295162	PLINK2_1KG_DIRECT
RS9257566	RS2517601	EUR	0.510546	PLINK2_1KG_DIRECT
RS9257566	RS2517600	EUR	0.115768	PLINK2_1KG_DIRECT
RS9257566	RS2523992	EUR	0.330408	PLINK2_1KG_DIRECT
RS9257566	RS2023473	EUR	0.518952	PLINK2_1KG_DIRECT
RS9257566	RS2523989	EUR	0.339174	PLINK2_1KG_DIRECT
RS9257566	RS2239529	EUR	0.342752	PLINK2_1KG_DIRECT
RS9257566	RS2427749	EUR	0.395036	PLINK2_1KG_DIRECT
RS9257566	RS2523988	EUR	0.395036	PLINK2_1KG_DIRECT
RS9257566	RS2249099	EUR	0.322135	PLINK2_1KG_DIRECT
RS9257566	RS2523987	EUR	0.395036	PLINK2_1KG_DIRECT
RS9257566	RS2517598	EUR	0.322135	PLINK2_1KG_DIRECT
RS9257566	RS2844793	EUR	0.335654	PLINK2_1KG_DIRECT
RS9257566	RS2844792	EUR	0.381442	PLINK2_1KG_DIRECT
RS9257566	RS2517597	EUR	0.395036	PLINK2_1KG_DIRECT
RS9257566	RS2523986	EUR	0.395036	PLINK2_1KG_DIRECT
RS9257566	RS2523985	EUR	0.322135	PLINK2_1KG_DIRECT
RS9257566	RS2523984	EUR	0.322135	PLINK2_1KG_DIRECT
RS9257566	RS2523983	EUR	0.385887	PLINK2_1KG_DIRECT
RS9257566	RS2245420	EUR	0.322135	PLINK2_1KG_DIRECT
RS9257566	RS2523982	EUR	0.385887	PLINK2_1KG_DIRECT
RS9257566	RS2523981	EUR	0.385887	PLINK2_1KG_DIRECT
RS9257566	RS2523979	EUR	0.385887	PLINK2_1KG_DIRECT
RS9257566	RS2523978	EUR	0.508184	PLINK2_1KG_DIRECT
RS9257566	RS2517596	EUR	0.395036	PLINK2_1KG_DIRECT
RS9257566	RS1034327	EUR	0.385887	PLINK2_1KG_DIRECT
RS9257566	RS1034326	EUR	0.372795	PLINK2_1KG_DIRECT
RS9257566	RS2523977	EUR	0.395036	PLINK2_1KG_DIRECT
RS9257566	RS2517595	EUR	0.395036	PLINK2_1KG_DIRECT
RS9257566	RS2523976	EUR	0.395036	PLINK2_1KG_DIRECT
RS9257566	RS1015466	EUR	0.372795	PLINK2_1KG_DIRECT
RS9257566	RS2844791	EUR	0.352511	PLINK2_1KG_DIRECT
RS9257566	RS2844790	EUR	0.409705	PLINK2_1KG_DIRECT
RS9257566	RS1541269	EUR	0.414849	PLINK2_1KG_DIRECT
RS9257566	RS2844789	EUR	0.518952	PLINK2_1KG_DIRECT
RS9257566	RS2517645	EUR	0.314754	PLINK2_1KG_DIRECT
RS9257566	RS2523735	EUR	0.399728	PLINK2_1KG_DIRECT
RS9257566	RS1970	EUR	0.518952	PLINK2_1KG_DIRECT
RS9257566	RS1573296	EUR	0.518952	PLINK2_1KG_DIRECT
RS9257566	RS2157678	EUR	0.518952	PLINK2_1KG_DIRECT
RS9257566	RS929157	EUR	0.363521	PLINK2_1KG_DIRECT
RS9257566	RS2523729	EUR	0.50054	PLINK2_1KG_DIRECT
RS9257566	RS9257566	EAS	1	PLINK2_1KG_DIRECT
RS9257566	RS2746149	EAS	0.249255	PLINK2_1KG_DIRECT
RS9257566	RS1233493	EAS	0.249255	PLINK2_1KG_DIRECT
RS9257566	RS385816	EAS	0.249255	PLINK2_1KG_DIRECT
RS9257566	RS3094569	EAS	0.249255	PLINK2_1KG_DIRECT
RS9257566	RS2523432	EAS	0.249255	PLINK2_1KG_DIRECT
RS2071278	RS2071278	EUR	1	PLINK2_1KG_DIRECT
RS2071278	RS3130465	EUR	0.191713	PLINK2_1KG_DIRECT
RS2071278	RS3132510	EUR	0.327822	PLINK2_1KG_DIRECT
RS2071278	RS1619179	EUR	0.319552	PLINK2_1KG_DIRECT
RS2071278	RS3132506	EUR	0.217663	PLINK2_1KG_DIRECT
RS2071278	RS3130511	EUR	0.181175	PLINK2_1KG_DIRECT
RS2071278	RS3130953	EUR	0.18	PLINK2_1KG_DIRECT
RS2071278	RS3132505	EUR	0.217663	PLINK2_1KG_DIRECT
RS2071278	RS3134785	EUR	0.217663	PLINK2_1KG_DIRECT
RS2071278	RS3132502	EUR	0.176531	PLINK2_1KG_DIRECT
RS2071278	RS3130514	EUR	0.217663	PLINK2_1KG_DIRECT
RS2071278	RS3130467	EUR	0.176531	PLINK2_1KG_DIRECT
RS2071278	RS3130517	EUR	0.181175	PLINK2_1KG_DIRECT
RS2071278	RS1639110	EUR	0.242528	PLINK2_1KG_DIRECT
RS2071278	RS3130949	EUR	0.222417	PLINK2_1KG_DIRECT
RS2071278	RS1793895	EUR	0.242528	PLINK2_1KG_DIRECT
RS2071278	RS2394886	EUR	0.235776	PLINK2_1KG_DIRECT
RS2071278	RS3095251	EUR	0.202655	PLINK2_1KG_DIRECT
RS2071278	RS6933647	EUR	0.208162	PLINK2_1KG_DIRECT
RS2071278	RS7768955	EUR	0.202655	PLINK2_1KG_DIRECT
RS2071278	RS7769059	EUR	0.198645	PLINK2_1KG_DIRECT
RS2071278	RS7769211	EUR	0.202655	PLINK2_1KG_DIRECT
RS2071278	RS3130945	EUR	0.202655	PLINK2_1KG_DIRECT
RS2071278	RS1639108	EUR	0.31479	PLINK2_1KG_DIRECT
RS2071278	RS3130944	EUR	0.208162	PLINK2_1KG_DIRECT
RS2071278	RS3130522	EUR	0.202655	PLINK2_1KG_DIRECT
RS2071278	RS3130943	EUR	0.202655	PLINK2_1KG_DIRECT
RS2071278	RS1793894	EUR	0.254554	PLINK2_1KG_DIRECT
RS2071278	RS3134784	EUR	0.202655	PLINK2_1KG_DIRECT
RS2071278	RS3130942	EUR	0.202655	PLINK2_1KG_DIRECT
RS2071278	RS3130470	EUR	0.202655	PLINK2_1KG_DIRECT
RS2071278	RS3130471	EUR	0.202655	PLINK2_1KG_DIRECT
RS2071278	RS3130524	EUR	0.202655	PLINK2_1KG_DIRECT
RS2071278	RS3134781	EUR	0.202655	PLINK2_1KG_DIRECT
RS2071278	RS3130940	EUR	0.202655	PLINK2_1KG_DIRECT
RS2071278	RS3130938	EUR	0.202655	PLINK2_1KG_DIRECT
RS2071278	RS3130937	EUR	0.202655	PLINK2_1KG_DIRECT
RS2071278	RS3130936	EUR	0.202655	PLINK2_1KG_DIRECT
RS2071278	RS3134779	EUR	0.202655	PLINK2_1KG_DIRECT
RS2071278	RS3130473	EUR	0.202655	PLINK2_1KG_DIRECT
RS2071278	RS3134778	EUR	0.202655	PLINK2_1KG_DIRECT
RS2071278	RS3134777	EUR	0.202655	PLINK2_1KG_DIRECT
RS2071278	RS3130529	EUR	0.202655	PLINK2_1KG_DIRECT
RS2071278	RS3132531	EUR	0.202655	PLINK2_1KG_DIRECT
RS2071278	RS3132521	EUR	0.202655	PLINK2_1KG_DIRECT
RS2071278	RS3130530	EUR	0.222417	PLINK2_1KG_DIRECT
RS2071278	RS3130713	EUR	0.202655	PLINK2_1KG_DIRECT
RS2071278	RS3134768	EUR	0.208162	PLINK2_1KG_DIRECT
RS2071278	RS2394894	EUR	0.222417	PLINK2_1KG_DIRECT
RS2071278	RS2394895	EUR	0.222417	PLINK2_1KG_DIRECT
RS2071278	RS3132495	EUR	0.222417	PLINK2_1KG_DIRECT
RS2071278	RS3134762	EUR	0.222417	PLINK2_1KG_DIRECT
RS2071278	RS527864796	EUR	0.242528	PLINK2_1KG_DIRECT
RS2071278	RS3130424	EUR	0.222417	PLINK2_1KG_DIRECT
RS2071278	RS9264185	EUR	0.165526	PLINK2_1KG_DIRECT
RS2071278	RS2394944	EUR	0.213751	PLINK2_1KG_DIRECT
RS2071278	RS1793891	EUR	0.252303	PLINK2_1KG_DIRECT
RS2071278	RS2844630	EUR	0.252303	PLINK2_1KG_DIRECT
RS2071278	RS1986997	EUR	0.10421	PLINK2_1KG_DIRECT
RS2071278	RS3130444	EUR	0.253931	PLINK2_1KG_DIRECT
RS2071278	RS2524122	EUR	0.253931	PLINK2_1KG_DIRECT
RS2071278	RS2844627	EUR	0.253931	PLINK2_1KG_DIRECT
RS2071278	RS2844626	EUR	0.108126	PLINK2_1KG_DIRECT
RS2071278	RS2245738	EUR	0.107844	PLINK2_1KG_DIRECT
RS2071278	RS2245822	EUR	0.253271	PLINK2_1KG_DIRECT
RS2071278	RS2524117	EUR	0.108442	PLINK2_1KG_DIRECT
RS2071278	RS2524112	EUR	0.108442	PLINK2_1KG_DIRECT
RS2071278	RS2524111	EUR	0.253271	PLINK2_1KG_DIRECT
RS2071278	RS2853961	EUR	0.104899	PLINK2_1KG_DIRECT
RS2071278	RS2844624	EUR	0.108442	PLINK2_1KG_DIRECT
RS2071278	RS2524108	EUR	0.238662	PLINK2_1KG_DIRECT
RS2071278	RS9264490	EUR	0.253271	PLINK2_1KG_DIRECT
RS2071278	RS2524107	EUR	0.108442	PLINK2_1KG_DIRECT
RS2071278	RS386575382	EUR	0.253271	PLINK2_1KG_DIRECT
RS2071278	RS79958831	EUR	0.108442	PLINK2_1KG_DIRECT
RS2071278	RS112229878	EUR	0.253271	PLINK2_1KG_DIRECT
RS2071278	RS531552654	EUR	0.109043	PLINK2_1KG_DIRECT
RS2071278	RS2248902	EUR	0.253271	PLINK2_1KG_DIRECT
RS2071278	RS2853953	EUR	0.253271	PLINK2_1KG_DIRECT
RS2071278	RS2853952	EUR	0.253271	PLINK2_1KG_DIRECT
RS2071278	RS1049709	EUR	0.222151	PLINK2_1KG_DIRECT
RS2071278	RS28626310	EUR	0.160348	PLINK2_1KG_DIRECT
RS2071278	RS2524086	EUR	0.207836	PLINK2_1KG_DIRECT
RS2071278	RS2853949	EUR	0.207836	PLINK2_1KG_DIRECT
RS2071278	RS2524078	EUR	0.207836	PLINK2_1KG_DIRECT
RS2071278	RS2844614	EUR	0.207836	PLINK2_1KG_DIRECT
RS2071278	RS2844613	EUR	0.207836	PLINK2_1KG_DIRECT
RS2071278	RS2524075	EUR	0.110927	PLINK2_1KG_DIRECT
RS2071278	RS3130696	EUR	0.110927	PLINK2_1KG_DIRECT
RS2071278	RS2524069	EUR	0.222151	PLINK2_1KG_DIRECT
RS2071278	RS2853947	EUR	0.207836	PLINK2_1KG_DIRECT
RS2071278	RS2524067	EUR	0.207836	PLINK2_1KG_DIRECT
RS2071278	RS2524065	EUR	0.207836	PLINK2_1KG_DIRECT
RS2071278	RS2844609	EUR	0.207836	PLINK2_1KG_DIRECT
RS2071278	RS2853945	EUR	0.207836	PLINK2_1KG_DIRECT
RS2071278	RS2853942	EUR	0.207836	PLINK2_1KG_DIRECT
RS2071278	RS2253491	EUR	0.208978	PLINK2_1KG_DIRECT
RS2071278	RS386575142	EUR	0.129391	PLINK2_1KG_DIRECT
RS2071278	RS2853939	EUR	0.129391	PLINK2_1KG_DIRECT
RS2071278	RS2524059	EUR	0.129391	PLINK2_1KG_DIRECT
RS2071278	RS2844603	EUR	0.129391	PLINK2_1KG_DIRECT
RS2071278	RS2853938	EUR	0.129391	PLINK2_1KG_DIRECT
RS2071278	RS386568878	EUR	0.129391	PLINK2_1KG_DIRECT
RS2071278	RS2853935	EUR	0.129391	PLINK2_1KG_DIRECT
RS2071278	RS2524052	EUR	0.129391	PLINK2_1KG_DIRECT
RS2071278	RS2853933	EUR	0.129391	PLINK2_1KG_DIRECT
RS2071278	RS2853931	EUR	0.130108	PLINK2_1KG_DIRECT
RS2071278	RS2524040	EUR	0.129391	PLINK2_1KG_DIRECT
RS2071278	RS2844595	EUR	0.129391	PLINK2_1KG_DIRECT
RS2071278	RS2524163	EUR	0.129391	PLINK2_1KG_DIRECT
RS2071278	RS2524161	EUR	0.128679	PLINK2_1KG_DIRECT
RS2071278	RS2524159	EUR	0.129391	PLINK2_1KG_DIRECT
RS2071278	RS2524157	EUR	0.129391	PLINK2_1KG_DIRECT
RS2071278	RS2524156	EUR	0.129391	PLINK2_1KG_DIRECT
RS2071278	RS2213140	EUR	0.129391	PLINK2_1KG_DIRECT
RS2071278	RS2243866	EUR	0.129391	PLINK2_1KG_DIRECT
RS2071278	RS2243868	EUR	0.129391	PLINK2_1KG_DIRECT
RS2071278	RS2524095	EUR	0.129391	PLINK2_1KG_DIRECT
RS2071278	RS2853922	EUR	0.127971	PLINK2_1KG_DIRECT
RS2071278	RS2524089	EUR	0.129391	PLINK2_1KG_DIRECT
RS2071278	RS2524072	EUR	0.129391	PLINK2_1KG_DIRECT
RS2071278	RS2853921	EUR	0.130108	PLINK2_1KG_DIRECT
RS2071278	RS2853918	EUR	0.127267	PLINK2_1KG_DIRECT
RS2071278	RS2524066	EUR	0.129391	PLINK2_1KG_DIRECT
RS2071278	RS1960278	EUR	0.125581	PLINK2_1KG_DIRECT
RS2071278	RS7748141	EUR	0.350618	PLINK2_1KG_DIRECT
RS2071278	RS9265645	EUR	0.344429	PLINK2_1KG_DIRECT
RS2071278	RS4947307	EUR	0.360383	PLINK2_1KG_DIRECT
RS2071278	RS1634767	EUR	0.211077	PLINK2_1KG_DIRECT
RS2071278	RS1631951	EUR	0.204816	PLINK2_1KG_DIRECT
RS2071278	RS1625792	EUR	0.344429	PLINK2_1KG_DIRECT
RS2071278	RS402175	EUR	0.344429	PLINK2_1KG_DIRECT
RS2071278	RS1634776	EUR	0.330269	PLINK2_1KG_DIRECT
RS2071278	RS2394976	EUR	0.334394	PLINK2_1KG_DIRECT
RS2071278	RS2256747	EUR	0.339354	PLINK2_1KG_DIRECT
RS2071278	RS2256750	EUR	0.344429	PLINK2_1KG_DIRECT
RS2071278	RS2256752	EUR	0.165761	PLINK2_1KG_DIRECT
RS2071278	RS2844589	EUR	0.344429	PLINK2_1KG_DIRECT
RS2071278	RS3134792	EUR	0.344429	PLINK2_1KG_DIRECT
RS2071278	RS2854010	EUR	0.344429	PLINK2_1KG_DIRECT
RS2071278	RS9265857	EUR	0.344429	PLINK2_1KG_DIRECT
RS2071278	RS2394978	EUR	0.344429	PLINK2_1KG_DIRECT
RS2071278	RS2394980	EUR	0.344429	PLINK2_1KG_DIRECT
RS2071278	RS9265908	EUR	0.344429	PLINK2_1KG_DIRECT
RS2071278	RS2507998	EUR	0.344429	PLINK2_1KG_DIRECT
RS2071278	RS9265937	EUR	0.344429	PLINK2_1KG_DIRECT
RS2071278	RS9265938	EUR	0.336906	PLINK2_1KG_DIRECT
RS2071278	RS9265939	EUR	0.321958	PLINK2_1KG_DIRECT
RS2071278	RS9265948	EUR	0.339354	PLINK2_1KG_DIRECT
RS2071278	RS9265949	EUR	0.354939	PLINK2_1KG_DIRECT
RS2071278	RS9265954	EUR	0.344429	PLINK2_1KG_DIRECT
RS2071278	RS9265964	EUR	0.344429	PLINK2_1KG_DIRECT
RS2071278	RS9265969	EUR	0.271539	PLINK2_1KG_DIRECT
RS2071278	RS9265971	EUR	0.344429	PLINK2_1KG_DIRECT
RS2071278	RS9265972	EUR	0.344429	PLINK2_1KG_DIRECT
RS2071278	RS9265973	EUR	0.344429	PLINK2_1KG_DIRECT
RS2071278	RS9265974	EUR	0.344429	PLINK2_1KG_DIRECT
RS2071278	RS9265976	EUR	0.344429	PLINK2_1KG_DIRECT
RS2071278	RS9265979	EUR	0.344429	PLINK2_1KG_DIRECT
RS2071278	RS9265982	EUR	0.344429	PLINK2_1KG_DIRECT
RS2071278	RS9265985	EUR	0.344429	PLINK2_1KG_DIRECT
RS2071278	RS9265990	EUR	0.344429	PLINK2_1KG_DIRECT
RS2071278	RS9265994	EUR	0.360383	PLINK2_1KG_DIRECT
RS2071278	RS9265998	EUR	0.344429	PLINK2_1KG_DIRECT
RS2071278	RS9266001	EUR	0.36596	PLINK2_1KG_DIRECT
RS2071278	RS2923008	EUR	0.36596	PLINK2_1KG_DIRECT
RS2071278	RS3016017	EUR	0.344429	PLINK2_1KG_DIRECT
RS2071278	RS2923007	EUR	0.344429	PLINK2_1KG_DIRECT
RS2071278	RS2596510	EUR	0.339354	PLINK2_1KG_DIRECT
RS2071278	RS2596508	EUR	0.339354	PLINK2_1KG_DIRECT
RS2071278	RS2854002	EUR	0.22569	PLINK2_1KG_DIRECT
RS2071278	RS2596505	EUR	0.223214	PLINK2_1KG_DIRECT
RS2071278	RS2596504	EUR	0.22569	PLINK2_1KG_DIRECT
RS2071278	RS2507995	EUR	0.223214	PLINK2_1KG_DIRECT
RS2071278	RS2442729	EUR	0.211378	PLINK2_1KG_DIRECT
RS2071278	RS9266065	EUR	0.218373	PLINK2_1KG_DIRECT
RS2071278	RS9266066	EUR	0.22569	PLINK2_1KG_DIRECT
RS2071278	RS9266070	EUR	0.22569	PLINK2_1KG_DIRECT
RS2071278	RS2442727	EUR	0.22569	PLINK2_1KG_DIRECT
RS2071278	RS36057735	EUR	0.177726	PLINK2_1KG_DIRECT
RS2071278	RS2442723	EUR	0.152072	PLINK2_1KG_DIRECT
RS2071278	RS2442722	EUR	0.177726	PLINK2_1KG_DIRECT
RS2071278	RS2596500	EUR	0.354939	PLINK2_1KG_DIRECT
RS2071278	RS2523607	EUR	0.302593	PLINK2_1KG_DIRECT
RS2071278	RS2596495	EUR	0.302593	PLINK2_1KG_DIRECT
RS2071278	RS4990036	EUR	0.302593	PLINK2_1KG_DIRECT
RS2071278	RS2596487	EUR	0.236639	PLINK2_1KG_DIRECT
RS2071278	RS2853999	EUR	0.360383	PLINK2_1KG_DIRECT
RS2071278	RS2523593	EUR	0.360383	PLINK2_1KG_DIRECT
RS2071278	RS2249935	EUR	0.374319	PLINK2_1KG_DIRECT
RS2071278	RS1811197	EUR	0.238942	PLINK2_1KG_DIRECT
RS2071278	RS2523584	EUR	0.360383	PLINK2_1KG_DIRECT
RS2071278	RS2523582	EUR	0.101702	PLINK2_1KG_DIRECT
RS2071278	RS2523578	EUR	0.101702	PLINK2_1KG_DIRECT
RS2071278	RS2523573	EUR	0.360383	PLINK2_1KG_DIRECT
RS2071278	RS2596544	EUR	0.168617	PLINK2_1KG_DIRECT
RS2071278	RS2596545	EUR	0.360383	PLINK2_1KG_DIRECT
RS2071278	RS2596547	EUR	0.360383	PLINK2_1KG_DIRECT
RS2071278	RS2523571	EUR	0.360383	PLINK2_1KG_DIRECT
RS2071278	RS2523569	EUR	0.137814	PLINK2_1KG_DIRECT
RS2071278	RS2523568	EUR	0.137814	PLINK2_1KG_DIRECT
RS2071278	RS2523567	EUR	0.137814	PLINK2_1KG_DIRECT
RS2071278	RS2250284	EUR	0.137814	PLINK2_1KG_DIRECT
RS2071278	RS2250293	EUR	0.155139	PLINK2_1KG_DIRECT
RS2071278	RS2523563	EUR	0.155139	PLINK2_1KG_DIRECT
RS2071278	RS2523562	EUR	0.129851	PLINK2_1KG_DIRECT
RS2071278	RS2523558	EUR	0.119442	PLINK2_1KG_DIRECT
RS2071278	RS2250399	EUR	0.155139	PLINK2_1KG_DIRECT
RS2071278	RS2523554	EUR	0.119442	PLINK2_1KG_DIRECT
RS2071278	RS2523552	EUR	0.153596	PLINK2_1KG_DIRECT
RS2071278	RS2844583	EUR	0.155139	PLINK2_1KG_DIRECT
RS2071278	RS2853997	EUR	0.155139	PLINK2_1KG_DIRECT
RS2071278	RS2523549	EUR	0.155139	PLINK2_1KG_DIRECT
RS2071278	RS2844581	EUR	0.155139	PLINK2_1KG_DIRECT
RS2071278	RS2523546	EUR	0.339354	PLINK2_1KG_DIRECT
RS2071278	RS2853995	EUR	0.155139	PLINK2_1KG_DIRECT
RS2071278	RS2428490	EUR	0.155139	PLINK2_1KG_DIRECT
RS2071278	RS2853993	EUR	0.119442	PLINK2_1KG_DIRECT
RS2071278	RS2523544	EUR	0.153596	PLINK2_1KG_DIRECT
RS2071278	RS2844577	EUR	0.339354	PLINK2_1KG_DIRECT
RS2071278	RS2596430	EUR	0.339354	PLINK2_1KG_DIRECT
RS2071278	RS2922994	EUR	0.339354	PLINK2_1KG_DIRECT
RS2071278	RS2156874	EUR	0.360383	PLINK2_1KG_DIRECT
RS2071278	RS2853986	EUR	0.349622	PLINK2_1KG_DIRECT
RS2071278	RS2523524	EUR	0.329546	PLINK2_1KG_DIRECT
RS2071278	RS2844559	EUR	0.329546	PLINK2_1KG_DIRECT
RS2071278	RS2905719	EUR	0.339354	PLINK2_1KG_DIRECT
RS2071278	RS2442736	EUR	0.110516	PLINK2_1KG_DIRECT
RS2071278	RS2442735	EUR	0.339354	PLINK2_1KG_DIRECT
RS2071278	RS2596570	EUR	0.249245	PLINK2_1KG_DIRECT
RS2071278	RS9266669	EUR	0.249245	PLINK2_1KG_DIRECT
RS2071278	RS4143332	EUR	0.352738	PLINK2_1KG_DIRECT
RS2071278	RS4143333	EUR	0.331874	PLINK2_1KG_DIRECT
RS2071278	RS2844531	EUR	0.360383	PLINK2_1KG_DIRECT
RS2071278	RS2596565	EUR	0.360383	PLINK2_1KG_DIRECT
RS2071278	RS2844530	EUR	0.36596	PLINK2_1KG_DIRECT
RS2071278	RS2596560	EUR	0.11819	PLINK2_1KG_DIRECT
RS2071278	RS2523466	EUR	0.130828	PLINK2_1KG_DIRECT
RS2071278	RS2523495	EUR	0.373673	PLINK2_1KG_DIRECT
RS2071278	RS3132472	EUR	0.379425	PLINK2_1KG_DIRECT
RS2071278	RS3132473	EUR	0.373673	PLINK2_1KG_DIRECT
RS2071278	RS3093958	EUR	0.385318	PLINK2_1KG_DIRECT
RS2071278	RS9267091	EUR	0.133858	PLINK2_1KG_DIRECT
RS2071278	RS9267092	EUR	0.379425	PLINK2_1KG_DIRECT
RS2071278	RS3131623	EUR	0.278047	PLINK2_1KG_DIRECT
RS2071278	RS3093956	EUR	0.264441	PLINK2_1KG_DIRECT
RS2071278	RS9267123	EUR	0.322932	PLINK2_1KG_DIRECT
RS2071278	RS3130477	EUR	0.381415	PLINK2_1KG_DIRECT
RS2071278	RS3094228	EUR	0.153269	PLINK2_1KG_DIRECT
RS2071278	RS3132089	EUR	0.381415	PLINK2_1KG_DIRECT
RS2071278	RS3099839	EUR	0.381415	PLINK2_1KG_DIRECT
RS2071278	RS3094605	EUR	0.381415	PLINK2_1KG_DIRECT
RS2071278	RS3099840	EUR	0.153269	PLINK2_1KG_DIRECT
RS2071278	RS3132090	EUR	0.387204	PLINK2_1KG_DIRECT
RS2071278	RS3130907	EUR	0.381415	PLINK2_1KG_DIRECT
RS2071278	RS3094014	EUR	0.193675	PLINK2_1KG_DIRECT
RS2071278	RS3128986	EUR	0.381415	PLINK2_1KG_DIRECT
RS2071278	RS3131620	EUR	0.195671	PLINK2_1KG_DIRECT
RS2071278	RS3094604	EUR	0.212673	PLINK2_1KG_DIRECT
RS2071278	RS3128987	EUR	0.193675	PLINK2_1KG_DIRECT
RS2071278	RS3131619	EUR	0.381415	PLINK2_1KG_DIRECT
RS2071278	RS3094013	EUR	0.381415	PLINK2_1KG_DIRECT
RS2071278	RS3094012	EUR	0.33489	PLINK2_1KG_DIRECT
RS2071278	RS3131618	EUR	0.393134	PLINK2_1KG_DIRECT
RS2071278	RS3131617	EUR	0.407085	PLINK2_1KG_DIRECT
RS2071278	RS2523674	EUR	0.113434	PLINK2_1KG_DIRECT
RS2071278	RS2523673	EUR	0.113434	PLINK2_1KG_DIRECT
RS2071278	RS3131643	EUR	0.28848	PLINK2_1KG_DIRECT
RS2071278	RS3099843	EUR	0.367182	PLINK2_1KG_DIRECT
RS2071278	RS3099844	EUR	0.367182	PLINK2_1KG_DIRECT
RS2071278	RS3130908	EUR	0.407085	PLINK2_1KG_DIRECT
RS2071278	RS3130909	EUR	0.407085	PLINK2_1KG_DIRECT
RS2071278	RS3131642	EUR	0.367182	PLINK2_1KG_DIRECT
RS2071278	RS3132470	EUR	0.367182	PLINK2_1KG_DIRECT
RS2071278	RS3094011	EUR	0.367182	PLINK2_1KG_DIRECT
RS2071278	RS3094010	EUR	0.367182	PLINK2_1KG_DIRECT
RS2071278	RS3130923	EUR	0.407085	PLINK2_1KG_DIRECT
RS2071278	RS3094005	EUR	0.407085	PLINK2_1KG_DIRECT
RS2071278	RS3095233	EUR	0.407085	PLINK2_1KG_DIRECT
RS2071278	RS3130616	EUR	0.407085	PLINK2_1KG_DIRECT
RS2071278	RS3134900	EUR	0.367182	PLINK2_1KG_DIRECT
RS2071278	RS3130614	EUR	0.419761	PLINK2_1KG_DIRECT
RS2071278	RS3130612	EUR	0.426338	PLINK2_1KG_DIRECT
RS2071278	RS9267445	EUR	0.413345	PLINK2_1KG_DIRECT
RS2071278	RS3093988	EUR	0.238667	PLINK2_1KG_DIRECT
RS2071278	RS2516482	EUR	0.216006	PLINK2_1KG_DIRECT
RS2071278	RS1055384	EUR	0.238667	PLINK2_1KG_DIRECT
RS2071278	RS2734583	EUR	0.407085	PLINK2_1KG_DIRECT
RS2071278	RS3093975	EUR	0.244919	PLINK2_1KG_DIRECT
RS2071278	RS9267488	EUR	0.407085	PLINK2_1KG_DIRECT
RS2071278	RS1800629	EUR	0.218373	PLINK2_1KG_DIRECT
RS2071278	RS1800628	EUR	0.426338	PLINK2_1KG_DIRECT
RS2071278	RS3130063	EUR	0.413345	PLINK2_1KG_DIRECT
RS2071278	RS3130632	EUR	0.184093	PLINK2_1KG_DIRECT
RS2071278	RS3130631	EUR	0.413345	PLINK2_1KG_DIRECT
RS2071278	RS2857595	EUR	0.180435	PLINK2_1KG_DIRECT
RS2071278	RS3132451	EUR	0.412375	PLINK2_1KG_DIRECT
RS2071278	RS3130621	EUR	0.44927	PLINK2_1KG_DIRECT
RS2071278	RS3115665	EUR	0.44927	PLINK2_1KG_DIRECT
RS2071278	RS3130070	EUR	0.44927	PLINK2_1KG_DIRECT
RS2071278	RS3130622	EUR	0.44927	PLINK2_1KG_DIRECT
RS2071278	RS3115664	EUR	0.44927	PLINK2_1KG_DIRECT
RS2071278	RS3132450	EUR	0.526809	PLINK2_1KG_DIRECT
RS2071278	RS3130623	EUR	0.400996	PLINK2_1KG_DIRECT
RS2071278	RS2242660	EUR	0.102427	PLINK2_1KG_DIRECT
RS2071278	RS3130624	EUR	0.437828	PLINK2_1KG_DIRECT
RS2071278	RS3130626	EUR	0.441713	PLINK2_1KG_DIRECT
RS2071278	RS2736157	EUR	0.441713	PLINK2_1KG_DIRECT
RS2071278	RS3130627	EUR	0.441713	PLINK2_1KG_DIRECT
RS2071278	RS2844466	EUR	0.120654	PLINK2_1KG_DIRECT
RS2071278	RS2844465	EUR	0.110231	PLINK2_1KG_DIRECT
RS2071278	RS2242659	EUR	0.110868	PLINK2_1KG_DIRECT
RS2071278	RS3115663	EUR	0.44927	PLINK2_1KG_DIRECT
RS2071278	RS1046089	EUR	0.121361	PLINK2_1KG_DIRECT
RS2071278	RS11229	EUR	0.44927	PLINK2_1KG_DIRECT
RS2071278	RS10885	EUR	0.44927	PLINK2_1KG_DIRECT
RS2071278	RS3130046	EUR	0.44927	PLINK2_1KG_DIRECT
RS2071278	RS3130628	EUR	0.44927	PLINK2_1KG_DIRECT
RS2071278	RS3130047	EUR	0.44927	PLINK2_1KG_DIRECT
RS2071278	RS3130048	EUR	0.226612	PLINK2_1KG_DIRECT
RS2071278	RS805303	EUR	0.110868	PLINK2_1KG_DIRECT
RS2071278	RS805302	EUR	0.110868	PLINK2_1KG_DIRECT
RS2071278	RS805301	EUR	0.110868	PLINK2_1KG_DIRECT
RS2071278	RS3117583	EUR	0.44927	PLINK2_1KG_DIRECT
RS2071278	RS813115	EUR	0.110868	PLINK2_1KG_DIRECT
RS2071278	RS3117582	EUR	0.526809	PLINK2_1KG_DIRECT
RS2071278	RS3117581	EUR	0.526809	PLINK2_1KG_DIRECT
RS2071278	RS3132449	EUR	0.526809	PLINK2_1KG_DIRECT
RS2071278	RS3117580	EUR	0.44927	PLINK2_1KG_DIRECT
RS2071278	RS3130618	EUR	0.44927	PLINK2_1KG_DIRECT
RS2071278	RS3117579	EUR	0.44927	PLINK2_1KG_DIRECT
RS2071278	RS805257	EUR	0.107098	PLINK2_1KG_DIRECT
RS2071278	RS9267531	EUR	0.526809	PLINK2_1KG_DIRECT
RS2071278	RS1266076	EUR	0.107717	PLINK2_1KG_DIRECT
RS2071278	RS9267539	EUR	0.526809	PLINK2_1KG_DIRECT
RS2071278	RS9267544	EUR	0.526809	PLINK2_1KG_DIRECT
RS2071278	RS9267549	EUR	0.526809	PLINK2_1KG_DIRECT
RS2071278	RS805294	EUR	0.132531	PLINK2_1KG_DIRECT
RS2071278	RS805306	EUR	0.132531	PLINK2_1KG_DIRECT
RS2071278	RS805305	EUR	0.132531	PLINK2_1KG_DIRECT
RS2071278	RS707916	EUR	0.132531	PLINK2_1KG_DIRECT
RS2071278	RS805304	EUR	0.132531	PLINK2_1KG_DIRECT
RS2071278	RS3131383	EUR	0.543712	PLINK2_1KG_DIRECT
RS2071278	RS3101018	EUR	0.543712	PLINK2_1KG_DIRECT
RS2071278	RS3131381	EUR	0.543712	PLINK2_1KG_DIRECT
RS2071278	RS3131380	EUR	0.543712	PLINK2_1KG_DIRECT
RS2071278	RS1144708	EUR	0.131812	PLINK2_1KG_DIRECT
RS2071278	RS3132445	EUR	0.543712	PLINK2_1KG_DIRECT
RS2071278	RS3132443	EUR	0.543712	PLINK2_1KG_DIRECT
RS2071278	RS3130484	EUR	0.543712	PLINK2_1KG_DIRECT
RS2071278	RS3117573	EUR	0.543712	PLINK2_1KG_DIRECT
RS2071278	RS3131379	EUR	0.543712	PLINK2_1KG_DIRECT
RS2071278	RS3130486	EUR	0.10259	PLINK2_1KG_DIRECT
RS2071278	RS3117574	EUR	0.543712	PLINK2_1KG_DIRECT
RS2071278	RS3131378	EUR	0.543712	PLINK2_1KG_DIRECT
RS2071278	RS3117575	EUR	0.543712	PLINK2_1KG_DIRECT
RS2071278	RS3117576	EUR	0.543712	PLINK2_1KG_DIRECT
RS2071278	RS3117577	EUR	0.543712	PLINK2_1KG_DIRECT
RS2071278	RS3115672	EUR	0.543712	PLINK2_1KG_DIRECT
RS2071278	RS3101017	EUR	0.543712	PLINK2_1KG_DIRECT
RS2071278	RS3115671	EUR	0.543712	PLINK2_1KG_DIRECT
RS2071278	RS3130490	EUR	0.543712	PLINK2_1KG_DIRECT
RS2071278	RS805825	EUR	0.119516	PLINK2_1KG_DIRECT
RS2071278	RS3130491	EUR	0.502497	PLINK2_1KG_DIRECT
RS2071278	RS915652	EUR	0.543712	PLINK2_1KG_DIRECT
RS2071278	RS915651	EUR	0.543712	PLINK2_1KG_DIRECT
RS2071278	RS2607014	EUR	0.543712	PLINK2_1KG_DIRECT
RS2071278	RS2736425	EUR	0.543712	PLINK2_1KG_DIRECT
RS2071278	RS2763980	EUR	0.543712	PLINK2_1KG_DIRECT
RS2071278	RS681331	EUR	0.543712	PLINK2_1KG_DIRECT
RS2071278	RS625421	EUR	0.535079	PLINK2_1KG_DIRECT
RS2071278	RS553414	EUR	0.543712	PLINK2_1KG_DIRECT
RS2071278	RS1008438	EUR	0.10487	PLINK2_1KG_DIRECT
RS2071278	RS1043618	EUR	0.107249	PLINK2_1KG_DIRECT
RS2071278	RS1265947	EUR	0.543712	PLINK2_1KG_DIRECT
RS2071278	RS2763979	EUR	0.129678	PLINK2_1KG_DIRECT
RS2071278	RS3115674	EUR	0.510496	PLINK2_1KG_DIRECT
RS2071278	RS2471980	EUR	0.148632	PLINK2_1KG_DIRECT
RS2071278	RS3130476	EUR	0.543712	PLINK2_1KG_DIRECT
RS2071278	RS3130478	EUR	0.543712	PLINK2_1KG_DIRECT
RS2071278	RS3130679	EUR	0.543712	PLINK2_1KG_DIRECT
RS2071278	RS599707	EUR	0.543712	PLINK2_1KG_DIRECT
RS2071278	RS9267574	EUR	0.543712	PLINK2_1KG_DIRECT
RS2071278	RS9267575	EUR	0.101482	PLINK2_1KG_DIRECT
RS2071278	RS9267578	EUR	0.535433	PLINK2_1KG_DIRECT
RS2071278	RS2736429	EUR	0.120827	PLINK2_1KG_DIRECT
RS2071278	RS67682613	EUR	0.63221	PLINK2_1KG_DIRECT
RS2071278	RS515688	EUR	0.543712	PLINK2_1KG_DIRECT
RS2071278	RS693906	EUR	0.63221	PLINK2_1KG_DIRECT
RS2071278	RS521977	EUR	0.101639	PLINK2_1KG_DIRECT
RS2071278	RS501942	EUR	0.535433	PLINK2_1KG_DIRECT
RS2071278	RS652888	EUR	0.139462	PLINK2_1KG_DIRECT
RS2071278	RS558702	EUR	0.552579	PLINK2_1KG_DIRECT
RS2071278	RS519417	EUR	0.56169	PLINK2_1KG_DIRECT
RS2071278	RS622871	EUR	0.111623	PLINK2_1KG_DIRECT
RS2071278	RS532086	EUR	0.343529	PLINK2_1KG_DIRECT
RS2071278	RS497309	EUR	0.569995	PLINK2_1KG_DIRECT
RS2071278	RS1265905	EUR	0.56169	PLINK2_1KG_DIRECT
RS2071278	RS1270942	EUR	0.56169	PLINK2_1KG_DIRECT
RS2071278	RS630379	EUR	0.120596	PLINK2_1KG_DIRECT
RS2071278	RS440454	EUR	0.121594	PLINK2_1KG_DIRECT
RS2071278	RS419788	EUR	0.121594	PLINK2_1KG_DIRECT
RS2071278	RS437179	EUR	0.121594	PLINK2_1KG_DIRECT
RS2071278	RS410851	EUR	0.122631	PLINK2_1KG_DIRECT
RS2071278	RS389884	EUR	0.569995	PLINK2_1KG_DIRECT
RS2071278	RS386480	EUR	0.122631	PLINK2_1KG_DIRECT
RS2071278	RS389883	EUR	0.122631	PLINK2_1KG_DIRECT
RS2071278	RS433061	EUR	0.569995	PLINK2_1KG_DIRECT
RS2071278	RS367364	EUR	0.38484	PLINK2_1KG_DIRECT
RS2071278	RS527506034	EUR	0.38484	PLINK2_1KG_DIRECT
RS2071278	RS394439	EUR	0.38484	PLINK2_1KG_DIRECT
RS2071278	RS369637	EUR	0.38484	PLINK2_1KG_DIRECT
RS2071278	RS1150758	EUR	0.38484	PLINK2_1KG_DIRECT
RS2071278	RS1150757	EUR	0.58666	PLINK2_1KG_DIRECT
RS2071278	RS1265889	EUR	0.38484	PLINK2_1KG_DIRECT
RS2071278	RS1150756	EUR	0.58666	PLINK2_1KG_DIRECT
RS2071278	RS1150755	EUR	0.38484	PLINK2_1KG_DIRECT
RS2071278	RS1150754	EUR	0.38484	PLINK2_1KG_DIRECT
RS2071278	RS1150753	EUR	0.58666	PLINK2_1KG_DIRECT
RS2071278	RS1150752	EUR	0.58666	PLINK2_1KG_DIRECT
RS2071278	RS1265888	EUR	0.376059	PLINK2_1KG_DIRECT
RS2071278	RS1269852	EUR	0.58666	PLINK2_1KG_DIRECT
RS2071278	RS3130288	EUR	0.595019	PLINK2_1KG_DIRECT
RS2071278	RS3134962	EUR	0.38041	PLINK2_1KG_DIRECT
RS2071278	RS204999	EUR	0.21296	PLINK2_1KG_DIRECT
RS2071278	RS3130277	EUR	0.344678	PLINK2_1KG_DIRECT
RS2071278	RS3134952	EUR	0.342357	PLINK2_1KG_DIRECT
RS2071278	RS3134951	EUR	0.333614	PLINK2_1KG_DIRECT
RS2071278	RS3134608	EUR	0.333614	PLINK2_1KG_DIRECT
RS2071278	RS3096696	EUR	0.340508	PLINK2_1KG_DIRECT
RS2071278	RS3130281	EUR	0.340508	PLINK2_1KG_DIRECT
RS2071278	RS2395099	EUR	0.340508	PLINK2_1KG_DIRECT
RS2071278	RS3132941	EUR	0.595019	PLINK2_1KG_DIRECT
RS2071278	RS3134949	EUR	0.342852	PLINK2_1KG_DIRECT
RS2071278	RS9267815	EUR	0.340508	PLINK2_1KG_DIRECT
RS2071278	RS3096697	EUR	0.342852	PLINK2_1KG_DIRECT
RS2071278	RS3130347	EUR	0.342852	PLINK2_1KG_DIRECT
RS2071278	RS3130348	EUR	0.342852	PLINK2_1KG_DIRECT
RS2071278	RS3130284	EUR	0.345219	PLINK2_1KG_DIRECT
RS2071278	RS3131297	EUR	0.342852	PLINK2_1KG_DIRECT
RS2071278	RS3134947	EUR	0.345219	PLINK2_1KG_DIRECT
RS2071278	RS3134946	EUR	0.345219	PLINK2_1KG_DIRECT
RS2071278	RS3096689	EUR	0.345219	PLINK2_1KG_DIRECT
RS2071278	RS3134945	EUR	0.345219	PLINK2_1KG_DIRECT
RS2071278	RS3134944	EUR	0.345219	PLINK2_1KG_DIRECT
RS2071278	RS3132965	EUR	0.345219	PLINK2_1KG_DIRECT
RS2071278	RS3130349	EUR	0.46783	PLINK2_1KG_DIRECT
RS2071278	RS1062070	EUR	0.46783	PLINK2_1KG_DIRECT
RS2071278	RS8365	EUR	0.46783	PLINK2_1KG_DIRECT
RS2071278	RS3134941	EUR	0.46783	PLINK2_1KG_DIRECT
RS2071278	RS3134940	EUR	0.46783	PLINK2_1KG_DIRECT
RS2071278	RS3131300	EUR	0.464095	PLINK2_1KG_DIRECT
RS2071278	RS1800625	EUR	0.464095	PLINK2_1KG_DIRECT
RS2071278	RS169504	EUR	0.252148	PLINK2_1KG_DIRECT
RS2071278	RS204995	EUR	0.316169	PLINK2_1KG_DIRECT
RS2071278	RS204994	EUR	0.340508	PLINK2_1KG_DIRECT
RS2071278	RS204993	EUR	0.261827	PLINK2_1KG_DIRECT
RS2071278	RS204992	EUR	0.344678	PLINK2_1KG_DIRECT
RS2071278	RS176095	EUR	0.344678	PLINK2_1KG_DIRECT
RS2071278	RS3134605	EUR	0.575036	PLINK2_1KG_DIRECT
RS2071278	RS204991	EUR	0.694831	PLINK2_1KG_DIRECT
RS2071278	RS204990	EUR	0.694831	PLINK2_1KG_DIRECT
RS2071278	RS204989	EUR	0.694831	PLINK2_1KG_DIRECT
RS2071278	RS3134942	EUR	0.827718	PLINK2_1KG_DIRECT
RS2071278	RS3134939	EUR	0.144373	PLINK2_1KG_DIRECT
RS2071278	RS2071287	EUR	0.149637	PLINK2_1KG_DIRECT
RS2071278	RS3132935	EUR	0.58304	PLINK2_1KG_DIRECT
RS2071278	RS2071277	EUR	0.150234	PLINK2_1KG_DIRECT
RS2071278	RS3131296	EUR	0.827718	PLINK2_1KG_DIRECT
RS2071278	RS3131295	EUR	0.149637	PLINK2_1KG_DIRECT
RS2071278	RS3130291	EUR	0.586783	PLINK2_1KG_DIRECT
RS2071278	RS3130292	EUR	0.586783	PLINK2_1KG_DIRECT
RS2071278	RS3132947	EUR	0.586783	PLINK2_1KG_DIRECT
RS2071278	RS3130294	EUR	0.140389	PLINK2_1KG_DIRECT
RS2071278	RS3132956	EUR	0.800837	PLINK2_1KG_DIRECT
RS2071278	RS8192589	EUR	0.75667	PLINK2_1KG_DIRECT
RS2071278	RS715299	EUR	0.368668	PLINK2_1KG_DIRECT
RS2071278	RS3134796	EUR	0.783026	PLINK2_1KG_DIRECT
RS2071278	RS915895	EUR	0.294026	PLINK2_1KG_DIRECT
RS2071278	RS915894	EUR	0.243848	PLINK2_1KG_DIRECT
RS2071278	RS443198	EUR	0.231289	PLINK2_1KG_DIRECT
RS2071278	RS434841	EUR	0.109159	PLINK2_1KG_DIRECT
RS2071278	RS3134930	EUR	0.42337	PLINK2_1KG_DIRECT
RS2071278	RS3130295	EUR	0.318421	PLINK2_1KG_DIRECT
RS2071278	RS3096690	EUR	0.527009	PLINK2_1KG_DIRECT
RS2071278	RS531160176	EUR	0.16911	PLINK2_1KG_DIRECT
RS2071278	RS3130297	EUR	0.535024	PLINK2_1KG_DIRECT
RS2071278	RS377763	EUR	0.401025	PLINK2_1KG_DIRECT
RS2071278	RS6918888	EUR	0.621692	PLINK2_1KG_DIRECT
RS2071278	RS3134925	EUR	0.627782	PLINK2_1KG_DIRECT
RS2071278	RS3134924	EUR	0.627782	PLINK2_1KG_DIRECT
RS2071278	RS3130303	EUR	0.627782	PLINK2_1KG_DIRECT
RS2071278	RS6901158	EUR	0.627782	PLINK2_1KG_DIRECT
RS2071278	RS9267922	EUR	0.298062	PLINK2_1KG_DIRECT
RS2071278	RS3134937	EUR	0.354719	PLINK2_1KG_DIRECT
RS2071278	RS3130304	EUR	0.340058	PLINK2_1KG_DIRECT
RS2071278	RS416352	EUR	0.254177	PLINK2_1KG_DIRECT
RS2071278	RS393481	EUR	0.254177	PLINK2_1KG_DIRECT
RS2071278	RS424232	EUR	0.221817	PLINK2_1KG_DIRECT
RS2071278	RS412657	EUR	0.160472	PLINK2_1KG_DIRECT
RS2071278	RS529729079	EUR	0.543243	PLINK2_1KG_DIRECT
RS2071278	RS558281186	EUR	0.543243	PLINK2_1KG_DIRECT
RS2071278	RS3130319	EUR	0.23298	PLINK2_1KG_DIRECT
RS2071278	RS3130321	EUR	0.120591	PLINK2_1KG_DIRECT
RS2071278	RS3132966	EUR	0.120591	PLINK2_1KG_DIRECT
RS2071278	RS6457513	EUR	0.106526	PLINK2_1KG_DIRECT
RS2071278	RS6457514	EUR	0.107406	PLINK2_1KG_DIRECT
RS2071278	RS6457515	EUR	0.107406	PLINK2_1KG_DIRECT
RS2071278	RS6457516	EUR	0.107406	PLINK2_1KG_DIRECT
RS2071278	RS3130322	EUR	0.107406	PLINK2_1KG_DIRECT
RS2071278	RS3132967	EUR	0.107406	PLINK2_1KG_DIRECT
RS2071278	RS3115569	EUR	0.107406	PLINK2_1KG_DIRECT
RS2071278	RS3115568	EUR	0.107406	PLINK2_1KG_DIRECT
RS2071278	RS6908903	EUR	0.107406	PLINK2_1KG_DIRECT
RS2071278	RS6908927	EUR	0.107406	PLINK2_1KG_DIRECT
RS2071278	RS9268013	EUR	0.120591	PLINK2_1KG_DIRECT
RS2071278	RS9268014	EUR	0.107406	PLINK2_1KG_DIRECT
RS2071278	RS9268015	EUR	0.107406	PLINK2_1KG_DIRECT
RS2071278	RS9268016	EUR	0.107406	PLINK2_1KG_DIRECT
RS2071278	RS9268017	EUR	0.107406	PLINK2_1KG_DIRECT
RS2071278	RS111257207	EUR	0.113789	PLINK2_1KG_DIRECT
RS2071278	RS142071717	EUR	0.120591	PLINK2_1KG_DIRECT
RS2071278	RS9268026	EUR	0.543243	PLINK2_1KG_DIRECT
RS2071278	RS9268029	EUR	0.107406	PLINK2_1KG_DIRECT
RS2071278	RS9268030	EUR	0.107406	PLINK2_1KG_DIRECT
RS2071278	RS9268031	EUR	0.106526	PLINK2_1KG_DIRECT
RS2071278	RS3115567	EUR	0.120591	PLINK2_1KG_DIRECT
RS2071278	RS139600543	EUR	0.107406	PLINK2_1KG_DIRECT
RS2071278	RS3132969	EUR	0.107406	PLINK2_1KG_DIRECT
RS2071278	RS3130327	EUR	0.107406	PLINK2_1KG_DIRECT
RS2071278	RS6457525	EUR	0.107406	PLINK2_1KG_DIRECT
RS2071278	RS6457526	EUR	0.107406	PLINK2_1KG_DIRECT
RS2071278	RS3096687	EUR	0.120591	PLINK2_1KG_DIRECT
RS2071278	RS3096686	EUR	0.107406	PLINK2_1KG_DIRECT
RS2071278	RS3132970	EUR	0.107406	PLINK2_1KG_DIRECT
RS2071278	RS3115566	EUR	0.107406	PLINK2_1KG_DIRECT
RS2071278	RS3132971	EUR	0.543243	PLINK2_1KG_DIRECT
RS2071278	RS3115565	EUR	0.120591	PLINK2_1KG_DIRECT
RS2071278	RS9268055	EUR	0.107406	PLINK2_1KG_DIRECT
RS2071278	RS9268056	EUR	0.107406	PLINK2_1KG_DIRECT
RS2071278	RS9268057	EUR	0.107406	PLINK2_1KG_DIRECT
RS2071278	RS9268059	EUR	0.120591	PLINK2_1KG_DIRECT
RS2071278	RS3132973	EUR	0.107406	PLINK2_1KG_DIRECT
RS2071278	RS3130329	EUR	0.107406	PLINK2_1KG_DIRECT
RS2071278	RS3130330	EUR	0.107406	PLINK2_1KG_DIRECT
RS2071278	RS3115564	EUR	0.113789	PLINK2_1KG_DIRECT
RS2071278	RS3132926	EUR	0.106526	PLINK2_1KG_DIRECT
RS2071278	RS3132927	EUR	0.120591	PLINK2_1KG_DIRECT
RS2071278	RS3130331	EUR	0.119592	PLINK2_1KG_DIRECT
RS2071278	RS3130332	EUR	0.107406	PLINK2_1KG_DIRECT
RS2071278	RS9268074	EUR	0.107406	PLINK2_1KG_DIRECT
RS2071278	RS9268076	EUR	0.107406	PLINK2_1KG_DIRECT
RS2071278	RS3115563	EUR	0.107406	PLINK2_1KG_DIRECT
RS2071278	RS7767325	EUR	0.107406	PLINK2_1KG_DIRECT
RS2071278	RS3132928	EUR	0.107406	PLINK2_1KG_DIRECT
RS2071278	RS3096685	EUR	0.106526	PLINK2_1KG_DIRECT
RS2071278	RS3130333	EUR	0.107406	PLINK2_1KG_DIRECT
RS2071278	RS9268080	EUR	0.107406	PLINK2_1KG_DIRECT
RS2071278	RS3132929	EUR	0.107406	PLINK2_1KG_DIRECT
RS2071278	RS3132930	EUR	0.107406	PLINK2_1KG_DIRECT
RS2071278	RS3096683	EUR	0.235282	PLINK2_1KG_DIRECT
RS2071278	RS3096682	EUR	0.107406	PLINK2_1KG_DIRECT
RS2071278	RS3096681	EUR	0.106526	PLINK2_1KG_DIRECT
RS2071278	RS3096680	EUR	0.107406	PLINK2_1KG_DIRECT
RS2071278	RS3115561	EUR	0.107406	PLINK2_1KG_DIRECT
RS2071278	RS3132931	EUR	0.121599	PLINK2_1KG_DIRECT
RS2071278	RS3132932	EUR	0.107406	PLINK2_1KG_DIRECT
RS2071278	RS3115560	EUR	0.107406	PLINK2_1KG_DIRECT
RS2071278	RS9268083	EUR	0.107406	PLINK2_1KG_DIRECT
RS2071278	RS9268084	EUR	0.235282	PLINK2_1KG_DIRECT
RS2071278	RS7749904	EUR	0.107406	PLINK2_1KG_DIRECT
RS2071278	RS7770017	EUR	0.118602	PLINK2_1KG_DIRECT
RS2071278	RS7749824	EUR	0.107406	PLINK2_1KG_DIRECT
RS2071278	RS3096671	EUR	0.107406	PLINK2_1KG_DIRECT
RS2071278	RS3130335	EUR	0.107406	PLINK2_1KG_DIRECT
RS2071278	RS3096672	EUR	0.119592	PLINK2_1KG_DIRECT
RS2071278	RS3096673	EUR	0.107406	PLINK2_1KG_DIRECT
RS2071278	RS3096674	EUR	0.120591	PLINK2_1KG_DIRECT
RS2071278	RS3096675	EUR	0.107406	PLINK2_1KG_DIRECT
RS2071278	RS3130336	EUR	0.120591	PLINK2_1KG_DIRECT
RS2071278	RS7765103	EUR	0.107406	PLINK2_1KG_DIRECT
RS2071278	RS7765109	EUR	0.107406	PLINK2_1KG_DIRECT
RS2071278	RS7746994	EUR	0.107406	PLINK2_1KG_DIRECT
RS2071278	RS3132945	EUR	0.107406	PLINK2_1KG_DIRECT
RS2071278	RS3096676	EUR	0.107406	PLINK2_1KG_DIRECT
RS2071278	RS3096677	EUR	0.120591	PLINK2_1KG_DIRECT
RS2071278	RS3096678	EUR	0.120591	PLINK2_1KG_DIRECT
RS2071278	RS3115559	EUR	0.107406	PLINK2_1KG_DIRECT
RS2071278	RS3115558	EUR	0.120591	PLINK2_1KG_DIRECT
RS2071278	RS3115557	EUR	0.120591	PLINK2_1KG_DIRECT
RS2071278	RS3115556	EUR	0.543243	PLINK2_1KG_DIRECT
RS2071278	RS9268096	EUR	0.120591	PLINK2_1KG_DIRECT
RS2071278	RS9268097	EUR	0.235282	PLINK2_1KG_DIRECT
RS2071278	RS3130337	EUR	0.120591	PLINK2_1KG_DIRECT
RS2071278	RS3130338	EUR	0.107406	PLINK2_1KG_DIRECT
RS2071278	RS3096679	EUR	0.107406	PLINK2_1KG_DIRECT
RS2071278	RS2114434	EUR	0.107406	PLINK2_1KG_DIRECT
RS2071278	RS2114435	EUR	0.119592	PLINK2_1KG_DIRECT
RS2071278	RS1559872	EUR	0.107406	PLINK2_1KG_DIRECT
RS2071278	RS1559873	EUR	0.120591	PLINK2_1KG_DIRECT
RS2071278	RS1559874	EUR	0.118602	PLINK2_1KG_DIRECT
RS2071278	RS3130340	EUR	0.107406	PLINK2_1KG_DIRECT
RS2071278	RS3115553	EUR	0.107406	PLINK2_1KG_DIRECT
RS2071278	RS3115552	EUR	0.107406	PLINK2_1KG_DIRECT
RS2071278	RS3130341	EUR	0.107406	PLINK2_1KG_DIRECT
RS2071278	RS3132951	EUR	0.120591	PLINK2_1KG_DIRECT
RS2071278	RS9268109	EUR	0.118602	PLINK2_1KG_DIRECT
RS2071278	RS7757760	EUR	0.111924	PLINK2_1KG_DIRECT
RS2071278	RS7776041	EUR	0.118602	PLINK2_1KG_DIRECT
RS2071278	RS6457530	EUR	0.118602	PLINK2_1KG_DIRECT
RS2071278	RS9268116	EUR	0.120591	PLINK2_1KG_DIRECT
RS2071278	RS9268117	EUR	0.120591	PLINK2_1KG_DIRECT
RS2071278	RS2395117	EUR	0.107406	PLINK2_1KG_DIRECT
RS2071278	RS9268121	EUR	0.120591	PLINK2_1KG_DIRECT
RS2071278	RS9268123	EUR	0.543243	PLINK2_1KG_DIRECT
RS2071278	RS7755666	EUR	0.107406	PLINK2_1KG_DIRECT
RS2071278	RS9268124	EUR	0.23298	PLINK2_1KG_DIRECT
RS2071278	RS9268125	EUR	0.118602	PLINK2_1KG_DIRECT
RS2071278	RS9268127	EUR	0.235282	PLINK2_1KG_DIRECT
RS2071278	RS9268131	EUR	0.120591	PLINK2_1KG_DIRECT
RS2071278	RS9268135	EUR	0.121599	PLINK2_1KG_DIRECT
RS2071278	RS9268137	EUR	0.120591	PLINK2_1KG_DIRECT
RS2071278	RS7751896	EUR	0.107406	PLINK2_1KG_DIRECT
RS2071278	RS9268139	EUR	0.235282	PLINK2_1KG_DIRECT
RS2071278	RS9268140	EUR	0.120591	PLINK2_1KG_DIRECT
RS2071278	RS4711291	EUR	0.107406	PLINK2_1KG_DIRECT
RS2071278	RS9268142	EUR	0.111004	PLINK2_1KG_DIRECT
RS2071278	RS7757711	EUR	0.120591	PLINK2_1KG_DIRECT
RS2071278	RS7758030	EUR	0.120591	PLINK2_1KG_DIRECT
RS2071278	RS9268144	EUR	0.543243	PLINK2_1KG_DIRECT
RS2071278	RS9268146	EUR	0.107406	PLINK2_1KG_DIRECT
RS2071278	RS6927856	EUR	0.120591	PLINK2_1KG_DIRECT
RS2071278	RS6927529	EUR	0.120591	PLINK2_1KG_DIRECT
RS2071278	RS6935269	EUR	0.107406	PLINK2_1KG_DIRECT
RS2071278	RS7775397	EUR	0.543243	PLINK2_1KG_DIRECT
RS2071278	RS3749966	EUR	0.107406	PLINK2_1KG_DIRECT
RS2071278	RS6910668	EUR	0.235282	PLINK2_1KG_DIRECT
RS2071278	RS9268152	EUR	0.543243	PLINK2_1KG_DIRECT
RS2071278	RS9268153	EUR	0.235282	PLINK2_1KG_DIRECT
RS2071278	RS7739069	EUR	0.107406	PLINK2_1KG_DIRECT
RS2071278	RS7745174	EUR	0.235282	PLINK2_1KG_DIRECT
RS2071278	RS7750783	EUR	0.120591	PLINK2_1KG_DIRECT
RS2071278	RS6909427	EUR	0.107406	PLINK2_1KG_DIRECT
RS2071278	RS9268156	EUR	0.107406	PLINK2_1KG_DIRECT
RS2071278	RS9268158	EUR	0.543243	PLINK2_1KG_DIRECT
RS2071278	RS7775592	EUR	0.107406	PLINK2_1KG_DIRECT
RS2071278	RS7775332	EUR	0.107406	PLINK2_1KG_DIRECT
RS2071278	RS9268163	EUR	0.113789	PLINK2_1KG_DIRECT
RS2071278	RS9268164	EUR	0.107406	PLINK2_1KG_DIRECT
RS2071278	RS7742654	EUR	0.113789	PLINK2_1KG_DIRECT
RS2071278	RS3864299	EUR	0.113789	PLINK2_1KG_DIRECT
RS2071278	RS3864300	EUR	0.113789	PLINK2_1KG_DIRECT
RS2071278	RS3864301	EUR	0.120591	PLINK2_1KG_DIRECT
RS2071278	RS9268165	EUR	0.113789	PLINK2_1KG_DIRECT
RS2071278	RS9268166	EUR	0.113789	PLINK2_1KG_DIRECT
RS2071278	RS9268167	EUR	0.107406	PLINK2_1KG_DIRECT
RS2071278	RS9268168	EUR	0.113789	PLINK2_1KG_DIRECT
RS2071278	RS9268169	EUR	0.113789	PLINK2_1KG_DIRECT
RS2071278	RS9268170	EUR	0.113789	PLINK2_1KG_DIRECT
RS2071278	RS9268171	EUR	0.107406	PLINK2_1KG_DIRECT
RS2071278	RS9268172	EUR	0.113789	PLINK2_1KG_DIRECT
RS2071278	RS6915879	EUR	0.120591	PLINK2_1KG_DIRECT
RS2071278	RS7341270	EUR	0.112852	PLINK2_1KG_DIRECT
RS2071278	RS6457536	EUR	0.113789	PLINK2_1KG_DIRECT
RS2071278	RS9268175	EUR	0.113789	PLINK2_1KG_DIRECT
RS2071278	RS9268176	EUR	0.120591	PLINK2_1KG_DIRECT
RS2071278	RS9268177	EUR	0.543243	PLINK2_1KG_DIRECT
RS2071278	RS7341300	EUR	0.113789	PLINK2_1KG_DIRECT
RS2071278	RS7341328	EUR	0.112852	PLINK2_1KG_DIRECT
RS2071278	RS9268178	EUR	0.543243	PLINK2_1KG_DIRECT
RS2071278	RS9268179	EUR	0.120591	PLINK2_1KG_DIRECT
RS2071278	RS9268180	EUR	0.120591	PLINK2_1KG_DIRECT
RS2071278	RS9268181	EUR	0.114734	PLINK2_1KG_DIRECT
RS2071278	RS9268182	EUR	0.121599	PLINK2_1KG_DIRECT
RS2071278	RS9268187	EUR	0.113789	PLINK2_1KG_DIRECT
RS2071278	RS9268190	EUR	0.113789	PLINK2_1KG_DIRECT
RS2071278	RS9268191	EUR	0.120591	PLINK2_1KG_DIRECT
RS2071278	RS9268192	EUR	0.113789	PLINK2_1KG_DIRECT
RS2071278	RS9268194	EUR	0.120591	PLINK2_1KG_DIRECT
RS2071278	RS9268195	EUR	0.113789	PLINK2_1KG_DIRECT
RS2071278	RS9268196	EUR	0.113789	PLINK2_1KG_DIRECT
RS2071278	RS9268197	EUR	0.120591	PLINK2_1KG_DIRECT
RS2071278	RS9268198	EUR	0.113789	PLINK2_1KG_DIRECT
RS2071278	RS9268200	EUR	0.113789	PLINK2_1KG_DIRECT
RS2071278	RS3864302	EUR	0.107406	PLINK2_1KG_DIRECT
RS2071278	RS9268201	EUR	0.107406	PLINK2_1KG_DIRECT
RS2071278	RS9268202	EUR	0.120591	PLINK2_1KG_DIRECT
RS2071278	RS9268204	EUR	0.113789	PLINK2_1KG_DIRECT
RS2071278	RS6934429	EUR	0.113789	PLINK2_1KG_DIRECT
RS2071278	RS6934776	EUR	0.120591	PLINK2_1KG_DIRECT
RS2071278	RS6934546	EUR	0.113789	PLINK2_1KG_DIRECT
RS2071278	RS6939410	EUR	0.120591	PLINK2_1KG_DIRECT
RS2071278	RS9268206	EUR	0.107406	PLINK2_1KG_DIRECT
RS2071278	RS9268207	EUR	0.120591	PLINK2_1KG_DIRECT
RS2071278	RS9268208	EUR	0.518413	PLINK2_1KG_DIRECT
RS2071278	RS9268209	EUR	0.102271	PLINK2_1KG_DIRECT
RS2071278	RS1018434	EUR	0.113789	PLINK2_1KG_DIRECT
RS2071278	RS1018433	EUR	0.113789	PLINK2_1KG_DIRECT
RS2071278	RS3864303	EUR	0.113789	PLINK2_1KG_DIRECT
RS2071278	RS1018431	EUR	0.107406	PLINK2_1KG_DIRECT
RS2071278	RS1018430	EUR	0.107406	PLINK2_1KG_DIRECT
RS2071278	RS9268212	EUR	0.120591	PLINK2_1KG_DIRECT
RS2071278	RS2069026	EUR	0.113789	PLINK2_1KG_DIRECT
RS2071278	RS6903871	EUR	0.107406	PLINK2_1KG_DIRECT
RS2071278	RS9268213	EUR	0.113789	PLINK2_1KG_DIRECT
RS2071278	RS9268214	EUR	0.113789	PLINK2_1KG_DIRECT
RS2071278	RS9268215	EUR	0.113789	PLINK2_1KG_DIRECT
RS2071278	RS6909790	EUR	0.113789	PLINK2_1KG_DIRECT
RS2071278	RS6910275	EUR	0.113789	PLINK2_1KG_DIRECT
RS2071278	RS28367008	EUR	0.113789	PLINK2_1KG_DIRECT
RS2071278	RS6915455	EUR	0.113789	PLINK2_1KG_DIRECT
RS2071278	RS9268218	EUR	0.113789	PLINK2_1KG_DIRECT
RS2071278	RS9268219	EUR	0.485565	PLINK2_1KG_DIRECT
RS2071278	RS9268220	EUR	0.235282	PLINK2_1KG_DIRECT
RS2071278	RS9268221	EUR	0.107406	PLINK2_1KG_DIRECT
RS2071278	RS9268222	EUR	0.120591	PLINK2_1KG_DIRECT
RS2071278	RS116667074	EUR	0.543243	PLINK2_1KG_DIRECT
RS2071278	RS9268231	EUR	0.235282	PLINK2_1KG_DIRECT
RS2071278	RS7751715	EUR	0.543243	PLINK2_1KG_DIRECT
RS2071278	RS9268235	EUR	0.543243	PLINK2_1KG_DIRECT
RS2071278	RS9268245	EUR	0.235282	PLINK2_1KG_DIRECT
RS2071278	RS9268246	EUR	0.235282	PLINK2_1KG_DIRECT
RS2071278	RS4392743	EUR	0.543243	PLINK2_1KG_DIRECT
RS2071278	RS9268251	EUR	0.145177	PLINK2_1KG_DIRECT
RS2071278	RS1003880	EUR	0.131115	PLINK2_1KG_DIRECT
RS2071278	RS3129949	EUR	0.139112	PLINK2_1KG_DIRECT
RS2071278	RS1003878	EUR	0.139112	PLINK2_1KG_DIRECT
RS2071278	RS2022537	EUR	0.139112	PLINK2_1KG_DIRECT
RS2071278	RS1265757	EUR	0.543243	PLINK2_1KG_DIRECT
RS2071278	RS1265756	EUR	0.235282	PLINK2_1KG_DIRECT
RS2071278	RS1265754	EUR	0.543243	PLINK2_1KG_DIRECT
RS2071278	RS926593	EUR	0.543243	PLINK2_1KG_DIRECT
RS2071278	RS926592	EUR	0.137936	PLINK2_1KG_DIRECT
RS2071278	RS1033499	EUR	0.235282	PLINK2_1KG_DIRECT
RS2071278	RS3117137	EUR	0.137936	PLINK2_1KG_DIRECT
RS2071278	RS3129901	EUR	0.235282	PLINK2_1KG_DIRECT
RS2071278	RS2849018	EUR	0.543243	PLINK2_1KG_DIRECT
RS2071278	RS1265764	EUR	0.129498	PLINK2_1KG_DIRECT
RS2071278	RS910051	EUR	0.543243	PLINK2_1KG_DIRECT
RS2071278	RS969892	EUR	0.137936	PLINK2_1KG_DIRECT
RS2071278	RS2395149	EUR	0.543243	PLINK2_1KG_DIRECT
RS2071278	RS3129915	EUR	0.219797	PLINK2_1KG_DIRECT
RS2071278	RS3129916	EUR	0.219797	PLINK2_1KG_DIRECT
RS2071278	RS3129917	EUR	0.219797	PLINK2_1KG_DIRECT
RS2071278	RS3129919	EUR	0.219797	PLINK2_1KG_DIRECT
RS2071278	RS3129924	EUR	0.219797	PLINK2_1KG_DIRECT
RS2071278	RS3129925	EUR	0.219797	PLINK2_1KG_DIRECT
RS2071278	RS3129926	EUR	0.219797	PLINK2_1KG_DIRECT
RS2071278	RS3129927	EUR	0.543243	PLINK2_1KG_DIRECT
RS2071278	RS2143462	EUR	0.219797	PLINK2_1KG_DIRECT
RS2071278	RS2143461	EUR	0.219797	PLINK2_1KG_DIRECT
RS2071278	RS3129933	EUR	0.235282	PLINK2_1KG_DIRECT
RS2071278	RS3129935	EUR	0.219797	PLINK2_1KG_DIRECT
RS2071278	RS3129937	EUR	0.219797	PLINK2_1KG_DIRECT
RS2071278	RS3129939	EUR	0.219797	PLINK2_1KG_DIRECT
RS2071278	RS2050189	EUR	0.117748	PLINK2_1KG_DIRECT
RS2071278	RS3117110	EUR	0.197104	PLINK2_1KG_DIRECT
RS2071278	RS3117109	EUR	0.494504	PLINK2_1KG_DIRECT
RS2071278	RS3129944	EUR	0.184608	PLINK2_1KG_DIRECT
RS2071278	RS3129945	EUR	0.194068	PLINK2_1KG_DIRECT
RS2071278	RS2894251	EUR	0.45326	PLINK2_1KG_DIRECT
RS2071278	RS2395151	EUR	0.45326	PLINK2_1KG_DIRECT
RS2071278	RS3117106	EUR	0.294804	PLINK2_1KG_DIRECT
RS2071278	RS2894254	EUR	0.510496	PLINK2_1KG_DIRECT
RS2071278	RS3117103	EUR	0.45326	PLINK2_1KG_DIRECT
RS2071278	RS3129950	EUR	0.510496	PLINK2_1KG_DIRECT
RS2071278	RS3117099	EUR	0.208223	PLINK2_1KG_DIRECT
RS2071278	RS3117097	EUR	0.430439	PLINK2_1KG_DIRECT
RS2071278	RS3129953	EUR	0.430439	PLINK2_1KG_DIRECT
RS2071278	RS1980493	EUR	0.430439	PLINK2_1KG_DIRECT
RS2071278	RS3129956	EUR	0.510496	PLINK2_1KG_DIRECT
RS2071278	RS2395158	EUR	0.430439	PLINK2_1KG_DIRECT
RS2071278	RS3129959	EUR	0.430439	PLINK2_1KG_DIRECT
RS2071278	RS3129963	EUR	0.354162	PLINK2_1KG_DIRECT
RS2071278	RS3129965	EUR	0.354162	PLINK2_1KG_DIRECT
RS2071278	RS3129966	EUR	0.510496	PLINK2_1KG_DIRECT
RS2071278	RS3129969	EUR	0.386844	PLINK2_1KG_DIRECT
RS2071278	RS3129970	EUR	0.386844	PLINK2_1KG_DIRECT
RS2071278	RS2006174	EUR	0.386844	PLINK2_1KG_DIRECT
RS2071278	RS6930571	EUR	0.379197	PLINK2_1KG_DIRECT
RS2071278	RS9268530	EUR	0.37571	PLINK2_1KG_DIRECT
RS2071278	RS9268531	EUR	0.379197	PLINK2_1KG_DIRECT
RS2071278	RS9268532	EUR	0.379197	PLINK2_1KG_DIRECT
RS2071278	RS9268534	EUR	0.379197	PLINK2_1KG_DIRECT
RS2071278	RS6908065	EUR	0.379197	PLINK2_1KG_DIRECT
RS2071278	RS6908056	EUR	0.379197	PLINK2_1KG_DIRECT
RS2071278	RS6930933	EUR	0.379197	PLINK2_1KG_DIRECT
RS2071278	RS3135382	EUR	0.379197	PLINK2_1KG_DIRECT
RS2071278	RS2001100	EUR	0.379197	PLINK2_1KG_DIRECT
RS2071278	RS2001099	EUR	0.361055	PLINK2_1KG_DIRECT
RS2071278	RS2001098	EUR	0.379197	PLINK2_1KG_DIRECT
RS2071278	RS2001097	EUR	0.379197	PLINK2_1KG_DIRECT
RS2071278	RS2395159	EUR	0.379197	PLINK2_1KG_DIRECT
RS2071278	RS3135381	EUR	0.379197	PLINK2_1KG_DIRECT
RS2071278	RS2227138	EUR	0.476012	PLINK2_1KG_DIRECT
RS2071278	RS3135380	EUR	0.37546	PLINK2_1KG_DIRECT
RS2071278	RS3135379	EUR	0.379197	PLINK2_1KG_DIRECT
RS2071278	RS3135378	EUR	0.379197	PLINK2_1KG_DIRECT
RS2071278	RS3135376	EUR	0.379197	PLINK2_1KG_DIRECT
RS2071278	RS3135375	EUR	0.379197	PLINK2_1KG_DIRECT
RS2071278	RS3135374	EUR	0.379197	PLINK2_1KG_DIRECT
RS2071278	RS3135373	EUR	0.379197	PLINK2_1KG_DIRECT
RS2071278	RS3135372	EUR	0.379197	PLINK2_1KG_DIRECT
RS2071278	RS2187820	EUR	0.379197	PLINK2_1KG_DIRECT
RS2071278	RS2157336	EUR	0.379197	PLINK2_1KG_DIRECT
RS2071278	RS2187819	EUR	0.379197	PLINK2_1KG_DIRECT
RS2071278	RS6457570	EUR	0.379197	PLINK2_1KG_DIRECT
RS2071278	RS6457571	EUR	0.379197	PLINK2_1KG_DIRECT
RS2071278	RS6457573	EUR	0.379197	PLINK2_1KG_DIRECT
RS2071278	RS3135371	EUR	0.470578	PLINK2_1KG_DIRECT
RS2071278	RS3135370	EUR	0.379197	PLINK2_1KG_DIRECT
RS2071278	RS3135369	EUR	0.183233	PLINK2_1KG_DIRECT
RS2071278	RS3135368	EUR	0.379197	PLINK2_1KG_DIRECT
RS2071278	RS2395160	EUR	0.510496	PLINK2_1KG_DIRECT
RS2071278	RS2395161	EUR	0.379197	PLINK2_1KG_DIRECT
RS2071278	RS2395162	EUR	0.379197	PLINK2_1KG_DIRECT
RS2071278	RS2395164	EUR	0.37546	PLINK2_1KG_DIRECT
RS2071278	RS2395167	EUR	0.379197	PLINK2_1KG_DIRECT
RS2071278	RS2213580	EUR	0.379197	PLINK2_1KG_DIRECT
RS2071278	RS3135366	EUR	0.379197	PLINK2_1KG_DIRECT
RS2071278	RS3135364	EUR	0.242649	PLINK2_1KG_DIRECT
RS2071278	RS3135362	EUR	0.354162	PLINK2_1KG_DIRECT
RS2071278	RS2395168	EUR	0.37546	PLINK2_1KG_DIRECT
RS2071278	RS2894255	EUR	0.470578	PLINK2_1KG_DIRECT
RS2071278	RS3135358	EUR	0.37546	PLINK2_1KG_DIRECT
RS2071278	RS3135356	EUR	0.37546	PLINK2_1KG_DIRECT
RS2071278	RS2157334	EUR	0.361055	PLINK2_1KG_DIRECT
RS2071278	RS2157333	EUR	0.112022	PLINK2_1KG_DIRECT
RS2071278	RS3135353	EUR	0.476012	PLINK2_1KG_DIRECT
RS2071278	RS3135351	EUR	0.37546	PLINK2_1KG_DIRECT
RS2071278	RS3129841	EUR	0.379197	PLINK2_1KG_DIRECT
RS2071278	RS3135349	EUR	0.361055	PLINK2_1KG_DIRECT
RS2071278	RS3129842	EUR	0.361055	PLINK2_1KG_DIRECT
RS2071278	RS2395170	EUR	0.337769	PLINK2_1KG_DIRECT
RS2071278	RS2395171	EUR	0.361055	PLINK2_1KG_DIRECT
RS2071278	RS3135345	EUR	0.37546	PLINK2_1KG_DIRECT
RS2071278	RS763035	EUR	0.382713	PLINK2_1KG_DIRECT
RS2071278	RS732162	EUR	0.112022	PLINK2_1KG_DIRECT
RS2071278	RS1894552	EUR	0.340956	PLINK2_1KG_DIRECT
RS2071278	RS2105903	EUR	0.340956	PLINK2_1KG_DIRECT
RS2071278	RS2105902	EUR	0.476012	PLINK2_1KG_DIRECT
RS2071278	RS3129843	EUR	0.502713	PLINK2_1KG_DIRECT
RS2071278	RS3129855	EUR	0.502713	PLINK2_1KG_DIRECT
RS2071278	RS3129856	EUR	0.502713	PLINK2_1KG_DIRECT
RS2071278	RS3129859	EUR	0.232821	PLINK2_1KG_DIRECT
RS2071278	RS3129861	EUR	0.476012	PLINK2_1KG_DIRECT
RS2071278	RS9268636	EUR	0.340956	PLINK2_1KG_DIRECT
RS2071278	RS3135394	EUR	0.502713	PLINK2_1KG_DIRECT
RS2071278	RS3135393	EUR	0.340956	PLINK2_1KG_DIRECT
RS2071278	RS6925852	EUR	0.340956	PLINK2_1KG_DIRECT
RS2071278	RS3129884	EUR	0.328468	PLINK2_1KG_DIRECT
RS2071278	RS3129885	EUR	0.328468	PLINK2_1KG_DIRECT
RS2071278	RS3129887	EUR	0.322475	PLINK2_1KG_DIRECT
RS2071278	RS2239806	EUR	0.328468	PLINK2_1KG_DIRECT
RS2071278	RS2239805	EUR	0.340956	PLINK2_1KG_DIRECT
RS2071278	RS539718048	EUR	0.280495	PLINK2_1KG_DIRECT
RS2071278	RS1131541	EUR	0.328468	PLINK2_1KG_DIRECT
RS2071278	RS1051336	EUR	0.328468	PLINK2_1KG_DIRECT
RS2071278	RS1041885	EUR	0.328468	PLINK2_1KG_DIRECT
RS2071278	RS3129890	EUR	0.105458	PLINK2_1KG_DIRECT
RS2071278	RS7383481	EUR	0.494504	PLINK2_1KG_DIRECT
RS2071278	RS3129891	EUR	0.2554	PLINK2_1KG_DIRECT
RS2071278	RS3135386	EUR	0.280832	PLINK2_1KG_DIRECT
RS2071278	RS2395183	EUR	0.290966	PLINK2_1KG_DIRECT
RS2071278	RS3129893	EUR	0.290966	PLINK2_1KG_DIRECT
RS2071278	RS3129894	EUR	0.290966	PLINK2_1KG_DIRECT
RS2071278	RS3129896	EUR	0.290966	PLINK2_1KG_DIRECT
RS2071278	RS3129897	EUR	0.468038	PLINK2_1KG_DIRECT
RS2071278	RS9268813	EUR	0.494504	PLINK2_1KG_DIRECT
RS2071278	RS7763411	EUR	0.494504	PLINK2_1KG_DIRECT
RS2071278	RS4601112	EUR	0.290966	PLINK2_1KG_DIRECT
RS2071278	RS9268840	EUR	0.164903	PLINK2_1KG_DIRECT
RS2071278	RS6940063	EUR	0.35746	PLINK2_1KG_DIRECT
RS2071278	RS6940440	EUR	0.164903	PLINK2_1KG_DIRECT
RS2071278	RS9268845	EUR	0.170756	PLINK2_1KG_DIRECT
RS2071278	RS9268850	EUR	0.166054	PLINK2_1KG_DIRECT
RS2071278	RS9268854	EUR	0.166054	PLINK2_1KG_DIRECT
RS2071278	RS9268855	EUR	0.166054	PLINK2_1KG_DIRECT
RS2071278	RS9268856	EUR	0.166054	PLINK2_1KG_DIRECT
RS2071278	RS9268857	EUR	0.166054	PLINK2_1KG_DIRECT
RS2071278	RS9268861	EUR	0.218142	PLINK2_1KG_DIRECT
RS2071278	RS9268862	EUR	0.166054	PLINK2_1KG_DIRECT
RS2071278	RS4428528	EUR	0.164903	PLINK2_1KG_DIRECT
RS2071278	RS4434496	EUR	0.164903	PLINK2_1KG_DIRECT
RS2071278	RS4280993	EUR	0.166054	PLINK2_1KG_DIRECT
RS2071278	RS7766843	EUR	0.170671	PLINK2_1KG_DIRECT
RS2071278	RS7766854	EUR	0.166054	PLINK2_1KG_DIRECT
RS2071278	RS7747010	EUR	0.170671	PLINK2_1KG_DIRECT
RS2071278	RS7747025	EUR	0.170671	PLINK2_1KG_DIRECT
RS2071278	RS7746751	EUR	0.170671	PLINK2_1KG_DIRECT
RS2071278	RS7746922	EUR	0.164903	PLINK2_1KG_DIRECT
RS2071278	RS7747521	EUR	0.166054	PLINK2_1KG_DIRECT
RS2071278	RS7767493	EUR	0.166054	PLINK2_1KG_DIRECT
RS2071278	RS9268878	EUR	0.166054	PLINK2_1KG_DIRECT
RS2071278	RS9268879	EUR	0.166054	PLINK2_1KG_DIRECT
RS2071278	RS9268885	EUR	0.164903	PLINK2_1KG_DIRECT
RS2071278	RS9268886	EUR	0.162634	PLINK2_1KG_DIRECT
RS2071278	RS9268887	EUR	0.162634	PLINK2_1KG_DIRECT
RS2071278	RS9268891	EUR	0.167301	PLINK2_1KG_DIRECT
RS2071278	RS9268892	EUR	0.167301	PLINK2_1KG_DIRECT
RS2071278	RS9268901	EUR	0.162698	PLINK2_1KG_DIRECT
RS2071278	RS9268902	EUR	0.162698	PLINK2_1KG_DIRECT
RS2071278	RS9268907	EUR	0.166054	PLINK2_1KG_DIRECT
RS2071278	RS9268911	EUR	0.164948	PLINK2_1KG_DIRECT
RS2071278	RS9268913	EUR	0.166054	PLINK2_1KG_DIRECT
RS2071278	RS9268916	EUR	0.156982	PLINK2_1KG_DIRECT
RS2071278	RS9268917	EUR	0.156982	PLINK2_1KG_DIRECT
RS2071278	RS2395184	EUR	0.395416	PLINK2_1KG_DIRECT
RS2071278	RS9268922	EUR	0.161491	PLINK2_1KG_DIRECT
RS2071278	RS9268924	EUR	0.166054	PLINK2_1KG_DIRECT
RS2071278	RS2395187	EUR	0.168386	PLINK2_1KG_DIRECT
RS2071278	RS2395188	EUR	0.167215	PLINK2_1KG_DIRECT
RS2071278	RS9268971	EUR	0.166054	PLINK2_1KG_DIRECT
RS2071278	RS9268972	EUR	0.166054	PLINK2_1KG_DIRECT
RS2071278	RS9268973	EUR	0.166054	PLINK2_1KG_DIRECT
RS2071278	RS9268974	EUR	0.166054	PLINK2_1KG_DIRECT
RS2071278	RS9268975	EUR	0.166054	PLINK2_1KG_DIRECT
RS2071278	RS9268976	EUR	0.166054	PLINK2_1KG_DIRECT
RS2071278	RS9268977	EUR	0.166054	PLINK2_1KG_DIRECT
RS2071278	RS9268980	EUR	0.166054	PLINK2_1KG_DIRECT
RS2071278	RS9268983	EUR	0.166054	PLINK2_1KG_DIRECT
RS2071278	RS9269043	EUR	0.166054	PLINK2_1KG_DIRECT
RS2071278	RS9269044	EUR	0.164903	PLINK2_1KG_DIRECT
RS2071278	RS9269045	EUR	0.164903	PLINK2_1KG_DIRECT
RS2071278	RS9269046	EUR	0.164903	PLINK2_1KG_DIRECT
RS2071278	RS9269048	EUR	0.166054	PLINK2_1KG_DIRECT
RS2071278	RS9269049	EUR	0.219774	PLINK2_1KG_DIRECT
RS2071278	RS7450278	EUR	0.214415	PLINK2_1KG_DIRECT
RS2071278	RS9269055	EUR	0.163786	PLINK2_1KG_DIRECT
RS2071278	RS2157338	EUR	0.166054	PLINK2_1KG_DIRECT
RS2071278	RS2187823	EUR	0.167215	PLINK2_1KG_DIRECT
RS2071278	RS5026740	EUR	0.166054	PLINK2_1KG_DIRECT
RS2071278	RS5026741	EUR	0.156182	PLINK2_1KG_DIRECT
RS2071278	RS5026742	EUR	0.151456	PLINK2_1KG_DIRECT
RS2071278	RS9269073	EUR	0.226138	PLINK2_1KG_DIRECT
RS2071278	RS9269094	EUR	0.166054	PLINK2_1KG_DIRECT
RS2071278	RS6901541	EUR	0.219774	PLINK2_1KG_DIRECT
RS2071278	RS9269102	EUR	0.219774	PLINK2_1KG_DIRECT
RS2071278	RS9269104	EUR	0.225184	PLINK2_1KG_DIRECT
RS2071278	RS9269105	EUR	0.225184	PLINK2_1KG_DIRECT
RS2071278	RS9269106	EUR	0.170671	PLINK2_1KG_DIRECT
RS2071278	RS9269107	EUR	0.170671	PLINK2_1KG_DIRECT
RS2071278	RS9269111	EUR	0.217067	PLINK2_1KG_DIRECT
RS2071278	RS9269113	EUR	0.164903	PLINK2_1KG_DIRECT
RS2071278	RS9269119	EUR	0.212805	PLINK2_1KG_DIRECT
RS2071278	RS6457595	EUR	0.21604	PLINK2_1KG_DIRECT
RS2071278	RS6457597	EUR	0.166054	PLINK2_1KG_DIRECT
RS2071278	RS7755770	EUR	0.162634	PLINK2_1KG_DIRECT
RS2071278	RS9269147	EUR	0.219774	PLINK2_1KG_DIRECT
RS2071278	RS9269148	EUR	0.219774	PLINK2_1KG_DIRECT
RS2071278	RS9269149	EUR	0.166054	PLINK2_1KG_DIRECT
RS2071278	RS4713534	EUR	0.368245	PLINK2_1KG_DIRECT
RS2071278	RS6925041	EUR	0.170756	PLINK2_1KG_DIRECT
RS2071278	RS9269158	EUR	0.166054	PLINK2_1KG_DIRECT
RS2071278	RS9269164	EUR	0.221422	PLINK2_1KG_DIRECT
RS2071278	RS2894260	EUR	0.218142	PLINK2_1KG_DIRECT
RS2071278	RS9269171	EUR	0.218142	PLINK2_1KG_DIRECT
RS2071278	RS9269177	EUR	0.164903	PLINK2_1KG_DIRECT
RS2071278	RS7749057	EUR	0.395416	PLINK2_1KG_DIRECT
RS2071278	RS12204922	EUR	0.227472	PLINK2_1KG_DIRECT
RS2071278	RS13195237	EUR	0.151456	PLINK2_1KG_DIRECT
RS2071278	RS2395200	EUR	0.158106	PLINK2_1KG_DIRECT
RS2071278	RS550286428	EUR	0.374957	PLINK2_1KG_DIRECT
RS2071278	RS535195653	EUR	0.382366	PLINK2_1KG_DIRECT
RS2071278	RS74812635	EUR	0.160207	PLINK2_1KG_DIRECT
RS2071278	RS535777	EUR	0.33626	PLINK2_1KG_DIRECT
RS2071278	RS9271325	EUR	0.115978	PLINK2_1KG_DIRECT
RS2071278	RS9271657	EUR	0.105842	PLINK2_1KG_DIRECT
RS2071278	RS9271662	EUR	0.102258	PLINK2_1KG_DIRECT
RS2071278	RS9271690	EUR	0.132231	PLINK2_1KG_DIRECT
RS2071278	RS9271850	EUR	0.124962	PLINK2_1KG_DIRECT
RS2071278	RS6929398	EUR	0.160612	PLINK2_1KG_DIRECT
RS2071278	RS9272190	EUR	0.121642	PLINK2_1KG_DIRECT
RS2071278	RS9272192	EUR	0.118576	PLINK2_1KG_DIRECT
RS2071278	RS9272219	EUR	0.101435	PLINK2_1KG_DIRECT
RS2071278	RS9272225	EUR	0.105912	PLINK2_1KG_DIRECT
RS2071278	RS2040406	EUR	0.149544	PLINK2_1KG_DIRECT
RS2071278	RS9272255	EUR	0.102508	PLINK2_1KG_DIRECT
RS2071278	RS9272261	EUR	0.103045	PLINK2_1KG_DIRECT
RS2071278	RS9272408	EUR	0.121824	PLINK2_1KG_DIRECT
RS2071278	RS9272446	EUR	0.102593	PLINK2_1KG_DIRECT
RS2071278	RS9272448	EUR	0.106299	PLINK2_1KG_DIRECT
RS2071278	RS2187668	EUR	0.347771	PLINK2_1KG_DIRECT
RS2071278	RS9272648	EUR	0.106052	PLINK2_1KG_DIRECT
RS2071278	RS3021302	EUR	0.190933	PLINK2_1KG_DIRECT
RS2071278	RS9273325	EUR	0.178756	PLINK2_1KG_DIRECT
RS2071278	RS9273371	EUR	0.178835	PLINK2_1KG_DIRECT
RS2071278	RS9273379	EUR	0.123567	PLINK2_1KG_DIRECT
RS2071278	RS9273453	EUR	0.239403	PLINK2_1KG_DIRECT
RS2071278	RS9273463	EUR	0.233022	PLINK2_1KG_DIRECT
RS2071278	RS9273480	EUR	0.210773	PLINK2_1KG_DIRECT
RS2071278	RS9273504	EUR	0.244669	PLINK2_1KG_DIRECT
RS2071278	RS2854275	EUR	0.337438	PLINK2_1KG_DIRECT
RS2071278	RS9273529	EUR	0.237015	PLINK2_1KG_DIRECT
RS2071278	RS9273595	EUR	0.208543	PLINK2_1KG_DIRECT
RS2071278	RS9273873	EUR	0.242855	PLINK2_1KG_DIRECT
RS2071278	RS9274505	EUR	0.125259	PLINK2_1KG_DIRECT
RS2071278	RS9274514	EUR	0.175761	PLINK2_1KG_DIRECT
RS2071278	RS3891176	EUR	0.147107	PLINK2_1KG_DIRECT
RS2071278	RS3891175	EUR	0.162202	PLINK2_1KG_DIRECT
RS2071278	RS77296290	EUR	0.171785	PLINK2_1KG_DIRECT
RS2071278	RS114466578	EUR	0.229404	PLINK2_1KG_DIRECT
RS2071278	RS114544105	EUR	0.226196	PLINK2_1KG_DIRECT
RS2071278	RS9274623	EUR	0.263803	PLINK2_1KG_DIRECT
RS2071278	RS3134986	EUR	0.255618	PLINK2_1KG_DIRECT
RS2071278	RS3134978	EUR	0.329028	PLINK2_1KG_DIRECT
RS2071278	RS3134977	EUR	0.329028	PLINK2_1KG_DIRECT
RS2071278	RS3129716	EUR	0.333192	PLINK2_1KG_DIRECT
RS2071278	RS2647004	EUR	0.333192	PLINK2_1KG_DIRECT
RS2071278	RS2856674	EUR	0.333192	PLINK2_1KG_DIRECT
RS2071278	RS4248168	EUR	0.101145	PLINK2_1KG_DIRECT
RS2071278	RS9275224	EUR	0.101145	PLINK2_1KG_DIRECT
RS2071278	RS4713580	EUR	0.101145	PLINK2_1KG_DIRECT
RS2071278	RS4713581	EUR	0.101145	PLINK2_1KG_DIRECT
RS2071278	RS4713583	EUR	0.100628	PLINK2_1KG_DIRECT
RS2071278	RS9275244	EUR	0.101664	PLINK2_1KG_DIRECT
RS2071278	RS9275245	EUR	0.101145	PLINK2_1KG_DIRECT
RS2071278	RS9275276	EUR	0.101145	PLINK2_1KG_DIRECT
RS2071278	RS9275282	EUR	0.103238	PLINK2_1KG_DIRECT
RS2071278	RS2647019	EUR	0.325958	PLINK2_1KG_DIRECT
RS2071278	RS2395522	EUR	0.101145	PLINK2_1KG_DIRECT
RS2071278	RS1794283	EUR	0.333192	PLINK2_1KG_DIRECT
RS2071278	RS1794282	EUR	0.471408	PLINK2_1KG_DIRECT
RS2071278	RS1794280	EUR	0.333192	PLINK2_1KG_DIRECT
RS2071278	RS1794279	EUR	0.463284	PLINK2_1KG_DIRECT
RS2071278	RS2647044	EUR	0.333192	PLINK2_1KG_DIRECT
RS2071278	RS1794277	EUR	0.333192	PLINK2_1KG_DIRECT
RS2071278	RS1613056	EUR	0.333192	PLINK2_1KG_DIRECT
RS2071278	RS1794511	EUR	0.333192	PLINK2_1KG_DIRECT
RS2071278	RS1794530	EUR	0.329028	PLINK2_1KG_DIRECT
RS2071278	RS1794272	EUR	0.333192	PLINK2_1KG_DIRECT
RS2071278	RS1794528	EUR	0.333192	PLINK2_1KG_DIRECT
RS2071278	RS1617322	EUR	0.333192	PLINK2_1KG_DIRECT
RS2071278	RS9275576	EUR	0.325958	PLINK2_1KG_DIRECT
RS2071278	RS3957147	EUR	0.168759	PLINK2_1KG_DIRECT
RS2071278	RS9275652	EUR	0.119324	PLINK2_1KG_DIRECT
RS2071278	RS9275655	EUR	0.119324	PLINK2_1KG_DIRECT
RS2071278	RS9275657	EUR	0.119324	PLINK2_1KG_DIRECT
RS2071278	RS9275660	EUR	0.119324	PLINK2_1KG_DIRECT
RS2071278	RS9275661	EUR	0.119324	PLINK2_1KG_DIRECT
RS2071278	RS9275663	EUR	0.120462	PLINK2_1KG_DIRECT
RS2071278	RS9275674	EUR	0.119324	PLINK2_1KG_DIRECT
RS2071278	RS9275680	EUR	0.117942	PLINK2_1KG_DIRECT
RS2071278	RS9275682	EUR	0.119324	PLINK2_1KG_DIRECT
RS2071278	RS9275686	EUR	0.119324	PLINK2_1KG_DIRECT
RS2071278	RS9275690	EUR	0.119324	PLINK2_1KG_DIRECT
RS2071278	RS9275696	EUR	0.119324	PLINK2_1KG_DIRECT
RS2071278	RS9275699	EUR	0.119324	PLINK2_1KG_DIRECT
RS2071278	RS9275702	EUR	0.119324	PLINK2_1KG_DIRECT
RS2071278	RS9275709	EUR	0.166509	PLINK2_1KG_DIRECT
RS2071278	RS9275723	EUR	0.117084	PLINK2_1KG_DIRECT
RS2071278	RS9275728	EUR	0.118198	PLINK2_1KG_DIRECT
RS2071278	RS9275738	EUR	0.120462	PLINK2_1KG_DIRECT
RS2071278	RS9275764	EUR	0.119324	PLINK2_1KG_DIRECT
RS2071278	RS9275770	EUR	0.123952	PLINK2_1KG_DIRECT
RS2071278	RS9275792	EUR	0.122017	PLINK2_1KG_DIRECT
RS2071278	RS9275829	EUR	0.121612	PLINK2_1KG_DIRECT
RS2071278	RS763026	EUR	0.119324	PLINK2_1KG_DIRECT
RS2071278	RS763025	EUR	0.118198	PLINK2_1KG_DIRECT
RS2071278	RS9275899	EUR	0.119324	PLINK2_1KG_DIRECT
RS2071278	RS9275911	EUR	0.118198	PLINK2_1KG_DIRECT
RS2071278	RS9275922	EUR	0.14908	PLINK2_1KG_DIRECT
RS2071278	RS9275936	EUR	0.120462	PLINK2_1KG_DIRECT
RS2071278	RS9275965	EUR	0.119324	PLINK2_1KG_DIRECT
RS2071278	RS9275970	EUR	0.119324	PLINK2_1KG_DIRECT
RS2071278	RS9275986	EUR	0.119324	PLINK2_1KG_DIRECT
RS2071278	RS9275988	EUR	0.119324	PLINK2_1KG_DIRECT
RS2071278	RS9276018	EUR	0.147611	PLINK2_1KG_DIRECT
RS2071278	RS9276021	EUR	0.119324	PLINK2_1KG_DIRECT
RS2071278	RS9276029	EUR	0.147611	PLINK2_1KG_DIRECT
RS2071278	RS9276039	EUR	0.119324	PLINK2_1KG_DIRECT
RS2071278	RS9276074	EUR	0.119324	PLINK2_1KG_DIRECT
RS2071278	RS9276084	EUR	0.117381	PLINK2_1KG_DIRECT
RS2071278	RS9276091	EUR	0.117381	PLINK2_1KG_DIRECT
RS2071278	RS75396566	EUR	0.120462	PLINK2_1KG_DIRECT
RS2071278	RS9276106	EUR	0.119324	PLINK2_1KG_DIRECT
RS2071278	RS76723709	EUR	0.119324	PLINK2_1KG_DIRECT
RS2071278	RS9276132	EUR	0.118198	PLINK2_1KG_DIRECT
RS2071278	RS9276138	EUR	0.119324	PLINK2_1KG_DIRECT
RS2071278	RS9276149	EUR	0.119324	PLINK2_1KG_DIRECT
RS2071278	RS9276164	EUR	0.119324	PLINK2_1KG_DIRECT
RS2071278	RS9276168	EUR	0.119324	PLINK2_1KG_DIRECT
RS2071278	RS9276171	EUR	0.108594	PLINK2_1KG_DIRECT
RS2071278	RS9276172	EUR	0.118198	PLINK2_1KG_DIRECT
RS2071278	RS9276188	EUR	0.119324	PLINK2_1KG_DIRECT
RS2071278	RS9276190	EUR	0.119324	PLINK2_1KG_DIRECT
RS2071278	RS9276191	EUR	0.119324	PLINK2_1KG_DIRECT
RS2071278	RS9276192	EUR	0.147611	PLINK2_1KG_DIRECT
RS2071278	RS9276201	EUR	0.119324	PLINK2_1KG_DIRECT
RS2071278	RS2858884	EUR	0.115983	PLINK2_1KG_DIRECT
RS2071278	RS2859090	EUR	0.117084	PLINK2_1KG_DIRECT
RS2071278	RS2859087	EUR	0.117084	PLINK2_1KG_DIRECT
RS2071278	RS9276251	EUR	0.119324	PLINK2_1KG_DIRECT
RS2071278	RS2859082	EUR	0.117084	PLINK2_1KG_DIRECT
RS2071278	RS2859081	EUR	0.117084	PLINK2_1KG_DIRECT
RS2071278	RS2859079	EUR	0.117084	PLINK2_1KG_DIRECT
RS2071278	RS2859078	EUR	0.112948	PLINK2_1KG_DIRECT
RS2071278	RS2859076	EUR	0.117084	PLINK2_1KG_DIRECT
RS2071278	RS2859075	EUR	0.117084	PLINK2_1KG_DIRECT
RS2071278	RS9276292	EUR	0.119324	PLINK2_1KG_DIRECT
RS2071278	RS9276306	EUR	0.119324	PLINK2_1KG_DIRECT
RS2071278	RS6457642	EUR	0.100787	PLINK2_1KG_DIRECT
RS2071278	RS9276313	EUR	0.118198	PLINK2_1KG_DIRECT
RS2071278	RS9276314	EUR	0.118198	PLINK2_1KG_DIRECT
RS2071278	RS9276322	EUR	0.14616	PLINK2_1KG_DIRECT
RS2071278	RS9276325	EUR	0.118198	PLINK2_1KG_DIRECT
RS2071278	RS9276327	EUR	0.115983	PLINK2_1KG_DIRECT
RS2071278	RS9276339	EUR	0.118198	PLINK2_1KG_DIRECT
RS2071278	RS9276348	EUR	0.107583	PLINK2_1KG_DIRECT
RS2071278	RS9276351	EUR	0.107583	PLINK2_1KG_DIRECT
RS2071278	RS9276357	EUR	0.118198	PLINK2_1KG_DIRECT
RS2071278	RS9276358	EUR	0.118198	PLINK2_1KG_DIRECT
RS2071278	RS9276375	EUR	0.118198	PLINK2_1KG_DIRECT
RS2071278	RS5021448	EUR	0.107583	PLINK2_1KG_DIRECT
RS2071278	RS9276401	EUR	0.118198	PLINK2_1KG_DIRECT
RS2071278	RS9276425	EUR	0.13648	PLINK2_1KG_DIRECT
RS2071278	RS9276435	EUR	0.14616	PLINK2_1KG_DIRECT
RS2071278	RS9276456	EUR	0.13648	PLINK2_1KG_DIRECT
RS2071278	RS9276550	EUR	0.13648	PLINK2_1KG_DIRECT
RS2071278	RS9276555	EUR	0.13648	PLINK2_1KG_DIRECT
RS2071278	RS9276556	EUR	0.13648	PLINK2_1KG_DIRECT
RS2071278	RS9276576	EUR	0.13648	PLINK2_1KG_DIRECT
RS2071278	RS9276577	EUR	0.14616	PLINK2_1KG_DIRECT
RS2071278	RS9276578	EUR	0.14616	PLINK2_1KG_DIRECT
RS2071278	RS9276582	EUR	0.169951	PLINK2_1KG_DIRECT
RS2071278	RS9276584	EUR	0.13648	PLINK2_1KG_DIRECT
RS2071278	RS9276585	EUR	0.13648	PLINK2_1KG_DIRECT
RS2071278	RS9276601	EUR	0.184683	PLINK2_1KG_DIRECT
RS2071278	RS9276607	EUR	0.13648	PLINK2_1KG_DIRECT
RS2071278	RS9276625	EUR	0.30963	PLINK2_1KG_DIRECT
RS2071278	RS4947258	EUR	0.30963	PLINK2_1KG_DIRECT
RS2071278	RS4947349	EUR	0.30963	PLINK2_1KG_DIRECT
RS2071278	RS9276688	EUR	0.30963	PLINK2_1KG_DIRECT
RS2071278	RS9276689	EUR	0.302283	PLINK2_1KG_DIRECT
RS2071278	RS719655	EUR	0.30963	PLINK2_1KG_DIRECT
RS2071278	RS9276691	EUR	0.30963	PLINK2_1KG_DIRECT
RS2071278	RS7762279	EUR	0.30963	PLINK2_1KG_DIRECT
RS2071278	RS9276700	EUR	0.30963	PLINK2_1KG_DIRECT
RS2071278	RS9276710	EUR	0.118713	PLINK2_1KG_DIRECT
RS2071278	RS7758736	EUR	0.147611	PLINK2_1KG_DIRECT
RS2071278	RS4318925	EUR	0.146344	PLINK2_1KG_DIRECT
RS2071278	RS9276731	EUR	0.30963	PLINK2_1KG_DIRECT
RS2071278	RS4947350	EUR	0.118713	PLINK2_1KG_DIRECT
RS2071278	RS6912056	EUR	0.118713	PLINK2_1KG_DIRECT
RS2071278	RS9276772	EUR	0.30963	PLINK2_1KG_DIRECT
RS2071278	RS4513843	EUR	0.118713	PLINK2_1KG_DIRECT
RS2071278	RS1054684	EUR	0.377519	PLINK2_1KG_DIRECT
RS2071278	RS60045856	EUR	0.322453	PLINK2_1KG_DIRECT
RS2071278	RS114595701	EUR	0.310796	PLINK2_1KG_DIRECT
RS2071278	RS45506201	EUR	0.310796	PLINK2_1KG_DIRECT
RS2071278	RS116827595	EUR	0.310796	PLINK2_1KG_DIRECT
RS2071278	RS115591082	EUR	0.286222	PLINK2_1KG_DIRECT
RS2071278	RS72860374	EUR	0.275703	PLINK2_1KG_DIRECT
RS2071278	RS56098412	EUR	0.291715	PLINK2_1KG_DIRECT
RS2071278	RS77318243	EUR	0.204305	PLINK2_1KG_DIRECT
RS2071278	RS75301392	EUR	0.204305	PLINK2_1KG_DIRECT
RS2071278	RS1480380	EUR	0.119465	PLINK2_1KG_DIRECT
RS2071278	RS73396800	EUR	0.212591	PLINK2_1KG_DIRECT
RS2071278	RS73396802	EUR	0.212591	PLINK2_1KG_DIRECT
RS2071278	RS57651384	EUR	0.219837	PLINK2_1KG_DIRECT
RS2071278	RS9276931	EUR	0.110561	PLINK2_1KG_DIRECT
RS2071278	RS116131925	EUR	0.212591	PLINK2_1KG_DIRECT
RS2071278	RS58173627	EUR	0.219837	PLINK2_1KG_DIRECT
RS2071278	RS75380668	EUR	0.219837	PLINK2_1KG_DIRECT
RS2071278	RS59576053	EUR	0.212591	PLINK2_1KG_DIRECT
RS2071278	RS73409626	EUR	0.212591	PLINK2_1KG_DIRECT
RS2071278	RS73409631	EUR	0.212591	PLINK2_1KG_DIRECT
RS2071278	RS76088152	EUR	0.202176	PLINK2_1KG_DIRECT
RS2071278	RS73409636	EUR	0.212591	PLINK2_1KG_DIRECT
RS2071278	RS73409643	EUR	0.212591	PLINK2_1KG_DIRECT
RS2071278	RS111234931	EUR	0.212591	PLINK2_1KG_DIRECT
RS2071278	RS113070636	EUR	0.212591	PLINK2_1KG_DIRECT
RS2071278	RS112935194	EUR	0.219837	PLINK2_1KG_DIRECT
RS2071278	RS57331574	EUR	0.212591	PLINK2_1KG_DIRECT
RS2071278	RS113913737	EUR	0.212591	PLINK2_1KG_DIRECT
RS2071278	RS73409691	EUR	0.212591	PLINK2_1KG_DIRECT
RS2071278	RS116416291	EUR	0.113855	PLINK2_1KG_DIRECT
RS2071278	RS17214290	EUR	0.112641	PLINK2_1KG_DIRECT
RS2071278	RS2071278	EAS	1	PLINK2_1KG_DIRECT
RS2071278	RS3130349	EAS	0.120088	PLINK2_1KG_DIRECT
RS2071278	RS1062070	EAS	0.117752	PLINK2_1KG_DIRECT
RS2071278	RS8365	EAS	0.120088	PLINK2_1KG_DIRECT
RS2071278	RS3134940	EAS	0.120088	PLINK2_1KG_DIRECT
RS2071278	RS3131300	EAS	0.117752	PLINK2_1KG_DIRECT
RS2071278	RS1800625	EAS	0.113235	PLINK2_1KG_DIRECT
RS2071278	RS3134605	EAS	0.71068	PLINK2_1KG_DIRECT
RS2071278	RS204991	EAS	0.613462	PLINK2_1KG_DIRECT
RS2071278	RS204990	EAS	0.613462	PLINK2_1KG_DIRECT
RS2071278	RS204989	EAS	0.613462	PLINK2_1KG_DIRECT
RS2071278	RS3134942	EAS	0.107921	PLINK2_1KG_DIRECT
RS2071278	RS3134939	EAS	0.327219	PLINK2_1KG_DIRECT
RS2071278	RS2071287	EAS	0.148986	PLINK2_1KG_DIRECT
RS2071278	RS3132935	EAS	0.446107	PLINK2_1KG_DIRECT
RS2071278	RS2071277	EAS	0.329958	PLINK2_1KG_DIRECT
RS2071278	RS3131296	EAS	0.119851	PLINK2_1KG_DIRECT
RS2071278	RS3131295	EAS	0.174211	PLINK2_1KG_DIRECT
RS2071278	RS3130291	EAS	0.450891	PLINK2_1KG_DIRECT
RS2071278	RS3130292	EAS	0.711959	PLINK2_1KG_DIRECT
RS2071278	RS3132947	EAS	0.450891	PLINK2_1KG_DIRECT
RS2071278	RS3130294	EAS	0.329958	PLINK2_1KG_DIRECT
RS2071278	RS3132956	EAS	0.107921	PLINK2_1KG_DIRECT
RS2071278	RS8192589	EAS	0.103961	PLINK2_1KG_DIRECT
RS2071278	RS715299	EAS	0.147232	PLINK2_1KG_DIRECT
RS2071278	RS3134796	EAS	0.107921	PLINK2_1KG_DIRECT
RS2071278	RS915895	EAS	0.22581	PLINK2_1KG_DIRECT
RS2071278	RS915894	EAS	0.22947	PLINK2_1KG_DIRECT
RS2071278	RS443198	EAS	0.202298	PLINK2_1KG_DIRECT
RS2071278	RS3129944	EAS	0.103486	PLINK2_1KG_DIRECT
RS2071278	RS3117099	EAS	0.117527	PLINK2_1KG_DIRECT
RS1264353	RS1264353	EUR	1	PLINK2_1KG_DIRECT
RS1264353	RS557851020	EUR	0.125113	PLINK2_1KG_DIRECT
RS1264353	RS1611158	EUR	0.125113	PLINK2_1KG_DIRECT
RS1264353	RS1611674	EUR	0.117585	PLINK2_1KG_DIRECT
RS1264353	RS2251892	EUR	0.131151	PLINK2_1KG_DIRECT
RS1264353	RS2734945	EUR	0.122261	PLINK2_1KG_DIRECT
RS1264353	RS2248162	EUR	0.124536	PLINK2_1KG_DIRECT
RS1264353	RS2735086	EUR	0.132986	PLINK2_1KG_DIRECT
RS1264353	RS2252965	EUR	0.132986	PLINK2_1KG_DIRECT
RS1264353	RS2523933	EUR	0.132986	PLINK2_1KG_DIRECT
RS1264353	RS2517672	EUR	0.132986	PLINK2_1KG_DIRECT
RS1264353	RS2523970	EUR	0.132986	PLINK2_1KG_DIRECT
RS1264353	RS2571377	EUR	0.132986	PLINK2_1KG_DIRECT
RS1264353	RS2517669	EUR	0.132986	PLINK2_1KG_DIRECT
RS1264353	RS2523965	EUR	0.132986	PLINK2_1KG_DIRECT
RS1264353	RS2523964	EUR	0.132986	PLINK2_1KG_DIRECT
RS1264353	RS2523963	EUR	0.132986	PLINK2_1KG_DIRECT
RS1264353	RS2523962	EUR	0.132184	PLINK2_1KG_DIRECT
RS1264353	RS2523960	EUR	0.132986	PLINK2_1KG_DIRECT
RS1264353	RS2523959	EUR	0.132986	PLINK2_1KG_DIRECT
RS1264353	RS2523958	EUR	0.129033	PLINK2_1KG_DIRECT
RS1264353	RS2256922	EUR	0.139489	PLINK2_1KG_DIRECT
RS1264353	RS2571376	EUR	0.137832	PLINK2_1KG_DIRECT
RS1264353	RS2735078	EUR	0.137832	PLINK2_1KG_DIRECT
RS1264353	RS426483	EUR	0.137832	PLINK2_1KG_DIRECT
RS1264353	RS9261425	EUR	0.116653	PLINK2_1KG_DIRECT
RS1264353	RS2844785	EUR	0.510262	PLINK2_1KG_DIRECT
RS1264353	RS11158	EUR	0.720537	PLINK2_1KG_DIRECT
RS1264353	RS2106072	EUR	0.720537	PLINK2_1KG_DIRECT
RS1264353	RS2517622	EUR	0.743431	PLINK2_1KG_DIRECT
RS1264353	RS2517618	EUR	0.510262	PLINK2_1KG_DIRECT
RS1264353	RS2517617	EUR	0.720537	PLINK2_1KG_DIRECT
RS1264353	RS2517615	EUR	0.510262	PLINK2_1KG_DIRECT
RS1264353	RS2517614	EUR	0.270025	PLINK2_1KG_DIRECT
RS1264353	RS2523722	EUR	0.270025	PLINK2_1KG_DIRECT
RS1264353	RS2517613	EUR	0.510262	PLINK2_1KG_DIRECT
RS1264353	RS2523721	EUR	0.260108	PLINK2_1KG_DIRECT
RS1264353	RS2523720	EUR	0.510262	PLINK2_1KG_DIRECT
RS1264353	RS2428503	EUR	0.272075	PLINK2_1KG_DIRECT
RS1264353	RS2523719	EUR	0.499242	PLINK2_1KG_DIRECT
RS1264353	RS2517612	EUR	0.510262	PLINK2_1KG_DIRECT
RS1264353	RS2517611	EUR	0.270025	PLINK2_1KG_DIRECT
RS1264353	RS2284166	EUR	0.260108	PLINK2_1KG_DIRECT
RS1264353	RS2517610	EUR	0.260108	PLINK2_1KG_DIRECT
RS1264353	RS2517609	EUR	0.743431	PLINK2_1KG_DIRECT
RS1264353	RS1117490	EUR	0.260108	PLINK2_1KG_DIRECT
RS1264353	RS2523716	EUR	0.264009	PLINK2_1KG_DIRECT
RS1264353	RS1117488	EUR	0.260108	PLINK2_1KG_DIRECT
RS1264353	RS1117487	EUR	0.260108	PLINK2_1KG_DIRECT
RS1264353	RS2523715	EUR	0.510262	PLINK2_1KG_DIRECT
RS1264353	RS2523714	EUR	0.260108	PLINK2_1KG_DIRECT
RS1264353	RS2517608	EUR	0.264009	PLINK2_1KG_DIRECT
RS1264353	RS2844776	EUR	0.260108	PLINK2_1KG_DIRECT
RS1264353	RS971570	EUR	0.264009	PLINK2_1KG_DIRECT
RS1264353	RS2523713	EUR	0.264009	PLINK2_1KG_DIRECT
RS1264353	RS2523712	EUR	0.720537	PLINK2_1KG_DIRECT
RS1264353	RS2021722	EUR	0.260108	PLINK2_1KG_DIRECT
RS1264353	RS885913	EUR	0.510262	PLINK2_1KG_DIRECT
RS1264353	RS885912	EUR	0.260108	PLINK2_1KG_DIRECT
RS1264353	RS3129695	EUR	0.504701	PLINK2_1KG_DIRECT
RS1264353	RS2188100	EUR	0.504701	PLINK2_1KG_DIRECT
RS1264353	RS1264690	EUR	0.504701	PLINK2_1KG_DIRECT
RS1264353	RS885916	EUR	0.504701	PLINK2_1KG_DIRECT
RS1264353	RS2517589	EUR	0.504701	PLINK2_1KG_DIRECT
RS1264353	RS2844781	EUR	0.743431	PLINK2_1KG_DIRECT
RS1264353	RS2523742	EUR	0.504701	PLINK2_1KG_DIRECT
RS1264353	RS2844777	EUR	0.743431	PLINK2_1KG_DIRECT
RS1264353	RS2844773	EUR	0.454243	PLINK2_1KG_DIRECT
RS1264353	RS2844771	EUR	0.454243	PLINK2_1KG_DIRECT
RS1264353	RS2188099	EUR	0.454243	PLINK2_1KG_DIRECT
RS1264353	RS2844770	EUR	0.454243	PLINK2_1KG_DIRECT
RS1264353	RS2189373	EUR	0.289351	PLINK2_1KG_DIRECT
RS1264353	RS3094078	EUR	0.720537	PLINK2_1KG_DIRECT
RS1264353	RS3094632	EUR	0.436359	PLINK2_1KG_DIRECT
RS1264353	RS3094077	EUR	0.436359	PLINK2_1KG_DIRECT
RS1264353	RS3094076	EUR	0.436359	PLINK2_1KG_DIRECT
RS1264353	RS3129697	EUR	0.436359	PLINK2_1KG_DIRECT
RS1264353	RS9261630	EUR	0.436359	PLINK2_1KG_DIRECT
RS1264353	RS3094075	EUR	0.743431	PLINK2_1KG_DIRECT
RS1264353	RS3129699	EUR	0.436359	PLINK2_1KG_DIRECT
RS1264353	RS3130398	EUR	0.436359	PLINK2_1KG_DIRECT
RS1264353	RS3130399	EUR	0.743431	PLINK2_1KG_DIRECT
RS1264353	RS3130400	EUR	0.436359	PLINK2_1KG_DIRECT
RS1264353	RS3129700	EUR	0.436359	PLINK2_1KG_DIRECT
RS1264353	RS3094074	EUR	0.436359	PLINK2_1KG_DIRECT
RS1264353	RS3094073	EUR	0.436359	PLINK2_1KG_DIRECT
RS1264353	RS3130401	EUR	0.436359	PLINK2_1KG_DIRECT
RS1264353	RS3132659	EUR	0.436359	PLINK2_1KG_DIRECT
RS1264353	RS3130402	EUR	0.436359	PLINK2_1KG_DIRECT
RS1264353	RS9261635	EUR	0.436359	PLINK2_1KG_DIRECT
RS1264353	RS9261636	EUR	0.436359	PLINK2_1KG_DIRECT
RS1264353	RS3132658	EUR	0.436359	PLINK2_1KG_DIRECT
RS1264353	RS3094072	EUR	0.436359	PLINK2_1KG_DIRECT
RS1264353	RS3094071	EUR	0.436359	PLINK2_1KG_DIRECT
RS1264353	RS3094070	EUR	0.436359	PLINK2_1KG_DIRECT
RS1264353	RS3130403	EUR	0.436359	PLINK2_1KG_DIRECT
RS1264353	RS3130404	EUR	0.436359	PLINK2_1KG_DIRECT
RS1264353	RS3094630	EUR	0.436359	PLINK2_1KG_DIRECT
RS1264353	RS3129701	EUR	0.436359	PLINK2_1KG_DIRECT
RS1264353	RS3129702	EUR	0.436359	PLINK2_1KG_DIRECT
RS1264353	RS3094629	EUR	0.436359	PLINK2_1KG_DIRECT
RS1264353	RS3132657	EUR	0.436359	PLINK2_1KG_DIRECT
RS1264353	RS3129703	EUR	0.436359	PLINK2_1KG_DIRECT
RS1264353	RS3132656	EUR	0.436359	PLINK2_1KG_DIRECT
RS1264353	RS3132655	EUR	0.436359	PLINK2_1KG_DIRECT
RS1264353	RS3130405	EUR	0.436359	PLINK2_1KG_DIRECT
RS1264353	RS3129831	EUR	0.436359	PLINK2_1KG_DIRECT
RS1264353	RS3129832	EUR	0.436359	PLINK2_1KG_DIRECT
RS1264353	RS3129704	EUR	0.436359	PLINK2_1KG_DIRECT
RS1264353	RS3129705	EUR	0.432069	PLINK2_1KG_DIRECT
RS1264353	RS3129706	EUR	0.436359	PLINK2_1KG_DIRECT
RS1264353	RS3129835	EUR	0.436359	PLINK2_1KG_DIRECT
RS1264353	RS3129836	EUR	0.436359	PLINK2_1KG_DIRECT
RS1264353	RS3129707	EUR	0.436359	PLINK2_1KG_DIRECT
RS1264353	RS3129708	EUR	0.436359	PLINK2_1KG_DIRECT
RS1264353	RS3129830	EUR	0.720537	PLINK2_1KG_DIRECT
RS1264353	RS3094069	EUR	0.720537	PLINK2_1KG_DIRECT
RS1264353	RS3094066	EUR	0.743431	PLINK2_1KG_DIRECT
RS1264353	RS3130380	EUR	0.720537	PLINK2_1KG_DIRECT
RS1264353	RS3094628	EUR	0.675054	PLINK2_1KG_DIRECT
RS1264353	RS3094064	EUR	0.743431	PLINK2_1KG_DIRECT
RS1264353	RS3094067	EUR	0.720537	PLINK2_1KG_DIRECT
RS1264353	RS3129837	EUR	0.436359	PLINK2_1KG_DIRECT
RS1264353	RS3129840	EUR	0.436359	PLINK2_1KG_DIRECT
RS1264353	RS3132650	EUR	0.436359	PLINK2_1KG_DIRECT
RS1264353	RS3130355	EUR	0.720537	PLINK2_1KG_DIRECT
RS1264353	RS3130364	EUR	0.700937	PLINK2_1KG_DIRECT
RS1264353	RS3132649	EUR	0.568197	PLINK2_1KG_DIRECT
RS1264353	RS3094061	EUR	0.568197	PLINK2_1KG_DIRECT
RS1264353	RS3130374	EUR	0.568197	PLINK2_1KG_DIRECT
RS1264353	RS3094627	EUR	0.568197	PLINK2_1KG_DIRECT
RS1264353	RS3130375	EUR	0.568197	PLINK2_1KG_DIRECT
RS1264353	RS3130376	EUR	0.568197	PLINK2_1KG_DIRECT
RS1264353	RS3094060	EUR	0.568197	PLINK2_1KG_DIRECT
RS1264353	RS3130377	EUR	0.700937	PLINK2_1KG_DIRECT
RS1264353	RS3094625	EUR	0.700937	PLINK2_1KG_DIRECT
RS1264353	RS3094624	EUR	0.700937	PLINK2_1KG_DIRECT
RS1264353	RS3094059	EUR	0.700937	PLINK2_1KG_DIRECT
RS1264353	RS3094058	EUR	0.700937	PLINK2_1KG_DIRECT
RS1264353	RS3130350	EUR	0.700937	PLINK2_1KG_DIRECT
RS1264353	RS3094622	EUR	0.604661	PLINK2_1KG_DIRECT
RS1264353	RS3130351	EUR	0.700937	PLINK2_1KG_DIRECT
RS1264353	RS3130352	EUR	0.700937	PLINK2_1KG_DIRECT
RS1264353	RS3094621	EUR	0.604661	PLINK2_1KG_DIRECT
RS1264353	RS3094620	EUR	0.700937	PLINK2_1KG_DIRECT
RS1264353	RS3094057	EUR	0.700937	PLINK2_1KG_DIRECT
RS1264353	RS3094056	EUR	0.700937	PLINK2_1KG_DIRECT
RS1264353	RS3132648	EUR	0.700937	PLINK2_1KG_DIRECT
RS1264353	RS3132647	EUR	0.700937	PLINK2_1KG_DIRECT
RS1264353	RS3130353	EUR	0.700937	PLINK2_1KG_DIRECT
RS1264353	RS3094054	EUR	0.712336	PLINK2_1KG_DIRECT
RS1264353	RS3129809	EUR	0.548088	PLINK2_1KG_DIRECT
RS1264353	RS3130356	EUR	0.700937	PLINK2_1KG_DIRECT
RS1264353	RS3129810	EUR	0.700937	PLINK2_1KG_DIRECT
RS1264353	RS3129812	EUR	0.731971	PLINK2_1KG_DIRECT
RS1264353	RS3129815	EUR	0.700937	PLINK2_1KG_DIRECT
RS1264353	RS3130363	EUR	0.548088	PLINK2_1KG_DIRECT
RS1264353	RS3130365	EUR	0.700937	PLINK2_1KG_DIRECT
RS1264353	RS3132638	EUR	0.548088	PLINK2_1KG_DIRECT
RS1264353	RS3129817	EUR	0.48906	PLINK2_1KG_DIRECT
RS1264353	RS3129818	EUR	0.548088	PLINK2_1KG_DIRECT
RS1264353	RS3132634	EUR	0.645367	PLINK2_1KG_DIRECT
RS1264353	RS3129820	EUR	0.548088	PLINK2_1KG_DIRECT
RS1264353	RS3129821	EUR	0.548088	PLINK2_1KG_DIRECT
RS1264353	RS3132631	EUR	0.548088	PLINK2_1KG_DIRECT
RS1264353	RS3132630	EUR	0.548088	PLINK2_1KG_DIRECT
RS1264353	RS3130370	EUR	0.548088	PLINK2_1KG_DIRECT
RS1264353	RS3130372	EUR	0.548088	PLINK2_1KG_DIRECT
RS1264353	RS3129822	EUR	0.548088	PLINK2_1KG_DIRECT
RS1264353	RS3132627	EUR	0.721361	PLINK2_1KG_DIRECT
RS1264353	RS3129823	EUR	0.548088	PLINK2_1KG_DIRECT
RS1264353	RS3132625	EUR	0.548088	PLINK2_1KG_DIRECT
RS1264353	RS3094712	EUR	0.700937	PLINK2_1KG_DIRECT
RS1264353	RS3094032	EUR	0.548088	PLINK2_1KG_DIRECT
RS1264353	RS3094031	EUR	0.548088	PLINK2_1KG_DIRECT
RS1264353	RS3130123	EUR	0.548088	PLINK2_1KG_DIRECT
RS1264353	RS3130125	EUR	0.548088	PLINK2_1KG_DIRECT
RS1264353	RS3094030	EUR	0.548088	PLINK2_1KG_DIRECT
RS1264353	RS3130126	EUR	0.548088	PLINK2_1KG_DIRECT
RS1264353	RS3094053	EUR	0.548088	PLINK2_1KG_DIRECT
RS1264353	RS3094704	EUR	0.691103	PLINK2_1KG_DIRECT
RS1264353	RS3094050	EUR	0.541654	PLINK2_1KG_DIRECT
RS1264353	RS3094703	EUR	0.548088	PLINK2_1KG_DIRECT
RS1264353	RS3094049	EUR	0.548088	PLINK2_1KG_DIRECT
RS1264353	RS3094036	EUR	0.700937	PLINK2_1KG_DIRECT
RS1264353	RS3094035	EUR	0.548088	PLINK2_1KG_DIRECT
RS1264353	RS3094034	EUR	0.700937	PLINK2_1KG_DIRECT
RS1264353	RS3130116	EUR	0.732803	PLINK2_1KG_DIRECT
RS1264353	RS11961853	EUR	0.436359	PLINK2_1KG_DIRECT
RS1264353	RS3132619	EUR	0.70859	PLINK2_1KG_DIRECT
RS1264353	RS3132617	EUR	0.713879	PLINK2_1KG_DIRECT
RS1264353	RS3131111	EUR	0.713879	PLINK2_1KG_DIRECT
RS1264353	RS3094717	EUR	0.732803	PLINK2_1KG_DIRECT
RS1264353	RS3130129	EUR	0.713879	PLINK2_1KG_DIRECT
RS1264353	RS3132645	EUR	0.722442	PLINK2_1KG_DIRECT
RS1264353	RS3132616	EUR	0.743431	PLINK2_1KG_DIRECT
RS1264353	RS561436357	EUR	0.713879	PLINK2_1KG_DIRECT
RS1264353	RS3130141	EUR	0.713879	PLINK2_1KG_DIRECT
RS1264353	RS3132615	EUR	0.713879	PLINK2_1KG_DIRECT
RS1264353	RS3131112	EUR	0.722442	PLINK2_1KG_DIRECT
RS1264353	RS3094694	EUR	0.330307	PLINK2_1KG_DIRECT
RS1264353	RS3094024	EUR	0.754916	PLINK2_1KG_DIRECT
RS1264353	RS3130117	EUR	0.754916	PLINK2_1KG_DIRECT
RS1264353	RS3130247	EUR	0.754916	PLINK2_1KG_DIRECT
RS1264353	RS3132610	EUR	0.723763	PLINK2_1KG_DIRECT
RS1264353	RS9262120	EUR	0.562929	PLINK2_1KG_DIRECT
RS1264353	RS3095276	EUR	0.754916	PLINK2_1KG_DIRECT
RS1264353	RS9262126	EUR	0.766427	PLINK2_1KG_DIRECT
RS1264353	RS9262130	EUR	0.766427	PLINK2_1KG_DIRECT
RS1264353	RS9262132	EUR	0.754916	PLINK2_1KG_DIRECT
RS1264353	RS9262135	EUR	0.766427	PLINK2_1KG_DIRECT
RS1264353	RS9262141	EUR	0.766427	PLINK2_1KG_DIRECT
RS1264353	RS9262142	EUR	0.766427	PLINK2_1KG_DIRECT
RS1264353	RS9262143	EUR	0.766427	PLINK2_1KG_DIRECT
RS1264353	RS9262146	EUR	0.766427	PLINK2_1KG_DIRECT
RS1264353	RS3132584	EUR	0.385655	PLINK2_1KG_DIRECT
RS1264353	RS3132583	EUR	0.746698	PLINK2_1KG_DIRECT
RS1264353	RS3132582	EUR	0.633568	PLINK2_1KG_DIRECT
RS1264353	RS8233	EUR	0.382943	PLINK2_1KG_DIRECT
RS1264353	RS3095330	EUR	0.372391	PLINK2_1KG_DIRECT
RS1264353	RS3095329	EUR	0.385655	PLINK2_1KG_DIRECT
RS1264353	RS3094128	EUR	0.427097	PLINK2_1KG_DIRECT
RS1264353	RS3094127	EUR	0.372391	PLINK2_1KG_DIRECT
RS1264353	RS1064627	EUR	0.457693	PLINK2_1KG_DIRECT
RS1264353	RS3095327	EUR	0.633568	PLINK2_1KG_DIRECT
RS1264353	RS3130658	EUR	0.746698	PLINK2_1KG_DIRECT
RS1264353	RS3130660	EUR	0.746698	PLINK2_1KG_DIRECT
RS1264353	RS3130661	EUR	0.746698	PLINK2_1KG_DIRECT
RS1264353	RS1059612	EUR	0.766427	PLINK2_1KG_DIRECT
RS1264353	RS3094125	EUR	0.746698	PLINK2_1KG_DIRECT
RS1264353	RS2284173	EUR	0.374986	PLINK2_1KG_DIRECT
RS1264353	RS2284174	EUR	0.391172	PLINK2_1KG_DIRECT
RS1264353	RS3130662	EUR	0.535587	PLINK2_1KG_DIRECT
RS1264353	RS3129972	EUR	0.777357	PLINK2_1KG_DIRECT
RS1264353	RS3129973	EUR	0.778835	PLINK2_1KG_DIRECT
RS1264353	RS3095332	EUR	0.800482	PLINK2_1KG_DIRECT
RS1264353	RS3129974	EUR	0.800482	PLINK2_1KG_DIRECT
RS1264353	RS3095328	EUR	0.800482	PLINK2_1KG_DIRECT
RS1264353	RS3095326	EUR	0.778835	PLINK2_1KG_DIRECT
RS1264353	RS3095340	EUR	0.580788	PLINK2_1KG_DIRECT
RS1264353	RS3131035	EUR	0.379613	PLINK2_1KG_DIRECT
RS1264353	RS3094122	EUR	0.311351	PLINK2_1KG_DIRECT
RS1264353	RS9262172	EUR	0.282431	PLINK2_1KG_DIRECT
RS1264353	RS9262173	EUR	0.340758	PLINK2_1KG_DIRECT
RS1264353	RS9262174	EUR	0.741799	PLINK2_1KG_DIRECT
RS1264353	RS3094121	EUR	0.340758	PLINK2_1KG_DIRECT
RS1264353	RS3095338	EUR	0.741799	PLINK2_1KG_DIRECT
RS1264353	RS3094120	EUR	0.340758	PLINK2_1KG_DIRECT
RS1264353	RS3094119	EUR	0.340758	PLINK2_1KG_DIRECT
RS1264353	RS3129975	EUR	0.340758	PLINK2_1KG_DIRECT
RS1264353	RS3094118	EUR	0.917647	PLINK2_1KG_DIRECT
RS1264353	RS3131037	EUR	0.338668	PLINK2_1KG_DIRECT
RS1264353	RS3131038	EUR	0.340758	PLINK2_1KG_DIRECT
RS1264353	RS3095337	EUR	0.495471	PLINK2_1KG_DIRECT
RS1264353	RS3095336	EUR	0.929506	PLINK2_1KG_DIRECT
RS1264353	RS3132605	EUR	0.929506	PLINK2_1KG_DIRECT
RS1264353	RS3132604	EUR	0.53547	PLINK2_1KG_DIRECT
RS1264353	RS3095335	EUR	0.53547	PLINK2_1KG_DIRECT
RS1264353	RS3095334	EUR	0.929506	PLINK2_1KG_DIRECT
RS1264353	RS3130668	EUR	0.812083	PLINK2_1KG_DIRECT
RS1264353	RS3130669	EUR	0.929506	PLINK2_1KG_DIRECT
RS1264353	RS3130670	EUR	0.929506	PLINK2_1KG_DIRECT
RS1264353	RS3132603	EUR	0.929506	PLINK2_1KG_DIRECT
RS1264353	RS3129977	EUR	0.866443	PLINK2_1KG_DIRECT
RS1264353	RS3129978	EUR	0.929506	PLINK2_1KG_DIRECT
RS1264353	RS3132600	EUR	0.812083	PLINK2_1KG_DIRECT
RS1264353	RS3130673	EUR	0.929506	PLINK2_1KG_DIRECT
RS1264353	RS3132599	EUR	0.929506	PLINK2_1KG_DIRECT
RS1264353	RS3095333	EUR	0.941392	PLINK2_1KG_DIRECT
RS1264353	RS3131041	EUR	0.941392	PLINK2_1KG_DIRECT
RS1264353	RS3129980	EUR	0.930307	PLINK2_1KG_DIRECT
RS1264353	RS3131044	EUR	0.930307	PLINK2_1KG_DIRECT
RS1264353	RS3131045	EUR	0.930307	PLINK2_1KG_DIRECT
RS1264353	RS3129981	EUR	0.742055	PLINK2_1KG_DIRECT
RS1264353	RS3131047	EUR	0.930307	PLINK2_1KG_DIRECT
RS1264353	RS3131048	EUR	0.930307	PLINK2_1KG_DIRECT
RS1264353	RS3131049	EUR	0.930307	PLINK2_1KG_DIRECT
RS1264353	RS3131050	EUR	0.930307	PLINK2_1KG_DIRECT
RS1264353	RS3129982	EUR	0.930307	PLINK2_1KG_DIRECT
RS1264353	RS3131052	EUR	0.952718	PLINK2_1KG_DIRECT
RS1264353	RS3129983	EUR	0.930307	PLINK2_1KG_DIRECT
RS1264353	RS3131053	EUR	0.337891	PLINK2_1KG_DIRECT
RS1264353	RS9262200	EUR	0.930307	PLINK2_1KG_DIRECT
RS1264353	RS9262201	EUR	0.337891	PLINK2_1KG_DIRECT
RS1264353	RS9262202	EUR	0.930307	PLINK2_1KG_DIRECT
RS1264353	RS9262203	EUR	0.930307	PLINK2_1KG_DIRECT
RS1264353	RS9262204	EUR	0.930307	PLINK2_1KG_DIRECT
RS1264353	RS3131054	EUR	0.930307	PLINK2_1KG_DIRECT
RS1264353	RS3131055	EUR	0.930307	PLINK2_1KG_DIRECT
RS1264353	RS3129984	EUR	0.834957	PLINK2_1KG_DIRECT
RS1264353	RS3094112	EUR	0.337891	PLINK2_1KG_DIRECT
RS1264353	RS3131056	EUR	0.337891	PLINK2_1KG_DIRECT
RS1264353	RS3131058	EUR	0.930307	PLINK2_1KG_DIRECT
RS1264353	RS3129985	EUR	0.930307	PLINK2_1KG_DIRECT
RS1264353	RS3131060	EUR	0.930307	PLINK2_1KG_DIRECT
RS1264353	RS3129986	EUR	0.650604	PLINK2_1KG_DIRECT
RS1264353	RS3131062	EUR	0.662434	PLINK2_1KG_DIRECT
RS1264353	RS3131064	EUR	0.53277	PLINK2_1KG_DIRECT
RS1264353	RS3130641	EUR	0.952718	PLINK2_1KG_DIRECT
RS1264353	RS1264377	EUR	0.662434	PLINK2_1KG_DIRECT
RS1264353	RS1264376	EUR	0.734791	PLINK2_1KG_DIRECT
RS1264353	RS1264375	EUR	0.270261	PLINK2_1KG_DIRECT
RS1264353	RS1264373	EUR	0.881658	PLINK2_1KG_DIRECT
RS1264353	RS1264372	EUR	0.283911	PLINK2_1KG_DIRECT
RS1264353	RS1264361	EUR	1	PLINK2_1KG_DIRECT
RS1264353	RS2524266	EUR	0.86984	PLINK2_1KG_DIRECT
RS1264353	RS886425	EUR	1	PLINK2_1KG_DIRECT
RS1264353	RS886424	EUR	1	PLINK2_1KG_DIRECT
RS1264353	RS886423	EUR	0.666468	PLINK2_1KG_DIRECT
RS1264353	RS1264356	EUR	1	PLINK2_1KG_DIRECT
RS1264353	RS1264352	EUR	0.655018	PLINK2_1KG_DIRECT
RS1264353	RS1264351	EUR	0.881658	PLINK2_1KG_DIRECT
RS1264353	RS1264350	EUR	0.721515	PLINK2_1KG_DIRECT
RS1264353	RS1264349	EUR	0.869965	PLINK2_1KG_DIRECT
RS1264353	RS1264347	EUR	0.823322	PLINK2_1KG_DIRECT
RS1264353	RS1264341	EUR	0.811712	PLINK2_1KG_DIRECT
RS1264353	RS1110482	EUR	0.811712	PLINK2_1KG_DIRECT
RS1264353	RS2517578	EUR	0.811712	PLINK2_1KG_DIRECT
RS1264353	RS2535334	EUR	0.811712	PLINK2_1KG_DIRECT
RS1264353	RS2535333	EUR	0.351424	PLINK2_1KG_DIRECT
RS1264353	RS2535332	EUR	0.811712	PLINK2_1KG_DIRECT
RS1264353	RS2517576	EUR	0.351424	PLINK2_1KG_DIRECT
RS1264353	RS2263298	EUR	0.823226	PLINK2_1KG_DIRECT
RS1264353	RS2844661	EUR	0.811712	PLINK2_1KG_DIRECT
RS1264353	RS2844659	EUR	0.351424	PLINK2_1KG_DIRECT
RS1264353	RS2535328	EUR	0.811712	PLINK2_1KG_DIRECT
RS1264353	RS2844657	EUR	0.351424	PLINK2_1KG_DIRECT
RS1264353	RS3132577	EUR	0.811712	PLINK2_1KG_DIRECT
RS1264353	RS2844656	EUR	0.811712	PLINK2_1KG_DIRECT
RS1264353	RS2535341	EUR	0.34867	PLINK2_1KG_DIRECT
RS1264353	RS2535340	EUR	0.811712	PLINK2_1KG_DIRECT
RS1264353	RS2517572	EUR	0.811712	PLINK2_1KG_DIRECT
RS1264353	RS1264326	EUR	0.811712	PLINK2_1KG_DIRECT
RS1264353	RS1264325	EUR	0.811712	PLINK2_1KG_DIRECT
RS1264353	RS1264324	EUR	0.811636	PLINK2_1KG_DIRECT
RS1264353	RS1264322	EUR	0.811712	PLINK2_1KG_DIRECT
RS1264353	RS1264319	EUR	0.34867	PLINK2_1KG_DIRECT
RS1264353	RS1264318	EUR	0.34867	PLINK2_1KG_DIRECT
RS1264353	RS886422	EUR	0.811712	PLINK2_1KG_DIRECT
RS1264353	RS1049633	EUR	0.811712	PLINK2_1KG_DIRECT
RS1264353	RS1264313	EUR	0.811712	PLINK2_1KG_DIRECT
RS1264353	RS1264312	EUR	0.811712	PLINK2_1KG_DIRECT
RS1264353	RS1264310	EUR	0.777357	PLINK2_1KG_DIRECT
RS1264353	RS886420	EUR	0.823226	PLINK2_1KG_DIRECT
RS1264353	RS1264308	EUR	0.811712	PLINK2_1KG_DIRECT
RS1264353	RS1264304	EUR	0.811712	PLINK2_1KG_DIRECT
RS1264353	RS4678	EUR	0.368685	PLINK2_1KG_DIRECT
RS1264353	RS3094088	EUR	0.811712	PLINK2_1KG_DIRECT
RS1264353	RS3095155	EUR	0.811712	PLINK2_1KG_DIRECT
RS1264353	RS3095154	EUR	0.368685	PLINK2_1KG_DIRECT
RS1264353	RS3095153	EUR	0.644649	PLINK2_1KG_DIRECT
RS1264353	RS3131787	EUR	0.368685	PLINK2_1KG_DIRECT
RS1264353	RS3095152	EUR	0.644649	PLINK2_1KG_DIRECT
RS1264353	RS3095151	EUR	0.368685	PLINK2_1KG_DIRECT
RS1264353	RS3131921	EUR	0.588618	PLINK2_1KG_DIRECT
RS1264353	RS3132581	EUR	0.652303	PLINK2_1KG_DIRECT
RS1264353	RS3130781	EUR	0.365716	PLINK2_1KG_DIRECT
RS1264353	RS3130782	EUR	0.408987	PLINK2_1KG_DIRECT
RS1264353	RS3094086	EUR	0.652303	PLINK2_1KG_DIRECT
RS1264353	RS3132580	EUR	0.652303	PLINK2_1KG_DIRECT
RS1264353	RS3131934	EUR	0.569727	PLINK2_1KG_DIRECT
RS1264353	RS3131783	EUR	0.478651	PLINK2_1KG_DIRECT
RS1264353	RS2532923	EUR	0.464042	PLINK2_1KG_DIRECT
RS1264353	RS3095089	EUR	0.390954	PLINK2_1KG_DIRECT
RS1264353	RS3131781	EUR	0.74286	PLINK2_1KG_DIRECT
RS1264353	RS3132579	EUR	0.439963	PLINK2_1KG_DIRECT
RS1264353	RS3094084	EUR	0.444498	PLINK2_1KG_DIRECT
RS1264353	RS1634714	EUR	0.439963	PLINK2_1KG_DIRECT
RS1264353	RS1632864	EUR	0.439963	PLINK2_1KG_DIRECT
RS1264353	RS1634716	EUR	0.74286	PLINK2_1KG_DIRECT
RS1264353	RS1632855	EUR	0.439963	PLINK2_1KG_DIRECT
RS1264353	RS1634721	EUR	0.74286	PLINK2_1KG_DIRECT
RS1264353	RS1634726	EUR	0.74286	PLINK2_1KG_DIRECT
RS1264353	RS1345230	EUR	0.439963	PLINK2_1KG_DIRECT
RS1264353	RS1628680	EUR	0.444498	PLINK2_1KG_DIRECT
RS1264353	RS1419664	EUR	0.403873	PLINK2_1KG_DIRECT
RS1264353	RS2517546	EUR	0.578999	PLINK2_1KG_DIRECT
RS1264353	RS3130574	EUR	0.660859	PLINK2_1KG_DIRECT
RS1264353	RS3131920	EUR	0.660859	PLINK2_1KG_DIRECT
RS1264353	RS2844642	EUR	0.493882	PLINK2_1KG_DIRECT
RS1264353	RS3131788	EUR	0.625703	PLINK2_1KG_DIRECT
RS1264353	RS3094671	EUR	0.625703	PLINK2_1KG_DIRECT
RS1264353	RS3132564	EUR	0.101379	PLINK2_1KG_DIRECT
RS1264353	RS3095311	EUR	0.625703	PLINK2_1KG_DIRECT
RS1264353	RS3130955	EUR	0.1271	PLINK2_1KG_DIRECT
RS1264353	RS3130544	EUR	0.660859	PLINK2_1KG_DIRECT
RS1264353	RS2535296	EUR	0.44072	PLINK2_1KG_DIRECT
RS1264353	RS3094087	EUR	0.533573	PLINK2_1KG_DIRECT
RS1264353	RS3130968	EUR	0.539685	PLINK2_1KG_DIRECT
RS1264353	RS3132556	EUR	0.315666	PLINK2_1KG_DIRECT
RS1264353	RS2233980	EUR	0.625703	PLINK2_1KG_DIRECT
RS1264353	RS2233974	EUR	0.338074	PLINK2_1KG_DIRECT
RS1264353	RS2233956	EUR	0.310311	PLINK2_1KG_DIRECT
RS1264353	RS3094222	EUR	0.61742	PLINK2_1KG_DIRECT
RS1264353	RS3130985	EUR	0.61742	PLINK2_1KG_DIRECT
RS1264353	RS3130557	EUR	0.625703	PLINK2_1KG_DIRECT
RS1264353	RS3132541	EUR	0.625703	PLINK2_1KG_DIRECT
RS1264353	RS3130562	EUR	0.625703	PLINK2_1KG_DIRECT
RS1264353	RS3130566	EUR	0.571462	PLINK2_1KG_DIRECT
RS1264353	RS3132566	EUR	0.571462	PLINK2_1KG_DIRECT
RS1264353	RS3094669	EUR	0.571462	PLINK2_1KG_DIRECT
RS1264353	RS3131010	EUR	0.571462	PLINK2_1KG_DIRECT
RS1264353	RS1265092	EUR	0.146746	PLINK2_1KG_DIRECT
RS1264353	RS1265087	EUR	0.149839	PLINK2_1KG_DIRECT
RS1264353	RS2523833	EUR	0.149839	PLINK2_1KG_DIRECT
RS1264353	RS1576	EUR	0.149839	PLINK2_1KG_DIRECT
RS1264353	RS1265079	EUR	0.149839	PLINK2_1KG_DIRECT
RS1264353	RS1265078	EUR	0.149839	PLINK2_1KG_DIRECT
RS1264353	RS130079	EUR	0.278668	PLINK2_1KG_DIRECT
RS1264353	RS1265076	EUR	0.149839	PLINK2_1KG_DIRECT
RS1264353	RS746646	EUR	0.149058	PLINK2_1KG_DIRECT
RS1264353	RS746647	EUR	0.149058	PLINK2_1KG_DIRECT
RS1264353	RS1265071	EUR	0.278668	PLINK2_1KG_DIRECT
RS1264353	RS1265069	EUR	0.149839	PLINK2_1KG_DIRECT
RS1264353	RS1265067	EUR	0.149839	PLINK2_1KG_DIRECT
RS1264353	RS130071	EUR	0.180677	PLINK2_1KG_DIRECT
RS1264353	RS1265114	EUR	0.149839	PLINK2_1KG_DIRECT
RS1264353	RS1265112	EUR	0.149839	PLINK2_1KG_DIRECT
RS1264353	RS2517985	EUR	0.149839	PLINK2_1KG_DIRECT
RS1264353	RS1265111	EUR	0.149839	PLINK2_1KG_DIRECT
RS1264353	RS3094662	EUR	0.300249	PLINK2_1KG_DIRECT
RS1264353	RS130076	EUR	0.302334	PLINK2_1KG_DIRECT
RS1264353	RS130065	EUR	0.298185	PLINK2_1KG_DIRECT
RS1264353	RS720466	EUR	0.271391	PLINK2_1KG_DIRECT
RS1264353	RS3130455	EUR	0.300249	PLINK2_1KG_DIRECT
RS1264353	RS1150765	EUR	0.271391	PLINK2_1KG_DIRECT
RS1264353	RS7750641	EUR	0.625703	PLINK2_1KG_DIRECT
RS1264353	RS1062630	EUR	0.280533	PLINK2_1KG_DIRECT
RS1264353	RS1265159	EUR	0.279362	PLINK2_1KG_DIRECT
RS1264353	RS887468	EUR	0.222938	PLINK2_1KG_DIRECT
RS1264353	RS3132514	EUR	0.415229	PLINK2_1KG_DIRECT
RS1264353	RS887465	EUR	0.294121	PLINK2_1KG_DIRECT
RS1264353	RS3130505	EUR	0.223299	PLINK2_1KG_DIRECT
RS1264353	RS3130457	EUR	0.294121	PLINK2_1KG_DIRECT
RS1264353	RS3130507	EUR	0.228786	PLINK2_1KG_DIRECT
RS1264353	RS3131016	EUR	0.226019	PLINK2_1KG_DIRECT
RS1264353	RS3134788	EUR	0.220623	PLINK2_1KG_DIRECT
RS1264353	RS3095240	EUR	0.220623	PLINK2_1KG_DIRECT
RS1264353	RS3130458	EUR	0.220623	PLINK2_1KG_DIRECT
RS1264353	RS3130510	EUR	0.294121	PLINK2_1KG_DIRECT
RS1264353	RS3130459	EUR	0.294121	PLINK2_1KG_DIRECT
RS1264353	RS1265181	EUR	0.326804	PLINK2_1KG_DIRECT
RS1264353	RS1265178	EUR	0.326804	PLINK2_1KG_DIRECT
RS1264353	RS1265177	EUR	0.326804	PLINK2_1KG_DIRECT
RS1264353	RS3134786	EUR	0.220623	PLINK2_1KG_DIRECT
RS1264353	RS3094612	EUR	0.226019	PLINK2_1KG_DIRECT
RS1264353	RS1049281	EUR	0.13459	PLINK2_1KG_DIRECT
RS1264353	RS2394961	EUR	0.13459	PLINK2_1KG_DIRECT
RS1264353	RS1130935	EUR	0.132218	PLINK2_1KG_DIRECT
RS1264353	RS9264638	EUR	0.13459	PLINK2_1KG_DIRECT
RS1264353	RS2844622	EUR	0.128218	PLINK2_1KG_DIRECT
RS1264353	RS2523599	EUR	0.119471	PLINK2_1KG_DIRECT
RS1264353	RS2524080	EUR	0.16282	PLINK2_1KG_DIRECT
RS1264353	RS2844612	EUR	0.144295	PLINK2_1KG_DIRECT
RS1264353	RS2844611	EUR	0.144295	PLINK2_1KG_DIRECT
RS1264353	RS2524074	EUR	0.144295	PLINK2_1KG_DIRECT
RS1264353	RS2853944	EUR	0.144295	PLINK2_1KG_DIRECT
RS1264353	RS2524054	EUR	0.1987	PLINK2_1KG_DIRECT
RS1264353	RS2853928	EUR	0.1987	PLINK2_1KG_DIRECT
RS1264353	RS2524143	EUR	0.1987	PLINK2_1KG_DIRECT
RS1264353	RS2524142	EUR	0.197294	PLINK2_1KG_DIRECT
RS1264353	RS2524139	EUR	0.197294	PLINK2_1KG_DIRECT
RS1264353	RS2524137	EUR	0.160422	PLINK2_1KG_DIRECT
RS1264353	RS2524129	EUR	0.1987	PLINK2_1KG_DIRECT
RS1264353	RS2247056	EUR	0.1987	PLINK2_1KG_DIRECT
RS1264353	RS2524060	EUR	0.1987	PLINK2_1KG_DIRECT
RS1264353	RS6457374	EUR	0.20012	PLINK2_1KG_DIRECT
RS1264353	RS1634741	EUR	0.147698	PLINK2_1KG_DIRECT
RS1264353	RS9265628	EUR	0.16185	PLINK2_1KG_DIRECT
RS1264353	RS9266043	EUR	0.136254	PLINK2_1KG_DIRECT
RS1264353	RS2523583	EUR	0.20012	PLINK2_1KG_DIRECT
RS1264353	RS2507976	EUR	0.11151	PLINK2_1KG_DIRECT
RS1264353	RS2471960	EUR	0.103272	PLINK2_1KG_DIRECT
RS1264353	RS1264353	EAS	1	PLINK2_1KG_DIRECT
RS1264353	RS9262174	EAS	0.122388	PLINK2_1KG_DIRECT
RS1264353	RS3095338	EAS	0.122388	PLINK2_1KG_DIRECT
RS1264353	RS3094118	EAS	1	PLINK2_1KG_DIRECT
RS1264353	RS3095336	EAS	1	PLINK2_1KG_DIRECT
RS1264353	RS3132605	EAS	1	PLINK2_1KG_DIRECT
RS1264353	RS3095334	EAS	1	PLINK2_1KG_DIRECT
RS1264353	RS3130669	EAS	1	PLINK2_1KG_DIRECT
RS1264353	RS3130670	EAS	1	PLINK2_1KG_DIRECT
RS1264353	RS3132603	EAS	1	PLINK2_1KG_DIRECT
RS1264353	RS3129977	EAS	0.598806	PLINK2_1KG_DIRECT
RS1264353	RS3129978	EAS	1	PLINK2_1KG_DIRECT
RS1264353	RS3130673	EAS	1	PLINK2_1KG_DIRECT
RS1264353	RS3132599	EAS	1	PLINK2_1KG_DIRECT
RS1264353	RS3095333	EAS	1	PLINK2_1KG_DIRECT
RS1264353	RS3131041	EAS	1	PLINK2_1KG_DIRECT
RS1264353	RS3129980	EAS	1	PLINK2_1KG_DIRECT
RS1264353	RS3131044	EAS	1	PLINK2_1KG_DIRECT
RS1264353	RS3131045	EAS	1	PLINK2_1KG_DIRECT
RS1264353	RS3129981	EAS	1	PLINK2_1KG_DIRECT
RS1264353	RS3131047	EAS	1	PLINK2_1KG_DIRECT
RS1264353	RS3131048	EAS	1	PLINK2_1KG_DIRECT
RS1264353	RS3131049	EAS	1	PLINK2_1KG_DIRECT
RS1264353	RS3131050	EAS	1	PLINK2_1KG_DIRECT
RS1264353	RS3129982	EAS	1	PLINK2_1KG_DIRECT
RS1264353	RS3131052	EAS	0.749254	PLINK2_1KG_DIRECT
RS1264353	RS3129983	EAS	1	PLINK2_1KG_DIRECT
RS1264353	RS9262200	EAS	1	PLINK2_1KG_DIRECT
RS1264353	RS9262202	EAS	1	PLINK2_1KG_DIRECT
RS1264353	RS9262203	EAS	1	PLINK2_1KG_DIRECT
RS1264353	RS9262204	EAS	1	PLINK2_1KG_DIRECT
RS1264353	RS3131054	EAS	1	PLINK2_1KG_DIRECT
RS1264353	RS3131055	EAS	1	PLINK2_1KG_DIRECT
RS1264353	RS3131058	EAS	1	PLINK2_1KG_DIRECT
RS1264353	RS3129985	EAS	1	PLINK2_1KG_DIRECT
RS1264353	RS3131060	EAS	0.749254	PLINK2_1KG_DIRECT
RS1264353	RS3130641	EAS	1	PLINK2_1KG_DIRECT
RS1264353	RS1264377	EAS	0.104478	PLINK2_1KG_DIRECT
RS1264353	RS1264376	EAS	0.108458	PLINK2_1KG_DIRECT
RS1264353	RS1264361	EAS	1	PLINK2_1KG_DIRECT
RS1264353	RS886425	EAS	1	PLINK2_1KG_DIRECT
RS1264353	RS886424	EAS	1	PLINK2_1KG_DIRECT
RS1264353	RS1264356	EAS	1	PLINK2_1KG_DIRECT
RS1264353	RS3132514	EAS	0.133786	PLINK2_1KG_DIRECT
RS4460848	RS4460848	EUR	1	PLINK2_1KG_DIRECT
RS4460848	RS4275659	EUR	0.75905	PLINK2_1KG_DIRECT
RS4460848	RS61955196	EUR	0.767456	PLINK2_1KG_DIRECT
RS4460848	RS7296418	EUR	0.769085	PLINK2_1KG_DIRECT
RS4460848	RS883562	EUR	0.783362	PLINK2_1KG_DIRECT
RS4460848	RS883563	EUR	0.680087	PLINK2_1KG_DIRECT
RS4460848	RS884956	EUR	0.783362	PLINK2_1KG_DIRECT
RS4460848	RS3759115	EUR	0.783362	PLINK2_1KG_DIRECT
RS4460848	RS55742290	EUR	0.783362	PLINK2_1KG_DIRECT
RS4460848	RS3741530	EUR	0.783362	PLINK2_1KG_DIRECT
RS4460848	RS1463877	EUR	0.725744	PLINK2_1KG_DIRECT
RS4460848	RS7135296	EUR	0.780689	PLINK2_1KG_DIRECT
RS4460848	RS937564	EUR	0.725744	PLINK2_1KG_DIRECT
RS4460848	RS61955214	EUR	0.66232	PLINK2_1KG_DIRECT
RS4460848	RS1984658	EUR	0.784408	PLINK2_1KG_DIRECT
RS4460848	RS883263	EUR	0.725744	PLINK2_1KG_DIRECT
RS4460848	RS28755851	EUR	0.778588	PLINK2_1KG_DIRECT
RS4460848	RS7305511	EUR	0.780689	PLINK2_1KG_DIRECT
RS4460848	RS12425850	EUR	0.78815	PLINK2_1KG_DIRECT
RS4460848	RS12425009	EUR	0.78815	PLINK2_1KG_DIRECT
RS4460848	RS641760	EUR	0.725744	PLINK2_1KG_DIRECT
RS4460848	RS11613937	EUR	0.77811	PLINK2_1KG_DIRECT
RS4460848	RS520088	EUR	0.725744	PLINK2_1KG_DIRECT
RS4460848	RS655293	EUR	0.725744	PLINK2_1KG_DIRECT
RS4460848	RS11608811	EUR	0.783362	PLINK2_1KG_DIRECT
RS4460848	RS10773921	EUR	0.780689	PLINK2_1KG_DIRECT
RS4460848	RS7957096	EUR	0.783362	PLINK2_1KG_DIRECT
RS4460848	RS585522	EUR	0.684363	PLINK2_1KG_DIRECT
RS4460848	RS4148862	EUR	0.778588	PLINK2_1KG_DIRECT
RS4460848	RS4148863	EUR	0.78815	PLINK2_1KG_DIRECT
RS4460848	RS10848428	EUR	0.783362	PLINK2_1KG_DIRECT
RS4460848	RS1727307	EUR	0.778588	PLINK2_1KG_DIRECT
RS4460848	RS1790094	EUR	0.777584	PLINK2_1KG_DIRECT
RS4460848	RS1617156	EUR	0.734371	PLINK2_1KG_DIRECT
RS4460848	RS1790106	EUR	0.780689	PLINK2_1KG_DIRECT
RS4460848	RS7299943	EUR	0.654165	PLINK2_1KG_DIRECT
RS4460848	RS949143	EUR	0.78815	PLINK2_1KG_DIRECT
RS4460848	RS1790121	EUR	0.784408	PLINK2_1KG_DIRECT
RS4460848	RS1790122	EUR	0.784408	PLINK2_1KG_DIRECT
RS4460848	RS2510885	EUR	0.765337	PLINK2_1KG_DIRECT
RS4460848	RS1790119	EUR	0.765337	PLINK2_1KG_DIRECT
RS4460848	RS1727294	EUR	0.765337	PLINK2_1KG_DIRECT
RS4460848	RS1727295	EUR	0.783339	PLINK2_1KG_DIRECT
RS4460848	RS1790116	EUR	0.765337	PLINK2_1KG_DIRECT
RS4460848	RS1727316	EUR	0.765337	PLINK2_1KG_DIRECT
RS4460848	RS78856743	EUR	0.12439	PLINK2_1KG_DIRECT
RS4460848	RS1616131	EUR	0.760949	PLINK2_1KG_DIRECT
RS4460848	RS1616181	EUR	0.760949	PLINK2_1KG_DIRECT
RS4460848	RS1727318	EUR	0.760949	PLINK2_1KG_DIRECT
RS4460848	RS2851441	EUR	0.760949	PLINK2_1KG_DIRECT
RS4460848	RS1611973	EUR	0.841281	PLINK2_1KG_DIRECT
RS4460848	RS2695482	EUR	0.760949	PLINK2_1KG_DIRECT
RS4460848	RS1106241	EUR	0.760949	PLINK2_1KG_DIRECT
RS4460848	RS77250160	EUR	0.12439	PLINK2_1KG_DIRECT
RS4460848	RS1569068	EUR	0.760949	PLINK2_1KG_DIRECT
RS4460848	RS58991895	EUR	0.12439	PLINK2_1KG_DIRECT
RS4460848	RS1727302	EUR	0.975382	PLINK2_1KG_DIRECT
RS4460848	RS74703625	EUR	0.12439	PLINK2_1KG_DIRECT
RS4460848	RS1727305	EUR	0.841281	PLINK2_1KG_DIRECT
RS4460848	RS1790090	EUR	0.760949	PLINK2_1KG_DIRECT
RS4460848	RS949142	EUR	0.760949	PLINK2_1KG_DIRECT
RS4460848	RS884548	EUR	0.760949	PLINK2_1KG_DIRECT
RS4460848	RS1790108	EUR	0.765337	PLINK2_1KG_DIRECT
RS4460848	RS1716184	EUR	0.841281	PLINK2_1KG_DIRECT
RS4460848	RS1790109	EUR	0.765337	PLINK2_1KG_DIRECT
RS4460848	RS1716185	EUR	0.765337	PLINK2_1KG_DIRECT
RS4460848	RS1627724	EUR	0.765337	PLINK2_1KG_DIRECT
RS4460848	RS1727315	EUR	0.765337	PLINK2_1KG_DIRECT
RS4460848	RS61187102	EUR	0.12439	PLINK2_1KG_DIRECT
RS4460848	RS1727314	EUR	0.765337	PLINK2_1KG_DIRECT
RS4460848	RS1051434	EUR	0.841281	PLINK2_1KG_DIRECT
RS4460848	RS1716162	EUR	0.443195	PLINK2_1KG_DIRECT
RS4460848	RS2682429	EUR	0.765337	PLINK2_1KG_DIRECT
RS4460848	RS2695481	EUR	0.765337	PLINK2_1KG_DIRECT
RS4460848	RS2851438	EUR	0.765337	PLINK2_1KG_DIRECT
RS4460848	RS61041384	EUR	0.12439	PLINK2_1KG_DIRECT
RS4460848	RS1047158	EUR	0.765337	PLINK2_1KG_DIRECT
RS4460848	RS1051431	EUR	0.765337	PLINK2_1KG_DIRECT
RS4460848	RS1727296	EUR	0.765337	PLINK2_1KG_DIRECT
RS4460848	RS1727293	EUR	0.841281	PLINK2_1KG_DIRECT
RS4460848	RS1716165	EUR	0.765337	PLINK2_1KG_DIRECT
RS4460848	RS1615350	EUR	0.980356	PLINK2_1KG_DIRECT
RS4460848	RS1618679	EUR	0.765337	PLINK2_1KG_DIRECT
RS4460848	RS1621194	EUR	0.765337	PLINK2_1KG_DIRECT
RS4460848	RS1716167	EUR	0.765337	PLINK2_1KG_DIRECT
RS4460848	RS1716168	EUR	0.760949	PLINK2_1KG_DIRECT
RS4460848	RS2682426	EUR	0.775093	PLINK2_1KG_DIRECT
RS4460848	RS2950537	EUR	0.775093	PLINK2_1KG_DIRECT
RS4460848	RS3018098	EUR	0.775093	PLINK2_1KG_DIRECT
RS4460848	RS1716177	EUR	0.761956	PLINK2_1KG_DIRECT
RS4460848	RS1716176	EUR	0.761956	PLINK2_1KG_DIRECT
RS4460848	RS1790098	EUR	0.761956	PLINK2_1KG_DIRECT
RS4460848	RS1790100	EUR	0.775093	PLINK2_1KG_DIRECT
RS4460848	RS2049114	EUR	0.7576	PLINK2_1KG_DIRECT
RS4460848	RS1716175	EUR	0.7576	PLINK2_1KG_DIRECT
RS4460848	RS79652218	EUR	0.140545	PLINK2_1KG_DIRECT
RS4460848	RS1716173	EUR	0.74892	PLINK2_1KG_DIRECT
RS4460848	RS1790124	EUR	0.780035	PLINK2_1KG_DIRECT
RS4460848	RS1716164	EUR	0.780035	PLINK2_1KG_DIRECT
RS4460848	RS1727300	EUR	0.780035	PLINK2_1KG_DIRECT
RS4460848	RS2851447	EUR	0.995036	PLINK2_1KG_DIRECT
RS4460848	RS1790125	EUR	0.762538	PLINK2_1KG_DIRECT
RS4460848	RS1727306	EUR	0.762538	PLINK2_1KG_DIRECT
RS4460848	RS12229700	EUR	0.849135	PLINK2_1KG_DIRECT
RS4460848	RS10846478	EUR	0.762538	PLINK2_1KG_DIRECT
RS4460848	RS2851436	EUR	0.762538	PLINK2_1KG_DIRECT
RS4460848	RS1790105	EUR	0.762538	PLINK2_1KG_DIRECT
RS4460848	RS1616484	EUR	0.849135	PLINK2_1KG_DIRECT
RS4460848	RS1615694	EUR	0.762538	PLINK2_1KG_DIRECT
RS4460848	RS1790135	EUR	1	PLINK2_1KG_DIRECT
RS4460848	RS1716159	EUR	0.762538	PLINK2_1KG_DIRECT
RS4460848	RS1716158	EUR	0.762538	PLINK2_1KG_DIRECT
RS4460848	RS1716157	EUR	0.762538	PLINK2_1KG_DIRECT
RS4460848	RS1716156	EUR	0.762538	PLINK2_1KG_DIRECT
RS4460848	RS10772995	EUR	0.762538	PLINK2_1KG_DIRECT
RS4460848	RS1790087	EUR	0.762538	PLINK2_1KG_DIRECT
RS4460848	RS1790088	EUR	0.849135	PLINK2_1KG_DIRECT
RS4460848	RS2947099	EUR	0.780035	PLINK2_1KG_DIRECT
RS4460848	RS2102949	EUR	1	PLINK2_1KG_DIRECT
RS4460848	RS1727286	EUR	0.849135	PLINK2_1KG_DIRECT
RS4460848	RS1790095	EUR	0.780035	PLINK2_1KG_DIRECT
RS4460848	RS1716180	EUR	1	PLINK2_1KG_DIRECT
RS4460848	RS11610710	EUR	0.849135	PLINK2_1KG_DIRECT
RS4460848	RS1790126	EUR	0.780035	PLINK2_1KG_DIRECT
RS4460848	RS1716182	EUR	0.780035	PLINK2_1KG_DIRECT
RS4460848	RS1402274	EUR	0.780035	PLINK2_1KG_DIRECT
RS4460848	RS11057189	EUR	1	PLINK2_1KG_DIRECT
RS4460848	RS1790129	EUR	0.849135	PLINK2_1KG_DIRECT
RS4460848	RS1727290	EUR	0.780035	PLINK2_1KG_DIRECT
RS4460848	RS11057192	EUR	0.780035	PLINK2_1KG_DIRECT
RS4460848	RS2851443	EUR	1	PLINK2_1KG_DIRECT
RS4460848	RS2682434	EUR	0.780035	PLINK2_1KG_DIRECT
RS4460848	RS10744148	EUR	0.780035	PLINK2_1KG_DIRECT
RS4460848	RS3018099	EUR	1	PLINK2_1KG_DIRECT
RS4460848	RS4372492	EUR	0.780035	PLINK2_1KG_DIRECT
RS4460848	RS10772996	EUR	0.780035	PLINK2_1KG_DIRECT
RS4460848	RS1790134	EUR	0.849135	PLINK2_1KG_DIRECT
RS4460848	RS1727325	EUR	0.780035	PLINK2_1KG_DIRECT
RS4460848	RS1727323	EUR	0.780035	PLINK2_1KG_DIRECT
RS4460848	RS1716160	EUR	0.780035	PLINK2_1KG_DIRECT
RS4460848	RS1727320	EUR	0.780035	PLINK2_1KG_DIRECT
RS4460848	RS1790131	EUR	0.780035	PLINK2_1KG_DIRECT
RS4460848	RS1790130	EUR	0.780035	PLINK2_1KG_DIRECT
RS4460848	RS1727319	EUR	0.990108	PLINK2_1KG_DIRECT
RS4460848	RS2851451	EUR	0.780035	PLINK2_1KG_DIRECT
RS4460848	RS2682431	EUR	0.780035	PLINK2_1KG_DIRECT
RS4460848	RS2851450	EUR	0.780035	PLINK2_1KG_DIRECT
RS4460848	RS2682430	EUR	0.780035	PLINK2_1KG_DIRECT
RS4460848	RS1716178	EUR	0.8531	PLINK2_1KG_DIRECT
RS4460848	RS1790101	EUR	0.775093	PLINK2_1KG_DIRECT
RS4460848	RS1790102	EUR	0.780035	PLINK2_1KG_DIRECT
RS4460848	RS1630693	EUR	0.780035	PLINK2_1KG_DIRECT
RS4460848	RS1630905	EUR	0.775644	PLINK2_1KG_DIRECT
RS4460848	RS1626899	EUR	0.780035	PLINK2_1KG_DIRECT
RS4460848	RS10744149	EUR	0.780035	PLINK2_1KG_DIRECT
RS4460848	RS1790104	EUR	0.849135	PLINK2_1KG_DIRECT
RS4460848	RS10846486	EUR	0.780035	PLINK2_1KG_DIRECT
RS4460848	RS1790096	EUR	0.849135	PLINK2_1KG_DIRECT
RS4460848	RS1626703	EUR	0.667821	PLINK2_1KG_DIRECT
RS4460848	RS1716172	EUR	0.746631	PLINK2_1KG_DIRECT
RS4460848	RS1727334	EUR	0.733211	PLINK2_1KG_DIRECT
RS4460848	RS941306	EUR	0.733211	PLINK2_1KG_DIRECT
RS4460848	RS941305	EUR	0.733211	PLINK2_1KG_DIRECT
RS4460848	RS1716171	EUR	0.733211	PLINK2_1KG_DIRECT
RS4460848	RS1716170	EUR	0.733211	PLINK2_1KG_DIRECT
RS4460848	RS1619283	EUR	0.795119	PLINK2_1KG_DIRECT
RS4460848	RS1727332	EUR	0.927505	PLINK2_1KG_DIRECT
RS4460848	RS1727331	EUR	0.913454	PLINK2_1KG_DIRECT
RS4460848	RS7304782	EUR	0.908932	PLINK2_1KG_DIRECT
RS4460848	RS7139321	EUR	0.679347	PLINK2_1KG_DIRECT
RS4460848	RS4759409	EUR	0.715281	PLINK2_1KG_DIRECT
RS4460848	RS10772997	EUR	0.913454	PLINK2_1KG_DIRECT
RS4460848	RS111818294	EUR	0.111768	PLINK2_1KG_DIRECT
RS4460848	RS11057202	EUR	0.908558	PLINK2_1KG_DIRECT
RS4460848	RS10772998	EUR	0.710961	PLINK2_1KG_DIRECT
RS4460848	RS10744150	EUR	0.908558	PLINK2_1KG_DIRECT
RS4460848	RS10744151	EUR	0.903676	PLINK2_1KG_DIRECT
RS4460848	RS11057204	EUR	0.706652	PLINK2_1KG_DIRECT
RS4460848	RS11057205	EUR	0.903676	PLINK2_1KG_DIRECT
RS4460848	RS34841857	EUR	0.670042	PLINK2_1KG_DIRECT
RS4460848	RS10846487	EUR	0.706652	PLINK2_1KG_DIRECT
RS4460848	RS7313483	EUR	0.706652	PLINK2_1KG_DIRECT
RS4460848	RS1879379	EUR	0.670042	PLINK2_1KG_DIRECT
RS4460848	RS10772999	EUR	0.903676	PLINK2_1KG_DIRECT
RS4460848	RS7137286	EUR	0.903676	PLINK2_1KG_DIRECT
RS4460848	RS11057206	EUR	0.702093	PLINK2_1KG_DIRECT
RS4460848	RS11057207	EUR	0.899157	PLINK2_1KG_DIRECT
RS4460848	RS11532322	EUR	0.899157	PLINK2_1KG_DIRECT
RS4460848	RS2337630	EUR	0.667017	PLINK2_1KG_DIRECT
RS4460848	RS2337631	EUR	0.667017	PLINK2_1KG_DIRECT
RS4460848	RS11057209	EUR	0.899157	PLINK2_1KG_DIRECT
RS4460848	RS11057210	EUR	0.702093	PLINK2_1KG_DIRECT
RS4460848	RS4268544	EUR	0.702093	PLINK2_1KG_DIRECT
RS4460848	RS1609520	EUR	0.899157	PLINK2_1KG_DIRECT
RS4460848	RS10773000	EUR	0.562084	PLINK2_1KG_DIRECT
RS4460848	RS1568427	EUR	0.903676	PLINK2_1KG_DIRECT
RS4460848	RS1568428	EUR	0.704501	PLINK2_1KG_DIRECT
RS4460848	RS10773001	EUR	0.706652	PLINK2_1KG_DIRECT
RS4460848	RS1969354	EUR	0.706652	PLINK2_1KG_DIRECT
RS4460848	RS1969355	EUR	0.903676	PLINK2_1KG_DIRECT
RS4460848	RS1533703	EUR	0.706652	PLINK2_1KG_DIRECT
RS4460848	RS4759371	EUR	0.710961	PLINK2_1KG_DIRECT
RS4460848	RS10734900	EUR	0.908558	PLINK2_1KG_DIRECT
RS4460848	RS10734901	EUR	0.908558	PLINK2_1KG_DIRECT
RS4460848	RS4759415	EUR	0.710961	PLINK2_1KG_DIRECT
RS4460848	RS10732573	EUR	0.908558	PLINK2_1KG_DIRECT
RS4460848	RS10846489	EUR	0.705969	PLINK2_1KG_DIRECT
RS4460848	RS1980251	EUR	0.908558	PLINK2_1KG_DIRECT
RS4460848	RS1980252	EUR	0.710961	PLINK2_1KG_DIRECT
RS4460848	RS2337934	EUR	0.710961	PLINK2_1KG_DIRECT
RS4460848	RS4759416	EUR	0.702093	PLINK2_1KG_DIRECT
RS4460848	RS4759417	EUR	0.706399	PLINK2_1KG_DIRECT
RS4460848	RS10773002	EUR	0.904038	PLINK2_1KG_DIRECT
RS4460848	RS4553407	EUR	0.707747	PLINK2_1KG_DIRECT
RS4460848	RS1402275	EUR	0.706399	PLINK2_1KG_DIRECT
RS4460848	RS10846491	EUR	0.693092	PLINK2_1KG_DIRECT
RS4460848	RS1109559	EUR	0.7092	PLINK2_1KG_DIRECT
RS4460848	RS7303754	EUR	0.702758	PLINK2_1KG_DIRECT
RS4460848	RS11057238	EUR	0.698069	PLINK2_1KG_DIRECT
RS4460848	RS7974099	EUR	0.688738	PLINK2_1KG_DIRECT
RS4460848	RS12582153	EUR	0.702758	PLINK2_1KG_DIRECT
RS4460848	RS11608305	EUR	0.702758	PLINK2_1KG_DIRECT
RS4460848	RS11057251	EUR	0.698069	PLINK2_1KG_DIRECT
RS4460848	RS2277343	EUR	0.702758	PLINK2_1KG_DIRECT
RS4460848	RS11057254	EUR	0.702758	PLINK2_1KG_DIRECT
RS4460848	RS11057261	EUR	0.702758	PLINK2_1KG_DIRECT
RS4460848	RS61388686	EUR	0.702758	PLINK2_1KG_DIRECT
RS4460848	RS28419092	EUR	0.702758	PLINK2_1KG_DIRECT
RS4460848	RS11611677	EUR	0.702758	PLINK2_1KG_DIRECT
RS4460848	RS11611680	EUR	0.702758	PLINK2_1KG_DIRECT
RS4460848	RS11057275	EUR	0.702758	PLINK2_1KG_DIRECT
RS4460848	RS11057276	EUR	0.702758	PLINK2_1KG_DIRECT
RS4460848	RS11608297	EUR	0.702758	PLINK2_1KG_DIRECT
RS4460848	RS56197170	EUR	0.702758	PLINK2_1KG_DIRECT
RS4460848	RS11057284	EUR	0.702758	PLINK2_1KG_DIRECT
RS4460848	RS35818434	EUR	0.702758	PLINK2_1KG_DIRECT
RS4460848	RS28631104	EUR	0.698069	PLINK2_1KG_DIRECT
RS4460848	RS78455769	EUR	0.702758	PLINK2_1KG_DIRECT
RS4460848	RS60835840	EUR	0.702758	PLINK2_1KG_DIRECT
RS4460848	RS28450974	EUR	0.702758	PLINK2_1KG_DIRECT
RS4460848	RS34032470	EUR	0.681242	PLINK2_1KG_DIRECT
RS4460848	RS28533432	EUR	0.670263	PLINK2_1KG_DIRECT
RS4460848	RS28825193	EUR	0.699565	PLINK2_1KG_DIRECT
RS4460848	RS28768122	EUR	0.870481	PLINK2_1KG_DIRECT
RS4460848	RS28574664	EUR	0.696391	PLINK2_1KG_DIRECT
RS4460848	RS28690326	EUR	0.674858	PLINK2_1KG_DIRECT
RS4460848	RS28496545	EUR	0.674858	PLINK2_1KG_DIRECT
RS4460848	RS61955125	EUR	0.674858	PLINK2_1KG_DIRECT
RS4460848	RS73216931	EUR	0.696391	PLINK2_1KG_DIRECT
RS4460848	RS28577594	EUR	0.763639	PLINK2_1KG_DIRECT
RS4460848	RS4460848	EAS	1	PLINK2_1KG_DIRECT
RS4460848	RS4275659	EAS	0.527516	PLINK2_1KG_DIRECT
RS4460848	RS61955196	EAS	0.544387	PLINK2_1KG_DIRECT
RS4460848	RS7296418	EAS	0.599358	PLINK2_1KG_DIRECT
RS4460848	RS883562	EAS	0.598064	PLINK2_1KG_DIRECT
RS4460848	RS883563	EAS	0.222261	PLINK2_1KG_DIRECT
RS4460848	RS884956	EAS	0.598064	PLINK2_1KG_DIRECT
RS4460848	RS3759115	EAS	0.600927	PLINK2_1KG_DIRECT
RS4460848	RS55742290	EAS	0.537311	PLINK2_1KG_DIRECT
RS4460848	RS3741530	EAS	0.598064	PLINK2_1KG_DIRECT
RS4460848	RS1463877	EAS	0.281931	PLINK2_1KG_DIRECT
RS4460848	RS7135296	EAS	0.589576	PLINK2_1KG_DIRECT
RS4460848	RS937564	EAS	0.288541	PLINK2_1KG_DIRECT
RS4460848	RS61955214	EAS	0.583553	PLINK2_1KG_DIRECT
RS4460848	RS1984658	EAS	0.595218	PLINK2_1KG_DIRECT
RS4460848	RS883263	EAS	0.28537	PLINK2_1KG_DIRECT
RS4460848	RS28755851	EAS	0.598064	PLINK2_1KG_DIRECT
RS4460848	RS7305511	EAS	0.598064	PLINK2_1KG_DIRECT
RS4460848	RS12425850	EAS	0.598064	PLINK2_1KG_DIRECT
RS4460848	RS12425009	EAS	0.598064	PLINK2_1KG_DIRECT
RS4460848	RS641760	EAS	0.281931	PLINK2_1KG_DIRECT
RS4460848	RS11613937	EAS	0.595218	PLINK2_1KG_DIRECT
RS4460848	RS520088	EAS	0.28537	PLINK2_1KG_DIRECT
RS4460848	RS655293	EAS	0.281931	PLINK2_1KG_DIRECT
RS4460848	RS11608811	EAS	0.598064	PLINK2_1KG_DIRECT
RS4460848	RS10773921	EAS	0.592389	PLINK2_1KG_DIRECT
RS4460848	RS7957096	EAS	0.603807	PLINK2_1KG_DIRECT
RS4460848	RS585522	EAS	0.222261	PLINK2_1KG_DIRECT
RS4460848	RS4148862	EAS	0.615501	PLINK2_1KG_DIRECT
RS4460848	RS4148863	EAS	0.609619	PLINK2_1KG_DIRECT
RS4460848	RS10848428	EAS	0.612551	PLINK2_1KG_DIRECT
RS4460848	RS1727307	EAS	0.618468	PLINK2_1KG_DIRECT
RS4460848	RS1790094	EAS	0.609619	PLINK2_1KG_DIRECT
RS4460848	RS1617156	EAS	0.288859	PLINK2_1KG_DIRECT
RS4460848	RS1790106	EAS	0.609619	PLINK2_1KG_DIRECT
RS4460848	RS7299943	EAS	0.288859	PLINK2_1KG_DIRECT
RS4460848	RS949143	EAS	0.611176	PLINK2_1KG_DIRECT
RS4460848	RS1790121	EAS	0.611176	PLINK2_1KG_DIRECT
RS4460848	RS1790122	EAS	0.611176	PLINK2_1KG_DIRECT
RS4460848	RS2510885	EAS	0.28537	PLINK2_1KG_DIRECT
RS4460848	RS1790119	EAS	0.281931	PLINK2_1KG_DIRECT
RS4460848	RS1727294	EAS	0.28537	PLINK2_1KG_DIRECT
RS4460848	RS1727295	EAS	0.711721	PLINK2_1KG_DIRECT
RS4460848	RS78856743	EAS	0.887377	PLINK2_1KG_DIRECT
RS4460848	RS1611973	EAS	0.711721	PLINK2_1KG_DIRECT
RS4460848	RS77250160	EAS	0.87312	PLINK2_1KG_DIRECT
RS4460848	RS58991895	EAS	0.892215	PLINK2_1KG_DIRECT
RS4460848	RS1727302	EAS	0.807345	PLINK2_1KG_DIRECT
RS4460848	RS74703625	EAS	0.892215	PLINK2_1KG_DIRECT
RS4460848	RS1727305	EAS	0.715247	PLINK2_1KG_DIRECT
RS4460848	RS1716184	EAS	0.715247	PLINK2_1KG_DIRECT
RS4460848	RS61187102	EAS	0.892215	PLINK2_1KG_DIRECT
RS4460848	RS1051434	EAS	0.708218	PLINK2_1KG_DIRECT
RS4460848	RS61041384	EAS	0.892215	PLINK2_1KG_DIRECT
RS4460848	RS1727293	EAS	0.708218	PLINK2_1KG_DIRECT
RS4460848	RS1615350	EAS	0.807345	PLINK2_1KG_DIRECT
RS4460848	RS79652218	EAS	0.990003	PLINK2_1KG_DIRECT
RS4460848	RS2851447	EAS	0.970172	PLINK2_1KG_DIRECT
RS4460848	RS12229700	EAS	0.817473	PLINK2_1KG_DIRECT
RS4460848	RS1616484	EAS	0.817473	PLINK2_1KG_DIRECT
RS4460848	RS1790135	EAS	1	PLINK2_1KG_DIRECT
RS4460848	RS1790088	EAS	0.817473	PLINK2_1KG_DIRECT
RS4460848	RS2102949	EAS	1	PLINK2_1KG_DIRECT
RS4460848	RS1727286	EAS	0.817473	PLINK2_1KG_DIRECT
RS4460848	RS1716180	EAS	1	PLINK2_1KG_DIRECT
RS4460848	RS11610710	EAS	0.817473	PLINK2_1KG_DIRECT
RS4460848	RS11057189	EAS	1	PLINK2_1KG_DIRECT
RS4460848	RS1790129	EAS	0.69986	PLINK2_1KG_DIRECT
RS4460848	RS2851443	EAS	0.994995	PLINK2_1KG_DIRECT
RS4460848	RS3018099	EAS	0.990003	PLINK2_1KG_DIRECT
RS4460848	RS1790134	EAS	0.812557	PLINK2_1KG_DIRECT
RS4460848	RS1727319	EAS	0.994995	PLINK2_1KG_DIRECT
RS4460848	RS1716178	EAS	0.813717	PLINK2_1KG_DIRECT
RS4460848	RS1790104	EAS	0.807656	PLINK2_1KG_DIRECT
RS4460848	RS1790096	EAS	0.807656	PLINK2_1KG_DIRECT
RS4460848	RS1626703	EAS	0.80277	PLINK2_1KG_DIRECT
RS4460848	RS1619283	EAS	0.794158	PLINK2_1KG_DIRECT
RS4460848	RS1727332	EAS	0.975075	PLINK2_1KG_DIRECT
RS4460848	RS1727331	EAS	0.906662	PLINK2_1KG_DIRECT
RS4460848	RS7304782	EAS	0.916382	PLINK2_1KG_DIRECT
RS4460848	RS7139321	EAS	0.737914	PLINK2_1KG_DIRECT
RS4460848	RS10772997	EAS	0.921334	PLINK2_1KG_DIRECT
RS4460848	RS111818294	EAS	0.911734	PLINK2_1KG_DIRECT
RS4460848	RS11057202	EAS	0.916528	PLINK2_1KG_DIRECT
RS4460848	RS10744150	EAS	0.921334	PLINK2_1KG_DIRECT
RS4460848	RS10744151	EAS	0.921334	PLINK2_1KG_DIRECT
RS4460848	RS11057205	EAS	0.921334	PLINK2_1KG_DIRECT
RS4460848	RS34841857	EAS	0.737914	PLINK2_1KG_DIRECT
RS4460848	RS1879379	EAS	0.737914	PLINK2_1KG_DIRECT
RS4460848	RS10772999	EAS	0.921334	PLINK2_1KG_DIRECT
RS4460848	RS7137286	EAS	0.916528	PLINK2_1KG_DIRECT
RS4460848	RS11057207	EAS	0.921334	PLINK2_1KG_DIRECT
RS4460848	RS11532322	EAS	0.921334	PLINK2_1KG_DIRECT
RS4460848	RS2337630	EAS	0.737914	PLINK2_1KG_DIRECT
RS4460848	RS2337631	EAS	0.737914	PLINK2_1KG_DIRECT
RS4460848	RS11057209	EAS	0.921334	PLINK2_1KG_DIRECT
RS4460848	RS1609520	EAS	0.859784	PLINK2_1KG_DIRECT
RS4460848	RS10773000	EAS	0.671804	PLINK2_1KG_DIRECT
RS4460848	RS1568427	EAS	0.916382	PLINK2_1KG_DIRECT
RS4460848	RS1568428	EAS	0.727042	PLINK2_1KG_DIRECT
RS4460848	RS1969355	EAS	0.859784	PLINK2_1KG_DIRECT
RS4460848	RS10734900	EAS	0.859784	PLINK2_1KG_DIRECT
RS4460848	RS10734901	EAS	0.859784	PLINK2_1KG_DIRECT
RS4460848	RS10732573	EAS	0.859784	PLINK2_1KG_DIRECT
RS4460848	RS10846489	EAS	0.682296	PLINK2_1KG_DIRECT
RS4460848	RS1980251	EAS	0.859784	PLINK2_1KG_DIRECT
RS4460848	RS10773002	EAS	0.906662	PLINK2_1KG_DIRECT
RS4460848	RS4553407	EAS	0.680992	PLINK2_1KG_DIRECT
RS4460848	RS1109559	EAS	0.677685	PLINK2_1KG_DIRECT
RS4460848	RS7303754	EAS	0.645822	PLINK2_1KG_DIRECT
RS4460848	RS11057238	EAS	0.610286	PLINK2_1KG_DIRECT
RS4460848	RS7974099	EAS	0.610286	PLINK2_1KG_DIRECT
RS4460848	RS12582153	EAS	0.610286	PLINK2_1KG_DIRECT
RS4460848	RS11608305	EAS	0.610286	PLINK2_1KG_DIRECT
RS4460848	RS11057251	EAS	0.610286	PLINK2_1KG_DIRECT
RS4460848	RS2277343	EAS	0.610286	PLINK2_1KG_DIRECT
RS4460848	RS11057254	EAS	0.613511	PLINK2_1KG_DIRECT
RS4460848	RS11057261	EAS	0.610286	PLINK2_1KG_DIRECT
RS4460848	RS61388686	EAS	0.605909	PLINK2_1KG_DIRECT
RS4460848	RS28419092	EAS	0.605909	PLINK2_1KG_DIRECT
RS4460848	RS11611677	EAS	0.605909	PLINK2_1KG_DIRECT
RS4460848	RS11611680	EAS	0.605909	PLINK2_1KG_DIRECT
RS4460848	RS11057275	EAS	0.605909	PLINK2_1KG_DIRECT
RS4460848	RS11057276	EAS	0.605909	PLINK2_1KG_DIRECT
RS4460848	RS11608297	EAS	0.605909	PLINK2_1KG_DIRECT
RS4460848	RS56197170	EAS	0.605909	PLINK2_1KG_DIRECT
RS4460848	RS11057284	EAS	0.605909	PLINK2_1KG_DIRECT
RS4460848	RS35818434	EAS	0.605909	PLINK2_1KG_DIRECT
RS4460848	RS28631104	EAS	0.610286	PLINK2_1KG_DIRECT
RS4460848	RS78455769	EAS	0.610286	PLINK2_1KG_DIRECT
RS4460848	RS60835840	EAS	0.607083	PLINK2_1KG_DIRECT
RS4460848	RS28450974	EAS	0.610286	PLINK2_1KG_DIRECT
RS4460848	RS34032470	EAS	0.605909	PLINK2_1KG_DIRECT
RS4460848	RS28533432	EAS	0.607083	PLINK2_1KG_DIRECT
RS4460848	RS28825193	EAS	0.610286	PLINK2_1KG_DIRECT
RS4460848	RS28768122	EAS	0.72888	PLINK2_1KG_DIRECT
RS4460848	RS28574664	EAS	0.584581	PLINK2_1KG_DIRECT
RS4460848	RS28690326	EAS	0.585798	PLINK2_1KG_DIRECT
RS4460848	RS28496545	EAS	0.585798	PLINK2_1KG_DIRECT
RS4460848	RS61955125	EAS	0.585798	PLINK2_1KG_DIRECT
RS4460848	RS73216931	EAS	0.585798	PLINK2_1KG_DIRECT
RS4460848	RS28577594	EAS	0.579643	PLINK2_1KG_DIRECT
RS4936215	RS4936215	EUR	1	PLINK2_1KG_DIRECT
RS4936215	RS329637	EUR	0.219172	PLINK2_1KG_DIRECT
RS4936215	RS73034263	EUR	0.60986	PLINK2_1KG_DIRECT
RS4936215	RS558709	EUR	0.208129	PLINK2_1KG_DIRECT
RS4936215	RS644854	EUR	0.208129	PLINK2_1KG_DIRECT
RS4936215	RS476821	EUR	0.208129	PLINK2_1KG_DIRECT
RS4936215	RS329641	EUR	0.208129	PLINK2_1KG_DIRECT
RS4936215	RS329642	EUR	0.214666	PLINK2_1KG_DIRECT
RS4936215	RS329646	EUR	0.208129	PLINK2_1KG_DIRECT
RS4936215	RS11223635	EUR	0.210396	PLINK2_1KG_DIRECT
RS4936215	RS91583	EUR	0.204023	PLINK2_1KG_DIRECT
RS4936215	RS689380	EUR	0.203871	PLINK2_1KG_DIRECT
RS4936215	RS500166	EUR	0.196607	PLINK2_1KG_DIRECT
RS4936215	RS688500	EUR	0.194084	PLINK2_1KG_DIRECT
RS4936215	RS502834	EUR	0.208129	PLINK2_1KG_DIRECT
RS4936215	RS507378	EUR	0.123374	PLINK2_1KG_DIRECT
RS4936215	RS695134	EUR	0.123374	PLINK2_1KG_DIRECT
RS4936215	RS564123	EUR	0.220256	PLINK2_1KG_DIRECT
RS4936215	RS73034295	EUR	0.731507	PLINK2_1KG_DIRECT
RS4936215	RS75059851	EUR	0.76761	PLINK2_1KG_DIRECT
RS4936215	RS3802924	EUR	0.799468	PLINK2_1KG_DIRECT
RS4936215	RS73036062	EUR	0.799468	PLINK2_1KG_DIRECT
RS4936215	RS73036063	EUR	0.804769	PLINK2_1KG_DIRECT
RS4936215	RS73036064	EUR	0.804769	PLINK2_1KG_DIRECT
RS4936215	RS3758927	EUR	0.794089	PLINK2_1KG_DIRECT
RS4936215	RS73036065	EUR	0.804769	PLINK2_1KG_DIRECT
RS4936215	RS10894771	EUR	0.710776	PLINK2_1KG_DIRECT
RS4936215	RS612823	EUR	0.397903	PLINK2_1KG_DIRECT
RS4936215	RS2000852	EUR	0.909003	PLINK2_1KG_DIRECT
RS4936215	RS2000853	EUR	0.909003	PLINK2_1KG_DIRECT
RS4936215	RS7122746	EUR	0.909003	PLINK2_1KG_DIRECT
RS4936215	RS7106806	EUR	0.909003	PLINK2_1KG_DIRECT
RS4936215	RS7106715	EUR	0.909003	PLINK2_1KG_DIRECT
RS4936215	RS11223646	EUR	0.909003	PLINK2_1KG_DIRECT
RS4936215	RS11223647	EUR	0.909003	PLINK2_1KG_DIRECT
RS4936215	RS7127156	EUR	0.909003	PLINK2_1KG_DIRECT
RS4936215	RS73036081	EUR	0.909003	PLINK2_1KG_DIRECT
RS4936215	RS11223649	EUR	0.909003	PLINK2_1KG_DIRECT
RS4936215	RS11223650	EUR	0.909003	PLINK2_1KG_DIRECT
RS4936215	RS55747998	EUR	0.909003	PLINK2_1KG_DIRECT
RS4936215	RS56241440	EUR	0.909003	PLINK2_1KG_DIRECT
RS4936215	RS11223651	EUR	0.909003	PLINK2_1KG_DIRECT
RS4936215	RS11223652	EUR	0.903464	PLINK2_1KG_DIRECT
RS4936215	RS11223654	EUR	0.903464	PLINK2_1KG_DIRECT
RS4936215	RS73036086	EUR	0.909003	PLINK2_1KG_DIRECT
RS4936215	RS73036087	EUR	0.909003	PLINK2_1KG_DIRECT
RS4936215	RS11223655	EUR	0.909003	PLINK2_1KG_DIRECT
RS4936215	RS11223656	EUR	0.909003	PLINK2_1KG_DIRECT
RS4936215	RS11223658	EUR	0.909003	PLINK2_1KG_DIRECT
RS4936215	RS11223659	EUR	0.909003	PLINK2_1KG_DIRECT
RS4936215	RS11223661	EUR	0.942818	PLINK2_1KG_DIRECT
RS4936215	RS4936216	EUR	0.937202	PLINK2_1KG_DIRECT
RS4936215	RS4936215	EAS	1	PLINK2_1KG_DIRECT
RS4936215	RS73034263	EAS	0.441441	PLINK2_1KG_DIRECT
RS4936215	RS73034295	EAS	0.764789	PLINK2_1KG_DIRECT
RS4936215	RS75059851	EAS	0.785996	PLINK2_1KG_DIRECT
RS4936215	RS3802924	EAS	0.873057	PLINK2_1KG_DIRECT
RS4936215	RS73036062	EAS	0.873057	PLINK2_1KG_DIRECT
RS4936215	RS73036063	EAS	0.873057	PLINK2_1KG_DIRECT
RS4936215	RS73036064	EAS	0.873057	PLINK2_1KG_DIRECT
RS4936215	RS3758927	EAS	0.851428	PLINK2_1KG_DIRECT
RS4936215	RS73036065	EAS	0.873057	PLINK2_1KG_DIRECT
RS4936215	RS2000852	EAS	0.91318	PLINK2_1KG_DIRECT
RS4936215	RS2000853	EAS	0.91318	PLINK2_1KG_DIRECT
RS4936215	RS7122746	EAS	0.91318	PLINK2_1KG_DIRECT
RS4936215	RS7106806	EAS	0.91318	PLINK2_1KG_DIRECT
RS4936215	RS7106715	EAS	0.91318	PLINK2_1KG_DIRECT
RS4936215	RS11223646	EAS	0.91318	PLINK2_1KG_DIRECT
RS4936215	RS11223647	EAS	0.91318	PLINK2_1KG_DIRECT
RS4936215	RS7127156	EAS	0.91318	PLINK2_1KG_DIRECT
RS4936215	RS73036081	EAS	0.91318	PLINK2_1KG_DIRECT
RS4936215	RS11223649	EAS	0.91318	PLINK2_1KG_DIRECT
RS4936215	RS11223650	EAS	0.91318	PLINK2_1KG_DIRECT
RS4936215	RS55747998	EAS	0.91318	PLINK2_1KG_DIRECT
RS4936215	RS56241440	EAS	0.91318	PLINK2_1KG_DIRECT
RS4936215	RS11223651	EAS	0.91318	PLINK2_1KG_DIRECT
RS4936215	RS11223652	EAS	0.91318	PLINK2_1KG_DIRECT
RS4936215	RS11223654	EAS	0.91318	PLINK2_1KG_DIRECT
RS4936215	RS73036086	EAS	0.91318	PLINK2_1KG_DIRECT
RS4936215	RS73036087	EAS	0.91318	PLINK2_1KG_DIRECT
RS4936215	RS11223655	EAS	0.91318	PLINK2_1KG_DIRECT
RS4936215	RS11223656	EAS	0.91318	PLINK2_1KG_DIRECT
RS4936215	RS11223658	EAS	0.91318	PLINK2_1KG_DIRECT
RS4936215	RS11223659	EAS	0.91318	PLINK2_1KG_DIRECT
RS4936215	RS11223661	EAS	0.978148	PLINK2_1KG_DIRECT
RS4936215	RS4936216	EAS	0.849387	PLINK2_1KG_DIRECT
RS10954580	RS10954580	EUR	1	PLINK2_1KG_DIRECT
RS10954580	RS2290268	EUR	0.183592	PLINK2_1KG_DIRECT
RS10954580	RS1431095	EUR	0.184807	PLINK2_1KG_DIRECT
RS10954580	RS10250267	EUR	0.184807	PLINK2_1KG_DIRECT
RS10954580	RS10255150	EUR	0.187226	PLINK2_1KG_DIRECT
RS10954580	RS10233933	EUR	0.185998	PLINK2_1KG_DIRECT
RS10954580	RS10282363	EUR	0.185998	PLINK2_1KG_DIRECT
RS10954580	RS1431093	EUR	0.185998	PLINK2_1KG_DIRECT
RS10954580	RS1431091	EUR	0.185998	PLINK2_1KG_DIRECT
RS10954580	RS1431090	EUR	0.185998	PLINK2_1KG_DIRECT
RS10954580	RS10241448	EUR	0.185998	PLINK2_1KG_DIRECT
RS10954580	RS10227966	EUR	0.185998	PLINK2_1KG_DIRECT
RS10954580	RS10271620	EUR	0.185998	PLINK2_1KG_DIRECT
RS10954580	RS7807025	EUR	0.185998	PLINK2_1KG_DIRECT
RS10954580	RS322329	EUR	0.188422	PLINK2_1KG_DIRECT
RS10954580	RS28507322	EUR	0.24397	PLINK2_1KG_DIRECT
RS10954580	RS320715	EUR	0.188422	PLINK2_1KG_DIRECT
RS10954580	RS161093	EUR	0.188422	PLINK2_1KG_DIRECT
RS10954580	RS320716	EUR	0.188422	PLINK2_1KG_DIRECT
RS10954580	RS320719	EUR	0.188422	PLINK2_1KG_DIRECT
RS10954580	RS320720	EUR	0.190865	PLINK2_1KG_DIRECT
RS10954580	RS320721	EUR	0.190865	PLINK2_1KG_DIRECT
RS10954580	RS320722	EUR	0.1945	PLINK2_1KG_DIRECT
RS10954580	RS320723	EUR	0.1945	PLINK2_1KG_DIRECT
RS10954580	RS320725	EUR	0.19204	PLINK2_1KG_DIRECT
RS10954580	RS320726	EUR	0.195722	PLINK2_1KG_DIRECT
RS10954580	RS321198	EUR	0.1957	PLINK2_1KG_DIRECT
RS10954580	RS161335	EUR	0.256364	PLINK2_1KG_DIRECT
RS10954580	RS321199	EUR	0.256364	PLINK2_1KG_DIRECT
RS10954580	RS161094	EUR	0.194475	PLINK2_1KG_DIRECT
RS10954580	RS161095	EUR	0.194475	PLINK2_1KG_DIRECT
RS10954580	RS321200	EUR	0.194475	PLINK2_1KG_DIRECT
RS10954580	RS320682	EUR	0.194475	PLINK2_1KG_DIRECT
RS10954580	RS320683	EUR	0.357526	PLINK2_1KG_DIRECT
RS10954580	RS320684	EUR	0.401957	PLINK2_1KG_DIRECT
RS10954580	RS320686	EUR	0.407246	PLINK2_1KG_DIRECT
RS10954580	RS192935	EUR	0.409027	PLINK2_1KG_DIRECT
RS10954580	RS161340	EUR	0.409027	PLINK2_1KG_DIRECT
RS10954580	RS178612	EUR	0.409027	PLINK2_1KG_DIRECT
RS10954580	RS320687	EUR	0.409027	PLINK2_1KG_DIRECT
RS10954580	RS111317532	EUR	0.409027	PLINK2_1KG_DIRECT
RS10954580	RS320688	EUR	0.915309	PLINK2_1KG_DIRECT
RS10954580	RS320689	EUR	0.412569	PLINK2_1KG_DIRECT
RS10954580	RS320690	EUR	0.412569	PLINK2_1KG_DIRECT
RS10954580	RS320691	EUR	0.412569	PLINK2_1KG_DIRECT
RS10954580	RS161342	EUR	0.412569	PLINK2_1KG_DIRECT
RS10954580	RS320692	EUR	0.410784	PLINK2_1KG_DIRECT
RS10954580	RS320693	EUR	0.412569	PLINK2_1KG_DIRECT
RS10954580	RS167668	EUR	0.412569	PLINK2_1KG_DIRECT
RS10954580	RS320694	EUR	0.412569	PLINK2_1KG_DIRECT
RS10954580	RS192936	EUR	0.410784	PLINK2_1KG_DIRECT
RS10954580	RS1367593	EUR	0.412569	PLINK2_1KG_DIRECT
RS10954580	RS725838	EUR	0.412569	PLINK2_1KG_DIRECT
RS10954580	RS161344	EUR	0.374763	PLINK2_1KG_DIRECT
RS10954580	RS161345	EUR	0.410784	PLINK2_1KG_DIRECT
RS10954580	RS320695	EUR	0.409027	PLINK2_1KG_DIRECT
RS10954580	RS320696	EUR	0.91947	PLINK2_1KG_DIRECT
RS10954580	RS10954579	EUR	0.923656	PLINK2_1KG_DIRECT
RS10954580	RS161346	EUR	0.91947	PLINK2_1KG_DIRECT
RS10954580	RS320697	EUR	0.409027	PLINK2_1KG_DIRECT
RS10954580	RS320700	EUR	0.923625	PLINK2_1KG_DIRECT
RS10954580	RS320701	EUR	0.923625	PLINK2_1KG_DIRECT
RS10954580	RS320703	EUR	0.923625	PLINK2_1KG_DIRECT
RS10954580	RS320704	EUR	0.923625	PLINK2_1KG_DIRECT
RS10954580	RS1431098	EUR	0.927811	PLINK2_1KG_DIRECT
RS10954580	RS320705	EUR	0.923625	PLINK2_1KG_DIRECT
RS10954580	RS161336	EUR	0.923625	PLINK2_1KG_DIRECT
RS10954580	RS161337	EUR	0.923625	PLINK2_1KG_DIRECT
RS10954580	RS320706	EUR	0.923625	PLINK2_1KG_DIRECT
RS10954580	RS320707	EUR	0.91947	PLINK2_1KG_DIRECT
RS10954580	RS320708	EUR	0.407246	PLINK2_1KG_DIRECT
RS10954580	RS320709	EUR	0.410784	PLINK2_1KG_DIRECT
RS10954580	RS7782162	EUR	0.927811	PLINK2_1KG_DIRECT
RS10954580	RS7804988	EUR	0.927811	PLINK2_1KG_DIRECT
RS10954580	RS1669022	EUR	0.396737	PLINK2_1KG_DIRECT
RS10954580	RS1584663	EUR	0.396737	PLINK2_1KG_DIRECT
RS10954580	RS11771579	EUR	0.923656	PLINK2_1KG_DIRECT
RS10954580	RS56361933	EUR	0.919463	PLINK2_1KG_DIRECT
RS10954580	RS34997884	EUR	0.91947	PLINK2_1KG_DIRECT
RS10954580	RS12534625	EUR	0.948865	PLINK2_1KG_DIRECT
RS10954580	RS13234894	EUR	0.944682	PLINK2_1KG_DIRECT
RS10954580	RS1669025	EUR	0.473062	PLINK2_1KG_DIRECT
RS10954580	RS983708	EUR	0.987077	PLINK2_1KG_DIRECT
RS10954580	RS7785663	EUR	0.987077	PLINK2_1KG_DIRECT
RS10954580	RS4518583	EUR	0.991378	PLINK2_1KG_DIRECT
RS10954580	RS4613918	EUR	0.987077	PLINK2_1KG_DIRECT
RS10954580	RS4283969	EUR	0.987077	PLINK2_1KG_DIRECT
RS10954580	RS2351137	EUR	0.987077	PLINK2_1KG_DIRECT
RS10954580	RS2351138	EUR	0.987077	PLINK2_1KG_DIRECT
RS10954580	RS4728408	EUR	0.991378	PLINK2_1KG_DIRECT
RS10954580	RS4732253	EUR	0.987077	PLINK2_1KG_DIRECT
RS10954580	RS728054	EUR	0.987077	PLINK2_1KG_DIRECT
RS10954580	RS728055	EUR	0.987077	PLINK2_1KG_DIRECT
RS10954580	RS2278829	EUR	0.995691	PLINK2_1KG_DIRECT
RS10954580	RS13230189	EUR	0.987077	PLINK2_1KG_DIRECT
RS10954580	RS7779548	EUR	0.991378	PLINK2_1KG_DIRECT
RS10954580	RS1376607	EUR	0.995691	PLINK2_1KG_DIRECT
RS10954580	RS1376608	EUR	0.995691	PLINK2_1KG_DIRECT
RS10954580	RS3735026	EUR	0.995691	PLINK2_1KG_DIRECT
RS10954580	RS3735025	EUR	0.995691	PLINK2_1KG_DIRECT
RS10954580	RS1731951	EUR	0.454691	PLINK2_1KG_DIRECT
RS10954580	RS11766321	EUR	1	PLINK2_1KG_DIRECT
RS10954580	RS12540417	EUR	1	PLINK2_1KG_DIRECT
RS10954580	RS12538697	EUR	0.991378	PLINK2_1KG_DIRECT
RS10954580	RS13236574	EUR	0.995691	PLINK2_1KG_DIRECT
RS10954580	RS13222414	EUR	0.995691	PLINK2_1KG_DIRECT
RS10954580	RS17529963	EUR	0.995691	PLINK2_1KG_DIRECT
RS10954580	RS17530005	EUR	0.995691	PLINK2_1KG_DIRECT
RS10954580	RS16874961	EUR	0.965774	PLINK2_1KG_DIRECT
RS10954580	RS1647181	EUR	0.961552	PLINK2_1KG_DIRECT
RS10954580	RS1731947	EUR	0.416164	PLINK2_1KG_DIRECT
RS10954580	RS2241443	EUR	0.957269	PLINK2_1KG_DIRECT
RS10954580	RS7776538	EUR	0.965774	PLINK2_1KG_DIRECT
RS10954580	RS12530512	EUR	0.961552	PLINK2_1KG_DIRECT
RS10954580	RS980796	EUR	0.957343	PLINK2_1KG_DIRECT
RS10954580	RS10954580	EAS	1	PLINK2_1KG_DIRECT
RS10954580	RS2290268	EAS	0.237479	PLINK2_1KG_DIRECT
RS10954580	RS1431095	EAS	0.217418	PLINK2_1KG_DIRECT
RS10954580	RS10250267	EAS	0.217973	PLINK2_1KG_DIRECT
RS10954580	RS10255150	EAS	0.210632	PLINK2_1KG_DIRECT
RS10954580	RS10233933	EAS	0.211753	PLINK2_1KG_DIRECT
RS10954580	RS10282363	EAS	0.211753	PLINK2_1KG_DIRECT
RS10954580	RS1431093	EAS	0.211753	PLINK2_1KG_DIRECT
RS10954580	RS1431091	EAS	0.211753	PLINK2_1KG_DIRECT
RS10954580	RS1431090	EAS	0.209515	PLINK2_1KG_DIRECT
RS10954580	RS10241448	EAS	0.211753	PLINK2_1KG_DIRECT
RS10954580	RS10227966	EAS	0.211753	PLINK2_1KG_DIRECT
RS10954580	RS10271620	EAS	0.2089	PLINK2_1KG_DIRECT
RS10954580	RS7807025	EAS	0.151829	PLINK2_1KG_DIRECT
RS10954580	RS322329	EAS	0.194973	PLINK2_1KG_DIRECT
RS10954580	RS28507322	EAS	0.515732	PLINK2_1KG_DIRECT
RS10954580	RS320715	EAS	0.18155	PLINK2_1KG_DIRECT
RS10954580	RS161093	EAS	0.18155	PLINK2_1KG_DIRECT
RS10954580	RS320716	EAS	0.18155	PLINK2_1KG_DIRECT
RS10954580	RS320719	EAS	0.176159	PLINK2_1KG_DIRECT
RS10954580	RS320720	EAS	0.176159	PLINK2_1KG_DIRECT
RS10954580	RS320721	EAS	0.18256	PLINK2_1KG_DIRECT
RS10954580	RS320722	EAS	0.193918	PLINK2_1KG_DIRECT
RS10954580	RS320723	EAS	0.194973	PLINK2_1KG_DIRECT
RS10954580	RS320725	EAS	0.196031	PLINK2_1KG_DIRECT
RS10954580	RS320726	EAS	0.197773	PLINK2_1KG_DIRECT
RS10954580	RS321198	EAS	0.194686	PLINK2_1KG_DIRECT
RS10954580	RS161335	EAS	0.539022	PLINK2_1KG_DIRECT
RS10954580	RS321199	EAS	0.542963	PLINK2_1KG_DIRECT
RS10954580	RS161094	EAS	0.204898	PLINK2_1KG_DIRECT
RS10954580	RS161095	EAS	0.205598	PLINK2_1KG_DIRECT
RS10954580	RS321200	EAS	0.207767	PLINK2_1KG_DIRECT
RS10954580	RS320682	EAS	0.205598	PLINK2_1KG_DIRECT
RS10954580	RS320683	EAS	0.201819	PLINK2_1KG_DIRECT
RS10954580	RS320684	EAS	0.264137	PLINK2_1KG_DIRECT
RS10954580	RS320686	EAS	0.251795	PLINK2_1KG_DIRECT
RS10954580	RS192935	EAS	0.2529	PLINK2_1KG_DIRECT
RS10954580	RS161340	EAS	0.251795	PLINK2_1KG_DIRECT
RS10954580	RS178612	EAS	0.251795	PLINK2_1KG_DIRECT
RS10954580	RS320687	EAS	0.251795	PLINK2_1KG_DIRECT
RS10954580	RS111317532	EAS	0.251795	PLINK2_1KG_DIRECT
RS10954580	RS320688	EAS	0.92719	PLINK2_1KG_DIRECT
RS10954580	RS320689	EAS	0.251795	PLINK2_1KG_DIRECT
RS10954580	RS320690	EAS	0.251795	PLINK2_1KG_DIRECT
RS10954580	RS320691	EAS	0.262997	PLINK2_1KG_DIRECT
RS10954580	RS161342	EAS	0.251795	PLINK2_1KG_DIRECT
RS10954580	RS320692	EAS	0.251795	PLINK2_1KG_DIRECT
RS10954580	RS320693	EAS	0.250695	PLINK2_1KG_DIRECT
RS10954580	RS167668	EAS	0.250695	PLINK2_1KG_DIRECT
RS10954580	RS320694	EAS	0.250695	PLINK2_1KG_DIRECT
RS10954580	RS192936	EAS	0.250695	PLINK2_1KG_DIRECT
RS10954580	RS1367593	EAS	0.251795	PLINK2_1KG_DIRECT
RS10954580	RS725838	EAS	0.251795	PLINK2_1KG_DIRECT
RS10954580	RS161344	EAS	0.250695	PLINK2_1KG_DIRECT
RS10954580	RS161345	EAS	0.250695	PLINK2_1KG_DIRECT
RS10954580	RS320695	EAS	0.250695	PLINK2_1KG_DIRECT
RS10954580	RS320696	EAS	0.932009	PLINK2_1KG_DIRECT
RS10954580	RS10954579	EAS	0.932009	PLINK2_1KG_DIRECT
RS10954580	RS161346	EAS	0.936363	PLINK2_1KG_DIRECT
RS10954580	RS320697	EAS	0.254007	PLINK2_1KG_DIRECT
RS10954580	RS320700	EAS	0.932009	PLINK2_1KG_DIRECT
RS10954580	RS320701	EAS	0.932009	PLINK2_1KG_DIRECT
RS10954580	RS320703	EAS	0.932009	PLINK2_1KG_DIRECT
RS10954580	RS320704	EAS	0.932009	PLINK2_1KG_DIRECT
RS10954580	RS1431098	EAS	0.932009	PLINK2_1KG_DIRECT
RS10954580	RS320705	EAS	0.932009	PLINK2_1KG_DIRECT
RS10954580	RS161336	EAS	0.932009	PLINK2_1KG_DIRECT
RS10954580	RS161337	EAS	0.932009	PLINK2_1KG_DIRECT
RS10954580	RS320706	EAS	0.932009	PLINK2_1KG_DIRECT
RS10954580	RS320707	EAS	0.936363	PLINK2_1KG_DIRECT
RS10954580	RS320708	EAS	0.256233	PLINK2_1KG_DIRECT
RS10954580	RS320709	EAS	0.256233	PLINK2_1KG_DIRECT
RS10954580	RS7782162	EAS	0.902281	PLINK2_1KG_DIRECT
RS10954580	RS7804988	EAS	0.902281	PLINK2_1KG_DIRECT
RS10954580	RS1669022	EAS	0.254007	PLINK2_1KG_DIRECT
RS10954580	RS1584663	EAS	0.245243	PLINK2_1KG_DIRECT
RS10954580	RS11771579	EAS	0.902281	PLINK2_1KG_DIRECT
RS10954580	RS56361933	EAS	0.898139	PLINK2_1KG_DIRECT
RS10954580	RS34997884	EAS	0.910643	PLINK2_1KG_DIRECT
RS10954580	RS12534625	EAS	0.911047	PLINK2_1KG_DIRECT
RS10954580	RS13234894	EAS	0.778761	PLINK2_1KG_DIRECT
RS10954580	RS1669025	EAS	0.260728	PLINK2_1KG_DIRECT
RS10954580	RS983708	EAS	0.7955	PLINK2_1KG_DIRECT
RS10954580	RS7785663	EAS	0.7955	PLINK2_1KG_DIRECT
RS10954580	RS4518583	EAS	0.799746	PLINK2_1KG_DIRECT
RS10954580	RS4613918	EAS	0.7955	PLINK2_1KG_DIRECT
RS10954580	RS4283969	EAS	0.791301	PLINK2_1KG_DIRECT
RS10954580	RS2351137	EAS	0.7955	PLINK2_1KG_DIRECT
RS10954580	RS2351138	EAS	0.791301	PLINK2_1KG_DIRECT
RS10954580	RS4728408	EAS	0.799746	PLINK2_1KG_DIRECT
RS10954580	RS4732253	EAS	0.816934	PLINK2_1KG_DIRECT
RS10954580	RS728054	EAS	0.81269	PLINK2_1KG_DIRECT
RS10954580	RS728055	EAS	0.816934	PLINK2_1KG_DIRECT
RS10954580	RS2278829	EAS	0.799746	PLINK2_1KG_DIRECT
RS10954580	RS13230189	EAS	0.7955	PLINK2_1KG_DIRECT
RS10954580	RS7779548	EAS	0.795545	PLINK2_1KG_DIRECT
RS10954580	RS1376607	EAS	0.928706	PLINK2_1KG_DIRECT
RS10954580	RS1376608	EAS	0.928706	PLINK2_1KG_DIRECT
RS10954580	RS3735026	EAS	0.928706	PLINK2_1KG_DIRECT
RS10954580	RS3735025	EAS	0.928706	PLINK2_1KG_DIRECT
RS10954580	RS1731951	EAS	0.27913	PLINK2_1KG_DIRECT
RS10954580	RS11766321	EAS	0.861728	PLINK2_1KG_DIRECT
RS10954580	RS12540417	EAS	0.861371	PLINK2_1KG_DIRECT
RS10954580	RS12538697	EAS	0.808237	PLINK2_1KG_DIRECT
RS10954580	RS13236574	EAS	0.808237	PLINK2_1KG_DIRECT
RS10954580	RS13222414	EAS	0.804005	PLINK2_1KG_DIRECT
RS10954580	RS17529963	EAS	0.808237	PLINK2_1KG_DIRECT
RS10954580	RS17530005	EAS	0.808237	PLINK2_1KG_DIRECT
RS10954580	RS16874961	EAS	0.804005	PLINK2_1KG_DIRECT
RS10954580	RS1647181	EAS	0.803976	PLINK2_1KG_DIRECT
RS10954580	RS1731947	EAS	0.262997	PLINK2_1KG_DIRECT
RS10954580	RS2241443	EAS	0.791301	PLINK2_1KG_DIRECT
RS10954580	RS7776538	EAS	0.799802	PLINK2_1KG_DIRECT
RS10954580	RS12530512	EAS	0.933348	PLINK2_1KG_DIRECT
RS10954580	RS980796	EAS	0.94559	PLINK2_1KG_DIRECT
RS1356545	RS1356545	EUR	1	PLINK2_1KG_DIRECT
RS1356545	RS11885093	EUR	0.214485	PLINK2_1KG_DIRECT
RS1356545	RS10496076	EUR	0.790499	PLINK2_1KG_DIRECT
RS1356545	RS2125924	EUR	0.514819	PLINK2_1KG_DIRECT
RS1356545	RS6720888	EUR	0.797694	PLINK2_1KG_DIRECT
RS1356545	RS13402331	EUR	0.816089	PLINK2_1KG_DIRECT
RS1356545	RS13418015	EUR	0.812437	PLINK2_1KG_DIRECT
RS1356545	RS4671319	EUR	0.515085	PLINK2_1KG_DIRECT
RS1356545	RS10196378	EUR	0.797694	PLINK2_1KG_DIRECT
RS1356545	RS2290867	EUR	0.816089	PLINK2_1KG_DIRECT
RS1356545	RS10186791	EUR	0.804551	PLINK2_1KG_DIRECT
RS1356545	RS13011472	EUR	0.514485	PLINK2_1KG_DIRECT
RS1356545	RS6709720	EUR	0.835726	PLINK2_1KG_DIRECT
RS1356545	RS6722461	EUR	0.704247	PLINK2_1KG_DIRECT
RS1356545	RS2125925	EUR	0.847399	PLINK2_1KG_DIRECT
RS1356545	RS13002041	EUR	0.839395	PLINK2_1KG_DIRECT
RS1356545	RS3886275	EUR	0.839395	PLINK2_1KG_DIRECT
RS1356545	RS717817	EUR	0.839395	PLINK2_1KG_DIRECT
RS1356545	RS7557715	EUR	0.764729	PLINK2_1KG_DIRECT
RS1356545	RS7567497	EUR	0.839395	PLINK2_1KG_DIRECT
RS1356545	RS11125729	EUR	0.839395	PLINK2_1KG_DIRECT
RS1356545	RS11679364	EUR	0.843387	PLINK2_1KG_DIRECT
RS1356545	RS1460255	EUR	0.766412	PLINK2_1KG_DIRECT
RS1356545	RS10204616	EUR	0.843729	PLINK2_1KG_DIRECT
RS1356545	RS12997222	EUR	0.851434	PLINK2_1KG_DIRECT
RS1356545	RS11682175	EUR	0.474261	PLINK2_1KG_DIRECT
RS1356545	RS11688767	EUR	0.526189	PLINK2_1KG_DIRECT
RS1356545	RS13032423	EUR	0.546872	PLINK2_1KG_DIRECT
RS1356545	RS12990792	EUR	0.851434	PLINK2_1KG_DIRECT
RS1356545	RS10496078	EUR	0.847762	PLINK2_1KG_DIRECT
RS1356545	RS7561842	EUR	0.851434	PLINK2_1KG_DIRECT
RS1356545	RS7588492	EUR	0.851434	PLINK2_1KG_DIRECT
RS1356545	RS10496079	EUR	0.851434	PLINK2_1KG_DIRECT
RS1356545	RS10865304	EUR	0.86287	PLINK2_1KG_DIRECT
RS1356545	RS6730037	EUR	0.855117	PLINK2_1KG_DIRECT
RS1356545	RS11898858	EUR	0.855117	PLINK2_1KG_DIRECT
RS1356545	RS12713358	EUR	0.855117	PLINK2_1KG_DIRECT
RS1356545	RS6737913	EUR	0.855117	PLINK2_1KG_DIRECT
RS1356545	RS112345168	EUR	0.780732	PLINK2_1KG_DIRECT
RS1356545	RS6756221	EUR	0.855117	PLINK2_1KG_DIRECT
RS1356545	RS4296411	EUR	0.855117	PLINK2_1KG_DIRECT
RS1356545	RS6761347	EUR	0.855117	PLINK2_1KG_DIRECT
RS1356545	RS1568450	EUR	0.855117	PLINK2_1KG_DIRECT
RS1356545	RS13026612	EUR	0.86287	PLINK2_1KG_DIRECT
RS1356545	RS13026830	EUR	0.86287	PLINK2_1KG_DIRECT
RS1356545	RS10166481	EUR	0.86287	PLINK2_1KG_DIRECT
RS1356545	RS12991325	EUR	0.858812	PLINK2_1KG_DIRECT
RS1356545	RS11676055	EUR	0.86287	PLINK2_1KG_DIRECT
RS1356545	RS1589407	EUR	0.86287	PLINK2_1KG_DIRECT
RS1356545	RS2090793	EUR	0.855117	PLINK2_1KG_DIRECT
RS1356545	RS4672223	EUR	0.858812	PLINK2_1KG_DIRECT
RS1356545	RS6545663	EUR	0.858812	PLINK2_1KG_DIRECT
RS1356545	RS6545664	EUR	0.858812	PLINK2_1KG_DIRECT
RS1356545	RS6545665	EUR	0.86287	PLINK2_1KG_DIRECT
RS1356545	RS2717048	EUR	0.86287	PLINK2_1KG_DIRECT
RS1356545	RS2683614	EUR	0.86287	PLINK2_1KG_DIRECT
RS1356545	RS954593	EUR	0.858812	PLINK2_1KG_DIRECT
RS1356545	RS2683615	EUR	0.858812	PLINK2_1KG_DIRECT
RS1356545	RS2717071	EUR	0.862519	PLINK2_1KG_DIRECT
RS1356545	RS1474215	EUR	0.858812	PLINK2_1KG_DIRECT
RS1356545	RS2717075	EUR	0.86287	PLINK2_1KG_DIRECT
RS1356545	RS2683620	EUR	0.858812	PLINK2_1KG_DIRECT
RS1356545	RS2683619	EUR	0.86287	PLINK2_1KG_DIRECT
RS1356545	RS2683618	EUR	0.55978	PLINK2_1KG_DIRECT
RS1356545	RS2717018	EUR	0.86287	PLINK2_1KG_DIRECT
RS1356545	RS2683616	EUR	0.858812	PLINK2_1KG_DIRECT
RS1356545	RS2683628	EUR	0.859174	PLINK2_1KG_DIRECT
RS1356545	RS2683629	EUR	0.86287	PLINK2_1KG_DIRECT
RS1356545	RS2953439	EUR	0.859174	PLINK2_1KG_DIRECT
RS1356545	RS66490669	EUR	0.784182	PLINK2_1KG_DIRECT
RS1356545	RS7598169	EUR	0.86287	PLINK2_1KG_DIRECT
RS1356545	RS2953441	EUR	0.858812	PLINK2_1KG_DIRECT
RS1356545	RS1402398	EUR	0.858812	PLINK2_1KG_DIRECT
RS1356545	RS2717055	EUR	0.858812	PLINK2_1KG_DIRECT
RS1356545	RS59098844	EUR	0.784182	PLINK2_1KG_DIRECT
RS1356545	RS1402399	EUR	0.859174	PLINK2_1KG_DIRECT
RS1356545	RS2717054	EUR	0.858812	PLINK2_1KG_DIRECT
RS1356545	RS2683621	EUR	0.858812	PLINK2_1KG_DIRECT
RS1356545	RS2717053	EUR	0.858812	PLINK2_1KG_DIRECT
RS1356545	RS2717052	EUR	0.86287	PLINK2_1KG_DIRECT
RS1356545	RS1915459	EUR	0.593644	PLINK2_1KG_DIRECT
RS1356545	RS2717050	EUR	0.593644	PLINK2_1KG_DIRECT
RS1356545	RS2717049	EUR	0.593644	PLINK2_1KG_DIRECT
RS1356545	RS2717047	EUR	0.592526	PLINK2_1KG_DIRECT
RS1356545	RS12185644	EUR	0.588555	PLINK2_1KG_DIRECT
RS1356545	RS2683625	EUR	0.589647	PLINK2_1KG_DIRECT
RS1356545	RS2947348	EUR	0.589647	PLINK2_1KG_DIRECT
RS1356545	RS2953443	EUR	0.589647	PLINK2_1KG_DIRECT
RS1356545	RS2683630	EUR	0.855489	PLINK2_1KG_DIRECT
RS1356545	RS2717076	EUR	0.851817	PLINK2_1KG_DIRECT
RS1356545	RS1520965	EUR	0.593644	PLINK2_1KG_DIRECT
RS1356545	RS1106302	EUR	0.577826	PLINK2_1KG_DIRECT
RS1356545	RS2947350	EUR	0.58358	PLINK2_1KG_DIRECT
RS1356545	RS17049185	EUR	0.513482	PLINK2_1KG_DIRECT
RS1356545	RS1607889	EUR	0.596524	PLINK2_1KG_DIRECT
RS1356545	RS2176931	EUR	0.522015	PLINK2_1KG_DIRECT
RS1356545	RS2204019	EUR	0.579691	PLINK2_1KG_DIRECT
RS1356545	RS11684106	EUR	0.522015	PLINK2_1KG_DIRECT
RS1356545	RS2716999	EUR	0.576812	PLINK2_1KG_DIRECT
RS1356545	RS2683622	EUR	0.576812	PLINK2_1KG_DIRECT
RS1356545	RS2947351	EUR	0.573941	PLINK2_1KG_DIRECT
RS1356545	RS2953437	EUR	0.577826	PLINK2_1KG_DIRECT
RS1356545	RS2953438	EUR	0.593644	PLINK2_1KG_DIRECT
RS1356545	RS68119977	EUR	0.764729	PLINK2_1KG_DIRECT
RS1356545	RS68084872	EUR	0.534966	PLINK2_1KG_DIRECT
RS1356545	RS2953442	EUR	0.579691	PLINK2_1KG_DIRECT
RS1356545	RS4672225	EUR	0.518172	PLINK2_1KG_DIRECT
RS1356545	RS2717074	EUR	0.58358	PLINK2_1KG_DIRECT
RS1356545	RS2717073	EUR	0.599412	PLINK2_1KG_DIRECT
RS1356545	RS2683626	EUR	0.579691	PLINK2_1KG_DIRECT
RS1356545	RS2717072	EUR	0.579691	PLINK2_1KG_DIRECT
RS1356545	RS66985942	EUR	0.524733	PLINK2_1KG_DIRECT
RS1356545	RS2717070	EUR	0.592526	PLINK2_1KG_DIRECT
RS1356545	RS10445894	EUR	0.596524	PLINK2_1KG_DIRECT
RS1356545	RS2717068	EUR	0.947261	PLINK2_1KG_DIRECT
RS1356545	RS2717063	EUR	0.9286	PLINK2_1KG_DIRECT
RS1356545	RS2678910	EUR	0.885957	PLINK2_1KG_DIRECT
RS1356545	RS2683634	EUR	0.979551	PLINK2_1KG_DIRECT
RS1356545	RS2678913	EUR	0.421141	PLINK2_1KG_DIRECT
RS1356545	RS2678915	EUR	0.979551	PLINK2_1KG_DIRECT
RS1356545	RS1356544	EUR	1	PLINK2_1KG_DIRECT
RS1356545	RS2717056	EUR	0.971504	PLINK2_1KG_DIRECT
RS1356545	RS2678908	EUR	0.971504	PLINK2_1KG_DIRECT
RS1356545	RS2678906	EUR	0.971416	PLINK2_1KG_DIRECT
RS1356545	RS2678905	EUR	0.971416	PLINK2_1KG_DIRECT
RS1356545	RS2717001	EUR	0.971416	PLINK2_1KG_DIRECT
RS1356545	RS2678904	EUR	0.967402	PLINK2_1KG_DIRECT
RS1356545	RS2678903	EUR	0.967328	PLINK2_1KG_DIRECT
RS1356545	RS2678901	EUR	0.971416	PLINK2_1KG_DIRECT
RS1356545	RS1040225	EUR	0.971416	PLINK2_1KG_DIRECT
RS1356545	RS1040224	EUR	0.971416	PLINK2_1KG_DIRECT
RS1356545	RS2678881	EUR	0.971416	PLINK2_1KG_DIRECT
RS1356545	RS2717002	EUR	0.971416	PLINK2_1KG_DIRECT
RS1356545	RS2717003	EUR	0.975449	PLINK2_1KG_DIRECT
RS1356545	RS2717004	EUR	0.971416	PLINK2_1KG_DIRECT
RS1356545	RS2465804	EUR	0.975449	PLINK2_1KG_DIRECT
RS1356545	RS2717007	EUR	0.975449	PLINK2_1KG_DIRECT
RS1356545	RS2678909	EUR	0.881233	PLINK2_1KG_DIRECT
RS1356545	RS2459982	EUR	0.971416	PLINK2_1KG_DIRECT
RS1356545	RS2717010	EUR	0.975449	PLINK2_1KG_DIRECT
RS1356545	RS2717011	EUR	0.975449	PLINK2_1KG_DIRECT
RS1356545	RS2717014	EUR	0.971416	PLINK2_1KG_DIRECT
RS1356545	RS2678873	EUR	0.975449	PLINK2_1KG_DIRECT
RS1356545	RS2717015	EUR	0.975449	PLINK2_1KG_DIRECT
RS1356545	RS2312141	EUR	0.975449	PLINK2_1KG_DIRECT
RS1356545	RS2139053	EUR	0.877192	PLINK2_1KG_DIRECT
RS1356545	RS2139054	EUR	0.975449	PLINK2_1KG_DIRECT
RS1356545	RS2678879	EUR	0.955247	PLINK2_1KG_DIRECT
RS1356545	RS2678880	EUR	0.959433	PLINK2_1KG_DIRECT
RS1356545	RS2678882	EUR	0.951273	PLINK2_1KG_DIRECT
RS1356545	RS2717019	EUR	0.955247	PLINK2_1KG_DIRECT
RS1356545	RS2678883	EUR	0.955247	PLINK2_1KG_DIRECT
RS1356545	RS2678884	EUR	0.85768	PLINK2_1KG_DIRECT
RS1356545	RS2717022	EUR	0.955247	PLINK2_1KG_DIRECT
RS1356545	RS2678886	EUR	0.955247	PLINK2_1KG_DIRECT
RS1356545	RS2717023	EUR	0.951187	PLINK2_1KG_DIRECT
RS1356545	RS2717024	EUR	0.955247	PLINK2_1KG_DIRECT
RS1356545	RS2678887	EUR	0.955247	PLINK2_1KG_DIRECT
RS1356545	RS2678888	EUR	0.955247	PLINK2_1KG_DIRECT
RS1356545	RS2678889	EUR	0.951273	PLINK2_1KG_DIRECT
RS1356545	RS2678890	EUR	0.951273	PLINK2_1KG_DIRECT
RS1356545	RS2717027	EUR	0.853725	PLINK2_1KG_DIRECT
RS1356545	RS970941	EUR	0.951273	PLINK2_1KG_DIRECT
RS1356545	RS2717031	EUR	0.951273	PLINK2_1KG_DIRECT
RS1356545	RS2678891	EUR	0.951273	PLINK2_1KG_DIRECT
RS1356545	RS2717032	EUR	0.951273	PLINK2_1KG_DIRECT
RS1356545	RS28718871	EUR	0.955247	PLINK2_1KG_DIRECT
RS1356545	RS2717034	EUR	0.853797	PLINK2_1KG_DIRECT
RS1356545	RS2678894	EUR	0.853797	PLINK2_1KG_DIRECT
RS1356545	RS2717035	EUR	0.951273	PLINK2_1KG_DIRECT
RS1356545	RS2717036	EUR	0.951273	PLINK2_1KG_DIRECT
RS1356545	RS1401100	EUR	0.947318	PLINK2_1KG_DIRECT
RS1356545	RS2678896	EUR	0.951273	PLINK2_1KG_DIRECT
RS1356545	RS2678897	EUR	0.939135	PLINK2_1KG_DIRECT
RS1356545	RS2717040	EUR	0.951273	PLINK2_1KG_DIRECT
RS1356545	RS1568253	EUR	0.955247	PLINK2_1KG_DIRECT
RS1356545	RS1568254	EUR	0.955247	PLINK2_1KG_DIRECT
RS1356545	RS1518393	EUR	0.947141	PLINK2_1KG_DIRECT
RS1356545	RS1518394	EUR	0.947141	PLINK2_1KG_DIRECT
RS1356545	RS2717041	EUR	0.915889	PLINK2_1KG_DIRECT
RS1356545	RS2717042	EUR	0.85768	PLINK2_1KG_DIRECT
RS1356545	RS2717043	EUR	0.849789	PLINK2_1KG_DIRECT
RS1356545	RS12713370	EUR	0.796678	PLINK2_1KG_DIRECT
RS1356545	RS1518395	EUR	0.800377	PLINK2_1KG_DIRECT
RS1356545	RS6732310	EUR	0.796678	PLINK2_1KG_DIRECT
RS1356545	RS6545677	EUR	0.842546	PLINK2_1KG_DIRECT
RS1356545	RS2312147	EUR	0.822965	PLINK2_1KG_DIRECT
RS1356545	RS1518399	EUR	0.756574	PLINK2_1KG_DIRECT
RS1356545	RS4672228	EUR	0.391235	PLINK2_1KG_DIRECT
RS1356545	RS986512	EUR	0.706299	PLINK2_1KG_DIRECT
RS1356545	RS968653	EUR	0.721949	PLINK2_1KG_DIRECT
RS1356545	RS10205421	EUR	0.72146	PLINK2_1KG_DIRECT
RS1356545	RS10188070	EUR	0.725305	PLINK2_1KG_DIRECT
RS1356545	RS12620940	EUR	0.641868	PLINK2_1KG_DIRECT
RS1356545	RS2118899	EUR	0.641868	PLINK2_1KG_DIRECT
RS1356545	RS2043890	EUR	0.619478	PLINK2_1KG_DIRECT
RS1356545	RS12713372	EUR	0.454024	PLINK2_1KG_DIRECT
RS1356545	RS12713373	EUR	0.454024	PLINK2_1KG_DIRECT
RS1356545	RS10172212	EUR	0.56909	PLINK2_1KG_DIRECT
RS1356545	RS35844949	EUR	0.450988	PLINK2_1KG_DIRECT
RS1356545	RS848294	EUR	0.575508	PLINK2_1KG_DIRECT
RS1356545	RS848293	EUR	0.447964	PLINK2_1KG_DIRECT
RS1356545	RS7596038	EUR	0.455914	PLINK2_1KG_DIRECT
RS1356545	RS848289	EUR	0.581963	PLINK2_1KG_DIRECT
RS1356545	RS848288	EUR	0.582594	PLINK2_1KG_DIRECT
RS1356545	RS848287	EUR	0.585676	PLINK2_1KG_DIRECT
RS1356545	RS848285	EUR	0.581963	PLINK2_1KG_DIRECT
RS1356545	RS1100190	EUR	0.582267	PLINK2_1KG_DIRECT
RS1356545	RS72618694	EUR	0.579188	PLINK2_1KG_DIRECT
RS1356545	RS3771221	EUR	0.575802	PLINK2_1KG_DIRECT
RS1356545	RS12477242	EUR	0.582267	PLINK2_1KG_DIRECT
RS1356545	RS3771224	EUR	0.596024	PLINK2_1KG_DIRECT
RS1356545	RS72618695	EUR	0.599515	PLINK2_1KG_DIRECT
RS1356545	RS72618696	EUR	0.585355	PLINK2_1KG_DIRECT
RS1356545	RS11686281	EUR	0.599125	PLINK2_1KG_DIRECT
RS1356545	RS11690710	EUR	0.610414	PLINK2_1KG_DIRECT
RS1356545	RS1356545	EAS	1	PLINK2_1KG_DIRECT
RS1356545	RS10496076	EAS	0.667718	PLINK2_1KG_DIRECT
RS1356545	RS2125924	EAS	0.338075	PLINK2_1KG_DIRECT
RS1356545	RS6720888	EAS	0.661526	PLINK2_1KG_DIRECT
RS1356545	RS13402331	EAS	0.673977	PLINK2_1KG_DIRECT
RS1356545	RS13418015	EAS	0.673977	PLINK2_1KG_DIRECT
RS1356545	RS4671319	EAS	0.310468	PLINK2_1KG_DIRECT
RS1356545	RS10196378	EAS	0.677132	PLINK2_1KG_DIRECT
RS1356545	RS2290867	EAS	0.677132	PLINK2_1KG_DIRECT
RS1356545	RS10186791	EAS	0.677938	PLINK2_1KG_DIRECT
RS1356545	RS13011472	EAS	0.217064	PLINK2_1KG_DIRECT
RS1356545	RS6709720	EAS	0.700738	PLINK2_1KG_DIRECT
RS1356545	RS6722461	EAS	0.700738	PLINK2_1KG_DIRECT
RS1356545	RS2125925	EAS	0.694594	PLINK2_1KG_DIRECT
RS1356545	RS13002041	EAS	0.697658	PLINK2_1KG_DIRECT
RS1356545	RS3886275	EAS	0.700738	PLINK2_1KG_DIRECT
RS1356545	RS717817	EAS	0.700738	PLINK2_1KG_DIRECT
RS1356545	RS7557715	EAS	0.639568	PLINK2_1KG_DIRECT
RS1356545	RS7567497	EAS	0.703834	PLINK2_1KG_DIRECT
RS1356545	RS11125729	EAS	0.700738	PLINK2_1KG_DIRECT
RS1356545	RS11679364	EAS	0.696545	PLINK2_1KG_DIRECT
RS1356545	RS1460255	EAS	0.632289	PLINK2_1KG_DIRECT
RS1356545	RS10204616	EAS	0.710075	PLINK2_1KG_DIRECT
RS1356545	RS12997222	EAS	0.71322	PLINK2_1KG_DIRECT
RS1356545	RS11682175	EAS	0.230871	PLINK2_1KG_DIRECT
RS1356545	RS11688767	EAS	0.243284	PLINK2_1KG_DIRECT
RS1356545	RS13032423	EAS	0.321655	PLINK2_1KG_DIRECT
RS1356545	RS12990792	EAS	0.706946	PLINK2_1KG_DIRECT
RS1356545	RS10496078	EAS	0.706946	PLINK2_1KG_DIRECT
RS1356545	RS7561842	EAS	0.702746	PLINK2_1KG_DIRECT
RS1356545	RS7588492	EAS	0.705871	PLINK2_1KG_DIRECT
RS1356545	RS10496079	EAS	0.705871	PLINK2_1KG_DIRECT
RS1356545	RS10865304	EAS	0.710075	PLINK2_1KG_DIRECT
RS1356545	RS6730037	EAS	0.706946	PLINK2_1KG_DIRECT
RS1356545	RS11898858	EAS	0.706946	PLINK2_1KG_DIRECT
RS1356545	RS12713358	EAS	0.706946	PLINK2_1KG_DIRECT
RS1356545	RS6737913	EAS	0.710075	PLINK2_1KG_DIRECT
RS1356545	RS112345168	EAS	0.635632	PLINK2_1KG_DIRECT
RS1356545	RS6756221	EAS	0.706946	PLINK2_1KG_DIRECT
RS1356545	RS4296411	EAS	0.710075	PLINK2_1KG_DIRECT
RS1356545	RS6761347	EAS	0.710075	PLINK2_1KG_DIRECT
RS1356545	RS1568450	EAS	0.710075	PLINK2_1KG_DIRECT
RS1356545	RS13026612	EAS	0.706946	PLINK2_1KG_DIRECT
RS1356545	RS13026830	EAS	0.706946	PLINK2_1KG_DIRECT
RS1356545	RS10166481	EAS	0.693345	PLINK2_1KG_DIRECT
RS1356545	RS12991325	EAS	0.690231	PLINK2_1KG_DIRECT
RS1356545	RS11676055	EAS	0.693345	PLINK2_1KG_DIRECT
RS1356545	RS1589407	EAS	0.693345	PLINK2_1KG_DIRECT
RS1356545	RS2090793	EAS	0.687133	PLINK2_1KG_DIRECT
RS1356545	RS4672223	EAS	0.687133	PLINK2_1KG_DIRECT
RS1356545	RS6545663	EAS	0.687133	PLINK2_1KG_DIRECT
RS1356545	RS6545664	EAS	0.690231	PLINK2_1KG_DIRECT
RS1356545	RS6545665	EAS	0.690231	PLINK2_1KG_DIRECT
RS1356545	RS2717048	EAS	0.693345	PLINK2_1KG_DIRECT
RS1356545	RS2683614	EAS	0.693345	PLINK2_1KG_DIRECT
RS1356545	RS954593	EAS	0.693345	PLINK2_1KG_DIRECT
RS1356545	RS2683615	EAS	0.693345	PLINK2_1KG_DIRECT
RS1356545	RS2717071	EAS	0.703791	PLINK2_1KG_DIRECT
RS1356545	RS1474215	EAS	0.703791	PLINK2_1KG_DIRECT
RS1356545	RS2717075	EAS	0.703791	PLINK2_1KG_DIRECT
RS1356545	RS2683620	EAS	0.703791	PLINK2_1KG_DIRECT
RS1356545	RS2683619	EAS	0.703791	PLINK2_1KG_DIRECT
RS1356545	RS2683618	EAS	0.3302	PLINK2_1KG_DIRECT
RS1356545	RS2717018	EAS	0.70064	PLINK2_1KG_DIRECT
RS1356545	RS2683616	EAS	0.70064	PLINK2_1KG_DIRECT
RS1356545	RS2683628	EAS	0.706382	PLINK2_1KG_DIRECT
RS1356545	RS2683629	EAS	0.706382	PLINK2_1KG_DIRECT
RS1356545	RS2953439	EAS	0.706382	PLINK2_1KG_DIRECT
RS1356545	RS66490669	EAS	0.661178	PLINK2_1KG_DIRECT
RS1356545	RS7598169	EAS	0.706382	PLINK2_1KG_DIRECT
RS1356545	RS2953441	EAS	0.703791	PLINK2_1KG_DIRECT
RS1356545	RS1402398	EAS	0.717442	PLINK2_1KG_DIRECT
RS1356545	RS2717055	EAS	0.70064	PLINK2_1KG_DIRECT
RS1356545	RS59098844	EAS	0.629005	PLINK2_1KG_DIRECT
RS1356545	RS1402399	EAS	0.706382	PLINK2_1KG_DIRECT
RS1356545	RS2717054	EAS	0.70064	PLINK2_1KG_DIRECT
RS1356545	RS2683621	EAS	0.70064	PLINK2_1KG_DIRECT
RS1356545	RS2717053	EAS	0.70064	PLINK2_1KG_DIRECT
RS1356545	RS2717052	EAS	0.70064	PLINK2_1KG_DIRECT
RS1356545	RS1915459	EAS	0.723056	PLINK2_1KG_DIRECT
RS1356545	RS2717050	EAS	0.723056	PLINK2_1KG_DIRECT
RS1356545	RS2717049	EAS	0.723056	PLINK2_1KG_DIRECT
RS1356545	RS2717047	EAS	0.723056	PLINK2_1KG_DIRECT
RS1356545	RS12185644	EAS	0.718867	PLINK2_1KG_DIRECT
RS1356545	RS2683625	EAS	0.723056	PLINK2_1KG_DIRECT
RS1356545	RS2947348	EAS	0.731477	PLINK2_1KG_DIRECT
RS1356545	RS2953443	EAS	0.723056	PLINK2_1KG_DIRECT
RS1356545	RS2683630	EAS	0.713346	PLINK2_1KG_DIRECT
RS1356545	RS2717076	EAS	0.715616	PLINK2_1KG_DIRECT
RS1356545	RS1520965	EAS	0.723056	PLINK2_1KG_DIRECT
RS1356545	RS1106302	EAS	0.71124	PLINK2_1KG_DIRECT
RS1356545	RS2947350	EAS	0.703012	PLINK2_1KG_DIRECT
RS1356545	RS17049185	EAS	0.642984	PLINK2_1KG_DIRECT
RS1356545	RS1607889	EAS	0.709664	PLINK2_1KG_DIRECT
RS1356545	RS2176931	EAS	0.652907	PLINK2_1KG_DIRECT
RS1356545	RS2204019	EAS	0.71124	PLINK2_1KG_DIRECT
RS1356545	RS11684106	EAS	0.649332	PLINK2_1KG_DIRECT
RS1356545	RS2716999	EAS	0.702231	PLINK2_1KG_DIRECT
RS1356545	RS2683622	EAS	0.706328	PLINK2_1KG_DIRECT
RS1356545	RS2947351	EAS	0.706328	PLINK2_1KG_DIRECT
RS1356545	RS2953437	EAS	0.706328	PLINK2_1KG_DIRECT
RS1356545	RS2953438	EAS	0.709664	PLINK2_1KG_DIRECT
RS1356545	RS68119977	EAS	0.651526	PLINK2_1KG_DIRECT
RS1356545	RS68084872	EAS	0.660821	PLINK2_1KG_DIRECT
RS1356545	RS2953442	EAS	0.613856	PLINK2_1KG_DIRECT
RS1356545	RS4672225	EAS	0.667302	PLINK2_1KG_DIRECT
RS1356545	RS2717074	EAS	0.620671	PLINK2_1KG_DIRECT
RS1356545	RS2717073	EAS	0.619473	PLINK2_1KG_DIRECT
RS1356545	RS2683626	EAS	0.620671	PLINK2_1KG_DIRECT
RS1356545	RS2717072	EAS	0.620671	PLINK2_1KG_DIRECT
RS1356545	RS66985942	EAS	0.670925	PLINK2_1KG_DIRECT
RS1356545	RS2717070	EAS	0.631569	PLINK2_1KG_DIRECT
RS1356545	RS10445894	EAS	0.656161	PLINK2_1KG_DIRECT
RS1356545	RS2717068	EAS	0.649176	PLINK2_1KG_DIRECT
RS1356545	RS2717063	EAS	0.781025	PLINK2_1KG_DIRECT
RS1356545	RS2678910	EAS	0.866444	PLINK2_1KG_DIRECT
RS1356545	RS2683634	EAS	1	PLINK2_1KG_DIRECT
RS1356545	RS2678913	EAS	0.308444	PLINK2_1KG_DIRECT
RS1356545	RS2678915	EAS	1	PLINK2_1KG_DIRECT
RS1356545	RS1356544	EAS	1	PLINK2_1KG_DIRECT
RS1356545	RS2717056	EAS	0.977697	PLINK2_1KG_DIRECT
RS1356545	RS2678908	EAS	0.977697	PLINK2_1KG_DIRECT
RS1356545	RS2678906	EAS	0.973313	PLINK2_1KG_DIRECT
RS1356545	RS2678905	EAS	0.955455	PLINK2_1KG_DIRECT
RS1356545	RS2717001	EAS	0.955455	PLINK2_1KG_DIRECT
RS1356545	RS2678904	EAS	0.955455	PLINK2_1KG_DIRECT
RS1356545	RS2678903	EAS	0.955455	PLINK2_1KG_DIRECT
RS1356545	RS2678901	EAS	0.951024	PLINK2_1KG_DIRECT
RS1356545	RS1040225	EAS	0.951024	PLINK2_1KG_DIRECT
RS1356545	RS1040224	EAS	0.968828	PLINK2_1KG_DIRECT
RS1356545	RS2678881	EAS	0.968828	PLINK2_1KG_DIRECT
RS1356545	RS2717002	EAS	0.968828	PLINK2_1KG_DIRECT
RS1356545	RS2717003	EAS	0.951024	PLINK2_1KG_DIRECT
RS1356545	RS2717004	EAS	0.968828	PLINK2_1KG_DIRECT
RS1356545	RS2465804	EAS	0.951024	PLINK2_1KG_DIRECT
RS1356545	RS2717007	EAS	0.951024	PLINK2_1KG_DIRECT
RS1356545	RS2678909	EAS	0.890327	PLINK2_1KG_DIRECT
RS1356545	RS2459982	EAS	0.951024	PLINK2_1KG_DIRECT
RS1356545	RS2717010	EAS	0.951024	PLINK2_1KG_DIRECT
RS1356545	RS2717011	EAS	0.955455	PLINK2_1KG_DIRECT
RS1356545	RS2717014	EAS	0.955455	PLINK2_1KG_DIRECT
RS1356545	RS2678873	EAS	0.946605	PLINK2_1KG_DIRECT
RS1356545	RS2717015	EAS	0.951024	PLINK2_1KG_DIRECT
RS1356545	RS2312141	EAS	0.968828	PLINK2_1KG_DIRECT
RS1356545	RS2139053	EAS	0.890327	PLINK2_1KG_DIRECT
RS1356545	RS2139054	EAS	0.951024	PLINK2_1KG_DIRECT
RS1356545	RS2678879	EAS	0.951024	PLINK2_1KG_DIRECT
RS1356545	RS2678880	EAS	0.9599	PLINK2_1KG_DIRECT
RS1356545	RS2678882	EAS	0.951024	PLINK2_1KG_DIRECT
RS1356545	RS2717019	EAS	0.968828	PLINK2_1KG_DIRECT
RS1356545	RS2678883	EAS	0.951024	PLINK2_1KG_DIRECT
RS1356545	RS2678884	EAS	0.865059	PLINK2_1KG_DIRECT
RS1356545	RS2717022	EAS	0.924707	PLINK2_1KG_DIRECT
RS1356545	RS2678886	EAS	0.929061	PLINK2_1KG_DIRECT
RS1356545	RS2717023	EAS	0.933428	PLINK2_1KG_DIRECT
RS1356545	RS2717024	EAS	0.929061	PLINK2_1KG_DIRECT
RS1356545	RS2678887	EAS	0.9422	PLINK2_1KG_DIRECT
RS1356545	RS2678888	EAS	0.924707	PLINK2_1KG_DIRECT
RS1356545	RS2678889	EAS	0.946605	PLINK2_1KG_DIRECT
RS1356545	RS2678890	EAS	0.951024	PLINK2_1KG_DIRECT
RS1356545	RS2717027	EAS	0.881741	PLINK2_1KG_DIRECT
RS1356545	RS970941	EAS	0.946605	PLINK2_1KG_DIRECT
RS1356545	RS2717031	EAS	0.946605	PLINK2_1KG_DIRECT
RS1356545	RS2678891	EAS	0.946605	PLINK2_1KG_DIRECT
RS1356545	RS2717032	EAS	0.9422	PLINK2_1KG_DIRECT
RS1356545	RS28718871	EAS	0.9422	PLINK2_1KG_DIRECT
RS1356545	RS2717034	EAS	0.849514	PLINK2_1KG_DIRECT
RS1356545	RS2678894	EAS	0.845751	PLINK2_1KG_DIRECT
RS1356545	RS2717035	EAS	0.946605	PLINK2_1KG_DIRECT
RS1356545	RS2717036	EAS	0.946605	PLINK2_1KG_DIRECT
RS1356545	RS1401100	EAS	0.94225	PLINK2_1KG_DIRECT
RS1356545	RS2678896	EAS	0.946605	PLINK2_1KG_DIRECT
RS1356545	RS2678897	EAS	0.946605	PLINK2_1KG_DIRECT
RS1356545	RS2717040	EAS	0.946605	PLINK2_1KG_DIRECT
RS1356545	RS1568253	EAS	0.929061	PLINK2_1KG_DIRECT
RS1356545	RS1568254	EAS	0.946605	PLINK2_1KG_DIRECT
RS1356545	RS1518393	EAS	0.929061	PLINK2_1KG_DIRECT
RS1356545	RS1518394	EAS	0.924707	PLINK2_1KG_DIRECT
RS1356545	RS2717041	EAS	0.9422	PLINK2_1KG_DIRECT
RS1356545	RS2717042	EAS	0.881831	PLINK2_1KG_DIRECT
RS1356545	RS2717043	EAS	0.881831	PLINK2_1KG_DIRECT
RS1356545	RS12713370	EAS	0.769754	PLINK2_1KG_DIRECT
RS1356545	RS1518395	EAS	0.777814	PLINK2_1KG_DIRECT
RS1356545	RS6732310	EAS	0.831346	PLINK2_1KG_DIRECT
RS1356545	RS6545677	EAS	0.831346	PLINK2_1KG_DIRECT
RS1356545	RS2312147	EAS	0.844173	PLINK2_1KG_DIRECT
RS1356545	RS1518399	EAS	0.788914	PLINK2_1KG_DIRECT
RS1356545	RS4672228	EAS	0.368859	PLINK2_1KG_DIRECT
RS1356545	RS986512	EAS	0.480511	PLINK2_1KG_DIRECT
RS1356545	RS968653	EAS	0.697549	PLINK2_1KG_DIRECT
RS1356545	RS10205421	EAS	0.693981	PLINK2_1KG_DIRECT
RS1356545	RS10188070	EAS	0.704415	PLINK2_1KG_DIRECT
RS1356545	RS12620940	EAS	0.605429	PLINK2_1KG_DIRECT
RS1356545	RS2118899	EAS	0.605587	PLINK2_1KG_DIRECT
RS1356545	RS2043890	EAS	0.599087	PLINK2_1KG_DIRECT
RS1356545	RS12713372	EAS	0.363639	PLINK2_1KG_DIRECT
RS1356545	RS12713373	EAS	0.360149	PLINK2_1KG_DIRECT
RS1356545	RS10172212	EAS	0.588079	PLINK2_1KG_DIRECT
RS1356545	RS35844949	EAS	0.36044	PLINK2_1KG_DIRECT
RS1356545	RS848294	EAS	0.57461	PLINK2_1KG_DIRECT
RS1356545	RS848293	EAS	0.387976	PLINK2_1KG_DIRECT
RS1356545	RS7596038	EAS	0.367628	PLINK2_1KG_DIRECT
RS1356545	RS848289	EAS	0.573555	PLINK2_1KG_DIRECT
RS1356545	RS848288	EAS	0.555328	PLINK2_1KG_DIRECT
RS1356545	RS848287	EAS	0.569585	PLINK2_1KG_DIRECT
RS1356545	RS848285	EAS	0.546773	PLINK2_1KG_DIRECT
RS1356545	RS1100190	EAS	0.522082	PLINK2_1KG_DIRECT
RS1356545	RS72618694	EAS	0.541681	PLINK2_1KG_DIRECT
RS1356545	RS3771221	EAS	0.541681	PLINK2_1KG_DIRECT
RS1356545	RS12477242	EAS	0.535057	PLINK2_1KG_DIRECT
RS1356545	RS3771224	EAS	0.545027	PLINK2_1KG_DIRECT
RS1356545	RS72618695	EAS	0.538002	PLINK2_1KG_DIRECT
RS1356545	RS72618696	EAS	0.552498	PLINK2_1KG_DIRECT
RS1356545	RS11686281	EAS	0.548397	PLINK2_1KG_DIRECT
RS1356545	RS11690710	EAS	0.531554	PLINK2_1KG_DIRECT
RS9276933	RS9276933	EUR	1	PLINK2_1KG_DIRECT
RS9276933	RS9275698	EUR	0.103728	PLINK2_1KG_DIRECT
RS9276933	RS2859088	EUR	0.10312	PLINK2_1KG_DIRECT
RS9276933	RS171329	EUR	0.130602	PLINK2_1KG_DIRECT
RS9276933	RS35520555	EUR	0.142951	PLINK2_1KG_DIRECT
RS9276933	RS28496707	EUR	0.144938	PLINK2_1KG_DIRECT
RS9276933	RS17214106	EUR	0.146964	PLINK2_1KG_DIRECT
RS9276933	RS13191715	EUR	0.144938	PLINK2_1KG_DIRECT
RS9276933	RS71565360	EUR	0.107511	PLINK2_1KG_DIRECT
RS9276933	RS114545731	EUR	0.234018	PLINK2_1KG_DIRECT
RS9276933	RS1594470	EUR	0.234018	PLINK2_1KG_DIRECT
RS9276933	RS114132738	EUR	0.217838	PLINK2_1KG_DIRECT
RS9276933	RS6914052	EUR	0.217838	PLINK2_1KG_DIRECT
RS9276933	RS112790520	EUR	0.237358	PLINK2_1KG_DIRECT
RS9276933	RS56934772	EUR	0.180427	PLINK2_1KG_DIRECT
RS9276933	RS111721461	EUR	0.137164	PLINK2_1KG_DIRECT
RS9276933	RS58649023	EUR	0.180427	PLINK2_1KG_DIRECT
RS9276933	RS9296075	EUR	0.167091	PLINK2_1KG_DIRECT
RS9276933	RS115991849	EUR	0.192908	PLINK2_1KG_DIRECT
RS9276933	RS573846179	EUR	0.180427	PLINK2_1KG_DIRECT
RS9276933	RS6928350	EUR	0.167421	PLINK2_1KG_DIRECT
RS9276933	RS59968964	EUR	0.171942	PLINK2_1KG_DIRECT
RS9276933	RS6915809	EUR	0.167421	PLINK2_1KG_DIRECT
RS9276933	RS7769761	EUR	0.166285	PLINK2_1KG_DIRECT
RS9276933	RS111925602	EUR	0.166285	PLINK2_1KG_DIRECT
RS9276933	RS112763889	EUR	0.155809	PLINK2_1KG_DIRECT
RS9276933	RS73408005	EUR	0.166285	PLINK2_1KG_DIRECT
RS9276933	RS28711386	EUR	0.166285	PLINK2_1KG_DIRECT
RS9276933	RS41317094	EUR	0.166285	PLINK2_1KG_DIRECT
RS9276933	RS41317098	EUR	0.166285	PLINK2_1KG_DIRECT
RS9276933	RS41317102	EUR	0.166285	PLINK2_1KG_DIRECT
RS9276933	RS41317106	EUR	0.166285	PLINK2_1KG_DIRECT
RS9276933	RS11969547	EUR	0.166285	PLINK2_1KG_DIRECT
RS9276933	RS34038921	EUR	0.166285	PLINK2_1KG_DIRECT
RS9276933	RS34859217	EUR	0.166285	PLINK2_1KG_DIRECT
RS9276933	RS34434446	EUR	0.166285	PLINK2_1KG_DIRECT
RS9276933	RS9276933	EAS	1	PLINK2_1KG_DIRECT
RS707939	RS707939	EUR	1	PLINK2_1KG_DIRECT
RS707939	RS2515919	EUR	0.100534	PLINK2_1KG_DIRECT
RS707939	RS2844479	EUR	0.598578	PLINK2_1KG_DIRECT
RS707939	RS2857702	EUR	0.480341	PLINK2_1KG_DIRECT
RS707939	RS2844477	EUR	0.532138	PLINK2_1KG_DIRECT
RS707939	RS2051552	EUR	0.540266	PLINK2_1KG_DIRECT
RS707939	RS2507957	EUR	0.532138	PLINK2_1KG_DIRECT
RS707939	RS3993747	EUR	0.511051	PLINK2_1KG_DIRECT
RS707939	RS7765613	EUR	0.540266	PLINK2_1KG_DIRECT
RS707939	RS2844475	EUR	0.476084	PLINK2_1KG_DIRECT
RS707939	RS2259571	EUR	0.540266	PLINK2_1KG_DIRECT
RS707939	RS2857698	EUR	0.784408	PLINK2_1KG_DIRECT
RS707939	RS2857697	EUR	0.476084	PLINK2_1KG_DIRECT
RS707939	RS2736178	EUR	0.532138	PLINK2_1KG_DIRECT
RS707939	RS3091280	EUR	0.540266	PLINK2_1KG_DIRECT
RS707939	RS2736176	EUR	0.784408	PLINK2_1KG_DIRECT
RS707939	RS2857694	EUR	0.476084	PLINK2_1KG_DIRECT
RS707939	RS2857693	EUR	0.476084	PLINK2_1KG_DIRECT
RS707939	RS2844472	EUR	0.534833	PLINK2_1KG_DIRECT
RS707939	RS2736172	EUR	0.534833	PLINK2_1KG_DIRECT
RS707939	RS2260050	EUR	0.543002	PLINK2_1KG_DIRECT
RS707939	RS3135044	EUR	0.478504	PLINK2_1KG_DIRECT
RS707939	RS2260000	EUR	0.534833	PLINK2_1KG_DIRECT
RS707939	RS2736171	EUR	0.476084	PLINK2_1KG_DIRECT
RS707939	RS2261033	EUR	0.500925	PLINK2_1KG_DIRECT
RS707939	RS2736155	EUR	0.298482	PLINK2_1KG_DIRECT
RS707939	RS2077491	EUR	0.298482	PLINK2_1KG_DIRECT
RS707939	RS2077492	EUR	0.300102	PLINK2_1KG_DIRECT
RS707939	RS755714	EUR	0.784408	PLINK2_1KG_DIRECT
RS707939	RS1077393	EUR	0.300102	PLINK2_1KG_DIRECT
RS707939	RS1052486	EUR	0.300102	PLINK2_1KG_DIRECT
RS707939	RS805299	EUR	0.784408	PLINK2_1KG_DIRECT
RS707939	RS805297	EUR	0.784408	PLINK2_1KG_DIRECT
RS707939	RS5872	EUR	0.780326	PLINK2_1KG_DIRECT
RS707939	RS707919	EUR	0.780326	PLINK2_1KG_DIRECT
RS707939	RS805293	EUR	0.599319	PLINK2_1KG_DIRECT
RS707939	RS707938	EUR	0.255599	PLINK2_1KG_DIRECT
RS707939	RS707930	EUR	0.520256	PLINK2_1KG_DIRECT
RS707939	RS707929	EUR	0.275669	PLINK2_1KG_DIRECT
RS707939	RS707928	EUR	0.280838	PLINK2_1KG_DIRECT
RS707939	RS2607015	EUR	0.590861	PLINK2_1KG_DIRECT
RS707939	RS2753960	EUR	0.590861	PLINK2_1KG_DIRECT
RS707939	RS1150748	EUR	0.896737	PLINK2_1KG_DIRECT
RS707939	RS2075800	EUR	0.892533	PLINK2_1KG_DIRECT
RS707939	RS2844459	EUR	0.868033	PLINK2_1KG_DIRECT
RS707939	RS2607013	EUR	0.406285	PLINK2_1KG_DIRECT
RS707939	RS2445689	EUR	0.74056	PLINK2_1KG_DIRECT
RS707939	RS2507954	EUR	0.737148	PLINK2_1KG_DIRECT
RS707939	RS542418	EUR	0.234779	PLINK2_1KG_DIRECT
RS707939	RS660594	EUR	0.371134	PLINK2_1KG_DIRECT
RS707939	RS660550	EUR	0.371134	PLINK2_1KG_DIRECT
RS707939	RS571338	EUR	0.371134	PLINK2_1KG_DIRECT
RS707939	RS575439	EUR	0.371134	PLINK2_1KG_DIRECT
RS707939	RS575591	EUR	0.371134	PLINK2_1KG_DIRECT
RS707939	RS577272	EUR	0.371134	PLINK2_1KG_DIRECT
RS707939	RS644827	EUR	0.371134	PLINK2_1KG_DIRECT
RS707939	RS644774	EUR	0.371134	PLINK2_1KG_DIRECT
RS707939	RS493515	EUR	0.371134	PLINK2_1KG_DIRECT
RS707939	RS494620	EUR	0.622537	PLINK2_1KG_DIRECT
RS707939	RS2242665	EUR	0.371134	PLINK2_1KG_DIRECT
RS707939	RS2242664	EUR	0.371134	PLINK2_1KG_DIRECT
RS707939	RS3132442	EUR	0.306445	PLINK2_1KG_DIRECT
RS707939	RS3130481	EUR	0.306445	PLINK2_1KG_DIRECT
RS707939	RS3130482	EUR	0.306445	PLINK2_1KG_DIRECT
RS707939	RS2763981	EUR	0.188015	PLINK2_1KG_DIRECT
RS707939	RS614549	EUR	0.640011	PLINK2_1KG_DIRECT
RS707939	RS504653	EUR	0.476701	PLINK2_1KG_DIRECT
RS707939	RS527254	EUR	0.515726	PLINK2_1KG_DIRECT
RS707939	RS2736428	EUR	0.778007	PLINK2_1KG_DIRECT
RS707939	RS605203	EUR	0.199906	PLINK2_1KG_DIRECT
RS707939	RS570263	EUR	0.199906	PLINK2_1KG_DIRECT
RS707939	RS589428	EUR	0.199906	PLINK2_1KG_DIRECT
RS707939	RS2844458	EUR	0.729259	PLINK2_1KG_DIRECT
RS707939	RS486416	EUR	0.199906	PLINK2_1KG_DIRECT
RS707939	RS34929649	EUR	0.63371	PLINK2_1KG_DIRECT
RS707939	RS535586	EUR	0.199906	PLINK2_1KG_DIRECT
RS707939	RS2844457	EUR	0.676235	PLINK2_1KG_DIRECT
RS707939	RS1265945	EUR	0.199906	PLINK2_1KG_DIRECT
RS707939	RS3130680	EUR	0.676235	PLINK2_1KG_DIRECT
RS707939	RS659445	EUR	0.199906	PLINK2_1KG_DIRECT
RS707939	RS7887	EUR	0.676235	PLINK2_1KG_DIRECT
RS707939	RS2844455	EUR	0.359581	PLINK2_1KG_DIRECT
RS707939	RS2763982	EUR	0.672856	PLINK2_1KG_DIRECT
RS707939	RS586346	EUR	0.199906	PLINK2_1KG_DIRECT
RS707939	RS1313996	EUR	0.199906	PLINK2_1KG_DIRECT
RS707939	RS685031	EUR	0.188323	PLINK2_1KG_DIRECT
RS707939	RS2844452	EUR	0.385122	PLINK2_1KG_DIRECT
RS707939	RS644045	EUR	0.188323	PLINK2_1KG_DIRECT
RS707939	RS3128759	EUR	0.188323	PLINK2_1KG_DIRECT
RS707939	RS2734335	EUR	0.340781	PLINK2_1KG_DIRECT
RS707939	RS3020644	EUR	0.553424	PLINK2_1KG_DIRECT
RS707939	RS2293751	EUR	0.334131	PLINK2_1KG_DIRECT
RS707939	RS537160	EUR	0.120879	PLINK2_1KG_DIRECT
RS707939	RS4151657	EUR	0.571654	PLINK2_1KG_DIRECT
RS707939	RS2072632	EUR	0.606049	PLINK2_1KG_DIRECT
RS707939	RS2280774	EUR	0.595727	PLINK2_1KG_DIRECT
RS707939	RS12524149	EUR	0.536415	PLINK2_1KG_DIRECT
RS707939	RS2734325	EUR	0.533088	PLINK2_1KG_DIRECT
RS707939	RS6941112	EUR	0.526229	PLINK2_1KG_DIRECT
RS707939	RS6463	EUR	0.474378	PLINK2_1KG_DIRECT
RS707939	RS397515530	EUR	0.474378	PLINK2_1KG_DIRECT
RS707939	RS9275288	EUR	0.102461	PLINK2_1KG_DIRECT
RS707939	RS9275292	EUR	0.102461	PLINK2_1KG_DIRECT
RS707939	RS9275295	EUR	0.100749	PLINK2_1KG_DIRECT
RS707939	RS9275511	EUR	0.104224	PLINK2_1KG_DIRECT
RS707939	RS707939	EAS	1	PLINK2_1KG_DIRECT
RS707939	RS2844479	EAS	0.254052	PLINK2_1KG_DIRECT
RS707939	RS2857702	EAS	0.349049	PLINK2_1KG_DIRECT
RS707939	RS2844477	EAS	0.277117	PLINK2_1KG_DIRECT
RS707939	RS2051552	EAS	0.294632	PLINK2_1KG_DIRECT
RS707939	RS2507957	EAS	0.278438	PLINK2_1KG_DIRECT
RS707939	RS3993747	EAS	0.275801	PLINK2_1KG_DIRECT
RS707939	RS7765613	EAS	0.294632	PLINK2_1KG_DIRECT
RS707939	RS2844475	EAS	0.255324	PLINK2_1KG_DIRECT
RS707939	RS2259571	EAS	0.293258	PLINK2_1KG_DIRECT
RS707939	RS2857698	EAS	0.753218	PLINK2_1KG_DIRECT
RS707939	RS2857697	EAS	0.254079	PLINK2_1KG_DIRECT
RS707939	RS2736178	EAS	0.277117	PLINK2_1KG_DIRECT
RS707939	RS3091280	EAS	0.293258	PLINK2_1KG_DIRECT
RS707939	RS2736176	EAS	0.753218	PLINK2_1KG_DIRECT
RS707939	RS2857694	EAS	0.254079	PLINK2_1KG_DIRECT
RS707939	RS2857693	EAS	0.254079	PLINK2_1KG_DIRECT
RS707939	RS2844472	EAS	0.277117	PLINK2_1KG_DIRECT
RS707939	RS2736172	EAS	0.277117	PLINK2_1KG_DIRECT
RS707939	RS2260050	EAS	0.293258	PLINK2_1KG_DIRECT
RS707939	RS3135044	EAS	0.254079	PLINK2_1KG_DIRECT
RS707939	RS2260000	EAS	0.277117	PLINK2_1KG_DIRECT
RS707939	RS2736171	EAS	0.185981	PLINK2_1KG_DIRECT
RS707939	RS2261033	EAS	0.52824	PLINK2_1KG_DIRECT
RS707939	RS2736155	EAS	0.259082	PLINK2_1KG_DIRECT
RS707939	RS2077491	EAS	0.259082	PLINK2_1KG_DIRECT
RS707939	RS2077492	EAS	0.259082	PLINK2_1KG_DIRECT
RS707939	RS755714	EAS	0.865034	PLINK2_1KG_DIRECT
RS707939	RS1077393	EAS	0.259082	PLINK2_1KG_DIRECT
RS707939	RS1052486	EAS	0.259082	PLINK2_1KG_DIRECT
RS707939	RS805299	EAS	0.869007	PLINK2_1KG_DIRECT
RS707939	RS805297	EAS	0.869007	PLINK2_1KG_DIRECT
RS707939	RS5872	EAS	0.865034	PLINK2_1KG_DIRECT
RS707939	RS707919	EAS	0.869007	PLINK2_1KG_DIRECT
RS707939	RS805293	EAS	0.896846	PLINK2_1KG_DIRECT
RS707939	RS707938	EAS	0.260495	PLINK2_1KG_DIRECT
RS707939	RS707930	EAS	0.639223	PLINK2_1KG_DIRECT
RS707939	RS707929	EAS	0.31565	PLINK2_1KG_DIRECT
RS707939	RS707928	EAS	0.287312	PLINK2_1KG_DIRECT
RS707939	RS2607015	EAS	0.815203	PLINK2_1KG_DIRECT
RS707939	RS2753960	EAS	0.815203	PLINK2_1KG_DIRECT
RS707939	RS1150748	EAS	0.872981	PLINK2_1KG_DIRECT
RS707939	RS2075800	EAS	0.856394	PLINK2_1KG_DIRECT
RS707939	RS2844459	EAS	0.841019	PLINK2_1KG_DIRECT
RS707939	RS2607013	EAS	0.45504	PLINK2_1KG_DIRECT
RS707939	RS2445689	EAS	0.656919	PLINK2_1KG_DIRECT
RS707939	RS2507954	EAS	0.660789	PLINK2_1KG_DIRECT
RS707939	RS542418	EAS	0.231691	PLINK2_1KG_DIRECT
RS707939	RS660594	EAS	0.29238	PLINK2_1KG_DIRECT
RS707939	RS660550	EAS	0.29238	PLINK2_1KG_DIRECT
RS707939	RS571338	EAS	0.29238	PLINK2_1KG_DIRECT
RS707939	RS575439	EAS	0.29238	PLINK2_1KG_DIRECT
RS707939	RS575591	EAS	0.293745	PLINK2_1KG_DIRECT
RS707939	RS577272	EAS	0.29238	PLINK2_1KG_DIRECT
RS707939	RS644827	EAS	0.291019	PLINK2_1KG_DIRECT
RS707939	RS644774	EAS	0.29238	PLINK2_1KG_DIRECT
RS707939	RS493515	EAS	0.29238	PLINK2_1KG_DIRECT
RS707939	RS494620	EAS	0.50755	PLINK2_1KG_DIRECT
RS707939	RS2242665	EAS	0.29238	PLINK2_1KG_DIRECT
RS707939	RS2242664	EAS	0.29238	PLINK2_1KG_DIRECT
RS707939	RS3132442	EAS	0.29238	PLINK2_1KG_DIRECT
RS707939	RS3130481	EAS	0.29238	PLINK2_1KG_DIRECT
RS707939	RS3130482	EAS	0.29238	PLINK2_1KG_DIRECT
RS707939	RS2763981	EAS	0.152457	PLINK2_1KG_DIRECT
RS707939	RS614549	EAS	0.578173	PLINK2_1KG_DIRECT
RS707939	RS504653	EAS	0.195533	PLINK2_1KG_DIRECT
RS707939	RS527254	EAS	0.468688	PLINK2_1KG_DIRECT
RS707939	RS2736428	EAS	0.672229	PLINK2_1KG_DIRECT
RS707939	RS605203	EAS	0.142541	PLINK2_1KG_DIRECT
RS707939	RS570263	EAS	0.142541	PLINK2_1KG_DIRECT
RS707939	RS589428	EAS	0.143399	PLINK2_1KG_DIRECT
RS707939	RS2844458	EAS	0.476857	PLINK2_1KG_DIRECT
RS707939	RS486416	EAS	0.142196	PLINK2_1KG_DIRECT
RS707939	RS34929649	EAS	0.350116	PLINK2_1KG_DIRECT
RS707939	RS535586	EAS	0.142541	PLINK2_1KG_DIRECT
RS707939	RS2844457	EAS	0.350116	PLINK2_1KG_DIRECT
RS707939	RS3130680	EAS	0.350116	PLINK2_1KG_DIRECT
RS707939	RS659445	EAS	0.140478	PLINK2_1KG_DIRECT
RS707939	RS7887	EAS	0.350116	PLINK2_1KG_DIRECT
RS707939	RS2844455	EAS	0.224965	PLINK2_1KG_DIRECT
RS707939	RS2763982	EAS	0.346954	PLINK2_1KG_DIRECT
RS707939	RS586346	EAS	0.143399	PLINK2_1KG_DIRECT
RS707939	RS1313996	EAS	0.132833	PLINK2_1KG_DIRECT
RS707939	RS685031	EAS	0.129174	PLINK2_1KG_DIRECT
RS707939	RS2844452	EAS	0.246695	PLINK2_1KG_DIRECT
RS707939	RS644045	EAS	0.129174	PLINK2_1KG_DIRECT
RS707939	RS3128759	EAS	0.129174	PLINK2_1KG_DIRECT
RS707939	RS2734335	EAS	0.199813	PLINK2_1KG_DIRECT
RS707939	RS3020644	EAS	0.316906	PLINK2_1KG_DIRECT
RS707939	RS2293751	EAS	0.159055	PLINK2_1KG_DIRECT
RS707939	RS537160	EAS	0.225143	PLINK2_1KG_DIRECT
RS707939	RS4151657	EAS	0.428297	PLINK2_1KG_DIRECT
RS707939	RS2072632	EAS	0.436779	PLINK2_1KG_DIRECT
RS707939	RS2280774	EAS	0.356093	PLINK2_1KG_DIRECT
RS707939	RS12524149	EAS	0.102294	PLINK2_1KG_DIRECT
RS707939	RS2734325	EAS	0.101851	PLINK2_1KG_DIRECT
RS707939	RS6941112	EAS	0.104573	PLINK2_1KG_DIRECT
RS6226	RS6226	EUR	1	PLINK2_1KG_DIRECT
RS6226	RS7167085	EUR	0.510929	PLINK2_1KG_DIRECT
RS6226	RS7497418	EUR	0.502981	PLINK2_1KG_DIRECT
RS6226	RS3759929	EUR	0.510929	PLINK2_1KG_DIRECT
RS6226	RS17514846	EUR	0.353321	PLINK2_1KG_DIRECT
RS6226	RS8032315	EUR	0.209571	PLINK2_1KG_DIRECT
RS6226	RS8027450	EUR	0.208622	PLINK2_1KG_DIRECT
RS6226	RS2071410	EUR	0.208622	PLINK2_1KG_DIRECT
RS6226	RS8039305	EUR	0.388758	PLINK2_1KG_DIRECT
RS6226	RS6224	EUR	0.389484	PLINK2_1KG_DIRECT
RS6226	RS6227	EUR	0.209571	PLINK2_1KG_DIRECT
RS6226	RS4702	EUR	0.555811	PLINK2_1KG_DIRECT
RS6226	RS35346340	EUR	0.210524	PLINK2_1KG_DIRECT
RS6226	RS2071382	EUR	0.368173	PLINK2_1KG_DIRECT
RS6226	RS11539637	EUR	0.372738	PLINK2_1KG_DIRECT
RS6226	RS7183988	EUR	0.367473	PLINK2_1KG_DIRECT
RS6226	RS7177338	EUR	0.370525	PLINK2_1KG_DIRECT
RS6226	RS1894400	EUR	0.207675	PLINK2_1KG_DIRECT
RS6226	RS1894401	EUR	0.365158	PLINK2_1KG_DIRECT
RS6226	RS7497304	EUR	0.204851	PLINK2_1KG_DIRECT
RS6226	RS4932373	EUR	0.204851	PLINK2_1KG_DIRECT
RS6226	RS6226	EAS	1	PLINK2_1KG_DIRECT
RS6226	RS7167085	EAS	0.13257	PLINK2_1KG_DIRECT
RS6226	RS7497418	EAS	0.134087	PLINK2_1KG_DIRECT
RS6226	RS3759929	EAS	0.136822	PLINK2_1KG_DIRECT
RS6226	RS17514846	EAS	0.154836	PLINK2_1KG_DIRECT
RS6226	RS8039305	EAS	0.154836	PLINK2_1KG_DIRECT
RS6226	RS6224	EAS	0.155533	PLINK2_1KG_DIRECT
RS6226	RS4702	EAS	0.941608	PLINK2_1KG_DIRECT
RS9268143	RS9268143	EUR	1	PLINK2_1KG_DIRECT
RS9268143	RS9267919	EUR	0.160139	PLINK2_1KG_DIRECT
RS9268143	RS9268100	EUR	0.629272	PLINK2_1KG_DIRECT
RS9268143	RS521828	EUR	0.663086	PLINK2_1KG_DIRECT
RS9268143	RS511874	EUR	0.663086	PLINK2_1KG_DIRECT
RS9268143	RS3129942	EUR	0.468212	PLINK2_1KG_DIRECT
RS9268143	RS3129943	EUR	0.498303	PLINK2_1KG_DIRECT
RS9268143	RS9270588	EUR	0.1176	PLINK2_1KG_DIRECT
RS9268143	RS615672	EUR	0.112337	PLINK2_1KG_DIRECT
RS9268143	RS615698	EUR	0.110059	PLINK2_1KG_DIRECT
RS9268143	RS615719	EUR	0.106931	PLINK2_1KG_DIRECT
RS9268143	RS616187	EUR	0.10391	PLINK2_1KG_DIRECT
RS9268143	RS2858866	EUR	0.113259	PLINK2_1KG_DIRECT
RS9268143	RS486912	EUR	0.112337	PLINK2_1KG_DIRECT
RS9268143	RS3021303	EUR	0.109181	PLINK2_1KG_DIRECT
RS9268143	RS481245	EUR	0.111891	PLINK2_1KG_DIRECT
RS9268143	RS9272168	EUR	0.10254	PLINK2_1KG_DIRECT
RS9268143	RS9275515	EUR	0.111452	PLINK2_1KG_DIRECT
RS9268143	RS9275516	EUR	0.111452	PLINK2_1KG_DIRECT
RS9268143	RS9275517	EUR	0.111452	PLINK2_1KG_DIRECT
RS9268143	RS9275518	EUR	0.110049	PLINK2_1KG_DIRECT
RS9268143	RS9275524	EUR	0.111452	PLINK2_1KG_DIRECT
RS9268143	RS9275556	EUR	0.111452	PLINK2_1KG_DIRECT
RS9268143	RS9275569	EUR	0.108871	PLINK2_1KG_DIRECT
RS9268143	RS6932517	EUR	0.106335	PLINK2_1KG_DIRECT
RS9268143	RS9275570	EUR	0.106335	PLINK2_1KG_DIRECT
RS9268143	RS3998157	EUR	0.110587	PLINK2_1KG_DIRECT
RS9268143	RS4273729	EUR	0.109726	PLINK2_1KG_DIRECT
RS9268143	RS9275572	EUR	0.111452	PLINK2_1KG_DIRECT
RS9268143	RS9275573	EUR	0.109726	PLINK2_1KG_DIRECT
RS9268143	RS9268143	EAS	1	PLINK2_1KG_DIRECT
RS9268143	RS9268100	EAS	0.466238	PLINK2_1KG_DIRECT
RS9268143	RS521828	EAS	0.351353	PLINK2_1KG_DIRECT
RS9268143	RS511874	EAS	0.351353	PLINK2_1KG_DIRECT
RS9268143	RS3129942	EAS	0.356428	PLINK2_1KG_DIRECT
RS9268143	RS3129943	EAS	0.261546	PLINK2_1KG_DIRECT
RS9268143	RS9270578	EAS	0.101227	PLINK2_1KG_DIRECT
RS9268143	RS9270589	EAS	0.101208	PLINK2_1KG_DIRECT
RS9268143	RS9271286	EAS	0.110394	PLINK2_1KG_DIRECT
RS9268143	RS9271287	EAS	0.110394	PLINK2_1KG_DIRECT
RS9268143	RS9271289	EAS	0.108608	PLINK2_1KG_DIRECT
RS9268143	RS9271292	EAS	0.108608	PLINK2_1KG_DIRECT
RS9268143	RS9271295	EAS	0.107275	PLINK2_1KG_DIRECT
RS9268143	RS2894275	EAS	0.108608	PLINK2_1KG_DIRECT
RS9268143	RS2395223	EAS	0.108608	PLINK2_1KG_DIRECT
RS9268143	RS521512	EAS	0.10794	PLINK2_1KG_DIRECT
RS9268143	RS2858859	EAS	0.108608	PLINK2_1KG_DIRECT
RS9268143	RS5004276	EAS	0.108608	PLINK2_1KG_DIRECT
RS9268143	RS5004277	EAS	0.108608	PLINK2_1KG_DIRECT
RS9268143	RS7451962	EAS	0.108608	PLINK2_1KG_DIRECT
RS9268143	RS9271331	EAS	0.111068	PLINK2_1KG_DIRECT
RS13083798	RS13083798	EUR	1	PLINK2_1KG_DIRECT
RS13083798	RS104903	EUR	0.386944	PLINK2_1KG_DIRECT
RS13083798	RS181274	EUR	0.384504	PLINK2_1KG_DIRECT
RS13083798	RS352171	EUR	0.379451	PLINK2_1KG_DIRECT
RS13083798	RS352170	EUR	0.379451	PLINK2_1KG_DIRECT
RS13083798	RS352169	EUR	0.379451	PLINK2_1KG_DIRECT
RS13083798	RS352168	EUR	0.376977	PLINK2_1KG_DIRECT
RS13083798	RS352167	EUR	0.384434	PLINK2_1KG_DIRECT
RS13083798	RS352166	EUR	0.384434	PLINK2_1KG_DIRECT
RS13083798	RS352165	EUR	0.389465	PLINK2_1KG_DIRECT
RS13083798	RS352163	EUR	0.39209	PLINK2_1KG_DIRECT
RS13083798	RS164640	EUR	0.387213	PLINK2_1KG_DIRECT
RS13083798	RS352162	EUR	0.39746	PLINK2_1KG_DIRECT
RS13083798	RS352140	EUR	0.454947	PLINK2_1KG_DIRECT
RS13083798	RS352139	EUR	0.469282	PLINK2_1KG_DIRECT
RS13083798	RS610060	EUR	0.523312	PLINK2_1KG_DIRECT
RS13083798	RS11717383	EUR	0.526199	PLINK2_1KG_DIRECT
RS13083798	RS1060330	EUR	0.526199	PLINK2_1KG_DIRECT
RS13083798	RS7614727	EUR	0.526199	PLINK2_1KG_DIRECT
RS13083798	RS7629072	EUR	0.526199	PLINK2_1KG_DIRECT
RS13083798	RS6445358	EUR	0.526199	PLINK2_1KG_DIRECT
RS13083798	RS2276834	EUR	0.529087	PLINK2_1KG_DIRECT
RS13083798	RS7622851	EUR	0.531989	PLINK2_1KG_DIRECT
RS13083798	RS9311474	EUR	0.529087	PLINK2_1KG_DIRECT
RS13083798	RS648514	EUR	0.522384	PLINK2_1KG_DIRECT
RS13083798	RS731831	EUR	0.476083	PLINK2_1KG_DIRECT
RS13083798	RS1010553	EUR	0.674508	PLINK2_1KG_DIRECT
RS13083798	RS11130306	EUR	0.684634	PLINK2_1KG_DIRECT
RS13083798	RS1010554	EUR	0.727261	PLINK2_1KG_DIRECT
RS13083798	RS66824127	EUR	0.76598	PLINK2_1KG_DIRECT
RS13083798	RS67409736	EUR	0.790442	PLINK2_1KG_DIRECT
RS13083798	RS13081028	EUR	0.789815	PLINK2_1KG_DIRECT
RS13083798	RS9853056	EUR	0.786563	PLINK2_1KG_DIRECT
RS13083798	RS13303	EUR	0.783323	PLINK2_1KG_DIRECT
RS13083798	RS13621	EUR	0.484055	PLINK2_1KG_DIRECT
RS13083798	RS11709284	EUR	0.789815	PLINK2_1KG_DIRECT
RS13083798	RS6778735	EUR	0.778282	PLINK2_1KG_DIRECT
RS13083798	RS4282054	EUR	0.796959	PLINK2_1KG_DIRECT
RS13083798	RS7636227	EUR	0.782108	PLINK2_1KG_DIRECT
RS13083798	RS7614981	EUR	0.748293	PLINK2_1KG_DIRECT
RS13083798	RS12489828	EUR	0.748293	PLINK2_1KG_DIRECT
RS13083798	RS66782572	EUR	0.75941	PLINK2_1KG_DIRECT
RS13083798	RS7639267	EUR	0.798253	PLINK2_1KG_DIRECT
RS13083798	RS2878628	EUR	0.662384	PLINK2_1KG_DIRECT
RS13083798	RS2251219	EUR	0.637617	PLINK2_1KG_DIRECT
RS13083798	RS1961959	EUR	0.62953	PLINK2_1KG_DIRECT
RS13083798	RS1961958	EUR	0.62953	PLINK2_1KG_DIRECT
RS13083798	RS1570	EUR	0.665184	PLINK2_1KG_DIRECT
RS13083798	RS17052256	EUR	0.662384	PLINK2_1KG_DIRECT
RS13083798	RS17052259	EUR	0.662384	PLINK2_1KG_DIRECT
RS13083798	RS3796353	EUR	0.662384	PLINK2_1KG_DIRECT
RS13083798	RS6778844	EUR	0.62953	PLINK2_1KG_DIRECT
RS13083798	RS33964154	EUR	0.637617	PLINK2_1KG_DIRECT
RS13083798	RS2289249	EUR	0.62953	PLINK2_1KG_DIRECT
RS13083798	RS13059862	EUR	0.665184	PLINK2_1KG_DIRECT
RS13083798	RS13060048	EUR	0.662384	PLINK2_1KG_DIRECT
RS13083798	RS6786919	EUR	0.662384	PLINK2_1KG_DIRECT
RS13083798	RS6798246	EUR	0.62953	PLINK2_1KG_DIRECT
RS13083798	RS1821879	EUR	0.665184	PLINK2_1KG_DIRECT
RS13083798	RS13063160	EUR	0.665184	PLINK2_1KG_DIRECT
RS13083798	RS10433550	EUR	0.662384	PLINK2_1KG_DIRECT
RS13083798	RS9758945	EUR	0.662384	PLINK2_1KG_DIRECT
RS13083798	RS6786043	EUR	0.665184	PLINK2_1KG_DIRECT
RS13083798	RS6788887	EUR	0.662384	PLINK2_1KG_DIRECT
RS13083798	RS6788993	EUR	0.665184	PLINK2_1KG_DIRECT
RS13083798	RS4687546	EUR	0.662384	PLINK2_1KG_DIRECT
RS13083798	RS7623199	EUR	0.62953	PLINK2_1KG_DIRECT
RS13083798	RS11714565	EUR	0.662384	PLINK2_1KG_DIRECT
RS13083798	RS7625743	EUR	0.665184	PLINK2_1KG_DIRECT
RS13083798	RS11130307	EUR	0.625819	PLINK2_1KG_DIRECT
RS13083798	RS12632381	EUR	0.625819	PLINK2_1KG_DIRECT
RS13083798	RS4687547	EUR	0.637617	PLINK2_1KG_DIRECT
RS13083798	RS6762457	EUR	0.637617	PLINK2_1KG_DIRECT
RS13083798	RS6805156	EUR	0.665184	PLINK2_1KG_DIRECT
RS13083798	RS7652191	EUR	0.665184	PLINK2_1KG_DIRECT
RS13083798	RS17264436	EUR	0.62953	PLINK2_1KG_DIRECT
RS13083798	RS11718420	EUR	0.662384	PLINK2_1KG_DIRECT
RS13083798	RS34954168	EUR	0.637617	PLINK2_1KG_DIRECT
RS13083798	RS34115864	EUR	0.62953	PLINK2_1KG_DIRECT
RS13083798	RS35107891	EUR	0.62953	PLINK2_1KG_DIRECT
RS13083798	RS11718509	EUR	0.637617	PLINK2_1KG_DIRECT
RS13083798	RS4687629	EUR	0.665184	PLINK2_1KG_DIRECT
RS13083798	RS4687630	EUR	0.637617	PLINK2_1KG_DIRECT
RS13083798	RS13078422	EUR	0.62953	PLINK2_1KG_DIRECT
RS13083798	RS11720159	EUR	0.665184	PLINK2_1KG_DIRECT
RS13083798	RS11720243	EUR	0.665184	PLINK2_1KG_DIRECT
RS13083798	RS12487445	EUR	0.62953	PLINK2_1KG_DIRECT
RS13083798	RS7614498	EUR	0.665184	PLINK2_1KG_DIRECT
RS13083798	RS12629699	EUR	0.665184	PLINK2_1KG_DIRECT
RS13083798	RS12629701	EUR	0.662384	PLINK2_1KG_DIRECT
RS13083798	RS3733046	EUR	0.667994	PLINK2_1KG_DIRECT
RS13083798	RS3852066	EUR	0.667994	PLINK2_1KG_DIRECT
RS13083798	RS2590838	EUR	0.968651	PLINK2_1KG_DIRECT
RS13083798	RS4336110	EUR	0.632216	PLINK2_1KG_DIRECT
RS13083798	RS11708075	EUR	0.632216	PLINK2_1KG_DIRECT
RS13083798	RS68021750	EUR	0.640331	PLINK2_1KG_DIRECT
RS13083798	RS62253700	EUR	0.640331	PLINK2_1KG_DIRECT
RS13083798	RS2336147	EUR	0.972518	PLINK2_1KG_DIRECT
RS13083798	RS2336146	EUR	0.667994	PLINK2_1KG_DIRECT
RS13083798	RS13085331	EUR	0.640331	PLINK2_1KG_DIRECT
RS13083798	RS12498066	EUR	0.640331	PLINK2_1KG_DIRECT
RS13083798	RS2577831	EUR	0.937346	PLINK2_1KG_DIRECT
RS13083798	RS7628578	EUR	0.645787	PLINK2_1KG_DIRECT
RS13083798	RS11714419	EUR	0.632216	PLINK2_1KG_DIRECT
RS13083798	RS34754793	EUR	0.667994	PLINK2_1KG_DIRECT
RS13083798	RS2118540	EUR	0.632216	PLINK2_1KG_DIRECT
RS13083798	RS2164884	EUR	0.640331	PLINK2_1KG_DIRECT
RS13083798	RS2336145	EUR	0.632216	PLINK2_1KG_DIRECT
RS13083798	RS4687633	EUR	0.640331	PLINK2_1KG_DIRECT
RS13083798	RS62253703	EUR	0.640331	PLINK2_1KG_DIRECT
RS13083798	RS6790330	EUR	0.634912	PLINK2_1KG_DIRECT
RS13083798	RS4687636	EUR	0.632216	PLINK2_1KG_DIRECT
RS13083798	RS4687637	EUR	0.665184	PLINK2_1KG_DIRECT
RS13083798	RS34173654	EUR	0.628503	PLINK2_1KG_DIRECT
RS13083798	RS9917834	EUR	0.664252	PLINK2_1KG_DIRECT
RS13083798	RS2276824	EUR	0.788556	PLINK2_1KG_DIRECT
RS13083798	RS10433615	EUR	0.640331	PLINK2_1KG_DIRECT
RS13083798	RS11130308	EUR	0.667994	PLINK2_1KG_DIRECT
RS13083798	RS3774366	EUR	0.667994	PLINK2_1KG_DIRECT
RS13083798	RS3774365	EUR	0.640331	PLINK2_1KG_DIRECT
RS13083798	RS12487591	EUR	0.640331	PLINK2_1KG_DIRECT
RS13083798	RS3733045	EUR	0.667994	PLINK2_1KG_DIRECT
RS13083798	RS3755806	EUR	0.643054	PLINK2_1KG_DIRECT
RS13083798	RS13065851	EUR	0.632216	PLINK2_1KG_DIRECT
RS13083798	RS11709448	EUR	0.632216	PLINK2_1KG_DIRECT
RS13083798	RS9879090	EUR	0.770237	PLINK2_1KG_DIRECT
RS13083798	RS4687638	EUR	0.632216	PLINK2_1KG_DIRECT
RS13083798	RS62253733	EUR	0.632216	PLINK2_1KG_DIRECT
RS13083798	RS34341238	EUR	0.667994	PLINK2_1KG_DIRECT
RS13083798	RS11717043	EUR	0.640331	PLINK2_1KG_DIRECT
RS13083798	RS4687639	EUR	0.640331	PLINK2_1KG_DIRECT
RS13083798	RS13064064	EUR	0.640331	PLINK2_1KG_DIRECT
RS13083798	RS34537256	EUR	0.632216	PLINK2_1KG_DIRECT
RS13083798	RS34215106	EUR	0.640331	PLINK2_1KG_DIRECT
RS13083798	RS1561337	EUR	0.640331	PLINK2_1KG_DIRECT
RS13083798	RS35249778	EUR	0.640331	PLINK2_1KG_DIRECT
RS13083798	RS6445529	EUR	0.667994	PLINK2_1KG_DIRECT
RS13083798	RS7622694	EUR	0.667994	PLINK2_1KG_DIRECT
RS13083798	RS4687548	EUR	0.640331	PLINK2_1KG_DIRECT
RS13083798	RS13069481	EUR	0.640331	PLINK2_1KG_DIRECT
RS13083798	RS2083180	EUR	0.648529	PLINK2_1KG_DIRECT
RS13083798	RS6796726	EUR	0.667994	PLINK2_1KG_DIRECT
RS13083798	RS13098776	EUR	0.667994	PLINK2_1KG_DIRECT
RS13083798	RS13068293	EUR	0.640331	PLINK2_1KG_DIRECT
RS13083798	RS11719514	EUR	0.632216	PLINK2_1KG_DIRECT
RS13083798	RS11720432	EUR	0.632216	PLINK2_1KG_DIRECT
RS13083798	RS13060675	EUR	0.640331	PLINK2_1KG_DIRECT
RS13083798	RS13081031	EUR	0.640331	PLINK2_1KG_DIRECT
RS13083798	RS11130310	EUR	0.667994	PLINK2_1KG_DIRECT
RS13083798	RS11130311	EUR	0.640331	PLINK2_1KG_DIRECT
RS13083798	RS11130312	EUR	0.640331	PLINK2_1KG_DIRECT
RS13083798	RS13086898	EUR	0.640331	PLINK2_1KG_DIRECT
RS13083798	RS11130313	EUR	0.640331	PLINK2_1KG_DIRECT
RS13083798	RS7642198	EUR	0.640331	PLINK2_1KG_DIRECT
RS13083798	RS13085895	EUR	0.640331	PLINK2_1KG_DIRECT
RS13083798	RS13085775	EUR	0.667994	PLINK2_1KG_DIRECT
RS13083798	RS13086297	EUR	0.640331	PLINK2_1KG_DIRECT
RS13083798	RS2028216	EUR	0.632216	PLINK2_1KG_DIRECT
RS13083798	RS34757451	EUR	0.640331	PLINK2_1KG_DIRECT
RS13083798	RS2289250	EUR	0.640331	PLINK2_1KG_DIRECT
RS13083798	RS33967311	EUR	0.640331	PLINK2_1KG_DIRECT
RS13083798	RS62253740	EUR	0.667994	PLINK2_1KG_DIRECT
RS13083798	RS13065019	EUR	0.640331	PLINK2_1KG_DIRECT
RS13083798	RS35211965	EUR	0.632216	PLINK2_1KG_DIRECT
RS13083798	RS6770463	EUR	0.640331	PLINK2_1KG_DIRECT
RS13083798	RS4435633	EUR	0.667994	PLINK2_1KG_DIRECT
RS13083798	RS7612511	EUR	0.968651	PLINK2_1KG_DIRECT
RS13083798	RS35409678	EUR	0.632216	PLINK2_1KG_DIRECT
RS13083798	RS2336148	EUR	0.632216	PLINK2_1KG_DIRECT
RS13083798	RS12486847	EUR	0.632216	PLINK2_1KG_DIRECT
RS13083798	RS2336149	EUR	0.667994	PLINK2_1KG_DIRECT
RS13083798	RS2590846	EUR	0.640331	PLINK2_1KG_DIRECT
RS13083798	RS7611731	EUR	0.667994	PLINK2_1KG_DIRECT
RS13083798	RS6804145	EUR	0.667994	PLINK2_1KG_DIRECT
RS13083798	RS34168767	EUR	0.640331	PLINK2_1KG_DIRECT
RS13083798	RS11130314	EUR	0.640331	PLINK2_1KG_DIRECT
RS13083798	RS11130315	EUR	0.640331	PLINK2_1KG_DIRECT
RS13083798	RS12488461	EUR	0.632216	PLINK2_1KG_DIRECT
RS13083798	RS12488527	EUR	0.640331	PLINK2_1KG_DIRECT
RS13083798	RS62255362	EUR	0.640331	PLINK2_1KG_DIRECT
RS13083798	RS77146033	EUR	0.636611	PLINK2_1KG_DIRECT
RS13083798	RS62255364	EUR	0.636611	PLINK2_1KG_DIRECT
RS13083798	RS6768697	EUR	0.632216	PLINK2_1KG_DIRECT
RS13083798	RS12493107	EUR	0.632216	PLINK2_1KG_DIRECT
RS13083798	RS6803012	EUR	0.632216	PLINK2_1KG_DIRECT
RS13083798	RS12637632	EUR	0.640331	PLINK2_1KG_DIRECT
RS13083798	RS6414569	EUR	0.638554	PLINK2_1KG_DIRECT
RS13083798	RS12632265	EUR	0.634912	PLINK2_1KG_DIRECT
RS13083798	RS34610142	EUR	0.632216	PLINK2_1KG_DIRECT
RS13083798	RS12496476	EUR	0.632216	PLINK2_1KG_DIRECT
RS13083798	RS12496634	EUR	0.640331	PLINK2_1KG_DIRECT
RS13083798	RS2336542	EUR	0.640331	PLINK2_1KG_DIRECT
RS13083798	RS9714129	EUR	0.640331	PLINK2_1KG_DIRECT
RS13083798	RS67539070	EUR	0.640331	PLINK2_1KG_DIRECT
RS13083798	RS34157897	EUR	0.667994	PLINK2_1KG_DIRECT
RS13083798	RS6445531	EUR	0.667994	PLINK2_1KG_DIRECT
RS13083798	RS10865973	EUR	0.632216	PLINK2_1KG_DIRECT
RS13083798	RS10865974	EUR	0.667994	PLINK2_1KG_DIRECT
RS13083798	RS3733039	EUR	0.664252	PLINK2_1KG_DIRECT
RS13083798	RS1866268	EUR	0.667994	PLINK2_1KG_DIRECT
RS13083798	RS10933	EUR	0.792485	PLINK2_1KG_DIRECT
RS13083798	RS1108842	EUR	0.972518	PLINK2_1KG_DIRECT
RS13083798	RS11177	EUR	0.632216	PLINK2_1KG_DIRECT
RS13083798	RS3774349	EUR	0.972518	PLINK2_1KG_DIRECT
RS13083798	RS35315313	EUR	0.667994	PLINK2_1KG_DIRECT
RS13083798	RS13076193	EUR	0.632216	PLINK2_1KG_DIRECT
RS13083798	RS6762813	EUR	0.632216	PLINK2_1KG_DIRECT
RS13083798	RS2289247	EUR	0.665184	PLINK2_1KG_DIRECT
RS13083798	RS6976	EUR	0.62953	PLINK2_1KG_DIRECT
RS13083798	RS2164885	EUR	0.667994	PLINK2_1KG_DIRECT
RS13083798	RS11130317	EUR	0.640331	PLINK2_1KG_DIRECT
RS13083798	RS3733041	EUR	0.667994	PLINK2_1KG_DIRECT
RS13083798	RS13081155	EUR	0.972518	PLINK2_1KG_DIRECT
RS13083798	RS11130318	EUR	0.632216	PLINK2_1KG_DIRECT
RS13083798	RS12635140	EUR	0.664252	PLINK2_1KG_DIRECT
RS13083798	RS8906	EUR	0.632216	PLINK2_1KG_DIRECT
RS13083798	RS6617	EUR	0.667994	PLINK2_1KG_DIRECT
RS13083798	RS3755798	EUR	0.665184	PLINK2_1KG_DIRECT
RS13083798	RS34017441	EUR	0.640331	PLINK2_1KG_DIRECT
RS13083798	RS12486554	EUR	0.656814	PLINK2_1KG_DIRECT
RS13083798	RS6445534	EUR	0.667994	PLINK2_1KG_DIRECT
RS13083798	RS13079063	EUR	0.667994	PLINK2_1KG_DIRECT
RS13083798	RS11235	EUR	0.787865	PLINK2_1KG_DIRECT
RS13083798	RS4687644	EUR	0.667994	PLINK2_1KG_DIRECT
RS13083798	RS62255371	EUR	0.640331	PLINK2_1KG_DIRECT
RS13083798	RS7620039	EUR	0.624184	PLINK2_1KG_DIRECT
RS13083798	RS1468638	EUR	0.667994	PLINK2_1KG_DIRECT
RS13083798	RS2878726	EUR	0.632216	PLINK2_1KG_DIRECT
RS13083798	RS11716747	EUR	0.667994	PLINK2_1KG_DIRECT
RS13083798	RS35526119	EUR	0.667994	PLINK2_1KG_DIRECT
RS13083798	RS7624716	EUR	0.667994	PLINK2_1KG_DIRECT
RS13083798	RS2109634	EUR	0.667994	PLINK2_1KG_DIRECT
RS13083798	RS35212380	EUR	0.960728	PLINK2_1KG_DIRECT
RS13083798	RS34918356	EUR	0.664252	PLINK2_1KG_DIRECT
RS13083798	RS11130319	EUR	0.645787	PLINK2_1KG_DIRECT
RS13083798	RS11714088	EUR	0.640331	PLINK2_1KG_DIRECT
RS13083798	RS34610878	EUR	0.640331	PLINK2_1KG_DIRECT
RS13083798	RS11130321	EUR	0.659594	PLINK2_1KG_DIRECT
RS13083798	RS7653028	EUR	0.667994	PLINK2_1KG_DIRECT
RS13083798	RS34291015	EUR	0.640331	PLINK2_1KG_DIRECT
RS13083798	RS4687549	EUR	0.632216	PLINK2_1KG_DIRECT
RS13083798	RS10780035	EUR	0.632216	PLINK2_1KG_DIRECT
RS13083798	RS2079929	EUR	0.667994	PLINK2_1KG_DIRECT
RS13083798	RS11714030	EUR	0.667994	PLINK2_1KG_DIRECT
RS13083798	RS34739010	EUR	0.667994	PLINK2_1KG_DIRECT
RS13083798	RS2268027	EUR	0.632216	PLINK2_1KG_DIRECT
RS13083798	RS767418	EUR	0.667994	PLINK2_1KG_DIRECT
RS13083798	RS11130323	EUR	0.640331	PLINK2_1KG_DIRECT
RS13083798	RS11130324	EUR	0.956993	PLINK2_1KG_DIRECT
RS13083798	RS11130325	EUR	0.640331	PLINK2_1KG_DIRECT
RS13083798	RS6445535	EUR	0.667994	PLINK2_1KG_DIRECT
RS13083798	RS2159644	EUR	0.667994	PLINK2_1KG_DIRECT
RS13083798	RS7638162	EUR	0.667994	PLINK2_1KG_DIRECT
RS13083798	RS2286800	EUR	0.632216	PLINK2_1KG_DIRECT
RS13083798	RS2268026	EUR	0.640331	PLINK2_1KG_DIRECT
RS13083798	RS13074853	EUR	0.667994	PLINK2_1KG_DIRECT
RS13083798	RS2072390	EUR	0.667994	PLINK2_1KG_DIRECT
RS13083798	RS13082208	EUR	0.632216	PLINK2_1KG_DIRECT
RS13083798	RS13087772	EUR	0.632216	PLINK2_1KG_DIRECT
RS13083798	RS62255396	EUR	0.640331	PLINK2_1KG_DIRECT
RS13083798	RS6787154	EUR	0.667994	PLINK2_1KG_DIRECT
RS13083798	RS13082960	EUR	0.640331	PLINK2_1KG_DIRECT
RS13083798	RS7646741	EUR	0.972518	PLINK2_1KG_DIRECT
RS13083798	RS13095332	EUR	0.632216	PLINK2_1KG_DIRECT
RS13083798	RS2336545	EUR	0.640331	PLINK2_1KG_DIRECT
RS13083798	RS6414570	EUR	0.667994	PLINK2_1KG_DIRECT
RS13083798	RS13061423	EUR	0.640331	PLINK2_1KG_DIRECT
RS13083798	RS11130327	EUR	0.632216	PLINK2_1KG_DIRECT
RS13083798	RS12497998	EUR	0.667994	PLINK2_1KG_DIRECT
RS13083798	RS4687648	EUR	0.667994	PLINK2_1KG_DIRECT
RS13083798	RS2268025	EUR	0.62953	PLINK2_1KG_DIRECT
RS13083798	RS1029871	EUR	0.632216	PLINK2_1KG_DIRECT
RS13083798	RS2230535	EUR	0.637617	PLINK2_1KG_DIRECT
RS13083798	RS4687650	EUR	0.628503	PLINK2_1KG_DIRECT
RS13083798	RS2230534	EUR	0.637617	PLINK2_1KG_DIRECT
RS13083798	RS2268024	EUR	0.62953	PLINK2_1KG_DIRECT
RS13083798	RS13071584	EUR	0.665184	PLINK2_1KG_DIRECT
RS13083798	RS998909	EUR	0.665184	PLINK2_1KG_DIRECT
RS13083798	RS11717836	EUR	0.623144	PLINK2_1KG_DIRECT
RS13083798	RS1014969	EUR	0.668124	PLINK2_1KG_DIRECT
RS13083798	RS6792369	EUR	0.58776	PLINK2_1KG_DIRECT
RS13083798	RS2302417	EUR	0.880458	PLINK2_1KG_DIRECT
RS13083798	RS2710323	EUR	0.90333	PLINK2_1KG_DIRECT
RS13083798	RS1042779	EUR	0.582694	PLINK2_1KG_DIRECT
RS13083798	RS2240919	EUR	0.460438	PLINK2_1KG_DIRECT
RS13083798	RS3617	EUR	0.78565	PLINK2_1KG_DIRECT
RS13083798	RS4481150	EUR	0.815194	PLINK2_1KG_DIRECT
RS13083798	RS2535627	EUR	0.811703	PLINK2_1KG_DIRECT
RS13083798	RS2071044	EUR	0.811915	PLINK2_1KG_DIRECT
RS13083798	RS7617468	EUR	0.513472	PLINK2_1KG_DIRECT
RS13083798	RS2240917	EUR	0.513472	PLINK2_1KG_DIRECT
RS13083798	RS2245538	EUR	0.513472	PLINK2_1KG_DIRECT
RS13083798	RS2239548	EUR	0.513472	PLINK2_1KG_DIRECT
RS13083798	RS2256332	EUR	0.479371	PLINK2_1KG_DIRECT
RS13083798	RS2240915	EUR	0.513472	PLINK2_1KG_DIRECT
RS13083798	RS2535633	EUR	0.513472	PLINK2_1KG_DIRECT
RS13083798	RS2245647	EUR	0.513472	PLINK2_1KG_DIRECT
RS13083798	RS3774364	EUR	0.51687	PLINK2_1KG_DIRECT
RS13083798	RS2071042	EUR	0.513472	PLINK2_1KG_DIRECT
RS13083798	RS7652667	EUR	0.513472	PLINK2_1KG_DIRECT
RS13083798	RS11915546	EUR	0.513472	PLINK2_1KG_DIRECT
RS13083798	RS60332615	EUR	0.515894	PLINK2_1KG_DIRECT
RS13083798	RS11918800	EUR	0.515894	PLINK2_1KG_DIRECT
RS13083798	RS11922961	EUR	0.505278	PLINK2_1KG_DIRECT
RS13083798	RS2276823	EUR	0.486933	PLINK2_1KG_DIRECT
RS13083798	RS6769789	EUR	0.515894	PLINK2_1KG_DIRECT
RS13083798	RS56019197	EUR	0.512511	PLINK2_1KG_DIRECT
RS13083798	RS11719137	EUR	0.514939	PLINK2_1KG_DIRECT
RS13083798	RS56214994	EUR	0.518325	PLINK2_1KG_DIRECT
RS13083798	RS6445541	EUR	0.519296	PLINK2_1KG_DIRECT
RS13083798	RS11715347	EUR	0.512511	PLINK2_1KG_DIRECT
RS13083798	RS2336558	EUR	0.512511	PLINK2_1KG_DIRECT
RS13083798	RS7630552	EUR	0.512511	PLINK2_1KG_DIRECT
RS13083798	RS7620690	EUR	0.512511	PLINK2_1KG_DIRECT
RS13083798	RS7612624	EUR	0.512511	PLINK2_1KG_DIRECT
RS13083798	RS12487379	EUR	0.508651	PLINK2_1KG_DIRECT
RS13083798	RS13072537	EUR	0.505278	PLINK2_1KG_DIRECT
RS13083798	RS6773650	EUR	0.475795	PLINK2_1KG_DIRECT
RS13083798	RS4350911	EUR	0.475795	PLINK2_1KG_DIRECT
RS13083798	RS6764322	EUR	0.475795	PLINK2_1KG_DIRECT
RS13083798	RS4687679	EUR	0.493887	PLINK2_1KG_DIRECT
RS13083798	RS9825230	EUR	0.497377	PLINK2_1KG_DIRECT
RS13083798	RS9836499	EUR	0.472468	PLINK2_1KG_DIRECT
RS13083798	RS2336664	EUR	0.475795	PLINK2_1KG_DIRECT
RS13083798	RS4687680	EUR	0.493887	PLINK2_1KG_DIRECT
RS13083798	RS56383738	EUR	0.493887	PLINK2_1KG_DIRECT
RS13083798	RS9850563	EUR	0.493887	PLINK2_1KG_DIRECT
RS13083798	RS12492391	EUR	0.497377	PLINK2_1KG_DIRECT
RS13083798	RS3821873	EUR	0.493887	PLINK2_1KG_DIRECT
RS13083798	RS9860296	EUR	0.493887	PLINK2_1KG_DIRECT
RS13083798	RS2336667	EUR	0.475795	PLINK2_1KG_DIRECT
RS13083798	RS4687682	EUR	0.476848	PLINK2_1KG_DIRECT
RS13083798	RS4687562	EUR	0.475795	PLINK2_1KG_DIRECT
RS13083798	RS4687683	EUR	0.475795	PLINK2_1KG_DIRECT
RS13083798	RS4687684	EUR	0.475795	PLINK2_1KG_DIRECT
RS13083798	RS2336668	EUR	0.475795	PLINK2_1KG_DIRECT
RS13083798	RS12638968	EUR	0.47914	PLINK2_1KG_DIRECT
RS13083798	RS6795646	EUR	0.493887	PLINK2_1KG_DIRECT
RS13083798	RS9880978	EUR	0.493887	PLINK2_1KG_DIRECT
RS13083798	RS9810807	EUR	0.493887	PLINK2_1KG_DIRECT
RS13083798	RS11922975	EUR	0.488135	PLINK2_1KG_DIRECT
RS13083798	RS7626551	EUR	0.488135	PLINK2_1KG_DIRECT
RS13083798	RS9865248	EUR	0.46895	PLINK2_1KG_DIRECT
RS13083798	RS9871175	EUR	0.46895	PLINK2_1KG_DIRECT
RS13083798	RS4687687	EUR	0.46895	PLINK2_1KG_DIRECT
RS13083798	RS4687689	EUR	0.472285	PLINK2_1KG_DIRECT
RS13083798	RS12629687	EUR	0.472285	PLINK2_1KG_DIRECT
RS13083798	RS9880619	EUR	0.472285	PLINK2_1KG_DIRECT
RS13083798	RS9985365	EUR	0.472285	PLINK2_1KG_DIRECT
RS13083798	RS11130331	EUR	0.472285	PLINK2_1KG_DIRECT
RS13083798	RS2710339	EUR	0.396637	PLINK2_1KG_DIRECT
RS13083798	RS2581827	EUR	0.396637	PLINK2_1KG_DIRECT
RS13083798	RS2257216	EUR	0.394627	PLINK2_1KG_DIRECT
RS13083798	RS2710314	EUR	0.396637	PLINK2_1KG_DIRECT
RS13083798	RS2710313	EUR	0.396637	PLINK2_1KG_DIRECT
RS13083798	RS2710346	EUR	0.396637	PLINK2_1KG_DIRECT
RS13083798	RS62253605	EUR	0.188616	PLINK2_1KG_DIRECT
RS13083798	RS36051354	EUR	0.186574	PLINK2_1KG_DIRECT
RS13083798	RS2439434	EUR	0.394627	PLINK2_1KG_DIRECT
RS13083798	RS2465101	EUR	0.394627	PLINK2_1KG_DIRECT
RS13083798	RS2581803	EUR	0.392623	PLINK2_1KG_DIRECT
RS13083798	RS2710326	EUR	0.392623	PLINK2_1KG_DIRECT
RS13083798	RS4515041	EUR	0.394627	PLINK2_1KG_DIRECT
RS13083798	RS2336670	EUR	0.394627	PLINK2_1KG_DIRECT
RS13083798	RS9823697	EUR	0.392623	PLINK2_1KG_DIRECT
RS13083798	RS2245424	EUR	0.394627	PLINK2_1KG_DIRECT
RS13083798	RS2336672	EUR	0.392623	PLINK2_1KG_DIRECT
RS13083798	RS6801235	EUR	0.394627	PLINK2_1KG_DIRECT
RS13083798	RS2581816	EUR	0.394627	PLINK2_1KG_DIRECT
RS13083798	RS2581819	EUR	0.394627	PLINK2_1KG_DIRECT
RS13083798	RS2564930	EUR	0.394627	PLINK2_1KG_DIRECT
RS13083798	RS2581776	EUR	0.186574	PLINK2_1KG_DIRECT
RS13083798	RS2581777	EUR	0.186574	PLINK2_1KG_DIRECT
RS13083798	RS2244461	EUR	0.186574	PLINK2_1KG_DIRECT
RS13083798	RS2581806	EUR	0.18542	PLINK2_1KG_DIRECT
RS13083798	RS2581818	EUR	0.187015	PLINK2_1KG_DIRECT
RS13083798	RS9818819	EUR	0.187015	PLINK2_1KG_DIRECT
RS13083798	RS7613013	EUR	0.187015	PLINK2_1KG_DIRECT
RS13083798	RS11923593	EUR	0.184979	PLINK2_1KG_DIRECT
RS13083798	RS11923572	EUR	0.393894	PLINK2_1KG_DIRECT
RS13083798	RS11915851	EUR	0.393894	PLINK2_1KG_DIRECT
RS13083798	RS2581789	EUR	0.393894	PLINK2_1KG_DIRECT
RS13083798	RS6799185	EUR	0.393894	PLINK2_1KG_DIRECT
RS13083798	RS11713763	EUR	0.380278	PLINK2_1KG_DIRECT
RS13083798	RS1080500	EUR	0.360196	PLINK2_1KG_DIRECT
RS13083798	RS13083798	EAS	1	PLINK2_1KG_DIRECT
RS13083798	RS104903	EAS	0.321205	PLINK2_1KG_DIRECT
RS13083798	RS181274	EAS	0.325837	PLINK2_1KG_DIRECT
RS13083798	RS352171	EAS	0.33063	PLINK2_1KG_DIRECT
RS13083798	RS352170	EAS	0.337498	PLINK2_1KG_DIRECT
RS13083798	RS352169	EAS	0.333048	PLINK2_1KG_DIRECT
RS13083798	RS352168	EAS	0.328359	PLINK2_1KG_DIRECT
RS13083798	RS352167	EAS	0.327997	PLINK2_1KG_DIRECT
RS13083798	RS352166	EAS	0.327997	PLINK2_1KG_DIRECT
RS13083798	RS352165	EAS	0.32346	PLINK2_1KG_DIRECT
RS13083798	RS352163	EAS	0.33777	PLINK2_1KG_DIRECT
RS13083798	RS164640	EAS	0.344695	PLINK2_1KG_DIRECT
RS13083798	RS352162	EAS	0.337379	PLINK2_1KG_DIRECT
RS13083798	RS352140	EAS	0.33777	PLINK2_1KG_DIRECT
RS13083798	RS352139	EAS	0.337177	PLINK2_1KG_DIRECT
RS13083798	RS610060	EAS	0.323576	PLINK2_1KG_DIRECT
RS13083798	RS11717383	EAS	0.330385	PLINK2_1KG_DIRECT
RS13083798	RS1060330	EAS	0.330385	PLINK2_1KG_DIRECT
RS13083798	RS7614727	EAS	0.327997	PLINK2_1KG_DIRECT
RS13083798	RS7629072	EAS	0.330385	PLINK2_1KG_DIRECT
RS13083798	RS6445358	EAS	0.330385	PLINK2_1KG_DIRECT
RS13083798	RS2276834	EAS	0.332672	PLINK2_1KG_DIRECT
RS13083798	RS7622851	EAS	0.337272	PLINK2_1KG_DIRECT
RS13083798	RS9311474	EAS	0.337272	PLINK2_1KG_DIRECT
RS13083798	RS648514	EAS	0.130352	PLINK2_1KG_DIRECT
RS13083798	RS731831	EAS	0.74076	PLINK2_1KG_DIRECT
RS13083798	RS1010553	EAS	0.846356	PLINK2_1KG_DIRECT
RS13083798	RS11130306	EAS	0.872751	PLINK2_1KG_DIRECT
RS13083798	RS1010554	EAS	0.898628	PLINK2_1KG_DIRECT
RS13083798	RS66824127	EAS	0.483011	PLINK2_1KG_DIRECT
RS13083798	RS67409736	EAS	0.483011	PLINK2_1KG_DIRECT
RS13083798	RS13081028	EAS	0.914393	PLINK2_1KG_DIRECT
RS13083798	RS9853056	EAS	0.921891	PLINK2_1KG_DIRECT
RS13083798	RS13303	EAS	0.956447	PLINK2_1KG_DIRECT
RS13083798	RS13621	EAS	0.869982	PLINK2_1KG_DIRECT
RS13083798	RS11709284	EAS	0.960371	PLINK2_1KG_DIRECT
RS13083798	RS6778735	EAS	0.952566	PLINK2_1KG_DIRECT
RS13083798	RS4282054	EAS	0.960371	PLINK2_1KG_DIRECT
RS13083798	RS7636227	EAS	0.956507	PLINK2_1KG_DIRECT
RS13083798	RS7614981	EAS	0.956507	PLINK2_1KG_DIRECT
RS13083798	RS12489828	EAS	0.956507	PLINK2_1KG_DIRECT
RS13083798	RS66782572	EAS	0.964312	PLINK2_1KG_DIRECT
RS13083798	RS7639267	EAS	0.964312	PLINK2_1KG_DIRECT
RS13083798	RS2878628	EAS	0.892657	PLINK2_1KG_DIRECT
RS13083798	RS2251219	EAS	0.885066	PLINK2_1KG_DIRECT
RS13083798	RS1961959	EAS	0.878162	PLINK2_1KG_DIRECT
RS13083798	RS1961958	EAS	0.84295	PLINK2_1KG_DIRECT
RS13083798	RS1570	EAS	0.892657	PLINK2_1KG_DIRECT
RS13083798	RS17052256	EAS	0.892657	PLINK2_1KG_DIRECT
RS13083798	RS17052259	EAS	0.892657	PLINK2_1KG_DIRECT
RS13083798	RS3796353	EAS	0.892657	PLINK2_1KG_DIRECT
RS13083798	RS6778844	EAS	0.885384	PLINK2_1KG_DIRECT
RS13083798	RS33964154	EAS	0.892657	PLINK2_1KG_DIRECT
RS13083798	RS2289249	EAS	0.885384	PLINK2_1KG_DIRECT
RS13083798	RS13059862	EAS	0.892657	PLINK2_1KG_DIRECT
RS13083798	RS13060048	EAS	0.892657	PLINK2_1KG_DIRECT
RS13083798	RS6786919	EAS	0.892657	PLINK2_1KG_DIRECT
RS13083798	RS6798246	EAS	0.885384	PLINK2_1KG_DIRECT
RS13083798	RS1821879	EAS	0.892657	PLINK2_1KG_DIRECT
RS13083798	RS13063160	EAS	0.892657	PLINK2_1KG_DIRECT
RS13083798	RS10433550	EAS	0.892657	PLINK2_1KG_DIRECT
RS13083798	RS9758945	EAS	0.888709	PLINK2_1KG_DIRECT
RS13083798	RS6786043	EAS	0.892657	PLINK2_1KG_DIRECT
RS13083798	RS6788887	EAS	0.892657	PLINK2_1KG_DIRECT
RS13083798	RS6788993	EAS	0.892657	PLINK2_1KG_DIRECT
RS13083798	RS4687546	EAS	0.892657	PLINK2_1KG_DIRECT
RS13083798	RS7623199	EAS	0.881437	PLINK2_1KG_DIRECT
RS13083798	RS11714565	EAS	0.892657	PLINK2_1KG_DIRECT
RS13083798	RS7625743	EAS	0.892657	PLINK2_1KG_DIRECT
RS13083798	RS11130307	EAS	0.885384	PLINK2_1KG_DIRECT
RS13083798	RS12632381	EAS	0.885384	PLINK2_1KG_DIRECT
RS13083798	RS4687547	EAS	0.892657	PLINK2_1KG_DIRECT
RS13083798	RS6762457	EAS	0.892657	PLINK2_1KG_DIRECT
RS13083798	RS6805156	EAS	0.892657	PLINK2_1KG_DIRECT
RS13083798	RS7652191	EAS	0.892657	PLINK2_1KG_DIRECT
RS13083798	RS17264436	EAS	0.885384	PLINK2_1KG_DIRECT
RS13083798	RS11718420	EAS	0.892657	PLINK2_1KG_DIRECT
RS13083798	RS34954168	EAS	0.892657	PLINK2_1KG_DIRECT
RS13083798	RS34115864	EAS	0.885384	PLINK2_1KG_DIRECT
RS13083798	RS35107891	EAS	0.885384	PLINK2_1KG_DIRECT
RS13083798	RS11718509	EAS	0.892657	PLINK2_1KG_DIRECT
RS13083798	RS4687629	EAS	0.892657	PLINK2_1KG_DIRECT
RS13083798	RS4687630	EAS	0.892657	PLINK2_1KG_DIRECT
RS13083798	RS13078422	EAS	0.881437	PLINK2_1KG_DIRECT
RS13083798	RS11720159	EAS	0.888709	PLINK2_1KG_DIRECT
RS13083798	RS11720243	EAS	0.888709	PLINK2_1KG_DIRECT
RS13083798	RS12487445	EAS	0.881437	PLINK2_1KG_DIRECT
RS13083798	RS7614498	EAS	0.888709	PLINK2_1KG_DIRECT
RS13083798	RS12629699	EAS	0.888709	PLINK2_1KG_DIRECT
RS13083798	RS12629701	EAS	0.888709	PLINK2_1KG_DIRECT
RS13083798	RS3733046	EAS	0.878533	PLINK2_1KG_DIRECT
RS13083798	RS3852066	EAS	0.896625	PLINK2_1KG_DIRECT
RS13083798	RS2590838	EAS	0.996006	PLINK2_1KG_DIRECT
RS13083798	RS4336110	EAS	0.88935	PLINK2_1KG_DIRECT
RS13083798	RS11708075	EAS	0.88935	PLINK2_1KG_DIRECT
RS13083798	RS68021750	EAS	0.896625	PLINK2_1KG_DIRECT
RS13083798	RS62253700	EAS	0.896625	PLINK2_1KG_DIRECT
RS13083798	RS2336147	EAS	0.996006	PLINK2_1KG_DIRECT
RS13083798	RS2336146	EAS	0.896625	PLINK2_1KG_DIRECT
RS13083798	RS13085331	EAS	0.896625	PLINK2_1KG_DIRECT
RS13083798	RS12498066	EAS	0.896625	PLINK2_1KG_DIRECT
RS13083798	RS2577831	EAS	0.996006	PLINK2_1KG_DIRECT
RS13083798	RS7628578	EAS	0.896625	PLINK2_1KG_DIRECT
RS13083798	RS11714419	EAS	0.88935	PLINK2_1KG_DIRECT
RS13083798	RS34754793	EAS	0.896625	PLINK2_1KG_DIRECT
RS13083798	RS2118540	EAS	0.88935	PLINK2_1KG_DIRECT
RS13083798	RS2164884	EAS	0.896625	PLINK2_1KG_DIRECT
RS13083798	RS2336145	EAS	0.88935	PLINK2_1KG_DIRECT
RS13083798	RS4687633	EAS	0.896625	PLINK2_1KG_DIRECT
RS13083798	RS62253703	EAS	0.90061	PLINK2_1KG_DIRECT
RS13083798	RS6790330	EAS	0.90061	PLINK2_1KG_DIRECT
RS13083798	RS4687636	EAS	0.893335	PLINK2_1KG_DIRECT
RS13083798	RS4687637	EAS	0.90061	PLINK2_1KG_DIRECT
RS13083798	RS34173654	EAS	0.88935	PLINK2_1KG_DIRECT
RS13083798	RS9917834	EAS	0.896625	PLINK2_1KG_DIRECT
RS13083798	RS2276824	EAS	0.996006	PLINK2_1KG_DIRECT
RS13083798	RS10433615	EAS	0.896625	PLINK2_1KG_DIRECT
RS13083798	RS11130308	EAS	0.896625	PLINK2_1KG_DIRECT
RS13083798	RS3774366	EAS	0.90061	PLINK2_1KG_DIRECT
RS13083798	RS3774365	EAS	0.90061	PLINK2_1KG_DIRECT
RS13083798	RS12487591	EAS	0.90061	PLINK2_1KG_DIRECT
RS13083798	RS3733045	EAS	0.90061	PLINK2_1KG_DIRECT
RS13083798	RS3755806	EAS	0.90061	PLINK2_1KG_DIRECT
RS13083798	RS13065851	EAS	0.893335	PLINK2_1KG_DIRECT
RS13083798	RS11709448	EAS	0.88935	PLINK2_1KG_DIRECT
RS13083798	RS9879090	EAS	1	PLINK2_1KG_DIRECT
RS13083798	RS4687638	EAS	0.893335	PLINK2_1KG_DIRECT
RS13083798	RS62253733	EAS	0.893335	PLINK2_1KG_DIRECT
RS13083798	RS34341238	EAS	0.90061	PLINK2_1KG_DIRECT
RS13083798	RS11717043	EAS	0.90061	PLINK2_1KG_DIRECT
RS13083798	RS4687639	EAS	0.90061	PLINK2_1KG_DIRECT
RS13083798	RS13064064	EAS	0.90061	PLINK2_1KG_DIRECT
RS13083798	RS34537256	EAS	0.893335	PLINK2_1KG_DIRECT
RS13083798	RS34215106	EAS	0.90061	PLINK2_1KG_DIRECT
RS13083798	RS1561337	EAS	0.90061	PLINK2_1KG_DIRECT
RS13083798	RS35249778	EAS	0.90061	PLINK2_1KG_DIRECT
RS13083798	RS6445529	EAS	0.90061	PLINK2_1KG_DIRECT
RS13083798	RS7622694	EAS	0.90061	PLINK2_1KG_DIRECT
RS13083798	RS4687548	EAS	0.90061	PLINK2_1KG_DIRECT
RS13083798	RS13069481	EAS	0.90061	PLINK2_1KG_DIRECT
RS13083798	RS2083180	EAS	0.896625	PLINK2_1KG_DIRECT
RS13083798	RS6796726	EAS	0.90061	PLINK2_1KG_DIRECT
RS13083798	RS13098776	EAS	0.90061	PLINK2_1KG_DIRECT
RS13083798	RS13068293	EAS	0.90061	PLINK2_1KG_DIRECT
RS13083798	RS11719514	EAS	0.893335	PLINK2_1KG_DIRECT
RS13083798	RS11720432	EAS	0.893335	PLINK2_1KG_DIRECT
RS13083798	RS13060675	EAS	0.90061	PLINK2_1KG_DIRECT
RS13083798	RS13081031	EAS	0.90061	PLINK2_1KG_DIRECT
RS13083798	RS11130310	EAS	0.868261	PLINK2_1KG_DIRECT
RS13083798	RS11130311	EAS	0.90061	PLINK2_1KG_DIRECT
RS13083798	RS11130312	EAS	0.90061	PLINK2_1KG_DIRECT
RS13083798	RS13086898	EAS	0.90061	PLINK2_1KG_DIRECT
RS13083798	RS11130313	EAS	0.896625	PLINK2_1KG_DIRECT
RS13083798	RS7642198	EAS	0.90061	PLINK2_1KG_DIRECT
RS13083798	RS13085895	EAS	0.90061	PLINK2_1KG_DIRECT
RS13083798	RS13085775	EAS	0.90061	PLINK2_1KG_DIRECT
RS13083798	RS13086297	EAS	0.896625	PLINK2_1KG_DIRECT
RS13083798	RS2028216	EAS	0.893335	PLINK2_1KG_DIRECT
RS13083798	RS34757451	EAS	0.90061	PLINK2_1KG_DIRECT
RS13083798	RS2289250	EAS	0.90061	PLINK2_1KG_DIRECT
RS13083798	RS33967311	EAS	0.90061	PLINK2_1KG_DIRECT
RS13083798	RS62253740	EAS	0.896966	PLINK2_1KG_DIRECT
RS13083798	RS13065019	EAS	0.896966	PLINK2_1KG_DIRECT
RS13083798	RS35211965	EAS	0.893335	PLINK2_1KG_DIRECT
RS13083798	RS6770463	EAS	0.90061	PLINK2_1KG_DIRECT
RS13083798	RS4435633	EAS	0.90061	PLINK2_1KG_DIRECT
RS13083798	RS7612511	EAS	1	PLINK2_1KG_DIRECT
RS13083798	RS35409678	EAS	0.893335	PLINK2_1KG_DIRECT
RS13083798	RS2336148	EAS	0.893335	PLINK2_1KG_DIRECT
RS13083798	RS12486847	EAS	0.893335	PLINK2_1KG_DIRECT
RS13083798	RS2336149	EAS	0.90061	PLINK2_1KG_DIRECT
RS13083798	RS2590846	EAS	0.90061	PLINK2_1KG_DIRECT
RS13083798	RS7611731	EAS	0.90061	PLINK2_1KG_DIRECT
RS13083798	RS6804145	EAS	0.90061	PLINK2_1KG_DIRECT
RS13083798	RS34168767	EAS	0.90061	PLINK2_1KG_DIRECT
RS13083798	RS11130314	EAS	0.90061	PLINK2_1KG_DIRECT
RS13083798	RS11130315	EAS	0.90061	PLINK2_1KG_DIRECT
RS13083798	RS12488461	EAS	0.893335	PLINK2_1KG_DIRECT
RS13083798	RS12488527	EAS	0.90061	PLINK2_1KG_DIRECT
RS13083798	RS62255362	EAS	0.90061	PLINK2_1KG_DIRECT
RS13083798	RS77146033	EAS	0.90061	PLINK2_1KG_DIRECT
RS13083798	RS62255364	EAS	0.90061	PLINK2_1KG_DIRECT
RS13083798	RS6768697	EAS	0.893335	PLINK2_1KG_DIRECT
RS13083798	RS12493107	EAS	0.893335	PLINK2_1KG_DIRECT
RS13083798	RS6803012	EAS	0.893335	PLINK2_1KG_DIRECT
RS13083798	RS12637632	EAS	0.892981	PLINK2_1KG_DIRECT
RS13083798	RS6414569	EAS	0.884778	PLINK2_1KG_DIRECT
RS13083798	RS12632265	EAS	0.893335	PLINK2_1KG_DIRECT
RS13083798	RS34610142	EAS	0.893335	PLINK2_1KG_DIRECT
RS13083798	RS12496476	EAS	0.893335	PLINK2_1KG_DIRECT
RS13083798	RS12496634	EAS	0.90061	PLINK2_1KG_DIRECT
RS13083798	RS2336542	EAS	0.896625	PLINK2_1KG_DIRECT
RS13083798	RS9714129	EAS	0.90061	PLINK2_1KG_DIRECT
RS13083798	RS67539070	EAS	0.90061	PLINK2_1KG_DIRECT
RS13083798	RS34157897	EAS	0.90061	PLINK2_1KG_DIRECT
RS13083798	RS6445531	EAS	0.90061	PLINK2_1KG_DIRECT
RS13083798	RS10865973	EAS	0.889716	PLINK2_1KG_DIRECT
RS13083798	RS10865974	EAS	0.90061	PLINK2_1KG_DIRECT
RS13083798	RS3733039	EAS	0.90061	PLINK2_1KG_DIRECT
RS13083798	RS1866268	EAS	0.90061	PLINK2_1KG_DIRECT
RS13083798	RS10933	EAS	1	PLINK2_1KG_DIRECT
RS13083798	RS1108842	EAS	1	PLINK2_1KG_DIRECT
RS13083798	RS11177	EAS	0.886109	PLINK2_1KG_DIRECT
RS13083798	RS3774349	EAS	1	PLINK2_1KG_DIRECT
RS13083798	RS35315313	EAS	0.90061	PLINK2_1KG_DIRECT
RS13083798	RS13076193	EAS	0.893335	PLINK2_1KG_DIRECT
RS13083798	RS6762813	EAS	0.893335	PLINK2_1KG_DIRECT
RS13083798	RS2289247	EAS	0.90061	PLINK2_1KG_DIRECT
RS13083798	RS6976	EAS	0.893335	PLINK2_1KG_DIRECT
RS13083798	RS2164885	EAS	0.90061	PLINK2_1KG_DIRECT
RS13083798	RS11130317	EAS	0.90061	PLINK2_1KG_DIRECT
RS13083798	RS3733041	EAS	0.90061	PLINK2_1KG_DIRECT
RS13083798	RS13081155	EAS	0.992029	PLINK2_1KG_DIRECT
RS13083798	RS11130318	EAS	0.885384	PLINK2_1KG_DIRECT
RS13083798	RS12635140	EAS	0.90061	PLINK2_1KG_DIRECT
RS13083798	RS8906	EAS	0.893335	PLINK2_1KG_DIRECT
RS13083798	RS6617	EAS	0.896625	PLINK2_1KG_DIRECT
RS13083798	RS3755798	EAS	0.896625	PLINK2_1KG_DIRECT
RS13083798	RS34017441	EAS	0.892657	PLINK2_1KG_DIRECT
RS13083798	RS12486554	EAS	0.893335	PLINK2_1KG_DIRECT
RS13083798	RS6445534	EAS	0.892657	PLINK2_1KG_DIRECT
RS13083798	RS13079063	EAS	0.892657	PLINK2_1KG_DIRECT
RS13083798	RS11235	EAS	0.992029	PLINK2_1KG_DIRECT
RS13083798	RS4687644	EAS	0.892657	PLINK2_1KG_DIRECT
RS13083798	RS62255371	EAS	0.90061	PLINK2_1KG_DIRECT
RS13083798	RS7620039	EAS	0.893335	PLINK2_1KG_DIRECT
RS13083798	RS1468638	EAS	0.90061	PLINK2_1KG_DIRECT
RS13083798	RS2878726	EAS	0.88935	PLINK2_1KG_DIRECT
RS13083798	RS11716747	EAS	0.90061	PLINK2_1KG_DIRECT
RS13083798	RS35526119	EAS	0.90061	PLINK2_1KG_DIRECT
RS13083798	RS7624716	EAS	0.896625	PLINK2_1KG_DIRECT
RS13083798	RS2109634	EAS	0.896625	PLINK2_1KG_DIRECT
RS13083798	RS35212380	EAS	0.996006	PLINK2_1KG_DIRECT
RS13083798	RS34918356	EAS	0.896625	PLINK2_1KG_DIRECT
RS13083798	RS11130319	EAS	0.948861	PLINK2_1KG_DIRECT
RS13083798	RS11714088	EAS	0.892657	PLINK2_1KG_DIRECT
RS13083798	RS34610878	EAS	0.892657	PLINK2_1KG_DIRECT
RS13083798	RS11130321	EAS	0.893335	PLINK2_1KG_DIRECT
RS13083798	RS7653028	EAS	0.896966	PLINK2_1KG_DIRECT
RS13083798	RS34291015	EAS	0.90061	PLINK2_1KG_DIRECT
RS13083798	RS4687549	EAS	0.893335	PLINK2_1KG_DIRECT
RS13083798	RS10780035	EAS	0.893335	PLINK2_1KG_DIRECT
RS13083798	RS2079929	EAS	0.90061	PLINK2_1KG_DIRECT
RS13083798	RS11714030	EAS	0.90061	PLINK2_1KG_DIRECT
RS13083798	RS34739010	EAS	0.90061	PLINK2_1KG_DIRECT
RS13083798	RS2268027	EAS	0.893335	PLINK2_1KG_DIRECT
RS13083798	RS767418	EAS	0.90061	PLINK2_1KG_DIRECT
RS13083798	RS11130323	EAS	0.892657	PLINK2_1KG_DIRECT
RS13083798	RS11130324	EAS	0.992029	PLINK2_1KG_DIRECT
RS13083798	RS11130325	EAS	0.892657	PLINK2_1KG_DIRECT
RS13083798	RS6445535	EAS	0.892657	PLINK2_1KG_DIRECT
RS13083798	RS2159644	EAS	0.90061	PLINK2_1KG_DIRECT
RS13083798	RS7638162	EAS	0.892657	PLINK2_1KG_DIRECT
RS13083798	RS2286800	EAS	0.885384	PLINK2_1KG_DIRECT
RS13083798	RS2268026	EAS	0.892657	PLINK2_1KG_DIRECT
RS13083798	RS13074853	EAS	0.892657	PLINK2_1KG_DIRECT
RS13083798	RS2072390	EAS	0.90061	PLINK2_1KG_DIRECT
RS13083798	RS13082208	EAS	0.885384	PLINK2_1KG_DIRECT
RS13083798	RS13087772	EAS	0.885384	PLINK2_1KG_DIRECT
RS13083798	RS62255396	EAS	0.892657	PLINK2_1KG_DIRECT
RS13083798	RS6787154	EAS	0.892657	PLINK2_1KG_DIRECT
RS13083798	RS13082960	EAS	0.892657	PLINK2_1KG_DIRECT
RS13083798	RS7646741	EAS	0.992029	PLINK2_1KG_DIRECT
RS13083798	RS13095332	EAS	0.893335	PLINK2_1KG_DIRECT
RS13083798	RS2336545	EAS	0.892657	PLINK2_1KG_DIRECT
RS13083798	RS6414570	EAS	0.892657	PLINK2_1KG_DIRECT
RS13083798	RS13061423	EAS	0.892657	PLINK2_1KG_DIRECT
RS13083798	RS11130327	EAS	0.869704	PLINK2_1KG_DIRECT
RS13083798	RS12497998	EAS	0.884778	PLINK2_1KG_DIRECT
RS13083798	RS4687648	EAS	0.892657	PLINK2_1KG_DIRECT
RS13083798	RS2268025	EAS	0.882515	PLINK2_1KG_DIRECT
RS13083798	RS1029871	EAS	0.874569	PLINK2_1KG_DIRECT
RS13083798	RS2230535	EAS	0.892657	PLINK2_1KG_DIRECT
RS13083798	RS4687650	EAS	0.885384	PLINK2_1KG_DIRECT
RS13083798	RS2230534	EAS	0.881767	PLINK2_1KG_DIRECT
RS13083798	RS2268024	EAS	0.874569	PLINK2_1KG_DIRECT
RS13083798	RS13071584	EAS	0.881767	PLINK2_1KG_DIRECT
RS13083798	RS998909	EAS	0.881767	PLINK2_1KG_DIRECT
RS13083798	RS11717836	EAS	0.874569	PLINK2_1KG_DIRECT
RS13083798	RS1014969	EAS	0.866697	PLINK2_1KG_DIRECT
RS13083798	RS6792369	EAS	0.71864	PLINK2_1KG_DIRECT
RS13083798	RS2302417	EAS	0.789645	PLINK2_1KG_DIRECT
RS13083798	RS2710323	EAS	0.766833	PLINK2_1KG_DIRECT
RS13083798	RS1042779	EAS	0.714751	PLINK2_1KG_DIRECT
RS13083798	RS2240919	EAS	0.636221	PLINK2_1KG_DIRECT
RS13083798	RS3617	EAS	0.641523	PLINK2_1KG_DIRECT
RS13083798	RS4481150	EAS	0.649729	PLINK2_1KG_DIRECT
RS13083798	RS2535627	EAS	0.636528	PLINK2_1KG_DIRECT
RS13083798	RS2071044	EAS	0.627272	PLINK2_1KG_DIRECT
RS13083798	RS7617468	EAS	0.429666	PLINK2_1KG_DIRECT
RS13083798	RS2240917	EAS	0.424708	PLINK2_1KG_DIRECT
RS13083798	RS2245538	EAS	0.424708	PLINK2_1KG_DIRECT
RS13083798	RS2239548	EAS	0.427183	PLINK2_1KG_DIRECT
RS13083798	RS2256332	EAS	0.430105	PLINK2_1KG_DIRECT
RS13083798	RS2240915	EAS	0.429666	PLINK2_1KG_DIRECT
RS13083798	RS2535633	EAS	0.429666	PLINK2_1KG_DIRECT
RS13083798	RS2245647	EAS	0.429666	PLINK2_1KG_DIRECT
RS13083798	RS3774364	EAS	0.403281	PLINK2_1KG_DIRECT
RS13083798	RS2071042	EAS	0.429666	PLINK2_1KG_DIRECT
RS13083798	RS7652667	EAS	0.429666	PLINK2_1KG_DIRECT
RS13083798	RS11915546	EAS	0.429666	PLINK2_1KG_DIRECT
RS13083798	RS60332615	EAS	0.429666	PLINK2_1KG_DIRECT
RS13083798	RS11918800	EAS	0.429666	PLINK2_1KG_DIRECT
RS13083798	RS11922961	EAS	0.424708	PLINK2_1KG_DIRECT
RS13083798	RS2276823	EAS	0.420989	PLINK2_1KG_DIRECT
RS13083798	RS6769789	EAS	0.429666	PLINK2_1KG_DIRECT
RS13083798	RS56019197	EAS	0.429666	PLINK2_1KG_DIRECT
RS13083798	RS11719137	EAS	0.429666	PLINK2_1KG_DIRECT
RS13083798	RS56214994	EAS	0.429666	PLINK2_1KG_DIRECT
RS13083798	RS6445541	EAS	0.403281	PLINK2_1KG_DIRECT
RS13083798	RS11715347	EAS	0.427183	PLINK2_1KG_DIRECT
RS13083798	RS2336558	EAS	0.427183	PLINK2_1KG_DIRECT
RS13083798	RS7630552	EAS	0.429666	PLINK2_1KG_DIRECT
RS13083798	RS7620690	EAS	0.429666	PLINK2_1KG_DIRECT
RS13083798	RS7612624	EAS	0.427183	PLINK2_1KG_DIRECT
RS13083798	RS12487379	EAS	0.346955	PLINK2_1KG_DIRECT
RS13083798	RS13072537	EAS	0.371934	PLINK2_1KG_DIRECT
RS13083798	RS6773650	EAS	0.371934	PLINK2_1KG_DIRECT
RS13083798	RS4350911	EAS	0.371934	PLINK2_1KG_DIRECT
RS13083798	RS6764322	EAS	0.371934	PLINK2_1KG_DIRECT
RS13083798	RS4687679	EAS	0.371934	PLINK2_1KG_DIRECT
RS13083798	RS9825230	EAS	0.346955	PLINK2_1KG_DIRECT
RS13083798	RS9836499	EAS	0.374617	PLINK2_1KG_DIRECT
RS13083798	RS2336664	EAS	0.371934	PLINK2_1KG_DIRECT
RS13083798	RS4687680	EAS	0.349593	PLINK2_1KG_DIRECT
RS13083798	RS56383738	EAS	0.372267	PLINK2_1KG_DIRECT
RS13083798	RS9850563	EAS	0.374617	PLINK2_1KG_DIRECT
RS13083798	RS12492391	EAS	0.349593	PLINK2_1KG_DIRECT
RS13083798	RS3821873	EAS	0.374617	PLINK2_1KG_DIRECT
RS13083798	RS9860296	EAS	0.349593	PLINK2_1KG_DIRECT
RS13083798	RS2336667	EAS	0.374617	PLINK2_1KG_DIRECT
RS13083798	RS4687682	EAS	0.374617	PLINK2_1KG_DIRECT
RS13083798	RS4687562	EAS	0.347335	PLINK2_1KG_DIRECT
RS13083798	RS4687683	EAS	0.372267	PLINK2_1KG_DIRECT
RS13083798	RS4687684	EAS	0.372267	PLINK2_1KG_DIRECT
RS13083798	RS2336668	EAS	0.372267	PLINK2_1KG_DIRECT
RS13083798	RS12638968	EAS	0.347335	PLINK2_1KG_DIRECT
RS13083798	RS6795646	EAS	0.347335	PLINK2_1KG_DIRECT
RS13083798	RS9880978	EAS	0.369925	PLINK2_1KG_DIRECT
RS13083798	RS9810807	EAS	0.369589	PLINK2_1KG_DIRECT
RS13083798	RS11922975	EAS	0.357166	PLINK2_1KG_DIRECT
RS13083798	RS7626551	EAS	0.357166	PLINK2_1KG_DIRECT
RS13083798	RS9865248	EAS	0.354644	PLINK2_1KG_DIRECT
RS13083798	RS9871175	EAS	0.354644	PLINK2_1KG_DIRECT
RS13083798	RS4687687	EAS	0.349976	PLINK2_1KG_DIRECT
RS13083798	RS4687689	EAS	0.349976	PLINK2_1KG_DIRECT
RS13083798	RS12629687	EAS	0.354644	PLINK2_1KG_DIRECT
RS13083798	RS9880619	EAS	0.354823	PLINK2_1KG_DIRECT
RS13083798	RS9985365	EAS	0.329839	PLINK2_1KG_DIRECT
RS13083798	RS11130331	EAS	0.354644	PLINK2_1KG_DIRECT
RS13083798	RS2710339	EAS	0.186975	PLINK2_1KG_DIRECT
RS13083798	RS2581827	EAS	0.186975	PLINK2_1KG_DIRECT
RS13083798	RS2257216	EAS	0.186975	PLINK2_1KG_DIRECT
RS13083798	RS2710314	EAS	0.186975	PLINK2_1KG_DIRECT
RS13083798	RS2710313	EAS	0.168036	PLINK2_1KG_DIRECT
RS13083798	RS2710346	EAS	0.18873	PLINK2_1KG_DIRECT
RS13083798	RS62253605	EAS	0.162999	PLINK2_1KG_DIRECT
RS13083798	RS36051354	EAS	0.162999	PLINK2_1KG_DIRECT
RS13083798	RS2439434	EAS	0.168036	PLINK2_1KG_DIRECT
RS13083798	RS2465101	EAS	0.168036	PLINK2_1KG_DIRECT
RS13083798	RS2581803	EAS	0.168044	PLINK2_1KG_DIRECT
RS13083798	RS2710326	EAS	0.18873	PLINK2_1KG_DIRECT
RS13083798	RS4515041	EAS	0.18873	PLINK2_1KG_DIRECT
RS13083798	RS2336670	EAS	0.18873	PLINK2_1KG_DIRECT
RS13083798	RS9823697	EAS	0.168036	PLINK2_1KG_DIRECT
RS13083798	RS2245424	EAS	0.186975	PLINK2_1KG_DIRECT
RS13083798	RS2336672	EAS	0.18523	PLINK2_1KG_DIRECT
RS13083798	RS6801235	EAS	0.1549	PLINK2_1KG_DIRECT
RS13083798	RS2581816	EAS	0.18873	PLINK2_1KG_DIRECT
RS13083798	RS2581819	EAS	0.18873	PLINK2_1KG_DIRECT
RS13083798	RS2564930	EAS	0.18873	PLINK2_1KG_DIRECT
RS13083798	RS2581776	EAS	0.154236	PLINK2_1KG_DIRECT
RS13083798	RS2581777	EAS	0.154236	PLINK2_1KG_DIRECT
RS13083798	RS2244461	EAS	0.150374	PLINK2_1KG_DIRECT
RS13083798	RS2581806	EAS	0.138094	PLINK2_1KG_DIRECT
RS13083798	RS2581818	EAS	0.13676	PLINK2_1KG_DIRECT
RS13083798	RS9818819	EAS	0.138094	PLINK2_1KG_DIRECT
RS13083798	RS7613013	EAS	0.138094	PLINK2_1KG_DIRECT
RS13083798	RS11923593	EAS	0.138094	PLINK2_1KG_DIRECT
RS13083798	RS11923572	EAS	0.155764	PLINK2_1KG_DIRECT
RS13083798	RS11915851	EAS	0.155764	PLINK2_1KG_DIRECT
RS13083798	RS2581789	EAS	0.155764	PLINK2_1KG_DIRECT
RS13083798	RS6799185	EAS	0.142023	PLINK2_1KG_DIRECT
RS2293780	RS2293780	EUR	1	PLINK2_1KG_DIRECT
RS2293780	RS6738529	EUR	0.399837	PLINK2_1KG_DIRECT
RS2293780	RS7588513	EUR	0.347219	PLINK2_1KG_DIRECT
RS2293780	RS11675479	EUR	0.457548	PLINK2_1KG_DIRECT
RS2293780	RS10933406	EUR	0.987733	PLINK2_1KG_DIRECT
RS2293780	RS62193269	EUR	0.967785	PLINK2_1KG_DIRECT
RS2293780	RS1104764	EUR	0.967785	PLINK2_1KG_DIRECT
RS2293780	RS4144797	EUR	0.83596	PLINK2_1KG_DIRECT
RS2293780	RS4144795	EUR	0.847005	PLINK2_1KG_DIRECT
RS2293780	RS11688166	EUR	0.85988	PLINK2_1KG_DIRECT
RS2293780	RS2012423	EUR	0.99183	PLINK2_1KG_DIRECT
RS2293780	RS11689851	EUR	0.851823	PLINK2_1KG_DIRECT
RS2293780	RS62193271	EUR	0.856216	PLINK2_1KG_DIRECT
RS2293780	RS10427328	EUR	0.987733	PLINK2_1KG_DIRECT
RS2293780	RS6739794	EUR	0.987775	PLINK2_1KG_DIRECT
RS2293780	RS6710294	EUR	0.99183	PLINK2_1KG_DIRECT
RS2293780	RS2344611	EUR	0.85988	PLINK2_1KG_DIRECT
RS2293780	RS6717048	EUR	0.99183	PLINK2_1KG_DIRECT
RS2293780	RS1022329	EUR	0.99183	PLINK2_1KG_DIRECT
RS2293780	RS6704763	EUR	0.99183	PLINK2_1KG_DIRECT
RS2293780	RS6704768	EUR	0.784896	PLINK2_1KG_DIRECT
RS2293780	RS17164	EUR	0.85988	PLINK2_1KG_DIRECT
RS2293780	RS6716488	EUR	0.85988	PLINK2_1KG_DIRECT
RS2293780	RS10205801	EUR	0.75423	PLINK2_1KG_DIRECT
RS2293780	RS2344613	EUR	0.856216	PLINK2_1KG_DIRECT
RS2293780	RS6733495	EUR	0.99183	PLINK2_1KG_DIRECT
RS2293780	RS12105766	EUR	0.99183	PLINK2_1KG_DIRECT
RS2293780	RS12999865	EUR	1	PLINK2_1KG_DIRECT
RS2293780	RS1973675	EUR	1	PLINK2_1KG_DIRECT
RS2293780	RS11893358	EUR	0.995902	PLINK2_1KG_DIRECT
RS2293780	RS974321	EUR	0.868022	PLINK2_1KG_DIRECT
RS2293780	RS737027	EUR	1	PLINK2_1KG_DIRECT
RS2293780	RS283487	EUR	0.868022	PLINK2_1KG_DIRECT
RS2293780	RS283470	EUR	0.94417	PLINK2_1KG_DIRECT
RS2293780	RS283467	EUR	0.85988	PLINK2_1KG_DIRECT
RS2293780	RS283465	EUR	0.816587	PLINK2_1KG_DIRECT
RS2293780	RS12619195	EUR	0.99183	PLINK2_1KG_DIRECT
RS2293780	RS1078323	EUR	0.870941	PLINK2_1KG_DIRECT
RS2293780	RS13001052	EUR	0.85988	PLINK2_1KG_DIRECT
RS2293780	RS13021823	EUR	0.847826	PLINK2_1KG_DIRECT
RS2293780	RS35491427	EUR	0.86394	PLINK2_1KG_DIRECT
RS2293780	RS12993791	EUR	0.86394	PLINK2_1KG_DIRECT
RS2293780	RS921055	EUR	0.86394	PLINK2_1KG_DIRECT
RS2293780	RS10210953	EUR	0.99183	PLINK2_1KG_DIRECT
RS2293780	RS34707169	EUR	0.86394	PLINK2_1KG_DIRECT
RS2293780	RS2289911	EUR	0.86394	PLINK2_1KG_DIRECT
RS2293780	RS62193341	EUR	0.472868	PLINK2_1KG_DIRECT
RS2293780	RS7560115	EUR	0.86394	PLINK2_1KG_DIRECT
RS2293780	RS13009957	EUR	0.86394	PLINK2_1KG_DIRECT
RS2293780	RS13024330	EUR	0.86394	PLINK2_1KG_DIRECT
RS2293780	RS4973563	EUR	0.831377	PLINK2_1KG_DIRECT
RS2293780	RS4973564	EUR	0.963844	PLINK2_1KG_DIRECT
RS2293780	RS13008436	EUR	0.790284	PLINK2_1KG_DIRECT
RS2293780	RS13007579	EUR	0.86394	PLINK2_1KG_DIRECT
RS2293780	RS2675972	EUR	0.991808	PLINK2_1KG_DIRECT
RS2293780	RS2675968	EUR	0.684627	PLINK2_1KG_DIRECT
RS2293780	RS778371	EUR	0.585376	PLINK2_1KG_DIRECT
RS2293780	RS778370	EUR	0.681512	PLINK2_1KG_DIRECT
RS2293780	RS11535	EUR	0.681512	PLINK2_1KG_DIRECT
RS2293780	RS709937	EUR	0.678407	PLINK2_1KG_DIRECT
RS2293780	RS1083522	EUR	0.672225	PLINK2_1KG_DIRECT
RS2293780	RS2675953	EUR	0.665155	PLINK2_1KG_DIRECT
RS2293780	RS2675954	EUR	0.671316	PLINK2_1KG_DIRECT
RS2293780	RS2675955	EUR	0.551985	PLINK2_1KG_DIRECT
RS2293780	RS2675956	EUR	0.473339	PLINK2_1KG_DIRECT
RS2293780	RS748002	EUR	0.6564	PLINK2_1KG_DIRECT
RS2293780	RS938569	EUR	0.6564	PLINK2_1KG_DIRECT
RS2293780	RS4973569	EUR	0.561391	PLINK2_1KG_DIRECT
RS2293780	RS938575	EUR	0.562415	PLINK2_1KG_DIRECT
RS2293780	RS778365	EUR	0.490629	PLINK2_1KG_DIRECT
RS2293780	RS778364	EUR	0.538123	PLINK2_1KG_DIRECT
RS2293780	RS778363	EUR	0.540879	PLINK2_1KG_DIRECT
RS2293780	RS778355	EUR	0.543644	PLINK2_1KG_DIRECT
RS2293780	RS778353	EUR	0.181905	PLINK2_1KG_DIRECT
RS2293780	RS1083521	EUR	0.181905	PLINK2_1KG_DIRECT
RS2293780	RS1083520	EUR	0.178452	PLINK2_1KG_DIRECT
RS2293780	RS1083519	EUR	0.178452	PLINK2_1KG_DIRECT
RS2293780	RS1083518	EUR	0.178452	PLINK2_1KG_DIRECT
RS2293780	RS1083517	EUR	0.181905	PLINK2_1KG_DIRECT
RS2293780	RS895435	EUR	0.181905	PLINK2_1KG_DIRECT
RS2293780	RS1083515	EUR	0.176518	PLINK2_1KG_DIRECT
RS2293780	RS1083514	EUR	0.176518	PLINK2_1KG_DIRECT
RS2293780	RS747462	EUR	0.182352	PLINK2_1KG_DIRECT
RS2293780	RS747463	EUR	0.181905	PLINK2_1KG_DIRECT
RS2293780	RS2004202	EUR	0.181905	PLINK2_1KG_DIRECT
RS2293780	RS2004203	EUR	0.181905	PLINK2_1KG_DIRECT
RS2293780	RS2880986	EUR	0.181905	PLINK2_1KG_DIRECT
RS2293780	RS11675082	EUR	0.181905	PLINK2_1KG_DIRECT
RS2293780	RS1878287	EUR	0.543644	PLINK2_1KG_DIRECT
RS2293780	RS1878289	EUR	0.181463	PLINK2_1KG_DIRECT
RS2293780	RS2592127	EUR	0.181463	PLINK2_1KG_DIRECT
RS2293780	RS2675959	EUR	0.540879	PLINK2_1KG_DIRECT
RS2293780	RS2675960	EUR	0.181463	PLINK2_1KG_DIRECT
RS2293780	RS2944590	EUR	0.178452	PLINK2_1KG_DIRECT
RS2293780	RS2592118	EUR	0.183421	PLINK2_1KG_DIRECT
RS2293780	RS2921705	EUR	0.538123	PLINK2_1KG_DIRECT
RS2293780	RS73102769	EUR	0.181905	PLINK2_1KG_DIRECT
RS2293780	RS2592120	EUR	0.481002	PLINK2_1KG_DIRECT
RS2293780	RS2675964	EUR	0.481002	PLINK2_1KG_DIRECT
RS2293780	RS2675965	EUR	0.483711	PLINK2_1KG_DIRECT
RS2293780	RS2944591	EUR	0.467577	PLINK2_1KG_DIRECT
RS2293780	RS778344	EUR	0.472253	PLINK2_1KG_DIRECT
RS2293780	RS778345	EUR	0.472253	PLINK2_1KG_DIRECT
RS2293780	RS778346	EUR	0.496745	PLINK2_1KG_DIRECT
RS2293780	RS778347	EUR	0.459061	PLINK2_1KG_DIRECT
RS2293780	RS709935	EUR	0.455819	PLINK2_1KG_DIRECT
RS2293780	RS709936	EUR	0.459061	PLINK2_1KG_DIRECT
RS2293780	RS778348	EUR	0.459061	PLINK2_1KG_DIRECT
RS2293780	RS778350	EUR	0.459061	PLINK2_1KG_DIRECT
RS2293780	RS778352	EUR	0.453157	PLINK2_1KG_DIRECT
RS2293780	RS1996342	EUR	0.446747	PLINK2_1KG_DIRECT
RS2293780	RS2102788	EUR	0.446747	PLINK2_1KG_DIRECT
RS2293780	RS1980168	EUR	0.446747	PLINK2_1KG_DIRECT
RS2293780	RS1980169	EUR	0.446747	PLINK2_1KG_DIRECT
RS2293780	RS4973576	EUR	0.446747	PLINK2_1KG_DIRECT
RS2293780	RS2293780	EAS	1	PLINK2_1KG_DIRECT
RS2293780	RS6738529	EAS	0.469153	PLINK2_1KG_DIRECT
RS2293780	RS11675479	EAS	0.797883	PLINK2_1KG_DIRECT
RS2293780	RS10933406	EAS	0.98696	PLINK2_1KG_DIRECT
RS2293780	RS62193269	EAS	0.98696	PLINK2_1KG_DIRECT
RS2293780	RS1104764	EAS	0.98696	PLINK2_1KG_DIRECT
RS2293780	RS4144797	EAS	0.246723	PLINK2_1KG_DIRECT
RS2293780	RS4144795	EAS	0.246723	PLINK2_1KG_DIRECT
RS2293780	RS11688166	EAS	0.246723	PLINK2_1KG_DIRECT
RS2293780	RS2012423	EAS	0.9913	PLINK2_1KG_DIRECT
RS2293780	RS11689851	EAS	0.236529	PLINK2_1KG_DIRECT
RS2293780	RS62193271	EAS	0.246723	PLINK2_1KG_DIRECT
RS2293780	RS10427328	EAS	0.9913	PLINK2_1KG_DIRECT
RS2293780	RS6739794	EAS	0.978405	PLINK2_1KG_DIRECT
RS2293780	RS6710294	EAS	0.978405	PLINK2_1KG_DIRECT
RS2293780	RS2344611	EAS	0.249096	PLINK2_1KG_DIRECT
RS2293780	RS6717048	EAS	0.995653	PLINK2_1KG_DIRECT
RS2293780	RS1022329	EAS	0.995653	PLINK2_1KG_DIRECT
RS2293780	RS6704763	EAS	0.982757	PLINK2_1KG_DIRECT
RS2293780	RS6704768	EAS	0.465214	PLINK2_1KG_DIRECT
RS2293780	RS17164	EAS	0.237439	PLINK2_1KG_DIRECT
RS2293780	RS6716488	EAS	0.237439	PLINK2_1KG_DIRECT
RS2293780	RS10205801	EAS	0.497792	PLINK2_1KG_DIRECT
RS2293780	RS2344613	EAS	0.237439	PLINK2_1KG_DIRECT
RS2293780	RS6733495	EAS	0.995653	PLINK2_1KG_DIRECT
RS2293780	RS12105766	EAS	0.995653	PLINK2_1KG_DIRECT
RS2293780	RS12999865	EAS	0.982757	PLINK2_1KG_DIRECT
RS2293780	RS1973675	EAS	0.995653	PLINK2_1KG_DIRECT
RS2293780	RS11893358	EAS	0.995653	PLINK2_1KG_DIRECT
RS2293780	RS974321	EAS	0.237439	PLINK2_1KG_DIRECT
RS2293780	RS737027	EAS	0.987031	PLINK2_1KG_DIRECT
RS2293780	RS283487	EAS	0.246723	PLINK2_1KG_DIRECT
RS2293780	RS283470	EAS	0.982757	PLINK2_1KG_DIRECT
RS2293780	RS283467	EAS	0.235077	PLINK2_1KG_DIRECT
RS2293780	RS12619195	EAS	0.97428	PLINK2_1KG_DIRECT
RS2293780	RS1078323	EAS	0.235077	PLINK2_1KG_DIRECT
RS2293780	RS13001052	EAS	0.237439	PLINK2_1KG_DIRECT
RS2293780	RS13021823	EAS	0.235077	PLINK2_1KG_DIRECT
RS2293780	RS35491427	EAS	0.235077	PLINK2_1KG_DIRECT
RS2293780	RS12993791	EAS	0.235077	PLINK2_1KG_DIRECT
RS2293780	RS921055	EAS	0.235077	PLINK2_1KG_DIRECT
RS2293780	RS10210953	EAS	0.974066	PLINK2_1KG_DIRECT
RS2293780	RS34707169	EAS	0.235077	PLINK2_1KG_DIRECT
RS2293780	RS2289911	EAS	0.235077	PLINK2_1KG_DIRECT
RS2293780	RS7560115	EAS	0.235077	PLINK2_1KG_DIRECT
RS2293780	RS13009957	EAS	0.235077	PLINK2_1KG_DIRECT
RS2293780	RS13024330	EAS	0.235077	PLINK2_1KG_DIRECT
RS2293780	RS4973563	EAS	0.235077	PLINK2_1KG_DIRECT
RS2293780	RS4973564	EAS	0.982757	PLINK2_1KG_DIRECT
RS2293780	RS13008436	EAS	0.179968	PLINK2_1KG_DIRECT
RS2293780	RS13007579	EAS	0.235077	PLINK2_1KG_DIRECT
RS2293780	RS2675972	EAS	0.982757	PLINK2_1KG_DIRECT
RS2293780	RS2675968	EAS	0.965427	PLINK2_1KG_DIRECT
RS2293780	RS778371	EAS	0.23272	PLINK2_1KG_DIRECT
RS2293780	RS778370	EAS	0.961128	PLINK2_1KG_DIRECT
RS2293780	RS11535	EAS	0.965427	PLINK2_1KG_DIRECT
RS2293780	RS709937	EAS	0.961128	PLINK2_1KG_DIRECT
RS2293780	RS1083522	EAS	0.961128	PLINK2_1KG_DIRECT
RS2293780	RS2675953	EAS	0.961128	PLINK2_1KG_DIRECT
RS2293780	RS2675954	EAS	0.961128	PLINK2_1KG_DIRECT
RS2293780	RS2675956	EAS	0.455577	PLINK2_1KG_DIRECT
RS2293780	RS748002	EAS	0.961128	PLINK2_1KG_DIRECT
RS2293780	RS938569	EAS	0.948308	PLINK2_1KG_DIRECT
RS2293780	RS4973569	EAS	0.205747	PLINK2_1KG_DIRECT
RS2293780	RS938575	EAS	0.205747	PLINK2_1KG_DIRECT
RS2293780	RS778365	EAS	0.170639	PLINK2_1KG_DIRECT
RS2293780	RS778364	EAS	0.10158	PLINK2_1KG_DIRECT
RS2293780	RS778363	EAS	0.105699	PLINK2_1KG_DIRECT
RS2293780	RS778355	EAS	0.102114	PLINK2_1KG_DIRECT
RS2293780	RS1878287	EAS	0.100061	PLINK2_1KG_DIRECT
RS2293780	RS2675959	EAS	0.100061	PLINK2_1KG_DIRECT
RS2293780	RS2921705	EAS	0.100061	PLINK2_1KG_DIRECT
RS961491	RS961491	EUR	1	PLINK2_1KG_DIRECT
RS961491	RS10894268	EUR	0.277853	PLINK2_1KG_DIRECT
RS961491	RS73022834	EUR	0.105574	PLINK2_1KG_DIRECT
RS961491	RS4366492	EUR	0.316361	PLINK2_1KG_DIRECT
RS961491	RS73022837	EUR	0.105574	PLINK2_1KG_DIRECT
RS961491	RS1944142	EUR	0.277853	PLINK2_1KG_DIRECT
RS961491	RS6590512	EUR	0.277853	PLINK2_1KG_DIRECT
RS961491	RS35274053	EUR	0.103593	PLINK2_1KG_DIRECT
RS961491	RS10791097	EUR	0.316361	PLINK2_1KG_DIRECT
RS961491	RS10791098	EUR	0.316361	PLINK2_1KG_DIRECT
RS961491	RS10791099	EUR	0.314106	PLINK2_1KG_DIRECT
RS961491	RS61467764	EUR	0.103593	PLINK2_1KG_DIRECT
RS961491	RS10750450	EUR	0.316361	PLINK2_1KG_DIRECT
RS961491	RS73022854	EUR	0.107584	PLINK2_1KG_DIRECT
RS961491	RS11603243	EUR	0.110896	PLINK2_1KG_DIRECT
RS961491	RS4601795	EUR	0.316324	PLINK2_1KG_DIRECT
RS961491	RS12418278	EUR	0.110896	PLINK2_1KG_DIRECT
RS961491	RS11603014	EUR	0.112174	PLINK2_1KG_DIRECT
RS961491	RS73022874	EUR	0.110119	PLINK2_1KG_DIRECT
RS961491	RS7936858	EUR	0.114258	PLINK2_1KG_DIRECT
RS961491	RS2236713	EUR	0.115247	PLINK2_1KG_DIRECT
RS961491	RS73024809	EUR	0.118974	PLINK2_1KG_DIRECT
RS961491	RS948086	EUR	0.125974	PLINK2_1KG_DIRECT
RS961491	RS948087	EUR	0.121595	PLINK2_1KG_DIRECT
RS961491	RS11222375	EUR	0.121595	PLINK2_1KG_DIRECT
RS961491	RS34333162	EUR	0.121595	PLINK2_1KG_DIRECT
RS961491	RS7106771	EUR	0.19103	PLINK2_1KG_DIRECT
RS961491	RS3751033	EUR	0.389569	PLINK2_1KG_DIRECT
RS961491	RS7925214	EUR	0.710787	PLINK2_1KG_DIRECT
RS961491	RS11222394	EUR	0.649356	PLINK2_1KG_DIRECT
RS961491	RS11222395	EUR	0.646365	PLINK2_1KG_DIRECT
RS961491	RS7944782	EUR	0.737547	PLINK2_1KG_DIRECT
RS961491	RS7933085	EUR	0.737515	PLINK2_1KG_DIRECT
RS961491	RS10750455	EUR	0.725523	PLINK2_1KG_DIRECT
RS961491	RS10736592	EUR	0.728683	PLINK2_1KG_DIRECT
RS961491	RS1991899	EUR	0.86933	PLINK2_1KG_DIRECT
RS961491	RS1991898	EUR	0.738685	PLINK2_1KG_DIRECT
RS961491	RS12790299	EUR	0.725523	PLINK2_1KG_DIRECT
RS961491	RS11222399	EUR	0.74389	PLINK2_1KG_DIRECT
RS961491	RS7112616	EUR	0.840861	PLINK2_1KG_DIRECT
RS961491	RS6590540	EUR	0.753433	PLINK2_1KG_DIRECT
RS961491	RS73031129	EUR	0.316257	PLINK2_1KG_DIRECT
RS961491	RS7131121	EUR	0.750241	PLINK2_1KG_DIRECT
RS961491	RS10894287	EUR	0.753433	PLINK2_1KG_DIRECT
RS961491	RS10894288	EUR	0.753433	PLINK2_1KG_DIRECT
RS961491	RS10894289	EUR	0.756638	PLINK2_1KG_DIRECT
RS961491	RS7106928	EUR	0.543991	PLINK2_1KG_DIRECT
RS961491	RS3910267	EUR	0.756638	PLINK2_1KG_DIRECT
RS961491	RS10894290	EUR	0.891798	PLINK2_1KG_DIRECT
RS961491	RS11222400	EUR	0.757161	PLINK2_1KG_DIRECT
RS961491	RS10894291	EUR	0.319927	PLINK2_1KG_DIRECT
RS961491	RS11222406	EUR	0.891798	PLINK2_1KG_DIRECT
RS961491	RS3910266	EUR	0.760367	PLINK2_1KG_DIRECT
RS961491	RS10791104	EUR	0.757161	PLINK2_1KG_DIRECT
RS961491	RS7940866	EUR	0.866473	PLINK2_1KG_DIRECT
RS961491	RS7111478	EUR	0.914413	PLINK2_1KG_DIRECT
RS961491	RS10750456	EUR	0.772845	PLINK2_1KG_DIRECT
RS961491	RS10894292	EUR	0.918236	PLINK2_1KG_DIRECT
RS961491	RS10466547	EUR	0.816778	PLINK2_1KG_DIRECT
RS961491	RS12275613	EUR	0.331223	PLINK2_1KG_DIRECT
RS961491	RS10894293	EUR	0.633424	PLINK2_1KG_DIRECT
RS961491	RS10894294	EUR	0.918236	PLINK2_1KG_DIRECT
RS961491	RS2162060	EUR	0.776583	PLINK2_1KG_DIRECT
RS961491	RS2162059	EUR	0.776583	PLINK2_1KG_DIRECT
RS961491	RS1821384	EUR	0.776583	PLINK2_1KG_DIRECT
RS961491	RS7480903	EUR	0.816778	PLINK2_1KG_DIRECT
RS961491	RS11222410	EUR	0.918236	PLINK2_1KG_DIRECT
RS961491	RS2324314	EUR	0.914413	PLINK2_1KG_DIRECT
RS961491	RS12420126	EUR	0.772845	PLINK2_1KG_DIRECT
RS961491	RS1594821	EUR	0.813665	PLINK2_1KG_DIRECT
RS961491	RS2113929	EUR	0.810361	PLINK2_1KG_DIRECT
RS961491	RS2113928	EUR	0.8543	PLINK2_1KG_DIRECT
RS961491	RS7130842	EUR	0.964623	PLINK2_1KG_DIRECT
RS961491	RS11222411	EUR	0.964623	PLINK2_1KG_DIRECT
RS961491	RS10791105	EUR	0.821458	PLINK2_1KG_DIRECT
RS961491	RS7942900	EUR	0.960764	PLINK2_1KG_DIRECT
RS961491	RS61909201	EUR	0.676516	PLINK2_1KG_DIRECT
RS961491	RS2324315	EUR	0.821458	PLINK2_1KG_DIRECT
RS961491	RS10894296	EUR	0.821458	PLINK2_1KG_DIRECT
RS961491	RS10894299	EUR	0.865594	PLINK2_1KG_DIRECT
RS961491	RS7925594	EUR	0.824777	PLINK2_1KG_DIRECT
RS961491	RS10894300	EUR	0.821458	PLINK2_1KG_DIRECT
RS961491	RS10791106	EUR	0.824777	PLINK2_1KG_DIRECT
RS961491	RS10791107	EUR	0.821458	PLINK2_1KG_DIRECT
RS961491	RS10791108	EUR	0.818151	PLINK2_1KG_DIRECT
RS961491	RS10750457	EUR	0.956921	PLINK2_1KG_DIRECT
RS961491	RS10791109	EUR	0.956921	PLINK2_1KG_DIRECT
RS961491	RS7939417	EUR	0.818151	PLINK2_1KG_DIRECT
RS961491	RS10791110	EUR	0.858662	PLINK2_1KG_DIRECT
RS961491	RS11600358	EUR	0.347667	PLINK2_1KG_DIRECT
RS961491	RS7940465	EUR	0.964718	PLINK2_1KG_DIRECT
RS961491	RS10894302	EUR	0.82538	PLINK2_1KG_DIRECT
RS961491	RS1368853	EUR	0.852832	PLINK2_1KG_DIRECT
RS961491	RS1347283	EUR	0.960685	PLINK2_1KG_DIRECT
RS961491	RS10791112	EUR	0.964623	PLINK2_1KG_DIRECT
RS961491	RS1820353	EUR	0.960764	PLINK2_1KG_DIRECT
RS961491	RS1433980	EUR	0.911971	PLINK2_1KG_DIRECT
RS961491	RS1433979	EUR	0.960764	PLINK2_1KG_DIRECT
RS961491	RS11222421	EUR	0.862121	PLINK2_1KG_DIRECT
RS961491	RS2324316	EUR	0.904683	PLINK2_1KG_DIRECT
RS961491	RS10791113	EUR	0.892943	PLINK2_1KG_DIRECT
RS961491	RS10894306	EUR	0.892943	PLINK2_1KG_DIRECT
RS961491	RS1433976	EUR	0.937389	PLINK2_1KG_DIRECT
RS961491	RS10894307	EUR	0.806491	PLINK2_1KG_DIRECT
RS961491	RS2324317	EUR	0.900226	PLINK2_1KG_DIRECT
RS961491	RS7949071	EUR	0.896577	PLINK2_1KG_DIRECT
RS961491	RS1865296	EUR	0.809794	PLINK2_1KG_DIRECT
RS961491	RS10791114	EUR	0.767797	PLINK2_1KG_DIRECT
RS961491	RS1118137	EUR	0.892943	PLINK2_1KG_DIRECT
RS961491	RS10894308	EUR	0.755272	PLINK2_1KG_DIRECT
RS961491	RS7122268	EUR	0.892943	PLINK2_1KG_DIRECT
RS961491	RS7130938	EUR	0.804914	PLINK2_1KG_DIRECT
RS961491	RS10791115	EUR	0.348851	PLINK2_1KG_DIRECT
RS961491	RS11222432	EUR	0.288975	PLINK2_1KG_DIRECT
RS961491	RS961491	EAS	1	PLINK2_1KG_DIRECT
RS961491	RS10894268	EAS	0.279833	PLINK2_1KG_DIRECT
RS961491	RS4366492	EAS	0.285768	PLINK2_1KG_DIRECT
RS961491	RS1944142	EAS	0.283885	PLINK2_1KG_DIRECT
RS961491	RS6590512	EAS	0.281854	PLINK2_1KG_DIRECT
RS961491	RS10791097	EAS	0.283569	PLINK2_1KG_DIRECT
RS961491	RS10791098	EAS	0.283885	PLINK2_1KG_DIRECT
RS961491	RS10791099	EAS	0.281854	PLINK2_1KG_DIRECT
RS961491	RS10750450	EAS	0.281854	PLINK2_1KG_DIRECT
RS961491	RS4601795	EAS	0.281687	PLINK2_1KG_DIRECT
RS961491	RS3751033	EAS	0.401205	PLINK2_1KG_DIRECT
RS961491	RS7925214	EAS	0.825332	PLINK2_1KG_DIRECT
RS961491	RS11222394	EAS	0.719782	PLINK2_1KG_DIRECT
RS961491	RS11222395	EAS	0.718272	PLINK2_1KG_DIRECT
RS961491	RS7944782	EAS	0.832452	PLINK2_1KG_DIRECT
RS961491	RS7933085	EAS	0.832452	PLINK2_1KG_DIRECT
RS961491	RS10750455	EAS	0.742794	PLINK2_1KG_DIRECT
RS961491	RS10736592	EAS	0.742794	PLINK2_1KG_DIRECT
RS961491	RS1991899	EAS	0.872887	PLINK2_1KG_DIRECT
RS961491	RS1991898	EAS	0.748679	PLINK2_1KG_DIRECT
RS961491	RS12790299	EAS	0.751445	PLINK2_1KG_DIRECT
RS961491	RS11222399	EAS	0.759273	PLINK2_1KG_DIRECT
RS961491	RS7112616	EAS	0.876624	PLINK2_1KG_DIRECT
RS961491	RS6590540	EAS	0.759273	PLINK2_1KG_DIRECT
RS961491	RS73031129	EAS	0.118588	PLINK2_1KG_DIRECT
RS961491	RS7131121	EAS	0.751891	PLINK2_1KG_DIRECT
RS961491	RS10894287	EAS	0.756564	PLINK2_1KG_DIRECT
RS961491	RS10894288	EAS	0.756564	PLINK2_1KG_DIRECT
RS961491	RS10894289	EAS	0.756564	PLINK2_1KG_DIRECT
RS961491	RS7106928	EAS	0.407222	PLINK2_1KG_DIRECT
RS961491	RS3910267	EAS	0.752854	PLINK2_1KG_DIRECT
RS961491	RS10894290	EAS	0.87661	PLINK2_1KG_DIRECT
RS961491	RS11222400	EAS	0.756564	PLINK2_1KG_DIRECT
RS961491	RS10894291	EAS	0.121324	PLINK2_1KG_DIRECT
RS961491	RS11222406	EAS	0.872889	PLINK2_1KG_DIRECT
RS961491	RS3910266	EAS	0.755575	PLINK2_1KG_DIRECT
RS961491	RS10791104	EAS	0.752854	PLINK2_1KG_DIRECT
RS961491	RS7940866	EAS	0.918499	PLINK2_1KG_DIRECT
RS961491	RS7111478	EAS	0.937386	PLINK2_1KG_DIRECT
RS961491	RS10750456	EAS	0.809602	PLINK2_1KG_DIRECT
RS961491	RS10894292	EAS	0.941387	PLINK2_1KG_DIRECT
RS961491	RS10466547	EAS	0.948951	PLINK2_1KG_DIRECT
RS961491	RS10894293	EAS	0.437858	PLINK2_1KG_DIRECT
RS961491	RS10894294	EAS	0.953215	PLINK2_1KG_DIRECT
RS961491	RS2162060	EAS	0.832388	PLINK2_1KG_DIRECT
RS961491	RS2162059	EAS	0.825772	PLINK2_1KG_DIRECT
RS961491	RS1821384	EAS	0.825772	PLINK2_1KG_DIRECT
RS961491	RS7480903	EAS	0.937475	PLINK2_1KG_DIRECT
RS961491	RS11222410	EAS	0.953068	PLINK2_1KG_DIRECT
RS961491	RS2324314	EAS	0.953215	PLINK2_1KG_DIRECT
RS961491	RS12420126	EAS	0.808773	PLINK2_1KG_DIRECT
RS961491	RS1594821	EAS	0.833016	PLINK2_1KG_DIRECT
RS961491	RS2113929	EAS	0.833016	PLINK2_1KG_DIRECT
RS961491	RS2113928	EAS	0.972529	PLINK2_1KG_DIRECT
RS961491	RS7130842	EAS	0.984153	PLINK2_1KG_DIRECT
RS961491	RS11222411	EAS	0.988091	PLINK2_1KG_DIRECT
RS961491	RS10791105	EAS	0.84184	PLINK2_1KG_DIRECT
RS961491	RS7942900	EAS	0.984153	PLINK2_1KG_DIRECT
RS961491	RS61909201	EAS	0.466429	PLINK2_1KG_DIRECT
RS961491	RS2324315	EAS	0.839054	PLINK2_1KG_DIRECT
RS961491	RS10894296	EAS	0.835124	PLINK2_1KG_DIRECT
RS961491	RS10894299	EAS	0.988094	PLINK2_1KG_DIRECT
RS961491	RS7925594	EAS	0.831785	PLINK2_1KG_DIRECT
RS961491	RS10894300	EAS	0.839054	PLINK2_1KG_DIRECT
RS961491	RS10791106	EAS	0.842407	PLINK2_1KG_DIRECT
RS961491	RS10791107	EAS	0.842407	PLINK2_1KG_DIRECT
RS961491	RS10791108	EAS	0.835714	PLINK2_1KG_DIRECT
RS961491	RS10750457	EAS	0.984153	PLINK2_1KG_DIRECT
RS961491	RS10791109	EAS	0.984153	PLINK2_1KG_DIRECT
RS961491	RS7939417	EAS	0.842407	PLINK2_1KG_DIRECT
RS961491	RS10791110	EAS	0.984153	PLINK2_1KG_DIRECT
RS961491	RS11600358	EAS	0.129607	PLINK2_1KG_DIRECT
RS961491	RS7940465	EAS	0.984204	PLINK2_1KG_DIRECT
RS961491	RS10894302	EAS	0.83966	PLINK2_1KG_DIRECT
RS961491	RS1368853	EAS	0.853102	PLINK2_1KG_DIRECT
RS961491	RS1347283	EAS	0.984146	PLINK2_1KG_DIRECT
RS961491	RS10791112	EAS	0.976404	PLINK2_1KG_DIRECT
RS961491	RS1820353	EAS	0.992051	PLINK2_1KG_DIRECT
RS961491	RS1433980	EAS	0.988094	PLINK2_1KG_DIRECT
RS961491	RS1433979	EAS	0.976404	PLINK2_1KG_DIRECT
RS961491	RS11222421	EAS	0.82846	PLINK2_1KG_DIRECT
RS961491	RS2324316	EAS	0.964596	PLINK2_1KG_DIRECT
RS961491	RS10791113	EAS	0.960738	PLINK2_1KG_DIRECT
RS961491	RS10894306	EAS	0.968471	PLINK2_1KG_DIRECT
RS961491	RS1433976	EAS	0.97627	PLINK2_1KG_DIRECT
RS961491	RS10894307	EAS	0.821847	PLINK2_1KG_DIRECT
RS961491	RS2324317	EAS	0.728436	PLINK2_1KG_DIRECT
RS961491	RS7949071	EAS	0.728436	PLINK2_1KG_DIRECT
RS961491	RS1865296	EAS	0.819057	PLINK2_1KG_DIRECT
RS961491	RS10791114	EAS	0.60487	PLINK2_1KG_DIRECT
RS961491	RS1118137	EAS	0.711052	PLINK2_1KG_DIRECT
RS961491	RS10894308	EAS	0.607416	PLINK2_1KG_DIRECT
RS961491	RS7122268	EAS	0.711052	PLINK2_1KG_DIRECT
RS961491	RS7130938	EAS	0.79431	PLINK2_1KG_DIRECT
RS961491	RS10791115	EAS	0.117249	PLINK2_1KG_DIRECT
RS1860002	RS1860002	EUR	1	PLINK2_1KG_DIRECT
RS1860002	RS2238044	EUR	0.359955	PLINK2_1KG_DIRECT
RS1860002	RS10848624	EUR	0.346964	PLINK2_1KG_DIRECT
RS1860002	RS10848625	EUR	0.344715	PLINK2_1KG_DIRECT
RS1860002	RS10848626	EUR	0.344715	PLINK2_1KG_DIRECT
RS1860002	RS2159102	EUR	0.359955	PLINK2_1KG_DIRECT
RS1860002	RS10774030	EUR	0.432724	PLINK2_1KG_DIRECT
RS1860002	RS758171	EUR	0.440132	PLINK2_1KG_DIRECT
RS1860002	RS11062145	EUR	0.467976	PLINK2_1KG_DIRECT
RS1860002	RS11062146	EUR	0.471688	PLINK2_1KG_DIRECT
RS1860002	RS2283287	EUR	0.477391	PLINK2_1KG_DIRECT
RS1860002	RS2283288	EUR	0.474841	PLINK2_1KG_DIRECT
RS1860002	RS2238045	EUR	0.480566	PLINK2_1KG_DIRECT
RS1860002	RS2238046	EUR	0.48376	PLINK2_1KG_DIRECT
RS1860002	RS2238047	EUR	0.48376	PLINK2_1KG_DIRECT
RS1860002	RS2238048	EUR	0.47611	PLINK2_1KG_DIRECT
RS1860002	RS11614764	EUR	0.481202	PLINK2_1KG_DIRECT
RS1860002	RS61909095	EUR	0.48441	PLINK2_1KG_DIRECT
RS1860002	RS7133502	EUR	0.481857	PLINK2_1KG_DIRECT
RS1860002	RS7308351	EUR	0.481857	PLINK2_1KG_DIRECT
RS1860002	RS2239018	EUR	0.479312	PLINK2_1KG_DIRECT
RS1860002	RS2238049	EUR	0.484506	PLINK2_1KG_DIRECT
RS1860002	RS2238050	EUR	0.493463	PLINK2_1KG_DIRECT
RS1860002	RS2238051	EUR	0.33475	PLINK2_1KG_DIRECT
RS1860002	RS2238052	EUR	0.487638	PLINK2_1KG_DIRECT
RS1860002	RS2098013	EUR	0.487638	PLINK2_1KG_DIRECT
RS1860002	RS10774032	EUR	0.487638	PLINK2_1KG_DIRECT
RS1860002	RS10459125	EUR	0.48441	PLINK2_1KG_DIRECT
RS1860002	RS2239019	EUR	0.485081	PLINK2_1KG_DIRECT
RS1860002	RS2239020	EUR	0.487638	PLINK2_1KG_DIRECT
RS1860002	RS2239021	EUR	0.487638	PLINK2_1KG_DIRECT
RS1860002	RS2239022	EUR	0.487638	PLINK2_1KG_DIRECT
RS1860002	RS2239023	EUR	0.48441	PLINK2_1KG_DIRECT
RS1860002	RS2239024	EUR	0.487638	PLINK2_1KG_DIRECT
RS1860002	RS1860056	EUR	0.665432	PLINK2_1KG_DIRECT
RS1860002	RS2239025	EUR	0.486972	PLINK2_1KG_DIRECT
RS1860002	RS2239026	EUR	0.486972	PLINK2_1KG_DIRECT
RS1860002	RS2239027	EUR	0.486972	PLINK2_1KG_DIRECT
RS1860002	RS10848627	EUR	0.487638	PLINK2_1KG_DIRECT
RS1860002	RS10848628	EUR	0.487638	PLINK2_1KG_DIRECT
RS1860002	RS12422554	EUR	0.48441	PLINK2_1KG_DIRECT
RS1860002	RS4765668	EUR	0.48441	PLINK2_1KG_DIRECT
RS1860002	RS10848629	EUR	0.490203	PLINK2_1KG_DIRECT
RS1860002	RS4765902	EUR	0.487638	PLINK2_1KG_DIRECT
RS1860002	RS4765669	EUR	0.487638	PLINK2_1KG_DIRECT
RS1860002	RS4765670	EUR	0.487638	PLINK2_1KG_DIRECT
RS1860002	RS12423277	EUR	0.665432	PLINK2_1KG_DIRECT
RS1860002	RS10774033	EUR	0.487638	PLINK2_1KG_DIRECT
RS1860002	RS10848631	EUR	0.487638	PLINK2_1KG_DIRECT
RS1860002	RS758172	EUR	0.487638	PLINK2_1KG_DIRECT
RS1860002	RS758173	EUR	0.487638	PLINK2_1KG_DIRECT
RS1860002	RS758174	EUR	0.487638	PLINK2_1KG_DIRECT
RS1860002	RS10848632	EUR	0.487638	PLINK2_1KG_DIRECT
RS1860002	RS10848633	EUR	0.485081	PLINK2_1KG_DIRECT
RS1860002	RS10848634	EUR	0.487638	PLINK2_1KG_DIRECT
RS1860002	RS10848635	EUR	0.487638	PLINK2_1KG_DIRECT
RS1860002	RS10848636	EUR	0.487638	PLINK2_1KG_DIRECT
RS1860002	RS10848637	EUR	0.487638	PLINK2_1KG_DIRECT
RS1860002	RS2238053	EUR	0.485081	PLINK2_1KG_DIRECT
RS1860002	RS11062156	EUR	0.487638	PLINK2_1KG_DIRECT
RS1860002	RS2238054	EUR	0.487638	PLINK2_1KG_DIRECT
RS1860002	RS11062157	EUR	0.298149	PLINK2_1KG_DIRECT
RS1860002	RS1016388	EUR	0.6021	PLINK2_1KG_DIRECT
RS1860002	RS12424245	EUR	0.396745	PLINK2_1KG_DIRECT
RS1860002	RS7957545	EUR	0.495359	PLINK2_1KG_DIRECT
RS1860002	RS11062159	EUR	0.393648	PLINK2_1KG_DIRECT
RS1860002	RS2238056	EUR	0.672002	PLINK2_1KG_DIRECT
RS1860002	RS11062161	EUR	0.497949	PLINK2_1KG_DIRECT
RS1860002	RS10774034	EUR	0.503154	PLINK2_1KG_DIRECT
RS1860002	RS3922316	EUR	0.414335	PLINK2_1KG_DIRECT
RS1860002	RS2190771	EUR	0.412008	PLINK2_1KG_DIRECT
RS1860002	RS10848642	EUR	0.40507	PLINK2_1KG_DIRECT
RS1860002	RS11062162	EUR	0.495359	PLINK2_1KG_DIRECT
RS1860002	RS4765904	EUR	0.40507	PLINK2_1KG_DIRECT
RS1860002	RS1108221	EUR	0.398196	PLINK2_1KG_DIRECT
RS1860002	RS1108222	EUR	0.398196	PLINK2_1KG_DIRECT
RS1860002	RS1108074	EUR	0.414335	PLINK2_1KG_DIRECT
RS1860002	RS1108073	EUR	0.495359	PLINK2_1KG_DIRECT
RS1860002	RS1108075	EUR	0.398196	PLINK2_1KG_DIRECT
RS1860002	RS11062166	EUR	0.398196	PLINK2_1KG_DIRECT
RS1860002	RS2239030	EUR	0.620372	PLINK2_1KG_DIRECT
RS1860002	RS2283291	EUR	0.620372	PLINK2_1KG_DIRECT
RS1860002	RS2239033	EUR	0.620372	PLINK2_1KG_DIRECT
RS1860002	RS3794297	EUR	0.623386	PLINK2_1KG_DIRECT
RS1860002	RS6489353	EUR	0.574221	PLINK2_1KG_DIRECT
RS1860002	RS34382810	EUR	0.736922	PLINK2_1KG_DIRECT
RS1860002	RS769087	EUR	0.540104	PLINK2_1KG_DIRECT
RS1860002	RS2007044	EUR	0.67508	PLINK2_1KG_DIRECT
RS1860002	RS1006737	EUR	0.540104	PLINK2_1KG_DIRECT
RS1860002	RS2159100	EUR	0.540104	PLINK2_1KG_DIRECT
RS1860002	RS12315711	EUR	0.540104	PLINK2_1KG_DIRECT
RS1860002	RS11062170	EUR	0.535112	PLINK2_1KG_DIRECT
RS1860002	RS4765905	EUR	0.550176	PLINK2_1KG_DIRECT
RS1860002	RS882195	EUR	0.533009	PLINK2_1KG_DIRECT
RS1860002	RS882194	EUR	0.638304	PLINK2_1KG_DIRECT
RS1860002	RS2370413	EUR	0.842549	PLINK2_1KG_DIRECT
RS1860002	RS7297582	EUR	0.589919	PLINK2_1KG_DIRECT
RS1860002	RS758170	EUR	0.556539	PLINK2_1KG_DIRECT
RS1860002	RS2239037	EUR	0.488034	PLINK2_1KG_DIRECT
RS1860002	RS4765911	EUR	0.922267	PLINK2_1KG_DIRECT
RS1860002	RS2370414	EUR	0.770671	PLINK2_1KG_DIRECT
RS1860002	RS10774035	EUR	0.559084	PLINK2_1KG_DIRECT
RS1860002	RS2239038	EUR	0.766721	PLINK2_1KG_DIRECT
RS1860002	RS2238057	EUR	0.783582	PLINK2_1KG_DIRECT
RS1860002	RS10774036	EUR	0.561638	PLINK2_1KG_DIRECT
RS1860002	RS10744560	EUR	0.569342	PLINK2_1KG_DIRECT
RS1860002	RS12311439	EUR	0.566767	PLINK2_1KG_DIRECT
RS1860002	RS1024582	EUR	0.579722	PLINK2_1KG_DIRECT
RS1860002	RS4298967	EUR	0.603532	PLINK2_1KG_DIRECT
RS1860002	RS4765913	EUR	0.344796	PLINK2_1KG_DIRECT
RS1860002	RS4765914	EUR	0.317737	PLINK2_1KG_DIRECT
RS1860002	RS10774037	EUR	0.313949	PLINK2_1KG_DIRECT
RS1860002	RS1860002	EAS	1	PLINK2_1KG_DIRECT
RS1860002	RS2238044	EAS	0.422875	PLINK2_1KG_DIRECT
RS1860002	RS10848624	EAS	0.420083	PLINK2_1KG_DIRECT
RS1860002	RS10848625	EAS	0.422875	PLINK2_1KG_DIRECT
RS1860002	RS10848626	EAS	0.420083	PLINK2_1KG_DIRECT
RS1860002	RS2159102	EAS	0.428645	PLINK2_1KG_DIRECT
RS1860002	RS10774030	EAS	0.482358	PLINK2_1KG_DIRECT
RS1860002	RS758171	EAS	0.505481	PLINK2_1KG_DIRECT
RS1860002	RS11062145	EAS	0.532802	PLINK2_1KG_DIRECT
RS1860002	RS11062146	EAS	0.548781	PLINK2_1KG_DIRECT
RS1860002	RS2283287	EAS	0.548781	PLINK2_1KG_DIRECT
RS1860002	RS2283288	EAS	0.548781	PLINK2_1KG_DIRECT
RS1860002	RS2238045	EAS	0.548781	PLINK2_1KG_DIRECT
RS1860002	RS2238046	EAS	0.548781	PLINK2_1KG_DIRECT
RS1860002	RS2238047	EAS	0.548781	PLINK2_1KG_DIRECT
RS1860002	RS2238048	EAS	0.545548	PLINK2_1KG_DIRECT
RS1860002	RS11614764	EAS	0.545337	PLINK2_1KG_DIRECT
RS1860002	RS61909095	EAS	0.54578	PLINK2_1KG_DIRECT
RS1860002	RS7133502	EAS	0.551791	PLINK2_1KG_DIRECT
RS1860002	RS7308351	EAS	0.548555	PLINK2_1KG_DIRECT
RS1860002	RS2239018	EAS	0.507628	PLINK2_1KG_DIRECT
RS1860002	RS2238049	EAS	0.507628	PLINK2_1KG_DIRECT
RS1860002	RS2238050	EAS	0.510507	PLINK2_1KG_DIRECT
RS1860002	RS2238051	EAS	0.356815	PLINK2_1KG_DIRECT
RS1860002	RS2238052	EAS	0.507628	PLINK2_1KG_DIRECT
RS1860002	RS2098013	EAS	0.545337	PLINK2_1KG_DIRECT
RS1860002	RS10774032	EAS	0.558321	PLINK2_1KG_DIRECT
RS1860002	RS10459125	EAS	0.558321	PLINK2_1KG_DIRECT
RS1860002	RS2239019	EAS	0.561614	PLINK2_1KG_DIRECT
RS1860002	RS2239020	EAS	0.561614	PLINK2_1KG_DIRECT
RS1860002	RS2239021	EAS	0.561614	PLINK2_1KG_DIRECT
RS1860002	RS2239022	EAS	0.561614	PLINK2_1KG_DIRECT
RS1860002	RS2239023	EAS	0.561614	PLINK2_1KG_DIRECT
RS1860002	RS2239024	EAS	0.561614	PLINK2_1KG_DIRECT
RS1860002	RS1860056	EAS	0.646783	PLINK2_1KG_DIRECT
RS1860002	RS2239025	EAS	0.561614	PLINK2_1KG_DIRECT
RS1860002	RS2239026	EAS	0.561614	PLINK2_1KG_DIRECT
RS1860002	RS2239027	EAS	0.561614	PLINK2_1KG_DIRECT
RS1860002	RS10848627	EAS	0.561614	PLINK2_1KG_DIRECT
RS1860002	RS10848628	EAS	0.561614	PLINK2_1KG_DIRECT
RS1860002	RS12422554	EAS	0.564644	PLINK2_1KG_DIRECT
RS1860002	RS4765668	EAS	0.561614	PLINK2_1KG_DIRECT
RS1860002	RS10848629	EAS	0.561614	PLINK2_1KG_DIRECT
RS1860002	RS4765902	EAS	0.561614	PLINK2_1KG_DIRECT
RS1860002	RS4765669	EAS	0.561614	PLINK2_1KG_DIRECT
RS1860002	RS4765670	EAS	0.561614	PLINK2_1KG_DIRECT
RS1860002	RS12423277	EAS	0.646783	PLINK2_1KG_DIRECT
RS1860002	RS10774033	EAS	0.561614	PLINK2_1KG_DIRECT
RS1860002	RS10848631	EAS	0.561614	PLINK2_1KG_DIRECT
RS1860002	RS758172	EAS	0.561614	PLINK2_1KG_DIRECT
RS1860002	RS758173	EAS	0.561614	PLINK2_1KG_DIRECT
RS1860002	RS758174	EAS	0.561614	PLINK2_1KG_DIRECT
RS1860002	RS10848632	EAS	0.561614	PLINK2_1KG_DIRECT
RS1860002	RS10848633	EAS	0.561614	PLINK2_1KG_DIRECT
RS1860002	RS10848634	EAS	0.561614	PLINK2_1KG_DIRECT
RS1860002	RS10848635	EAS	0.558593	PLINK2_1KG_DIRECT
RS1860002	RS10848636	EAS	0.561614	PLINK2_1KG_DIRECT
RS1860002	RS10848637	EAS	0.561614	PLINK2_1KG_DIRECT
RS1860002	RS2238053	EAS	0.561614	PLINK2_1KG_DIRECT
RS1860002	RS11062156	EAS	0.561614	PLINK2_1KG_DIRECT
RS1860002	RS2238054	EAS	0.561614	PLINK2_1KG_DIRECT
RS1860002	RS1016388	EAS	0.564644	PLINK2_1KG_DIRECT
RS1860002	RS7957545	EAS	0.564926	PLINK2_1KG_DIRECT
RS1860002	RS2238056	EAS	0.650113	PLINK2_1KG_DIRECT
RS1860002	RS2239030	EAS	0.573793	PLINK2_1KG_DIRECT
RS1860002	RS2283291	EAS	0.567684	PLINK2_1KG_DIRECT
RS1860002	RS2239033	EAS	0.56743	PLINK2_1KG_DIRECT
RS1860002	RS3794297	EAS	0.573793	PLINK2_1KG_DIRECT
RS1860002	RS6489353	EAS	0.582609	PLINK2_1KG_DIRECT
RS1860002	RS34382810	EAS	0.588843	PLINK2_1KG_DIRECT
RS1860002	RS2007044	EAS	0.528955	PLINK2_1KG_DIRECT
RS1860002	RS882195	EAS	0.633549	PLINK2_1KG_DIRECT
RS1860002	RS882194	EAS	0.630283	PLINK2_1KG_DIRECT
RS1860002	RS2370413	EAS	0.788494	PLINK2_1KG_DIRECT
RS1860002	RS2239037	EAS	0.572429	PLINK2_1KG_DIRECT
RS1860002	RS4765911	EAS	0.888416	PLINK2_1KG_DIRECT
RS1860002	RS2370414	EAS	0.74884	PLINK2_1KG_DIRECT
RS1860002	RS2239038	EAS	0.608195	PLINK2_1KG_DIRECT
RS1860002	RS2238057	EAS	0.797512	PLINK2_1KG_DIRECT
RS61937595	RS61937595	EUR	1	PLINK2_1KG_DIRECT
RS61937595	RS12814239	EUR	0.51626	PLINK2_1KG_DIRECT
RS61937595	RS12826178	EUR	0.695621	PLINK2_1KG_DIRECT
RS4950119	RS4950119	EUR	1	PLINK2_1KG_DIRECT
RS4950119	RS4375301	EUR	0.503755	PLINK2_1KG_DIRECT
RS4950119	RS10747488	EUR	0.506979	PLINK2_1KG_DIRECT
RS4950119	RS7526108	EUR	0.506979	PLINK2_1KG_DIRECT
RS4950119	RS6658412	EUR	0.537302	PLINK2_1KG_DIRECT
RS4950119	RS61787782	EUR	0.547962	PLINK2_1KG_DIRECT
RS4950119	RS12073487	EUR	0.547962	PLINK2_1KG_DIRECT
RS4950119	RS12072739	EUR	0.547962	PLINK2_1KG_DIRECT
RS4950119	RS4421623	EUR	0.528703	PLINK2_1KG_DIRECT
RS4950119	RS12089031	EUR	0.540823	PLINK2_1KG_DIRECT
RS4950119	RS4970719	EUR	0.547962	PLINK2_1KG_DIRECT
RS4950119	RS10747489	EUR	0.555231	PLINK2_1KG_DIRECT
RS4950119	RS4372296	EUR	0.547962	PLINK2_1KG_DIRECT
RS4950119	RS4379706	EUR	0.547962	PLINK2_1KG_DIRECT
RS4950119	RS10747490	EUR	0.566389	PLINK2_1KG_DIRECT
RS4950119	RS11165920	EUR	0.577862	PLINK2_1KG_DIRECT
RS4950119	RS4970720	EUR	0.566389	PLINK2_1KG_DIRECT
RS4950119	RS75641275	EUR	0.556211	PLINK2_1KG_DIRECT
RS4950119	RS4523551	EUR	0.562635	PLINK2_1KG_DIRECT
RS4950119	RS4523552	EUR	0.577862	PLINK2_1KG_DIRECT
RS4950119	RS61787785	EUR	0.556211	PLINK2_1KG_DIRECT
RS4950119	RS11165921	EUR	0.566389	PLINK2_1KG_DIRECT
RS4950119	RS10875111	EUR	0.574002	PLINK2_1KG_DIRECT
RS4950119	RS9661794	EUR	0.566389	PLINK2_1KG_DIRECT
RS4950119	RS11165922	EUR	0.215476	PLINK2_1KG_DIRECT
RS4950119	RS6677116	EUR	0.566389	PLINK2_1KG_DIRECT
RS4950119	RS6604093	EUR	0.566389	PLINK2_1KG_DIRECT
RS4950119	RS17379561	EUR	0.556211	PLINK2_1KG_DIRECT
RS4950119	RS10747491	EUR	0.571607	PLINK2_1KG_DIRECT
RS4950119	RS4970721	EUR	0.566389	PLINK2_1KG_DIRECT
RS4950119	RS10747492	EUR	0.566389	PLINK2_1KG_DIRECT
RS4950119	RS12062845	EUR	0.577862	PLINK2_1KG_DIRECT
RS4950119	RS61787819	EUR	0.577862	PLINK2_1KG_DIRECT
RS4950119	RS61787820	EUR	0.577862	PLINK2_1KG_DIRECT
RS4950119	RS7524038	EUR	0.566389	PLINK2_1KG_DIRECT
RS4950119	RS10875112	EUR	0.566389	PLINK2_1KG_DIRECT
RS4950119	RS4394693	EUR	0.566389	PLINK2_1KG_DIRECT
RS4950119	RS4546957	EUR	0.566389	PLINK2_1KG_DIRECT
RS4950119	RS10875113	EUR	0.566389	PLINK2_1KG_DIRECT
RS4950119	RS1801265	EUR	0.566389	PLINK2_1KG_DIRECT
RS4950119	RS4970722	EUR	0.574002	PLINK2_1KG_DIRECT
RS4950119	RS4970723	EUR	0.574002	PLINK2_1KG_DIRECT
RS4950119	RS9324374	EUR	0.566389	PLINK2_1KG_DIRECT
RS4950119	RS12406713	EUR	0.566389	PLINK2_1KG_DIRECT
RS4950119	RS9727548	EUR	0.566389	PLINK2_1KG_DIRECT
RS4950119	RS7418577	EUR	0.566389	PLINK2_1KG_DIRECT
RS4950119	RS10875118	EUR	0.566389	PLINK2_1KG_DIRECT
RS4950119	RS9662719	EUR	0.574002	PLINK2_1KG_DIRECT
RS4950119	RS12077442	EUR	0.577862	PLINK2_1KG_DIRECT
RS4950119	RS4394694	EUR	0.566389	PLINK2_1KG_DIRECT
RS4950119	RS61787823	EUR	0.641897	PLINK2_1KG_DIRECT
RS4950119	RS9727976	EUR	0.637927	PLINK2_1KG_DIRECT
RS4950119	RS4399192	EUR	0.63009	PLINK2_1KG_DIRECT
RS4950119	RS9662870	EUR	0.63009	PLINK2_1KG_DIRECT
RS4950119	RS76003396	EUR	0.593653	PLINK2_1KG_DIRECT
RS4950119	RS61787826	EUR	0.641897	PLINK2_1KG_DIRECT
RS4950119	RS6689552	EUR	0.63009	PLINK2_1KG_DIRECT
RS4950119	RS6692580	EUR	0.63009	PLINK2_1KG_DIRECT
RS4950119	RS79055225	EUR	0.641897	PLINK2_1KG_DIRECT
RS4950119	RS4456128	EUR	0.72512	PLINK2_1KG_DIRECT
RS4950119	RS9729897	EUR	0.72512	PLINK2_1KG_DIRECT
RS4950119	RS4970725	EUR	0.72512	PLINK2_1KG_DIRECT
RS4950119	RS4294451	EUR	0.72512	PLINK2_1KG_DIRECT
RS4950119	RS4378243	EUR	0.648694	PLINK2_1KG_DIRECT
RS4950119	RS4478846	EUR	0.659576	PLINK2_1KG_DIRECT
RS4950119	RS4271249	EUR	0.304207	PLINK2_1KG_DIRECT
RS4950119	RS10875120	EUR	0.72512	PLINK2_1KG_DIRECT
RS4950119	RS9662232	EUR	0.72512	PLINK2_1KG_DIRECT
RS4950119	RS4506495	EUR	0.665118	PLINK2_1KG_DIRECT
RS4950119	RS6604098	EUR	0.72512	PLINK2_1KG_DIRECT
RS4950119	RS4322261	EUR	0.659576	PLINK2_1KG_DIRECT
RS4950119	RS4423049	EUR	0.72512	PLINK2_1KG_DIRECT
RS4950119	RS4495746	EUR	0.73391	PLINK2_1KG_DIRECT
RS4950119	RS4598523	EUR	0.73391	PLINK2_1KG_DIRECT
RS4950119	RS4274102	EUR	0.739575	PLINK2_1KG_DIRECT
RS4950119	RS9324378	EUR	0.739575	PLINK2_1KG_DIRECT
RS4950119	RS10875121	EUR	0.670729	PLINK2_1KG_DIRECT
RS4950119	RS11165934	EUR	0.740827	PLINK2_1KG_DIRECT
RS4950119	RS6664489	EUR	0.745255	PLINK2_1KG_DIRECT
RS4950119	RS9729190	EUR	0.75423	PLINK2_1KG_DIRECT
RS4950119	RS4246516	EUR	0.664875	PLINK2_1KG_DIRECT
RS4950119	RS9285628	EUR	0.676035	PLINK2_1KG_DIRECT
RS4950119	RS9324379	EUR	0.676035	PLINK2_1KG_DIRECT
RS4950119	RS11165935	EUR	0.676035	PLINK2_1KG_DIRECT
RS4950119	RS9659380	EUR	0.676035	PLINK2_1KG_DIRECT
RS4950119	RS56732321	EUR	0.745255	PLINK2_1KG_DIRECT
RS4950119	RS28641479	EUR	0.676035	PLINK2_1KG_DIRECT
RS4950119	RS28582591	EUR	0.676035	PLINK2_1KG_DIRECT
RS4950119	RS61789077	EUR	0.68172	PLINK2_1KG_DIRECT
RS4950119	RS75513088	EUR	0.687042	PLINK2_1KG_DIRECT
RS4950119	RS61789078	EUR	0.687042	PLINK2_1KG_DIRECT
RS4950119	RS9887831	EUR	0.756663	PLINK2_1KG_DIRECT
RS4950119	RS61789079	EUR	0.687042	PLINK2_1KG_DIRECT
RS4950119	RS9887848	EUR	0.756663	PLINK2_1KG_DIRECT
RS4950119	RS9887792	EUR	0.756663	PLINK2_1KG_DIRECT
RS4950119	RS11165937	EUR	0.675736	PLINK2_1KG_DIRECT
RS4950119	RS6703588	EUR	0.756663	PLINK2_1KG_DIRECT
RS4950119	RS12067700	EUR	0.761145	PLINK2_1KG_DIRECT
RS4950119	RS61789082	EUR	0.687042	PLINK2_1KG_DIRECT
RS4950119	RS57468345	EUR	0.756663	PLINK2_1KG_DIRECT
RS4950119	RS12071067	EUR	0.756663	PLINK2_1KG_DIRECT
RS4950119	RS12067567	EUR	0.761145	PLINK2_1KG_DIRECT
RS4950119	RS12068763	EUR	0.770226	PLINK2_1KG_DIRECT
RS4950119	RS11165938	EUR	0.756663	PLINK2_1KG_DIRECT
RS4950119	RS11165939	EUR	0.756663	PLINK2_1KG_DIRECT
RS4950119	RS11165940	EUR	0.762392	PLINK2_1KG_DIRECT
RS4950119	RS80289781	EUR	0.692376	PLINK2_1KG_DIRECT
RS4950119	RS12077962	EUR	0.762392	PLINK2_1KG_DIRECT
RS4950119	RS61785881	EUR	0.692376	PLINK2_1KG_DIRECT
RS4950119	RS61785882	EUR	0.692376	PLINK2_1KG_DIRECT
RS4950119	RS72963738	EUR	0.686686	PLINK2_1KG_DIRECT
RS4950119	RS61785886	EUR	0.70397	PLINK2_1KG_DIRECT
RS4950119	RS61785888	EUR	0.730853	PLINK2_1KG_DIRECT
RS4950119	RS4573558	EUR	0.730853	PLINK2_1KG_DIRECT
RS4950119	RS2893376	EUR	0.730425	PLINK2_1KG_DIRECT
RS4950119	RS2391873	EUR	0.719239	PLINK2_1KG_DIRECT
RS4950119	RS9440288	EUR	0.719239	PLINK2_1KG_DIRECT
RS4950119	RS1938570	EUR	0.730853	PLINK2_1KG_DIRECT
RS4950119	RS2154403	EUR	0.730853	PLINK2_1KG_DIRECT
RS4950119	RS10747495	EUR	0.759043	PLINK2_1KG_DIRECT
RS4950119	RS1938564	EUR	0.74129	PLINK2_1KG_DIRECT
RS4950119	RS1938563	EUR	0.759043	PLINK2_1KG_DIRECT
RS4950119	RS1938562	EUR	0.759043	PLINK2_1KG_DIRECT
RS4950119	RS2391902	EUR	0.74129	PLINK2_1KG_DIRECT
RS4950119	RS9324381	EUR	0.747138	PLINK2_1KG_DIRECT
RS4950119	RS1938561	EUR	0.759043	PLINK2_1KG_DIRECT
RS4950119	RS9440293	EUR	0.7536	PLINK2_1KG_DIRECT
RS4950119	RS9727941	EUR	0.741697	PLINK2_1KG_DIRECT
RS4950119	RS9724773	EUR	0.741697	PLINK2_1KG_DIRECT
RS4950119	RS1938565	EUR	0.7536	PLINK2_1KG_DIRECT
RS4950119	RS1938566	EUR	0.74129	PLINK2_1KG_DIRECT
RS4950119	RS1938567	EUR	0.759043	PLINK2_1KG_DIRECT
RS4950119	RS1892549	EUR	0.759043	PLINK2_1KG_DIRECT
RS4950119	RS1892550	EUR	0.759043	PLINK2_1KG_DIRECT
RS4950119	RS1892551	EUR	0.759043	PLINK2_1KG_DIRECT
RS4950119	RS1892552	EUR	0.759043	PLINK2_1KG_DIRECT
RS4950119	RS2391904	EUR	0.759043	PLINK2_1KG_DIRECT
RS4950119	RS9324382	EUR	0.747138	PLINK2_1KG_DIRECT
RS4950119	RS1938571	EUR	0.74129	PLINK2_1KG_DIRECT
RS4950119	RS4447033	EUR	0.759043	PLINK2_1KG_DIRECT
RS4950119	RS1938572	EUR	0.759043	PLINK2_1KG_DIRECT
RS4950119	RS1938573	EUR	0.759043	PLINK2_1KG_DIRECT
RS4950119	RS1938558	EUR	0.759043	PLINK2_1KG_DIRECT
RS4950119	RS1938559	EUR	0.759043	PLINK2_1KG_DIRECT
RS4950119	RS1938560	EUR	0.759043	PLINK2_1KG_DIRECT
RS4950119	RS9324383	EUR	0.759043	PLINK2_1KG_DIRECT
RS4950119	RS9725319	EUR	0.759043	PLINK2_1KG_DIRECT
RS4950119	RS4477335	EUR	0.759043	PLINK2_1KG_DIRECT
RS4950119	RS4480407	EUR	0.759043	PLINK2_1KG_DIRECT
RS4950119	RS9659624	EUR	0.759043	PLINK2_1KG_DIRECT
RS4950119	RS5005705	EUR	0.747138	PLINK2_1KG_DIRECT
RS4950119	RS9324384	EUR	0.759043	PLINK2_1KG_DIRECT
RS4950119	RS4634961	EUR	0.759043	PLINK2_1KG_DIRECT
RS4950119	RS9324385	EUR	0.759043	PLINK2_1KG_DIRECT
RS4950119	RS9324386	EUR	0.759043	PLINK2_1KG_DIRECT
RS4950119	RS9324387	EUR	0.7536	PLINK2_1KG_DIRECT
RS4950119	RS9324388	EUR	0.759043	PLINK2_1KG_DIRECT
RS4950119	RS9659996	EUR	0.759043	PLINK2_1KG_DIRECT
RS4950119	RS9658841	EUR	0.759043	PLINK2_1KG_DIRECT
RS4950119	RS9661157	EUR	0.759043	PLINK2_1KG_DIRECT
RS4950119	RS10747496	EUR	0.759043	PLINK2_1KG_DIRECT
RS4950119	RS4584446	EUR	0.759043	PLINK2_1KG_DIRECT
RS4950119	RS2391905	EUR	0.759043	PLINK2_1KG_DIRECT
RS4950119	RS4950117	EUR	0.759043	PLINK2_1KG_DIRECT
RS4950119	RS4950118	EUR	0.759043	PLINK2_1KG_DIRECT
RS4950119	RS10783082	EUR	0.759043	PLINK2_1KG_DIRECT
RS4950119	RS4950120	EUR	0.759043	PLINK2_1KG_DIRECT
RS4950119	RS4245673	EUR	0.759043	PLINK2_1KG_DIRECT
RS4950119	RS1938568	EUR	0.759043	PLINK2_1KG_DIRECT
RS4950119	RS9440393	EUR	0.759043	PLINK2_1KG_DIRECT
RS4950119	RS9324389	EUR	0.759043	PLINK2_1KG_DIRECT
RS4950119	RS1938569	EUR	0.759043	PLINK2_1KG_DIRECT
RS4950119	RS10875124	EUR	0.759043	PLINK2_1KG_DIRECT
RS4950119	RS10875125	EUR	0.759043	PLINK2_1KG_DIRECT
RS4950119	RS1198574	EUR	0.759043	PLINK2_1KG_DIRECT
RS4950119	RS1198573	EUR	0.753055	PLINK2_1KG_DIRECT
RS4950119	RS1198572	EUR	0.988036	PLINK2_1KG_DIRECT
RS4950119	RS1198571	EUR	0.759043	PLINK2_1KG_DIRECT
RS4950119	RS1782815	EUR	0.747138	PLINK2_1KG_DIRECT
RS4950119	RS1782813	EUR	0.759043	PLINK2_1KG_DIRECT
RS4950119	RS1702294	EUR	0.988036	PLINK2_1KG_DIRECT
RS4950119	RS1782810	EUR	0.982138	PLINK2_1KG_DIRECT
RS4950119	RS1782811	EUR	0.759043	PLINK2_1KG_DIRECT
RS4950119	RS1625579	EUR	0.982138	PLINK2_1KG_DIRECT
RS4950119	RS4292998	EUR	0.976108	PLINK2_1KG_DIRECT
RS4950119	RS4411173	EUR	0.7536	PLINK2_1KG_DIRECT
RS4950119	RS2802535	EUR	0.982138	PLINK2_1KG_DIRECT
RS4950119	RS2660304	EUR	0.982138	PLINK2_1KG_DIRECT
RS4950119	RS2660302	EUR	0.817419	PLINK2_1KG_DIRECT
RS4950119	RS2660301	EUR	0.670466	PLINK2_1KG_DIRECT
RS4950119	RS1702292	EUR	0.892285	PLINK2_1KG_DIRECT
RS4950119	RS1782818	EUR	0.892285	PLINK2_1KG_DIRECT
RS4950119	RS1702291	EUR	0.887108	PLINK2_1KG_DIRECT
RS4950119	RS2802533	EUR	0.887108	PLINK2_1KG_DIRECT
RS4950119	RS2660300	EUR	0.887108	PLINK2_1KG_DIRECT
RS4950119	RS2660299	EUR	0.887108	PLINK2_1KG_DIRECT
RS4950119	RS1198583	EUR	0.670466	PLINK2_1KG_DIRECT
RS4950119	RS1198582	EUR	0.887108	PLINK2_1KG_DIRECT
RS4950119	RS1198581	EUR	0.887108	PLINK2_1KG_DIRECT
RS4950119	RS1198580	EUR	0.887108	PLINK2_1KG_DIRECT
RS4950119	RS1198579	EUR	0.670466	PLINK2_1KG_DIRECT
RS4950119	RS1198600	EUR	0.670466	PLINK2_1KG_DIRECT
RS4950119	RS1198598	EUR	0.887108	PLINK2_1KG_DIRECT
RS4950119	RS1198596	EUR	0.670466	PLINK2_1KG_DIRECT
RS4950119	RS1198594	EUR	0.660351	PLINK2_1KG_DIRECT
RS4950119	RS1198593	EUR	0.670466	PLINK2_1KG_DIRECT
RS4950119	RS1198592	EUR	0.670466	PLINK2_1KG_DIRECT
RS4950119	RS1198591	EUR	0.876893	PLINK2_1KG_DIRECT
RS4950119	RS2802529	EUR	0.650457	PLINK2_1KG_DIRECT
RS4950119	RS1782812	EUR	0.861905	PLINK2_1KG_DIRECT
RS4950119	RS2802525	EUR	0.62599	PLINK2_1KG_DIRECT
RS4950119	RS1198590	EUR	0.630129	PLINK2_1KG_DIRECT
RS4950119	RS1198589	EUR	0.635447	PLINK2_1KG_DIRECT
RS4950119	RS1198588	EUR	0.836617	PLINK2_1KG_DIRECT
RS4950119	RS1622611	EUR	0.62599	PLINK2_1KG_DIRECT
RS4950119	RS2802536	EUR	0.635447	PLINK2_1KG_DIRECT
RS4950119	RS2660298	EUR	0.62599	PLINK2_1KG_DIRECT
RS4950119	RS1198578	EUR	0.62599	PLINK2_1KG_DIRECT
RS4950119	RS1198577	EUR	0.635447	PLINK2_1KG_DIRECT
RS4950119	RS1198576	EUR	0.635447	PLINK2_1KG_DIRECT
RS4950119	RS4950119	EAS	1	PLINK2_1KG_DIRECT
RS4950119	RS4375301	EAS	0.715375	PLINK2_1KG_DIRECT
RS4950119	RS10747488	EAS	0.715375	PLINK2_1KG_DIRECT
RS4950119	RS7526108	EAS	0.715375	PLINK2_1KG_DIRECT
RS4950119	RS6658412	EAS	0.729681	PLINK2_1KG_DIRECT
RS4950119	RS61787782	EAS	0.715375	PLINK2_1KG_DIRECT
RS4950119	RS12073487	EAS	0.715375	PLINK2_1KG_DIRECT
RS4950119	RS12072739	EAS	0.729681	PLINK2_1KG_DIRECT
RS4950119	RS4421623	EAS	0.729681	PLINK2_1KG_DIRECT
RS4950119	RS12089031	EAS	0.729681	PLINK2_1KG_DIRECT
RS4950119	RS4970719	EAS	0.729681	PLINK2_1KG_DIRECT
RS4950119	RS10747489	EAS	0.669712	PLINK2_1KG_DIRECT
RS4950119	RS4372296	EAS	0.711584	PLINK2_1KG_DIRECT
RS4950119	RS4379706	EAS	0.729681	PLINK2_1KG_DIRECT
RS4950119	RS10747490	EAS	0.729681	PLINK2_1KG_DIRECT
RS4950119	RS11165920	EAS	0.729681	PLINK2_1KG_DIRECT
RS4950119	RS4970720	EAS	0.729681	PLINK2_1KG_DIRECT
RS4950119	RS75641275	EAS	0.911156	PLINK2_1KG_DIRECT
RS4950119	RS4523551	EAS	0.702838	PLINK2_1KG_DIRECT
RS4950119	RS4523552	EAS	0.729681	PLINK2_1KG_DIRECT
RS4950119	RS61787785	EAS	0.911156	PLINK2_1KG_DIRECT
RS4950119	RS11165921	EAS	0.729681	PLINK2_1KG_DIRECT
RS4950119	RS10875111	EAS	0.729681	PLINK2_1KG_DIRECT
RS4950119	RS9661794	EAS	0.729681	PLINK2_1KG_DIRECT
RS4950119	RS11165922	EAS	0.107373	PLINK2_1KG_DIRECT
RS4950119	RS6677116	EAS	0.729681	PLINK2_1KG_DIRECT
RS4950119	RS6604093	EAS	0.729681	PLINK2_1KG_DIRECT
RS4950119	RS17379561	EAS	0.911156	PLINK2_1KG_DIRECT
RS4950119	RS10747491	EAS	0.729681	PLINK2_1KG_DIRECT
RS4950119	RS4970721	EAS	0.729681	PLINK2_1KG_DIRECT
RS4950119	RS10747492	EAS	0.729681	PLINK2_1KG_DIRECT
RS4950119	RS12062845	EAS	0.729681	PLINK2_1KG_DIRECT
RS4950119	RS61787819	EAS	0.729681	PLINK2_1KG_DIRECT
RS4950119	RS61787820	EAS	0.729681	PLINK2_1KG_DIRECT
RS4950119	RS7524038	EAS	0.729681	PLINK2_1KG_DIRECT
RS4950119	RS10875112	EAS	0.729681	PLINK2_1KG_DIRECT
RS4950119	RS4394693	EAS	0.729681	PLINK2_1KG_DIRECT
RS4950119	RS4546957	EAS	0.729681	PLINK2_1KG_DIRECT
RS4950119	RS10875113	EAS	0.729681	PLINK2_1KG_DIRECT
RS4950119	RS1801265	EAS	0.729681	PLINK2_1KG_DIRECT
RS4950119	RS4970722	EAS	0.729681	PLINK2_1KG_DIRECT
RS4950119	RS4970723	EAS	0.729681	PLINK2_1KG_DIRECT
RS4950119	RS9324374	EAS	0.729681	PLINK2_1KG_DIRECT
RS4950119	RS12406713	EAS	0.729681	PLINK2_1KG_DIRECT
RS4950119	RS9727548	EAS	0.729681	PLINK2_1KG_DIRECT
RS4950119	RS7418577	EAS	0.702838	PLINK2_1KG_DIRECT
RS4950119	RS10875118	EAS	0.729681	PLINK2_1KG_DIRECT
RS4950119	RS9662719	EAS	0.729681	PLINK2_1KG_DIRECT
RS4950119	RS12077442	EAS	0.729681	PLINK2_1KG_DIRECT
RS4950119	RS4394694	EAS	0.729681	PLINK2_1KG_DIRECT
RS4950119	RS61787823	EAS	0.744036	PLINK2_1KG_DIRECT
RS4950119	RS9727976	EAS	0.744036	PLINK2_1KG_DIRECT
RS4950119	RS4399192	EAS	0.744036	PLINK2_1KG_DIRECT
RS4950119	RS9662870	EAS	0.744036	PLINK2_1KG_DIRECT
RS4950119	RS76003396	EAS	0.744036	PLINK2_1KG_DIRECT
RS4950119	RS61787826	EAS	0.744036	PLINK2_1KG_DIRECT
RS4950119	RS6689552	EAS	0.744036	PLINK2_1KG_DIRECT
RS4950119	RS6692580	EAS	0.744036	PLINK2_1KG_DIRECT
RS4950119	RS79055225	EAS	0.744036	PLINK2_1KG_DIRECT
RS4950119	RS4456128	EAS	0.772892	PLINK2_1KG_DIRECT
RS4950119	RS9729897	EAS	0.772892	PLINK2_1KG_DIRECT
RS4950119	RS4970725	EAS	0.772892	PLINK2_1KG_DIRECT
RS4950119	RS4294451	EAS	0.772892	PLINK2_1KG_DIRECT
RS4950119	RS4378243	EAS	0.956388	PLINK2_1KG_DIRECT
RS4950119	RS4478846	EAS	0.956388	PLINK2_1KG_DIRECT
RS4950119	RS4271249	EAS	0.122616	PLINK2_1KG_DIRECT
RS4950119	RS10875120	EAS	0.772892	PLINK2_1KG_DIRECT
RS4950119	RS9662232	EAS	0.772892	PLINK2_1KG_DIRECT
RS4950119	RS4506495	EAS	0.956388	PLINK2_1KG_DIRECT
RS4950119	RS6604098	EAS	0.772892	PLINK2_1KG_DIRECT
RS4950119	RS4322261	EAS	0.956388	PLINK2_1KG_DIRECT
RS4950119	RS4423049	EAS	0.772892	PLINK2_1KG_DIRECT
RS4950119	RS4495746	EAS	0.772892	PLINK2_1KG_DIRECT
RS4950119	RS4598523	EAS	0.772892	PLINK2_1KG_DIRECT
RS4950119	RS4274102	EAS	0.772892	PLINK2_1KG_DIRECT
RS4950119	RS9324378	EAS	0.772892	PLINK2_1KG_DIRECT
RS4950119	RS10875121	EAS	0.956388	PLINK2_1KG_DIRECT
RS4950119	RS11165934	EAS	0.772892	PLINK2_1KG_DIRECT
RS4950119	RS6664489	EAS	0.772892	PLINK2_1KG_DIRECT
RS4950119	RS9729190	EAS	0.772892	PLINK2_1KG_DIRECT
RS4950119	RS4246516	EAS	0.956388	PLINK2_1KG_DIRECT
RS4950119	RS9285628	EAS	0.956388	PLINK2_1KG_DIRECT
RS4950119	RS9324379	EAS	0.956388	PLINK2_1KG_DIRECT
RS4950119	RS11165935	EAS	0.956388	PLINK2_1KG_DIRECT
RS4950119	RS9659380	EAS	0.956388	PLINK2_1KG_DIRECT
RS4950119	RS56732321	EAS	0.772892	PLINK2_1KG_DIRECT
RS4950119	RS28641479	EAS	0.956388	PLINK2_1KG_DIRECT
RS4950119	RS28582591	EAS	0.956388	PLINK2_1KG_DIRECT
RS4950119	RS61789077	EAS	0.956388	PLINK2_1KG_DIRECT
RS4950119	RS75513088	EAS	0.956388	PLINK2_1KG_DIRECT
RS4950119	RS61789078	EAS	0.956388	PLINK2_1KG_DIRECT
RS4950119	RS9887831	EAS	0.772892	PLINK2_1KG_DIRECT
RS4950119	RS61789079	EAS	0.956388	PLINK2_1KG_DIRECT
RS4950119	RS9887848	EAS	0.772892	PLINK2_1KG_DIRECT
RS4950119	RS9887792	EAS	0.772892	PLINK2_1KG_DIRECT
RS4950119	RS11165937	EAS	0.956388	PLINK2_1KG_DIRECT
RS4950119	RS6703588	EAS	0.772892	PLINK2_1KG_DIRECT
RS4950119	RS12067700	EAS	0.772892	PLINK2_1KG_DIRECT
RS4950119	RS61789082	EAS	0.956388	PLINK2_1KG_DIRECT
RS4950119	RS57468345	EAS	0.744036	PLINK2_1KG_DIRECT
RS4950119	RS12071067	EAS	0.772892	PLINK2_1KG_DIRECT
RS4950119	RS12067567	EAS	0.772892	PLINK2_1KG_DIRECT
RS4950119	RS12068763	EAS	0.772892	PLINK2_1KG_DIRECT
RS4950119	RS11165938	EAS	0.772892	PLINK2_1KG_DIRECT
RS4950119	RS11165939	EAS	0.772892	PLINK2_1KG_DIRECT
RS4950119	RS11165940	EAS	0.772892	PLINK2_1KG_DIRECT
RS4950119	RS80289781	EAS	0.956388	PLINK2_1KG_DIRECT
RS4950119	RS12077962	EAS	0.772892	PLINK2_1KG_DIRECT
RS4950119	RS61785881	EAS	0.956388	PLINK2_1KG_DIRECT
RS4950119	RS61785882	EAS	0.956388	PLINK2_1KG_DIRECT
RS4950119	RS72963738	EAS	0.956388	PLINK2_1KG_DIRECT
RS4950119	RS61785886	EAS	0.985059	PLINK2_1KG_DIRECT
RS4950119	RS61785888	EAS	0.969761	PLINK2_1KG_DIRECT
RS4950119	RS4573558	EAS	0.969761	PLINK2_1KG_DIRECT
RS4950119	RS2893376	EAS	1	PLINK2_1KG_DIRECT
RS4950119	RS2391873	EAS	0.969761	PLINK2_1KG_DIRECT
RS4950119	RS9440288	EAS	1	PLINK2_1KG_DIRECT
RS4950119	RS1938570	EAS	1	PLINK2_1KG_DIRECT
RS4950119	RS2154403	EAS	1	PLINK2_1KG_DIRECT
RS4950119	RS10747495	EAS	1	PLINK2_1KG_DIRECT
RS4950119	RS1938564	EAS	1	PLINK2_1KG_DIRECT
RS4950119	RS1938563	EAS	1	PLINK2_1KG_DIRECT
RS4950119	RS1938562	EAS	1	PLINK2_1KG_DIRECT
RS4950119	RS2391902	EAS	1	PLINK2_1KG_DIRECT
RS4950119	RS9324381	EAS	1	PLINK2_1KG_DIRECT
RS4950119	RS1938561	EAS	1	PLINK2_1KG_DIRECT
RS4950119	RS9440293	EAS	0.984864	PLINK2_1KG_DIRECT
RS4950119	RS9727941	EAS	0.984864	PLINK2_1KG_DIRECT
RS4950119	RS9724773	EAS	0.984864	PLINK2_1KG_DIRECT
RS4950119	RS1938565	EAS	1	PLINK2_1KG_DIRECT
RS4950119	RS1938566	EAS	1	PLINK2_1KG_DIRECT
RS4950119	RS1938567	EAS	1	PLINK2_1KG_DIRECT
RS4950119	RS1892549	EAS	1	PLINK2_1KG_DIRECT
RS4950119	RS1892550	EAS	1	PLINK2_1KG_DIRECT
RS4950119	RS1892551	EAS	1	PLINK2_1KG_DIRECT
RS4950119	RS1892552	EAS	1	PLINK2_1KG_DIRECT
RS4950119	RS2391904	EAS	1	PLINK2_1KG_DIRECT
RS4950119	RS9324382	EAS	1	PLINK2_1KG_DIRECT
RS4950119	RS1938571	EAS	1	PLINK2_1KG_DIRECT
RS4950119	RS4447033	EAS	1	PLINK2_1KG_DIRECT
RS4950119	RS1938572	EAS	1	PLINK2_1KG_DIRECT
RS4950119	RS1938573	EAS	1	PLINK2_1KG_DIRECT
RS4950119	RS1938558	EAS	1	PLINK2_1KG_DIRECT
RS4950119	RS1938559	EAS	1	PLINK2_1KG_DIRECT
RS4950119	RS1938560	EAS	1	PLINK2_1KG_DIRECT
RS4950119	RS9324383	EAS	1	PLINK2_1KG_DIRECT
RS4950119	RS9725319	EAS	1	PLINK2_1KG_DIRECT
RS4950119	RS4477335	EAS	1	PLINK2_1KG_DIRECT
RS4950119	RS4480407	EAS	1	PLINK2_1KG_DIRECT
RS4950119	RS9659624	EAS	1	PLINK2_1KG_DIRECT
RS4950119	RS5005705	EAS	1	PLINK2_1KG_DIRECT
RS4950119	RS9324384	EAS	1	PLINK2_1KG_DIRECT
RS4950119	RS4634961	EAS	1	PLINK2_1KG_DIRECT
RS4950119	RS9324385	EAS	1	PLINK2_1KG_DIRECT
RS4950119	RS9324386	EAS	1	PLINK2_1KG_DIRECT
RS4950119	RS9324387	EAS	1	PLINK2_1KG_DIRECT
RS4950119	RS9324388	EAS	1	PLINK2_1KG_DIRECT
RS4950119	RS9659996	EAS	1	PLINK2_1KG_DIRECT
RS4950119	RS9658841	EAS	1	PLINK2_1KG_DIRECT
RS4950119	RS9661157	EAS	1	PLINK2_1KG_DIRECT
RS4950119	RS10747496	EAS	1	PLINK2_1KG_DIRECT
RS4950119	RS4584446	EAS	1	PLINK2_1KG_DIRECT
RS4950119	RS2391905	EAS	1	PLINK2_1KG_DIRECT
RS4950119	RS4950117	EAS	1	PLINK2_1KG_DIRECT
RS4950119	RS4950118	EAS	1	PLINK2_1KG_DIRECT
RS4950119	RS10783082	EAS	1	PLINK2_1KG_DIRECT
RS4950119	RS4950120	EAS	1	PLINK2_1KG_DIRECT
RS4950119	RS4245673	EAS	1	PLINK2_1KG_DIRECT
RS4950119	RS1938568	EAS	1	PLINK2_1KG_DIRECT
RS4950119	RS9440393	EAS	1	PLINK2_1KG_DIRECT
RS4950119	RS9324389	EAS	1	PLINK2_1KG_DIRECT
RS4950119	RS1938569	EAS	1	PLINK2_1KG_DIRECT
RS4950119	RS10875124	EAS	1	PLINK2_1KG_DIRECT
RS4950119	RS10875125	EAS	1	PLINK2_1KG_DIRECT
RS4950119	RS1198574	EAS	1	PLINK2_1KG_DIRECT
RS4950119	RS1198573	EAS	1	PLINK2_1KG_DIRECT
RS4950119	RS1198572	EAS	1	PLINK2_1KG_DIRECT
RS4950119	RS1198571	EAS	1	PLINK2_1KG_DIRECT
RS4950119	RS1782815	EAS	1	PLINK2_1KG_DIRECT
RS4950119	RS1782813	EAS	1	PLINK2_1KG_DIRECT
RS4950119	RS1702294	EAS	1	PLINK2_1KG_DIRECT
RS4950119	RS1782810	EAS	1	PLINK2_1KG_DIRECT
RS4950119	RS1782811	EAS	1	PLINK2_1KG_DIRECT
RS4950119	RS1625579	EAS	1	PLINK2_1KG_DIRECT
RS4950119	RS4292998	EAS	1	PLINK2_1KG_DIRECT
RS4950119	RS4411173	EAS	1	PLINK2_1KG_DIRECT
RS4950119	RS2802535	EAS	1	PLINK2_1KG_DIRECT
RS4950119	RS2660304	EAS	1	PLINK2_1KG_DIRECT
RS4950119	RS2660302	EAS	1	PLINK2_1KG_DIRECT
RS4950119	RS2660301	EAS	0.985059	PLINK2_1KG_DIRECT
RS4950119	RS1702292	EAS	1	PLINK2_1KG_DIRECT
RS4950119	RS1782818	EAS	0.984864	PLINK2_1KG_DIRECT
RS4950119	RS1702291	EAS	0.984864	PLINK2_1KG_DIRECT
RS4950119	RS2802533	EAS	0.984864	PLINK2_1KG_DIRECT
RS4950119	RS2660300	EAS	0.984864	PLINK2_1KG_DIRECT
RS4950119	RS2660299	EAS	0.984864	PLINK2_1KG_DIRECT
RS4950119	RS1198583	EAS	0.984864	PLINK2_1KG_DIRECT
RS4950119	RS1198582	EAS	0.969926	PLINK2_1KG_DIRECT
RS4950119	RS1198581	EAS	0.969926	PLINK2_1KG_DIRECT
RS4950119	RS1198580	EAS	0.969926	PLINK2_1KG_DIRECT
RS4950119	RS1198579	EAS	0.969926	PLINK2_1KG_DIRECT
RS4950119	RS1198600	EAS	0.969926	PLINK2_1KG_DIRECT
RS4950119	RS1198598	EAS	0.969926	PLINK2_1KG_DIRECT
RS4950119	RS1198596	EAS	0.969926	PLINK2_1KG_DIRECT
RS4950119	RS1198594	EAS	0.969926	PLINK2_1KG_DIRECT
RS4950119	RS1198593	EAS	0.969926	PLINK2_1KG_DIRECT
RS4950119	RS1198592	EAS	0.969926	PLINK2_1KG_DIRECT
RS4950119	RS1198591	EAS	0.969926	PLINK2_1KG_DIRECT
RS4950119	RS2802529	EAS	0.969926	PLINK2_1KG_DIRECT
RS4950119	RS1782812	EAS	0.969926	PLINK2_1KG_DIRECT
RS4950119	RS2802525	EAS	0.969926	PLINK2_1KG_DIRECT
RS4950119	RS1198590	EAS	0.969926	PLINK2_1KG_DIRECT
RS4950119	RS1198589	EAS	0.969926	PLINK2_1KG_DIRECT
RS4950119	RS1198588	EAS	0.969926	PLINK2_1KG_DIRECT
RS4950119	RS1622611	EAS	0.969926	PLINK2_1KG_DIRECT
RS4950119	RS2802536	EAS	0.969926	PLINK2_1KG_DIRECT
RS4950119	RS2660298	EAS	0.969926	PLINK2_1KG_DIRECT
RS4950119	RS1198578	EAS	0.969926	PLINK2_1KG_DIRECT
RS4950119	RS1198577	EAS	0.969926	PLINK2_1KG_DIRECT
RS4950119	RS1198576	EAS	0.969926	PLINK2_1KG_DIRECT
RS1622223	RS1622223	EUR	1	PLINK2_1KG_DIRECT
RS1622223	RS444189	EUR	0.405281	PLINK2_1KG_DIRECT
RS1622223	RS3131855	EUR	0.174535	PLINK2_1KG_DIRECT
RS1622223	RS3129077	EUR	0.174535	PLINK2_1KG_DIRECT
RS1622223	RS1233367	EUR	0.569416	PLINK2_1KG_DIRECT
RS1622223	RS3116812	EUR	0.448607	PLINK2_1KG_DIRECT
RS1622223	RS3131888	EUR	0.178968	PLINK2_1KG_DIRECT
RS1622223	RS3116807	EUR	0.2343	PLINK2_1KG_DIRECT
RS1622223	RS3131886	EUR	0.160869	PLINK2_1KG_DIRECT
RS1622223	RS3129085	EUR	0.160869	PLINK2_1KG_DIRECT
RS1622223	RS3129083	EUR	0.160869	PLINK2_1KG_DIRECT
RS1622223	RS2523403	EUR	0.309652	PLINK2_1KG_DIRECT
RS1622223	RS1736905	EUR	0.623502	PLINK2_1KG_DIRECT
RS1622223	RS885941	EUR	0.641007	PLINK2_1KG_DIRECT
RS1622223	RS947819	EUR	0.641007	PLINK2_1KG_DIRECT
RS1622223	RS1610615	EUR	0.641007	PLINK2_1KG_DIRECT
RS1622223	RS1610741	EUR	0.589043	PLINK2_1KG_DIRECT
RS1622223	RS1610617	EUR	0.994656	PLINK2_1KG_DIRECT
RS1622223	RS1633087	EUR	0.428905	PLINK2_1KG_DIRECT
RS1622223	RS1737086	EUR	0.428905	PLINK2_1KG_DIRECT
RS1622223	RS1633086	EUR	0.430647	PLINK2_1KG_DIRECT
RS1622223	RS1737082	EUR	0.432398	PLINK2_1KG_DIRECT
RS1622223	RS1611296	EUR	0.425445	PLINK2_1KG_DIRECT
RS1622223	RS1737080	EUR	0.425445	PLINK2_1KG_DIRECT
RS1622223	RS1737078	EUR	0.425445	PLINK2_1KG_DIRECT
RS1622223	RS1625695	EUR	0.425445	PLINK2_1KG_DIRECT
RS1622223	RS1736998	EUR	0.31989	PLINK2_1KG_DIRECT
RS1622223	RS1736957	EUR	0.375828	PLINK2_1KG_DIRECT
RS1622223	RS1622223	EAS	1	PLINK2_1KG_DIRECT
RS1622223	RS444189	EAS	0.180832	PLINK2_1KG_DIRECT
RS1622223	RS3131855	EAS	0.328798	PLINK2_1KG_DIRECT
RS1622223	RS3129077	EAS	0.328798	PLINK2_1KG_DIRECT
RS1622223	RS1233367	EAS	0.225475	PLINK2_1KG_DIRECT
RS1622223	RS3116812	EAS	0.230572	PLINK2_1KG_DIRECT
RS1622223	RS3131888	EAS	0.377396	PLINK2_1KG_DIRECT
RS1622223	RS3116807	EAS	0.209807	PLINK2_1KG_DIRECT
RS1622223	RS3131886	EAS	0.364688	PLINK2_1KG_DIRECT
RS1622223	RS3129085	EAS	0.362909	PLINK2_1KG_DIRECT
RS1622223	RS3129083	EAS	0.362909	PLINK2_1KG_DIRECT
RS1622223	RS2523403	EAS	0.603506	PLINK2_1KG_DIRECT
RS1622223	RS1736905	EAS	0.297175	PLINK2_1KG_DIRECT
RS1622223	RS885941	EAS	0.452686	PLINK2_1KG_DIRECT
RS1622223	RS947819	EAS	0.452686	PLINK2_1KG_DIRECT
RS1622223	RS1610615	EAS	0.452686	PLINK2_1KG_DIRECT
RS1622223	RS1610741	EAS	0.290127	PLINK2_1KG_DIRECT
RS1622223	RS1610617	EAS	1	PLINK2_1KG_DIRECT
RS1622223	RS1633087	EAS	0.817163	PLINK2_1KG_DIRECT
RS1622223	RS1737086	EAS	0.817163	PLINK2_1KG_DIRECT
RS1622223	RS1633086	EAS	0.817163	PLINK2_1KG_DIRECT
RS1622223	RS1737082	EAS	0.773334	PLINK2_1KG_DIRECT
RS1622223	RS1611296	EAS	0.739853	PLINK2_1KG_DIRECT
RS1622223	RS1737080	EAS	0.743252	PLINK2_1KG_DIRECT
RS1622223	RS1737078	EAS	0.743252	PLINK2_1KG_DIRECT
RS1622223	RS1625695	EAS	0.743252	PLINK2_1KG_DIRECT
RS11191580	RS11191580	EUR	1	PLINK2_1KG_DIRECT
RS11191580	RS2145307	EUR	0.180577	PLINK2_1KG_DIRECT
RS11191580	RS4919656	EUR	0.180577	PLINK2_1KG_DIRECT
RS11191580	RS10786674	EUR	0.234484	PLINK2_1KG_DIRECT
RS11191580	RS17114641	EUR	0.251588	PLINK2_1KG_DIRECT
RS11191580	RS10883731	EUR	0.251588	PLINK2_1KG_DIRECT
RS11191580	RS2031604	EUR	0.244874	PLINK2_1KG_DIRECT
RS11191580	RS9665626	EUR	0.248196	PLINK2_1KG_DIRECT
RS11191580	RS11191323	EUR	0.251588	PLINK2_1KG_DIRECT
RS11191580	RS12220810	EUR	0.251588	PLINK2_1KG_DIRECT
RS11191580	RS10883735	EUR	0.251588	PLINK2_1KG_DIRECT
RS11191580	RS11191337	EUR	0.251588	PLINK2_1KG_DIRECT
RS11191580	RS10883737	EUR	0.251588	PLINK2_1KG_DIRECT
RS11191580	RS7094188	EUR	0.251588	PLINK2_1KG_DIRECT
RS11191580	RS7094614	EUR	0.251588	PLINK2_1KG_DIRECT
RS11191580	RS77630251	EUR	0.251588	PLINK2_1KG_DIRECT
RS11191580	RS729025	EUR	0.251588	PLINK2_1KG_DIRECT
RS11191580	RS11191343	EUR	0.251588	PLINK2_1KG_DIRECT
RS11191580	RS3824756	EUR	0.251588	PLINK2_1KG_DIRECT
RS11191580	RS3934495	EUR	0.251588	PLINK2_1KG_DIRECT
RS11191580	RS4919666	EUR	0.251588	PLINK2_1KG_DIRECT
RS11191580	RS74558061	EUR	0.255052	PLINK2_1KG_DIRECT
RS11191580	RS7086898	EUR	0.255052	PLINK2_1KG_DIRECT
RS11191580	RS17114803	EUR	0.255052	PLINK2_1KG_DIRECT
RS11191580	RS10786700	EUR	0.255052	PLINK2_1KG_DIRECT
RS11191580	RS4917979	EUR	0.255052	PLINK2_1KG_DIRECT
RS11191580	RS2298278	EUR	0.248196	PLINK2_1KG_DIRECT
RS11191580	RS17114808	EUR	0.258592	PLINK2_1KG_DIRECT
RS11191580	RS17114810	EUR	0.255052	PLINK2_1KG_DIRECT
RS11191580	RS11818043	EUR	0.255052	PLINK2_1KG_DIRECT
RS11191580	RS11191356	EUR	0.263802	PLINK2_1KG_DIRECT
RS11191580	RS12573474	EUR	0.255052	PLINK2_1KG_DIRECT
RS11191580	RS10883757	EUR	0.255052	PLINK2_1KG_DIRECT
RS11191580	RS5011218	EUR	0.255052	PLINK2_1KG_DIRECT
RS11191580	RS11191359	EUR	0.255052	PLINK2_1KG_DIRECT
RS11191580	RS4146429	EUR	0.255052	PLINK2_1KG_DIRECT
RS11191580	RS4146428	EUR	0.255052	PLINK2_1KG_DIRECT
RS11191580	RS10786701	EUR	0.255052	PLINK2_1KG_DIRECT
RS11191580	RS10883760	EUR	0.256813	PLINK2_1KG_DIRECT
RS11191580	RS10883761	EUR	0.256813	PLINK2_1KG_DIRECT
RS11191580	RS4244354	EUR	0.253427	PLINK2_1KG_DIRECT
RS11191580	RS11191365	EUR	0.265514	PLINK2_1KG_DIRECT
RS11191580	RS8354	EUR	0.303465	PLINK2_1KG_DIRECT
RS11191580	RS11191368	EUR	0.312668	PLINK2_1KG_DIRECT
RS11191580	RS10883765	EUR	0.312668	PLINK2_1KG_DIRECT
RS11191580	RS11191375	EUR	0.312668	PLINK2_1KG_DIRECT
RS11191580	RS10883766	EUR	0.312668	PLINK2_1KG_DIRECT
RS11191580	RS12415043	EUR	0.312668	PLINK2_1KG_DIRECT
RS11191580	RS10883767	EUR	0.312668	PLINK2_1KG_DIRECT
RS11191580	RS4919669	EUR	0.312668	PLINK2_1KG_DIRECT
RS11191580	RS11191379	EUR	0.312668	PLINK2_1KG_DIRECT
RS11191580	RS999867	EUR	0.58277	PLINK2_1KG_DIRECT
RS11191580	RS12571643	EUR	0.590509	PLINK2_1KG_DIRECT
RS11191580	RS4147157	EUR	0.571427	PLINK2_1KG_DIRECT
RS11191580	RS4919680	EUR	0.624048	PLINK2_1KG_DIRECT
RS11191580	RS284861	EUR	0.654038	PLINK2_1KG_DIRECT
RS11191580	RS284853	EUR	0.654038	PLINK2_1KG_DIRECT
RS11191580	RS284851	EUR	0.660338	PLINK2_1KG_DIRECT
RS11191580	RS4919683	EUR	0.13764	PLINK2_1KG_DIRECT
RS11191580	RS7902804	EUR	0.149523	PLINK2_1KG_DIRECT
RS11191580	RS17115100	EUR	0.930051	PLINK2_1KG_DIRECT
RS11191580	RS3740397	EUR	0.148281	PLINK2_1KG_DIRECT
RS11191580	RS1004467	EUR	0.919252	PLINK2_1KG_DIRECT
RS11191580	RS3781287	EUR	0.137076	PLINK2_1KG_DIRECT
RS11191580	RS3781286	EUR	0.148281	PLINK2_1KG_DIRECT
RS11191580	RS3824755	EUR	0.919252	PLINK2_1KG_DIRECT
RS11191580	RS10786712	EUR	0.148281	PLINK2_1KG_DIRECT
RS11191580	RS6163	EUR	0.148281	PLINK2_1KG_DIRECT
RS11191580	RS6162	EUR	0.137076	PLINK2_1KG_DIRECT
RS11191580	RS743572	EUR	0.147664	PLINK2_1KG_DIRECT
RS11191580	RS10786713	EUR	0.136515	PLINK2_1KG_DIRECT
RS11191580	RS138009835	EUR	0.930051	PLINK2_1KG_DIRECT
RS11191580	RS2150927	EUR	0.147664	PLINK2_1KG_DIRECT
RS11191580	RS11191414	EUR	0.131833	PLINK2_1KG_DIRECT
RS11191580	RS12265066	EUR	0.142784	PLINK2_1KG_DIRECT
RS11191580	RS10883785	EUR	0.142784	PLINK2_1KG_DIRECT
RS11191580	RS7912206	EUR	0.919252	PLINK2_1KG_DIRECT
RS11191580	RS11191416	EUR	0.917663	PLINK2_1KG_DIRECT
RS11191580	RS4919689	EUR	0.148281	PLINK2_1KG_DIRECT
RS11191580	RS7097872	EUR	0.136515	PLINK2_1KG_DIRECT
RS11191580	RS7092690	EUR	0.147664	PLINK2_1KG_DIRECT
RS11191580	RS7096183	EUR	0.147664	PLINK2_1KG_DIRECT
RS11191580	RS7096475	EUR	0.136515	PLINK2_1KG_DIRECT
RS11191580	RS4290163	EUR	0.137076	PLINK2_1KG_DIRECT
RS11191580	RS11191419	EUR	0.176557	PLINK2_1KG_DIRECT
RS11191580	RS150786824	EUR	0.930051	PLINK2_1KG_DIRECT
RS11191580	RS112468006	EUR	0.930051	PLINK2_1KG_DIRECT
RS11191580	RS12219246	EUR	0.163375	PLINK2_1KG_DIRECT
RS11191580	RS12219247	EUR	0.177328	PLINK2_1KG_DIRECT
RS11191580	RS3824754	EUR	0.930051	PLINK2_1KG_DIRECT
RS11191580	RS4409766	EUR	0.930051	PLINK2_1KG_DIRECT
RS11191580	RS7096249	EUR	0.163375	PLINK2_1KG_DIRECT
RS11191580	RS7096169	EUR	0.178105	PLINK2_1KG_DIRECT
RS11191580	RS7100530	EUR	0.163375	PLINK2_1KG_DIRECT
RS11191580	RS10786715	EUR	0.16268	PLINK2_1KG_DIRECT
RS11191580	RS12241517	EUR	0.178105	PLINK2_1KG_DIRECT
RS11191580	RS4917985	EUR	0.163375	PLINK2_1KG_DIRECT
RS11191580	RS4919691	EUR	0.163375	PLINK2_1KG_DIRECT
RS11191580	RS10786716	EUR	0.163375	PLINK2_1KG_DIRECT
RS11191580	RS10786717	EUR	0.178105	PLINK2_1KG_DIRECT
RS11191580	RS11191424	EUR	0.178105	PLINK2_1KG_DIRECT
RS11191580	RS11191425	EUR	0.941083	PLINK2_1KG_DIRECT
RS11191580	RS11191426	EUR	0.941083	PLINK2_1KG_DIRECT
RS11191580	RS7098825	EUR	0.898322	PLINK2_1KG_DIRECT
RS11191580	RS7085104	EUR	0.178105	PLINK2_1KG_DIRECT
RS11191580	RS3740400	EUR	0.163375	PLINK2_1KG_DIRECT
RS11191580	RS17878846	EUR	0.898322	PLINK2_1KG_DIRECT
RS11191580	RS10786718	EUR	0.311041	PLINK2_1KG_DIRECT
RS11191580	RS12767543	EUR	0.311041	PLINK2_1KG_DIRECT
RS11191580	RS7904113	EUR	0.163375	PLINK2_1KG_DIRECT
RS11191580	RS7920657	EUR	0.311041	PLINK2_1KG_DIRECT
RS11191580	RS7920697	EUR	0.311041	PLINK2_1KG_DIRECT
RS11191580	RS12764049	EUR	0.311041	PLINK2_1KG_DIRECT
RS11191580	RS12764899	EUR	0.312765	PLINK2_1KG_DIRECT
RS11191580	RS12765337	EUR	0.163375	PLINK2_1KG_DIRECT
RS11191580	RS12765002	EUR	0.311041	PLINK2_1KG_DIRECT
RS11191580	RS12770034	EUR	0.163375	PLINK2_1KG_DIRECT
RS11191580	RS12771681	EUR	0.311041	PLINK2_1KG_DIRECT
RS11191580	RS77335224	EUR	0.888177	PLINK2_1KG_DIRECT
RS11191580	RS11191438	EUR	0.134296	PLINK2_1KG_DIRECT
RS11191580	RS10786719	EUR	0.133748	PLINK2_1KG_DIRECT
RS11191580	RS3740390	EUR	0.975648	PLINK2_1KG_DIRECT
RS11191580	RS12244388	EUR	0.168347	PLINK2_1KG_DIRECT
RS11191580	RS1591915	EUR	0.134296	PLINK2_1KG_DIRECT
RS11191580	RS12768205	EUR	0.221362	PLINK2_1KG_DIRECT
RS11191580	RS7100709	EUR	0.219289	PLINK2_1KG_DIRECT
RS11191580	RS7085598	EUR	0.134296	PLINK2_1KG_DIRECT
RS11191580	RS11191447	EUR	0.975648	PLINK2_1KG_DIRECT
RS11191580	RS10883793	EUR	0.221362	PLINK2_1KG_DIRECT
RS11191580	RS12782585	EUR	0.221362	PLINK2_1KG_DIRECT
RS11191580	RS56946876	EUR	0.134296	PLINK2_1KG_DIRECT
RS11191580	RS12763665	EUR	0.134296	PLINK2_1KG_DIRECT
RS11191580	RS10786721	EUR	0.134296	PLINK2_1KG_DIRECT
RS11191580	RS10883795	EUR	0.221362	PLINK2_1KG_DIRECT
RS11191580	RS10883796	EUR	0.221362	PLINK2_1KG_DIRECT
RS11191580	RS74233296	EUR	0.975648	PLINK2_1KG_DIRECT
RS11191580	RS4363528	EUR	0.221362	PLINK2_1KG_DIRECT
RS11191580	RS7896290	EUR	0.221362	PLINK2_1KG_DIRECT
RS11191580	RS35125602	EUR	0.975648	PLINK2_1KG_DIRECT
RS11191580	RS113282265	EUR	0.975648	PLINK2_1KG_DIRECT
RS11191580	RS12219346	EUR	0.221362	PLINK2_1KG_DIRECT
RS11191580	RS12218148	EUR	0.975648	PLINK2_1KG_DIRECT
RS11191580	RS7909286	EUR	0.221362	PLINK2_1KG_DIRECT
RS11191580	RS7909591	EUR	0.221362	PLINK2_1KG_DIRECT
RS11191580	RS10883797	EUR	0.221362	PLINK2_1KG_DIRECT
RS11191580	RS11191453	EUR	0.975648	PLINK2_1KG_DIRECT
RS11191580	RS11191454	EUR	0.975648	PLINK2_1KG_DIRECT
RS11191580	RS10786722	EUR	0.221362	PLINK2_1KG_DIRECT
RS11191580	RS10748835	EUR	0.134296	PLINK2_1KG_DIRECT
RS11191580	RS10883798	EUR	0.963873	PLINK2_1KG_DIRECT
RS11191580	RS1046778	EUR	0.221362	PLINK2_1KG_DIRECT
RS11191580	RS4568943	EUR	0.975648	PLINK2_1KG_DIRECT
RS11191580	RS11191459	EUR	0.221362	PLINK2_1KG_DIRECT
RS11191580	RS17879819	EUR	0.975648	PLINK2_1KG_DIRECT
RS11191580	RS7897654	EUR	0.221362	PLINK2_1KG_DIRECT
RS11191580	RS7912578	EUR	0.220322	PLINK2_1KG_DIRECT
RS11191580	RS10883799	EUR	0.221362	PLINK2_1KG_DIRECT
RS11191580	RS12221193	EUR	0.975648	PLINK2_1KG_DIRECT
RS11191580	RS77180047	EUR	0.975648	PLINK2_1KG_DIRECT
RS11191580	RS4532960	EUR	0.134296	PLINK2_1KG_DIRECT
RS11191580	RS10786724	EUR	0.134296	PLINK2_1KG_DIRECT
RS11191580	RS28606370	EUR	0.161301	PLINK2_1KG_DIRECT
RS11191580	RS7475853	EUR	0.975648	PLINK2_1KG_DIRECT
RS11191580	RS12221064	EUR	0.975648	PLINK2_1KG_DIRECT
RS11191580	RS2297786	EUR	0.134296	PLINK2_1KG_DIRECT
RS11191580	RS2297787	EUR	0.941083	PLINK2_1KG_DIRECT
RS11191580	RS17115213	EUR	0.975648	PLINK2_1KG_DIRECT
RS11191580	RS10786725	EUR	0.133748	PLINK2_1KG_DIRECT
RS11191580	RS77602510	EUR	0.975648	PLINK2_1KG_DIRECT
RS11191580	RS7913682	EUR	0.134847	PLINK2_1KG_DIRECT
RS11191580	RS78821730	EUR	0.975648	PLINK2_1KG_DIRECT
RS11191580	RS12411886	EUR	0.975648	PLINK2_1KG_DIRECT
RS11191580	RS10509759	EUR	0.975648	PLINK2_1KG_DIRECT
RS11191580	RS6584533	EUR	0.134296	PLINK2_1KG_DIRECT
RS11191580	RS112699822	EUR	0.975648	PLINK2_1KG_DIRECT
RS11191580	RS10748836	EUR	0.134296	PLINK2_1KG_DIRECT
RS11191580	RS112314091	EUR	0.975648	PLINK2_1KG_DIRECT
RS11191580	RS5011520	EUR	0.975648	PLINK2_1KG_DIRECT
RS11191580	RS12414777	EUR	0.374558	PLINK2_1KG_DIRECT
RS11191580	RS10786727	EUR	0.134296	PLINK2_1KG_DIRECT
RS11191580	RS4917987	EUR	0.133748	PLINK2_1KG_DIRECT
RS11191580	RS11191471	EUR	0.133748	PLINK2_1KG_DIRECT
RS11191580	RS4919695	EUR	0.133748	PLINK2_1KG_DIRECT
RS11191580	RS11191472	EUR	0.975648	PLINK2_1KG_DIRECT
RS11191580	RS7101143	EUR	0.134296	PLINK2_1KG_DIRECT
RS11191580	RS10883805	EUR	0.133203	PLINK2_1KG_DIRECT
RS11191580	RS10883806	EUR	0.975648	PLINK2_1KG_DIRECT
RS11191580	RS11191474	EUR	0.975648	PLINK2_1KG_DIRECT
RS11191580	RS11191475	EUR	0.975648	PLINK2_1KG_DIRECT
RS11191580	RS12413409	EUR	0.975648	PLINK2_1KG_DIRECT
RS11191580	RS10786729	EUR	0.134296	PLINK2_1KG_DIRECT
RS11191580	RS10883808	EUR	0.975648	PLINK2_1KG_DIRECT
RS11191580	RS78260931	EUR	0.975648	PLINK2_1KG_DIRECT
RS11191580	RS11191479	EUR	0.975648	PLINK2_1KG_DIRECT
RS11191580	RS10450373	EUR	0.134296	PLINK2_1KG_DIRECT
RS11191580	RS11191484	EUR	0.975648	PLINK2_1KG_DIRECT
RS11191580	RS2065977	EUR	0.134296	PLINK2_1KG_DIRECT
RS11191580	RS12569617	EUR	0.134296	PLINK2_1KG_DIRECT
RS11191580	RS1538204	EUR	0.134296	PLINK2_1KG_DIRECT
RS11191580	RS7096269	EUR	0.134296	PLINK2_1KG_DIRECT
RS11191580	RS10883814	EUR	0.134296	PLINK2_1KG_DIRECT
RS11191580	RS10883815	EUR	0.975648	PLINK2_1KG_DIRECT
RS11191580	RS112390216	EUR	0.975648	PLINK2_1KG_DIRECT
RS11191580	RS12777726	EUR	0.133748	PLINK2_1KG_DIRECT
RS11191580	RS3902934	EUR	0.134296	PLINK2_1KG_DIRECT
RS11191580	RS77860422	EUR	0.975648	PLINK2_1KG_DIRECT
RS11191580	RS1890184	EUR	0.134296	PLINK2_1KG_DIRECT
RS11191580	RS1890185	EUR	0.133748	PLINK2_1KG_DIRECT
RS11191580	RS10883816	EUR	0.134296	PLINK2_1KG_DIRECT
RS11191580	RS10509757	EUR	0.134296	PLINK2_1KG_DIRECT
RS11191580	RS10883817	EUR	0.134847	PLINK2_1KG_DIRECT
RS11191580	RS7911789	EUR	0.134296	PLINK2_1KG_DIRECT
RS11191580	RS12255047	EUR	0.133748	PLINK2_1KG_DIRECT
RS11191580	RS11191499	EUR	0.975648	PLINK2_1KG_DIRECT
RS11191580	RS67908413	EUR	0.134296	PLINK2_1KG_DIRECT
RS11191580	RS11191502	EUR	0.975648	PLINK2_1KG_DIRECT
RS11191580	RS113554404	EUR	0.975648	PLINK2_1KG_DIRECT
RS11191580	RS11191505	EUR	0.975648	PLINK2_1KG_DIRECT
RS11191580	RS12264415	EUR	0.133748	PLINK2_1KG_DIRECT
RS11191580	RS74444347	EUR	0.975648	PLINK2_1KG_DIRECT
RS11191580	RS12780843	EUR	0.133203	PLINK2_1KG_DIRECT
RS11191580	RS12221335	EUR	0.975648	PLINK2_1KG_DIRECT
RS11191580	RS11191511	EUR	0.975648	PLINK2_1KG_DIRECT
RS11191580	RS4917990	EUR	0.133748	PLINK2_1KG_DIRECT
RS11191580	RS7071373	EUR	0.133748	PLINK2_1KG_DIRECT
RS11191580	RS11191514	EUR	0.963873	PLINK2_1KG_DIRECT
RS11191580	RS4917380	EUR	0.134296	PLINK2_1KG_DIRECT
RS11191580	RS7914558	EUR	0.134296	PLINK2_1KG_DIRECT
RS11191580	RS77787671	EUR	0.975648	PLINK2_1KG_DIRECT
RS11191580	RS11191515	EUR	0.963873	PLINK2_1KG_DIRECT
RS11191580	RS113970872	EUR	0.975648	PLINK2_1KG_DIRECT
RS11191580	RS11191517	EUR	0.975648	PLINK2_1KG_DIRECT
RS11191580	RS11191518	EUR	0.134296	PLINK2_1KG_DIRECT
RS11191580	RS11191519	EUR	0.975648	PLINK2_1KG_DIRECT
RS11191580	RS11191521	EUR	0.987687	PLINK2_1KG_DIRECT
RS11191580	RS11191522	EUR	0.987687	PLINK2_1KG_DIRECT
RS11191580	RS75970938	EUR	0.987687	PLINK2_1KG_DIRECT
RS11191580	RS79668541	EUR	0.987687	PLINK2_1KG_DIRECT
RS11191580	RS10786733	EUR	0.136515	PLINK2_1KG_DIRECT
RS11191580	RS7094843	EUR	0.134847	PLINK2_1KG_DIRECT
RS11191580	RS11191531	EUR	0.987687	PLINK2_1KG_DIRECT
RS11191580	RS12219027	EUR	0.987687	PLINK2_1KG_DIRECT
RS11191580	RS4917994	EUR	0.1354	PLINK2_1KG_DIRECT
RS11191580	RS10883823	EUR	0.135956	PLINK2_1KG_DIRECT
RS11191580	RS10883824	EUR	0.135956	PLINK2_1KG_DIRECT
RS11191580	RS2275271	EUR	0.1354	PLINK2_1KG_DIRECT
RS11191580	RS11191534	EUR	0.987687	PLINK2_1KG_DIRECT
RS11191580	RS7908280	EUR	0.130195	PLINK2_1KG_DIRECT
RS11191580	RS11191539	EUR	0.1354	PLINK2_1KG_DIRECT
RS11191580	RS11191541	EUR	0.1354	PLINK2_1KG_DIRECT
RS11191580	RS11191542	EUR	0.135956	PLINK2_1KG_DIRECT
RS11191580	RS11191543	EUR	0.975648	PLINK2_1KG_DIRECT
RS11191580	RS3781285	EUR	0.987687	PLINK2_1KG_DIRECT
RS11191580	RS943038	EUR	0.1354	PLINK2_1KG_DIRECT
RS11191580	RS1926034	EUR	0.136319	PLINK2_1KG_DIRECT
RS11191580	RS1926032	EUR	0.767884	PLINK2_1KG_DIRECT
RS11191580	RS10883826	EUR	0.136515	PLINK2_1KG_DIRECT
RS11191580	RS943037	EUR	0.987687	PLINK2_1KG_DIRECT
RS11191580	RS943036	EUR	0.135956	PLINK2_1KG_DIRECT
RS11191580	RS943035	EUR	0.135956	PLINK2_1KG_DIRECT
RS11191580	RS12219901	EUR	0.987687	PLINK2_1KG_DIRECT
RS11191580	RS7921574	EUR	0.135956	PLINK2_1KG_DIRECT
RS11191580	RS10458729	EUR	0.987687	PLINK2_1KG_DIRECT
RS11191580	RS7092200	EUR	0.121337	PLINK2_1KG_DIRECT
RS11191580	RS11191548	EUR	0.987687	PLINK2_1KG_DIRECT
RS11191580	RS8139	EUR	0.135956	PLINK2_1KG_DIRECT
RS11191580	RS10430665	EUR	0.987687	PLINK2_1KG_DIRECT
RS11191580	RS10786736	EUR	0.728376	PLINK2_1KG_DIRECT
RS11191580	RS3740387	EUR	0.135956	PLINK2_1KG_DIRECT
RS11191580	RS3736922	EUR	0.120849	PLINK2_1KG_DIRECT
RS11191580	RS11191551	EUR	0.987687	PLINK2_1KG_DIRECT
RS11191580	RS17094683	EUR	0.987687	PLINK2_1KG_DIRECT
RS11191580	RS12217501	EUR	0.987687	PLINK2_1KG_DIRECT
RS11191580	RS12220743	EUR	0.987687	PLINK2_1KG_DIRECT
RS11191580	RS1926030	EUR	0.135956	PLINK2_1KG_DIRECT
RS11191580	RS12412038	EUR	1	PLINK2_1KG_DIRECT
RS11191580	RS11191555	EUR	1	PLINK2_1KG_DIRECT
RS11191580	RS11191557	EUR	1	PLINK2_1KG_DIRECT
RS11191580	RS11191558	EUR	1	PLINK2_1KG_DIRECT
RS11191580	RS7896519	EUR	0.168347	PLINK2_1KG_DIRECT
RS11191580	RS7896547	EUR	0.135956	PLINK2_1KG_DIRECT
RS11191580	RS11191559	EUR	1	PLINK2_1KG_DIRECT
RS11191580	RS11191560	EUR	1	PLINK2_1KG_DIRECT
RS11191580	RS12413046	EUR	1	PLINK2_1KG_DIRECT
RS11191580	RS10883832	EUR	1	PLINK2_1KG_DIRECT
RS11191580	RS2066323	EUR	0.135956	PLINK2_1KG_DIRECT
RS11191580	RS7899084	EUR	0.135956	PLINK2_1KG_DIRECT
RS11191580	RS9633712	EUR	1	PLINK2_1KG_DIRECT
RS11191580	RS79082900	EUR	1	PLINK2_1KG_DIRECT
RS11191580	RS11191564	EUR	1	PLINK2_1KG_DIRECT
RS11191580	RS10748837	EUR	0.135956	PLINK2_1KG_DIRECT
RS11191580	RS1060240	EUR	1	PLINK2_1KG_DIRECT
RS11191580	RS10883835	EUR	1	PLINK2_1KG_DIRECT
RS11191580	RS10786739	EUR	0.1354	PLINK2_1KG_DIRECT
RS11191580	RS11191568	EUR	1	PLINK2_1KG_DIRECT
RS11191580	RS12571568	EUR	0.135956	PLINK2_1KG_DIRECT
RS11191580	RS2148197	EUR	0.135956	PLINK2_1KG_DIRECT
RS11191580	RS12766205	EUR	0.135956	PLINK2_1KG_DIRECT
RS11191580	RS10883837	EUR	0.135956	PLINK2_1KG_DIRECT
RS11191580	RS746293	EUR	0.135956	PLINK2_1KG_DIRECT
RS11191580	RS732998	EUR	1	PLINK2_1KG_DIRECT
RS11191580	RS11191574	EUR	0.987687	PLINK2_1KG_DIRECT
RS11191580	RS11191575	EUR	1	PLINK2_1KG_DIRECT
RS11191580	RS79993475	EUR	1	PLINK2_1KG_DIRECT
RS11191580	RS12220375	EUR	1	PLINK2_1KG_DIRECT
RS11191580	RS11191577	EUR	0.135956	PLINK2_1KG_DIRECT
RS11191580	RS79680647	EUR	1	PLINK2_1KG_DIRECT
RS11191580	RS11191582	EUR	0.987687	PLINK2_1KG_DIRECT
RS11191580	RS7067970	EUR	0.135956	PLINK2_1KG_DIRECT
RS11191580	RS74233809	EUR	0.987687	PLINK2_1KG_DIRECT
RS11191580	RS3977751	EUR	0.1354	PLINK2_1KG_DIRECT
RS11191580	RS10883840	EUR	0.135956	PLINK2_1KG_DIRECT
RS11191580	RS4917996	EUR	0.135956	PLINK2_1KG_DIRECT
RS11191580	RS6584540	EUR	0.135956	PLINK2_1KG_DIRECT
RS11191580	RS12416331	EUR	1	PLINK2_1KG_DIRECT
RS11191580	RS7081075	EUR	0.135956	PLINK2_1KG_DIRECT
RS11191580	RS11191587	EUR	1	PLINK2_1KG_DIRECT
RS11191580	RS12219304	EUR	1	PLINK2_1KG_DIRECT
RS11191580	RS10786740	EUR	0.135956	PLINK2_1KG_DIRECT
RS11191580	RS11191593	EUR	1	PLINK2_1KG_DIRECT
RS11191580	RS79237883	EUR	1	PLINK2_1KG_DIRECT
RS11191580	RS10883842	EUR	0.135956	PLINK2_1KG_DIRECT
RS11191580	RS34747231	EUR	1	PLINK2_1KG_DIRECT
RS11191580	RS10786743	EUR	0.135956	PLINK2_1KG_DIRECT
RS11191580	RS10748838	EUR	0.135956	PLINK2_1KG_DIRECT
RS11191580	RS3758543	EUR	0.135956	PLINK2_1KG_DIRECT
RS11191580	RS4917997	EUR	0.135956	PLINK2_1KG_DIRECT
RS11191580	RS7077097	EUR	0.135956	PLINK2_1KG_DIRECT
RS11191580	RS7077291	EUR	0.135956	PLINK2_1KG_DIRECT
RS11191580	RS77420391	EUR	1	PLINK2_1KG_DIRECT
RS11191580	RS7092407	EUR	0.1354	PLINK2_1KG_DIRECT
RS11191580	RS7920251	EUR	0.1354	PLINK2_1KG_DIRECT
RS11191580	RS10748839	EUR	0.137076	PLINK2_1KG_DIRECT
RS11191580	RS10786745	EUR	0.137076	PLINK2_1KG_DIRECT
RS11191580	RS12414028	EUR	0.903958	PLINK2_1KG_DIRECT
RS11191580	RS112913898	EUR	0.987687	PLINK2_1KG_DIRECT
RS11191580	RS11191607	EUR	0.987687	PLINK2_1KG_DIRECT
RS11191580	RS4307650	EUR	0.138207	PLINK2_1KG_DIRECT
RS11191580	RS11191580	EAS	1	PLINK2_1KG_DIRECT
RS11191580	RS1571003	EAS	0.139379	PLINK2_1KG_DIRECT
RS11191580	RS3929747	EAS	0.139379	PLINK2_1KG_DIRECT
RS11191580	RS2145307	EAS	0.272308	PLINK2_1KG_DIRECT
RS11191580	RS4919656	EAS	0.272308	PLINK2_1KG_DIRECT
RS11191580	RS10786674	EAS	0.272308	PLINK2_1KG_DIRECT
RS11191580	RS17114641	EAS	0.273775	PLINK2_1KG_DIRECT
RS11191580	RS10883731	EAS	0.273775	PLINK2_1KG_DIRECT
RS11191580	RS2031604	EAS	0.273775	PLINK2_1KG_DIRECT
RS11191580	RS9665626	EAS	0.273775	PLINK2_1KG_DIRECT
RS11191580	RS11191323	EAS	0.273775	PLINK2_1KG_DIRECT
RS11191580	RS12220810	EAS	0.273775	PLINK2_1KG_DIRECT
RS11191580	RS10883735	EAS	0.273775	PLINK2_1KG_DIRECT
RS11191580	RS11191337	EAS	0.279907	PLINK2_1KG_DIRECT
RS11191580	RS10883737	EAS	0.279907	PLINK2_1KG_DIRECT
RS11191580	RS7094188	EAS	0.279907	PLINK2_1KG_DIRECT
RS11191580	RS7094614	EAS	0.279907	PLINK2_1KG_DIRECT
RS11191580	RS77630251	EAS	0.279907	PLINK2_1KG_DIRECT
RS11191580	RS729025	EAS	0.279907	PLINK2_1KG_DIRECT
RS11191580	RS11191343	EAS	0.279907	PLINK2_1KG_DIRECT
RS11191580	RS3824756	EAS	0.279907	PLINK2_1KG_DIRECT
RS11191580	RS3934495	EAS	0.279907	PLINK2_1KG_DIRECT
RS11191580	RS4919666	EAS	0.279907	PLINK2_1KG_DIRECT
RS11191580	RS74558061	EAS	0.279907	PLINK2_1KG_DIRECT
RS11191580	RS7086898	EAS	0.281401	PLINK2_1KG_DIRECT
RS11191580	RS17114803	EAS	0.282903	PLINK2_1KG_DIRECT
RS11191580	RS10786700	EAS	0.282903	PLINK2_1KG_DIRECT
RS11191580	RS4917979	EAS	0.282903	PLINK2_1KG_DIRECT
RS11191580	RS2298278	EAS	0.282903	PLINK2_1KG_DIRECT
RS11191580	RS17114808	EAS	0.282903	PLINK2_1KG_DIRECT
RS11191580	RS17114810	EAS	0.278419	PLINK2_1KG_DIRECT
RS11191580	RS11818043	EAS	0.282903	PLINK2_1KG_DIRECT
RS11191580	RS11191356	EAS	0.256916	PLINK2_1KG_DIRECT
RS11191580	RS12573474	EAS	0.256916	PLINK2_1KG_DIRECT
RS11191580	RS10883757	EAS	0.285928	PLINK2_1KG_DIRECT
RS11191580	RS5011218	EAS	0.285928	PLINK2_1KG_DIRECT
RS11191580	RS11191359	EAS	0.285928	PLINK2_1KG_DIRECT
RS11191580	RS4146429	EAS	0.284412	PLINK2_1KG_DIRECT
RS11191580	RS4146428	EAS	0.285928	PLINK2_1KG_DIRECT
RS11191580	RS10786701	EAS	0.285928	PLINK2_1KG_DIRECT
RS11191580	RS10883760	EAS	0.284242	PLINK2_1KG_DIRECT
RS11191580	RS10883761	EAS	0.284242	PLINK2_1KG_DIRECT
RS11191580	RS4244354	EAS	0.287627	PLINK2_1KG_DIRECT
RS11191580	RS11191365	EAS	0.289149	PLINK2_1KG_DIRECT
RS11191580	RS8354	EAS	0.311439	PLINK2_1KG_DIRECT
RS11191580	RS11191368	EAS	0.311439	PLINK2_1KG_DIRECT
RS11191580	RS10883765	EAS	0.311439	PLINK2_1KG_DIRECT
RS11191580	RS11191375	EAS	0.309901	PLINK2_1KG_DIRECT
RS11191580	RS10883766	EAS	0.309901	PLINK2_1KG_DIRECT
RS11191580	RS12415043	EAS	0.309901	PLINK2_1KG_DIRECT
RS11191580	RS10883767	EAS	0.309901	PLINK2_1KG_DIRECT
RS11191580	RS4919669	EAS	0.309901	PLINK2_1KG_DIRECT
RS11191580	RS11191379	EAS	0.311156	PLINK2_1KG_DIRECT
RS11191580	RS999867	EAS	0.313944	PLINK2_1KG_DIRECT
RS11191580	RS12571643	EAS	0.315472	PLINK2_1KG_DIRECT
RS11191580	RS4147157	EAS	0.313944	PLINK2_1KG_DIRECT
RS11191580	RS4919680	EAS	0.426484	PLINK2_1KG_DIRECT
RS11191580	RS284861	EAS	0.473557	PLINK2_1KG_DIRECT
RS11191580	RS284853	EAS	0.473557	PLINK2_1KG_DIRECT
RS11191580	RS284851	EAS	0.465502	PLINK2_1KG_DIRECT
RS11191580	RS4919683	EAS	0.239962	PLINK2_1KG_DIRECT
RS11191580	RS7902804	EAS	0.303152	PLINK2_1KG_DIRECT
RS11191580	RS17115100	EAS	0.696509	PLINK2_1KG_DIRECT
RS11191580	RS3740397	EAS	0.339134	PLINK2_1KG_DIRECT
RS11191580	RS1004467	EAS	0.688847	PLINK2_1KG_DIRECT
RS11191580	RS3781287	EAS	0.251655	PLINK2_1KG_DIRECT
RS11191580	RS3781286	EAS	0.256077	PLINK2_1KG_DIRECT
RS11191580	RS3824755	EAS	0.737736	PLINK2_1KG_DIRECT
RS11191580	RS10786712	EAS	0.256077	PLINK2_1KG_DIRECT
RS11191580	RS6163	EAS	0.256077	PLINK2_1KG_DIRECT
RS11191580	RS6162	EAS	0.251655	PLINK2_1KG_DIRECT
RS11191580	RS743572	EAS	0.256077	PLINK2_1KG_DIRECT
RS11191580	RS10786713	EAS	0.251655	PLINK2_1KG_DIRECT
RS11191580	RS138009835	EAS	0.74233	PLINK2_1KG_DIRECT
RS11191580	RS2150927	EAS	0.256077	PLINK2_1KG_DIRECT
RS11191580	RS11191414	EAS	0.251655	PLINK2_1KG_DIRECT
RS11191580	RS12265066	EAS	0.256077	PLINK2_1KG_DIRECT
RS11191580	RS10883785	EAS	0.256077	PLINK2_1KG_DIRECT
RS11191580	RS7912206	EAS	0.74233	PLINK2_1KG_DIRECT
RS11191580	RS11191416	EAS	0.693376	PLINK2_1KG_DIRECT
RS11191580	RS4919689	EAS	0.256077	PLINK2_1KG_DIRECT
RS11191580	RS7097872	EAS	0.251655	PLINK2_1KG_DIRECT
RS11191580	RS7092690	EAS	0.256077	PLINK2_1KG_DIRECT
RS11191580	RS7096183	EAS	0.256077	PLINK2_1KG_DIRECT
RS11191580	RS7096475	EAS	0.251655	PLINK2_1KG_DIRECT
RS11191580	RS4290163	EAS	0.254966	PLINK2_1KG_DIRECT
RS11191580	RS11191419	EAS	0.259483	PLINK2_1KG_DIRECT
RS11191580	RS150786824	EAS	0.746939	PLINK2_1KG_DIRECT
RS11191580	RS112468006	EAS	0.746939	PLINK2_1KG_DIRECT
RS11191580	RS12219246	EAS	0.255043	PLINK2_1KG_DIRECT
RS11191580	RS12219247	EAS	0.259483	PLINK2_1KG_DIRECT
RS11191580	RS3824754	EAS	0.751563	PLINK2_1KG_DIRECT
RS11191580	RS4409766	EAS	0.872356	PLINK2_1KG_DIRECT
RS11191580	RS7096249	EAS	0.257353	PLINK2_1KG_DIRECT
RS11191580	RS7096169	EAS	0.318855	PLINK2_1KG_DIRECT
RS11191580	RS7100530	EAS	0.257353	PLINK2_1KG_DIRECT
RS11191580	RS10786715	EAS	0.257353	PLINK2_1KG_DIRECT
RS11191580	RS12241517	EAS	0.318855	PLINK2_1KG_DIRECT
RS11191580	RS4917985	EAS	0.257353	PLINK2_1KG_DIRECT
RS11191580	RS4919691	EAS	0.257353	PLINK2_1KG_DIRECT
RS11191580	RS10786716	EAS	0.257353	PLINK2_1KG_DIRECT
RS11191580	RS10786717	EAS	0.318855	PLINK2_1KG_DIRECT
RS11191580	RS11191424	EAS	0.318855	PLINK2_1KG_DIRECT
RS11191580	RS11191425	EAS	0.938125	PLINK2_1KG_DIRECT
RS11191580	RS11191426	EAS	0.938125	PLINK2_1KG_DIRECT
RS11191580	RS7098825	EAS	0.859969	PLINK2_1KG_DIRECT
RS11191580	RS7085104	EAS	0.314922	PLINK2_1KG_DIRECT
RS11191580	RS3740400	EAS	0.257353	PLINK2_1KG_DIRECT
RS11191580	RS17878846	EAS	0.938125	PLINK2_1KG_DIRECT
RS11191580	RS10786718	EAS	0.46026	PLINK2_1KG_DIRECT
RS11191580	RS12767543	EAS	0.46026	PLINK2_1KG_DIRECT
RS11191580	RS7904113	EAS	0.257353	PLINK2_1KG_DIRECT
RS11191580	RS7920657	EAS	0.46026	PLINK2_1KG_DIRECT
RS11191580	RS7920697	EAS	0.46026	PLINK2_1KG_DIRECT
RS11191580	RS12764049	EAS	0.46026	PLINK2_1KG_DIRECT
RS11191580	RS12764899	EAS	0.46026	PLINK2_1KG_DIRECT
RS11191580	RS12765337	EAS	0.256252	PLINK2_1KG_DIRECT
RS11191580	RS12765002	EAS	0.46026	PLINK2_1KG_DIRECT
RS11191580	RS12770034	EAS	0.257353	PLINK2_1KG_DIRECT
RS11191580	RS12771681	EAS	0.464338	PLINK2_1KG_DIRECT
RS11191580	RS77335224	EAS	0.806275	PLINK2_1KG_DIRECT
RS11191580	RS11191438	EAS	0.270995	PLINK2_1KG_DIRECT
RS11191580	RS10786719	EAS	0.272131	PLINK2_1KG_DIRECT
RS11191580	RS3740390	EAS	0.975922	PLINK2_1KG_DIRECT
RS11191580	RS12244388	EAS	0.273271	PLINK2_1KG_DIRECT
RS11191580	RS1591915	EAS	0.272131	PLINK2_1KG_DIRECT
RS11191580	RS12768205	EAS	0.393688	PLINK2_1KG_DIRECT
RS11191580	RS7100709	EAS	0.392097	PLINK2_1KG_DIRECT
RS11191580	RS7085598	EAS	0.272131	PLINK2_1KG_DIRECT
RS11191580	RS11191447	EAS	0.975922	PLINK2_1KG_DIRECT
RS11191580	RS10883793	EAS	0.393688	PLINK2_1KG_DIRECT
RS11191580	RS12782585	EAS	0.389794	PLINK2_1KG_DIRECT
RS11191580	RS56946876	EAS	0.272131	PLINK2_1KG_DIRECT
RS11191580	RS12763665	EAS	0.272131	PLINK2_1KG_DIRECT
RS11191580	RS10786721	EAS	0.272131	PLINK2_1KG_DIRECT
RS11191580	RS10883795	EAS	0.393688	PLINK2_1KG_DIRECT
RS11191580	RS10883796	EAS	0.393688	PLINK2_1KG_DIRECT
RS11191580	RS74233296	EAS	0.975922	PLINK2_1KG_DIRECT
RS11191580	RS4363528	EAS	0.393688	PLINK2_1KG_DIRECT
RS11191580	RS7896290	EAS	0.393688	PLINK2_1KG_DIRECT
RS11191580	RS35125602	EAS	0.975922	PLINK2_1KG_DIRECT
RS11191580	RS113282265	EAS	0.975922	PLINK2_1KG_DIRECT
RS11191580	RS12219346	EAS	0.393688	PLINK2_1KG_DIRECT
RS11191580	RS12218148	EAS	0.975922	PLINK2_1KG_DIRECT
RS11191580	RS7909286	EAS	0.401743	PLINK2_1KG_DIRECT
RS11191580	RS7909591	EAS	0.401743	PLINK2_1KG_DIRECT
RS11191580	RS10883797	EAS	0.401743	PLINK2_1KG_DIRECT
RS11191580	RS11191453	EAS	0.975922	PLINK2_1KG_DIRECT
RS11191580	RS11191454	EAS	0.975922	PLINK2_1KG_DIRECT
RS11191580	RS10786722	EAS	0.401743	PLINK2_1KG_DIRECT
RS11191580	RS10748835	EAS	0.277869	PLINK2_1KG_DIRECT
RS11191580	RS10883798	EAS	0.975922	PLINK2_1KG_DIRECT
RS11191580	RS1046778	EAS	0.403373	PLINK2_1KG_DIRECT
RS11191580	RS4568943	EAS	0.975922	PLINK2_1KG_DIRECT
RS11191580	RS11191459	EAS	0.401743	PLINK2_1KG_DIRECT
RS11191580	RS17879819	EAS	0.975922	PLINK2_1KG_DIRECT
RS11191580	RS7897654	EAS	0.401743	PLINK2_1KG_DIRECT
RS11191580	RS7912578	EAS	0.401743	PLINK2_1KG_DIRECT
RS11191580	RS10883799	EAS	0.401743	PLINK2_1KG_DIRECT
RS11191580	RS12221193	EAS	0.975922	PLINK2_1KG_DIRECT
RS11191580	RS77180047	EAS	0.975922	PLINK2_1KG_DIRECT
RS11191580	RS4532960	EAS	0.277869	PLINK2_1KG_DIRECT
RS11191580	RS10786724	EAS	0.277869	PLINK2_1KG_DIRECT
RS11191580	RS28606370	EAS	0.279029	PLINK2_1KG_DIRECT
RS11191580	RS7475853	EAS	0.975922	PLINK2_1KG_DIRECT
RS11191580	RS12221064	EAS	0.975922	PLINK2_1KG_DIRECT
RS11191580	RS2297786	EAS	0.277869	PLINK2_1KG_DIRECT
RS11191580	RS2297787	EAS	0.814525	PLINK2_1KG_DIRECT
RS11191580	RS17115213	EAS	0.975922	PLINK2_1KG_DIRECT
RS11191580	RS10786725	EAS	0.277869	PLINK2_1KG_DIRECT
RS11191580	RS77602510	EAS	0.980713	PLINK2_1KG_DIRECT
RS11191580	RS7913682	EAS	0.277869	PLINK2_1KG_DIRECT
RS11191580	RS78821730	EAS	0.980713	PLINK2_1KG_DIRECT
RS11191580	RS12411886	EAS	0.980713	PLINK2_1KG_DIRECT
RS11191580	RS10509759	EAS	0.980713	PLINK2_1KG_DIRECT
RS11191580	RS6584533	EAS	0.277869	PLINK2_1KG_DIRECT
RS11191580	RS112699822	EAS	0.980713	PLINK2_1KG_DIRECT
RS11191580	RS10748836	EAS	0.277869	PLINK2_1KG_DIRECT
RS11191580	RS112314091	EAS	0.980713	PLINK2_1KG_DIRECT
RS11191580	RS5011520	EAS	0.980713	PLINK2_1KG_DIRECT
RS11191580	RS12414777	EAS	0.644525	PLINK2_1KG_DIRECT
RS11191580	RS10786727	EAS	0.277869	PLINK2_1KG_DIRECT
RS11191580	RS4917987	EAS	0.28253	PLINK2_1KG_DIRECT
RS11191580	RS11191471	EAS	0.278996	PLINK2_1KG_DIRECT
RS11191580	RS4919695	EAS	0.278996	PLINK2_1KG_DIRECT
RS11191580	RS11191472	EAS	0.980713	PLINK2_1KG_DIRECT
RS11191580	RS7101143	EAS	0.270862	PLINK2_1KG_DIRECT
RS11191580	RS10883805	EAS	0.276714	PLINK2_1KG_DIRECT
RS11191580	RS10883806	EAS	0.980713	PLINK2_1KG_DIRECT
RS11191580	RS11191474	EAS	0.975922	PLINK2_1KG_DIRECT
RS11191580	RS11191475	EAS	0.980713	PLINK2_1KG_DIRECT
RS11191580	RS12413409	EAS	0.980713	PLINK2_1KG_DIRECT
RS11191580	RS10786729	EAS	0.276714	PLINK2_1KG_DIRECT
RS11191580	RS10883808	EAS	0.980713	PLINK2_1KG_DIRECT
RS11191580	RS78260931	EAS	0.985537	PLINK2_1KG_DIRECT
RS11191580	RS11191479	EAS	0.985521	PLINK2_1KG_DIRECT
RS11191580	RS10450373	EAS	0.279098	PLINK2_1KG_DIRECT
RS11191580	RS11191484	EAS	0.985521	PLINK2_1KG_DIRECT
RS11191580	RS2065977	EAS	0.280254	PLINK2_1KG_DIRECT
RS11191580	RS12569617	EAS	0.280254	PLINK2_1KG_DIRECT
RS11191580	RS1538204	EAS	0.279098	PLINK2_1KG_DIRECT
RS11191580	RS7096269	EAS	0.279098	PLINK2_1KG_DIRECT
RS11191580	RS10883814	EAS	0.280254	PLINK2_1KG_DIRECT
RS11191580	RS10883815	EAS	0.990345	PLINK2_1KG_DIRECT
RS11191580	RS112390216	EAS	0.990345	PLINK2_1KG_DIRECT
RS11191580	RS12777726	EAS	0.282577	PLINK2_1KG_DIRECT
RS11191580	RS3902934	EAS	0.374308	PLINK2_1KG_DIRECT
RS11191580	RS77860422	EAS	0.985521	PLINK2_1KG_DIRECT
RS11191580	RS1890184	EAS	0.370463	PLINK2_1KG_DIRECT
RS11191580	RS1890185	EAS	0.281413	PLINK2_1KG_DIRECT
RS11191580	RS10883816	EAS	0.374308	PLINK2_1KG_DIRECT
RS11191580	RS10509757	EAS	0.370463	PLINK2_1KG_DIRECT
RS11191580	RS10883817	EAS	0.370463	PLINK2_1KG_DIRECT
RS11191580	RS7911789	EAS	0.374308	PLINK2_1KG_DIRECT
RS11191580	RS12255047	EAS	0.281413	PLINK2_1KG_DIRECT
RS11191580	RS11191499	EAS	0.985537	PLINK2_1KG_DIRECT
RS11191580	RS67908413	EAS	0.374308	PLINK2_1KG_DIRECT
RS11191580	RS11191502	EAS	0.990345	PLINK2_1KG_DIRECT
RS11191580	RS113554404	EAS	0.985537	PLINK2_1KG_DIRECT
RS11191580	RS11191505	EAS	0.985537	PLINK2_1KG_DIRECT
RS11191580	RS12264415	EAS	0.281413	PLINK2_1KG_DIRECT
RS11191580	RS74444347	EAS	0.985537	PLINK2_1KG_DIRECT
RS11191580	RS12780843	EAS	0.281413	PLINK2_1KG_DIRECT
RS11191580	RS12221335	EAS	0.985537	PLINK2_1KG_DIRECT
RS11191580	RS11191511	EAS	0.985537	PLINK2_1KG_DIRECT
RS11191580	RS4917990	EAS	0.281413	PLINK2_1KG_DIRECT
RS11191580	RS7071373	EAS	0.281413	PLINK2_1KG_DIRECT
RS11191580	RS11191514	EAS	0.985537	PLINK2_1KG_DIRECT
RS11191580	RS4917380	EAS	0.281413	PLINK2_1KG_DIRECT
RS11191580	RS7090337	EAS	0.155354	PLINK2_1KG_DIRECT
RS11191580	RS7914558	EAS	0.281413	PLINK2_1KG_DIRECT
RS11191580	RS77787671	EAS	0.980713	PLINK2_1KG_DIRECT
RS11191580	RS11191515	EAS	0.985537	PLINK2_1KG_DIRECT
RS11191580	RS113970872	EAS	0.985537	PLINK2_1KG_DIRECT
RS11191580	RS11191517	EAS	0.985537	PLINK2_1KG_DIRECT
RS11191580	RS11191518	EAS	0.281413	PLINK2_1KG_DIRECT
RS11191580	RS11191519	EAS	0.985537	PLINK2_1KG_DIRECT
RS11191580	RS11191521	EAS	0.980713	PLINK2_1KG_DIRECT
RS11191580	RS11191522	EAS	0.985537	PLINK2_1KG_DIRECT
RS11191580	RS75970938	EAS	0.990345	PLINK2_1KG_DIRECT
RS11191580	RS79668541	EAS	0.990345	PLINK2_1KG_DIRECT
RS11191580	RS10786733	EAS	0.378176	PLINK2_1KG_DIRECT
RS11191580	RS7094843	EAS	0.284985	PLINK2_1KG_DIRECT
RS11191580	RS11191531	EAS	1	PLINK2_1KG_DIRECT
RS11191580	RS12219027	EAS	1	PLINK2_1KG_DIRECT
RS11191580	RS4917994	EAS	0.284985	PLINK2_1KG_DIRECT
RS11191580	RS10883823	EAS	0.370463	PLINK2_1KG_DIRECT
RS11191580	RS10883824	EAS	0.378176	PLINK2_1KG_DIRECT
RS11191580	RS2275271	EAS	0.284985	PLINK2_1KG_DIRECT
RS11191580	RS11191534	EAS	0.990384	PLINK2_1KG_DIRECT
RS11191580	RS7908280	EAS	0.284985	PLINK2_1KG_DIRECT
RS11191580	RS11191539	EAS	0.286153	PLINK2_1KG_DIRECT
RS11191580	RS11191541	EAS	0.284985	PLINK2_1KG_DIRECT
RS11191580	RS11191542	EAS	0.382067	PLINK2_1KG_DIRECT
RS11191580	RS11191543	EAS	1	PLINK2_1KG_DIRECT
RS11191580	RS3781285	EAS	1	PLINK2_1KG_DIRECT
RS11191580	RS943038	EAS	0.284985	PLINK2_1KG_DIRECT
RS11191580	RS1926034	EAS	0.294433	PLINK2_1KG_DIRECT
RS11191580	RS1926032	EAS	0.923823	PLINK2_1KG_DIRECT
RS11191580	RS10883826	EAS	0.379044	PLINK2_1KG_DIRECT
RS11191580	RS943037	EAS	1	PLINK2_1KG_DIRECT
RS11191580	RS943036	EAS	0.383588	PLINK2_1KG_DIRECT
RS11191580	RS943035	EAS	0.383588	PLINK2_1KG_DIRECT
RS11191580	RS12219901	EAS	1	PLINK2_1KG_DIRECT
RS11191580	RS7921574	EAS	0.383588	PLINK2_1KG_DIRECT
RS11191580	RS10458729	EAS	0.995166	PLINK2_1KG_DIRECT
RS11191580	RS7092200	EAS	0.383588	PLINK2_1KG_DIRECT
RS11191580	RS11191548	EAS	0.995176	PLINK2_1KG_DIRECT
RS11191580	RS8139	EAS	0.379691	PLINK2_1KG_DIRECT
RS11191580	RS10430665	EAS	0.980792	PLINK2_1KG_DIRECT
RS11191580	RS10786736	EAS	0.990341	PLINK2_1KG_DIRECT
RS11191580	RS3740387	EAS	0.399943	PLINK2_1KG_DIRECT
RS11191580	RS3736922	EAS	0.286153	PLINK2_1KG_DIRECT
RS11191580	RS11191551	EAS	0.995176	PLINK2_1KG_DIRECT
RS11191580	RS17094683	EAS	0.995176	PLINK2_1KG_DIRECT
RS11191580	RS12217501	EAS	0.990341	PLINK2_1KG_DIRECT
RS11191580	RS12220743	EAS	0.990341	PLINK2_1KG_DIRECT
RS11191580	RS1926030	EAS	0.286153	PLINK2_1KG_DIRECT
RS11191580	RS12412038	EAS	1	PLINK2_1KG_DIRECT
RS11191580	RS11191555	EAS	0.995176	PLINK2_1KG_DIRECT
RS11191580	RS11191557	EAS	1	PLINK2_1KG_DIRECT
RS11191580	RS11191558	EAS	1	PLINK2_1KG_DIRECT
RS11191580	RS7896519	EAS	0.272054	PLINK2_1KG_DIRECT
RS11191580	RS7896547	EAS	0.284985	PLINK2_1KG_DIRECT
RS11191580	RS11191559	EAS	0.995176	PLINK2_1KG_DIRECT
RS11191580	RS11191560	EAS	0.995176	PLINK2_1KG_DIRECT
RS11191580	RS12413046	EAS	1	PLINK2_1KG_DIRECT
RS11191580	RS10883832	EAS	1	PLINK2_1KG_DIRECT
RS11191580	RS2066323	EAS	0.286153	PLINK2_1KG_DIRECT
RS11191580	RS7899084	EAS	0.286153	PLINK2_1KG_DIRECT
RS11191580	RS9633712	EAS	0.995166	PLINK2_1KG_DIRECT
RS11191580	RS79082900	EAS	1	PLINK2_1KG_DIRECT
RS11191580	RS11191564	EAS	1	PLINK2_1KG_DIRECT
RS11191580	RS10748837	EAS	0.286153	PLINK2_1KG_DIRECT
RS11191580	RS1060240	EAS	1	PLINK2_1KG_DIRECT
RS11191580	RS10883835	EAS	1	PLINK2_1KG_DIRECT
RS11191580	RS10786739	EAS	0.277869	PLINK2_1KG_DIRECT
RS11191580	RS11191568	EAS	1	PLINK2_1KG_DIRECT
RS11191580	RS12571568	EAS	0.286153	PLINK2_1KG_DIRECT
RS11191580	RS2148197	EAS	0.286153	PLINK2_1KG_DIRECT
RS11191580	RS12766205	EAS	0.286153	PLINK2_1KG_DIRECT
RS11191580	RS10883837	EAS	0.286153	PLINK2_1KG_DIRECT
RS11191580	RS746293	EAS	0.286153	PLINK2_1KG_DIRECT
RS11191580	RS732998	EAS	1	PLINK2_1KG_DIRECT
RS11191580	RS11598702	EAS	0.123472	PLINK2_1KG_DIRECT
RS11191580	RS11191574	EAS	1	PLINK2_1KG_DIRECT
RS11191580	RS11191575	EAS	1	PLINK2_1KG_DIRECT
RS11191580	RS79993475	EAS	0.995176	PLINK2_1KG_DIRECT
RS11191580	RS12220375	EAS	0.995176	PLINK2_1KG_DIRECT
RS11191580	RS11191577	EAS	0.286153	PLINK2_1KG_DIRECT
RS11191580	RS79680647	EAS	0.975962	PLINK2_1KG_DIRECT
RS11191580	RS11191582	EAS	0.882755	PLINK2_1KG_DIRECT
RS11191580	RS7067970	EAS	0.268545	PLINK2_1KG_DIRECT
RS11191580	RS74233809	EAS	0.9287	PLINK2_1KG_DIRECT
RS11191580	RS3977751	EAS	0.284985	PLINK2_1KG_DIRECT
RS11191580	RS10883840	EAS	0.267399	PLINK2_1KG_DIRECT
RS11191580	RS4917996	EAS	0.284985	PLINK2_1KG_DIRECT
RS11191580	RS6584540	EAS	0.284985	PLINK2_1KG_DIRECT
RS11191580	RS12416331	EAS	0.971138	PLINK2_1KG_DIRECT
RS11191580	RS7081075	EAS	0.284985	PLINK2_1KG_DIRECT
RS11191580	RS11191587	EAS	0.995176	PLINK2_1KG_DIRECT
RS11191580	RS12219304	EAS	0.905572	PLINK2_1KG_DIRECT
RS11191580	RS10786740	EAS	0.267399	PLINK2_1KG_DIRECT
RS11191580	RS11191593	EAS	0.995176	PLINK2_1KG_DIRECT
RS11191580	RS79237883	EAS	1	PLINK2_1KG_DIRECT
RS11191580	RS10883842	EAS	0.284985	PLINK2_1KG_DIRECT
RS11191580	RS34747231	EAS	0.995176	PLINK2_1KG_DIRECT
RS11191580	RS10786743	EAS	0.267399	PLINK2_1KG_DIRECT
RS11191580	RS10748838	EAS	0.212514	PLINK2_1KG_DIRECT
RS11191580	RS1163238	EAS	0.123472	PLINK2_1KG_DIRECT
RS11191580	RS3758543	EAS	0.209513	PLINK2_1KG_DIRECT
RS11191580	RS4917997	EAS	0.209513	PLINK2_1KG_DIRECT
RS11191580	RS7077097	EAS	0.209513	PLINK2_1KG_DIRECT
RS11191580	RS7077291	EAS	0.206536	PLINK2_1KG_DIRECT
RS11191580	RS77420391	EAS	0.878229	PLINK2_1KG_DIRECT
RS11191580	RS7092407	EAS	0.206536	PLINK2_1KG_DIRECT
RS11191580	RS7920251	EAS	0.206536	PLINK2_1KG_DIRECT
RS11191580	RS10748839	EAS	0.280254	PLINK2_1KG_DIRECT
RS11191580	RS10786745	EAS	0.280254	PLINK2_1KG_DIRECT
RS11191580	RS12414028	EAS	0.630724	PLINK2_1KG_DIRECT
RS11191580	RS10883846	EAS	0.123472	PLINK2_1KG_DIRECT
RS11191580	RS112913898	EAS	0.745008	PLINK2_1KG_DIRECT
RS11191580	RS11191607	EAS	0.767424	PLINK2_1KG_DIRECT
RS11191580	RS4307650	EAS	0.204632	PLINK2_1KG_DIRECT
RS11191580	RS11191610	EAS	0.115156	PLINK2_1KG_DIRECT
RS11191580	RS1773926	EAS	0.144744	PLINK2_1KG_DIRECT
RS1394094	RS1394094	EUR	1	PLINK2_1KG_DIRECT
RS1394094	RS10935177	EUR	0.285281	PLINK2_1KG_DIRECT
RS1394094	RS7372313	EUR	0.288144	PLINK2_1KG_DIRECT
RS1394094	RS7349597	EUR	0.292595	PLINK2_1KG_DIRECT
RS1394094	RS9845457	EUR	0.397141	PLINK2_1KG_DIRECT
RS1394094	RS1279831	EUR	0.291025	PLINK2_1KG_DIRECT
RS1394094	RS642075	EUR	0.287902	PLINK2_1KG_DIRECT
RS1394094	RS523118	EUR	0.480702	PLINK2_1KG_DIRECT
RS1394094	RS3755636	EUR	0.486395	PLINK2_1KG_DIRECT
RS1394094	RS12488721	EUR	0.368949	PLINK2_1KG_DIRECT
RS1394094	RS684195	EUR	0.370648	PLINK2_1KG_DIRECT
RS1394094	RS1279949	EUR	0.368949	PLINK2_1KG_DIRECT
RS1394094	RS570621	EUR	0.367313	PLINK2_1KG_DIRECT
RS1394094	RS1153877	EUR	0.370648	PLINK2_1KG_DIRECT
RS1394094	RS1279424	EUR	0.368949	PLINK2_1KG_DIRECT
RS1394094	RS556788	EUR	0.372354	PLINK2_1KG_DIRECT
RS1394094	RS527888	EUR	0.374003	PLINK2_1KG_DIRECT
RS1394094	RS838202	EUR	0.344256	PLINK2_1KG_DIRECT
RS1394094	RS681783	EUR	0.344256	PLINK2_1KG_DIRECT
RS1394094	RS664088	EUR	0.344135	PLINK2_1KG_DIRECT
RS1394094	RS553018	EUR	0.330237	PLINK2_1KG_DIRECT
RS1394094	RS650326	EUR	0.342658	PLINK2_1KG_DIRECT
RS1394094	RS1279086	EUR	0.339386	PLINK2_1KG_DIRECT
RS1394094	RS518972	EUR	0.342658	PLINK2_1KG_DIRECT
RS1394094	RS696081	EUR	0.347468	PLINK2_1KG_DIRECT
RS1394094	RS696520	EUR	0.375713	PLINK2_1KG_DIRECT
RS1394094	RS517319	EUR	0.360296	PLINK2_1KG_DIRECT
RS1394094	RS480162	EUR	0.332071	PLINK2_1KG_DIRECT
RS1394094	RS654237	EUR	0.332071	PLINK2_1KG_DIRECT
RS1394094	RS1711161	EUR	0.477482	PLINK2_1KG_DIRECT
RS1394094	RS619605	EUR	0.306252	PLINK2_1KG_DIRECT
RS1394094	RS571513	EUR	0.552243	PLINK2_1KG_DIRECT
RS1394094	RS655836	EUR	0.330419	PLINK2_1KG_DIRECT
RS1394094	RS73222302	EUR	0.336853	PLINK2_1KG_DIRECT
RS1394094	RS10935181	EUR	0.33519	PLINK2_1KG_DIRECT
RS1394094	RS655748	EUR	0.390671	PLINK2_1KG_DIRECT
RS1394094	RS526574	EUR	0.318605	PLINK2_1KG_DIRECT
RS1394094	RS521746	EUR	0.285367	PLINK2_1KG_DIRECT
RS1394094	RS711972	EUR	0.31838	PLINK2_1KG_DIRECT
RS1394094	RS698269	EUR	0.292764	PLINK2_1KG_DIRECT
RS1394094	RS834304	EUR	0.354208	PLINK2_1KG_DIRECT
RS1394094	RS11717954	EUR	0.354208	PLINK2_1KG_DIRECT
RS1394094	RS834305	EUR	0.374812	PLINK2_1KG_DIRECT
RS1394094	RS864437	EUR	0.358868	PLINK2_1KG_DIRECT
RS1394094	RS696518	EUR	0.369321	PLINK2_1KG_DIRECT
RS1394094	RS56235965	EUR	0.336853	PLINK2_1KG_DIRECT
RS1394094	RS10935182	EUR	0.375783	PLINK2_1KG_DIRECT
RS1394094	RS11915629	EUR	0.339995	PLINK2_1KG_DIRECT
RS1394094	RS6789488	EUR	0.556077	PLINK2_1KG_DIRECT
RS1394094	RS10935183	EUR	0.394263	PLINK2_1KG_DIRECT
RS1394094	RS12492510	EUR	0.394263	PLINK2_1KG_DIRECT
RS1394094	RS10935184	EUR	0.384214	PLINK2_1KG_DIRECT
RS1394094	RS66691851	EUR	0.430277	PLINK2_1KG_DIRECT
RS1394094	RS6791611	EUR	0.339995	PLINK2_1KG_DIRECT
RS1394094	RS10804640	EUR	0.394263	PLINK2_1KG_DIRECT
RS1394094	RS9714347	EUR	0.383819	PLINK2_1KG_DIRECT
RS1394094	RS4678269	EUR	0.390671	PLINK2_1KG_DIRECT
RS1394094	RS9854084	EUR	0.600139	PLINK2_1KG_DIRECT
RS1394094	RS11719310	EUR	0.394263	PLINK2_1KG_DIRECT
RS1394094	RS12637102	EUR	0.541074	PLINK2_1KG_DIRECT
RS1394094	RS73226190	EUR	0.387102	PLINK2_1KG_DIRECT
RS1394094	RS900048	EUR	0.45779	PLINK2_1KG_DIRECT
RS1394094	RS699165	EUR	0.490388	PLINK2_1KG_DIRECT
RS1394094	RS711977	EUR	0.319354	PLINK2_1KG_DIRECT
RS1394094	RS711976	EUR	0.491075	PLINK2_1KG_DIRECT
RS1394094	RS833861	EUR	0.374155	PLINK2_1KG_DIRECT
RS1394094	RS711975	EUR	0.422964	PLINK2_1KG_DIRECT
RS1394094	RS1070228	EUR	0.390671	PLINK2_1KG_DIRECT
RS1394094	RS1070230	EUR	0.597014	PLINK2_1KG_DIRECT
RS1394094	RS1070232	EUR	0.597014	PLINK2_1KG_DIRECT
RS1394094	RS2688600	EUR	0.392612	PLINK2_1KG_DIRECT
RS1394094	RS2688601	EUR	0.392612	PLINK2_1KG_DIRECT
RS1394094	RS833752	EUR	0.597014	PLINK2_1KG_DIRECT
RS1394094	RS7621025	EUR	0.600139	PLINK2_1KG_DIRECT
RS1394094	RS6439646	EUR	0.600139	PLINK2_1KG_DIRECT
RS1394094	RS7427564	EUR	0.430277	PLINK2_1KG_DIRECT
RS1394094	RS4630889	EUR	0.415734	PLINK2_1KG_DIRECT
RS1394094	RS7432375	EUR	0.42661	PLINK2_1KG_DIRECT
RS1394094	RS10935185	EUR	0.42661	PLINK2_1KG_DIRECT
RS1394094	RS12163529	EUR	0.42661	PLINK2_1KG_DIRECT
RS1394094	RS12635723	EUR	0.597014	PLINK2_1KG_DIRECT
RS1394094	RS12630999	EUR	0.597014	PLINK2_1KG_DIRECT
RS1394094	RS4452981	EUR	0.597014	PLINK2_1KG_DIRECT
RS1394094	RS4452980	EUR	0.597014	PLINK2_1KG_DIRECT
RS1394094	RS940174	EUR	0.432058	PLINK2_1KG_DIRECT
RS1394094	RS4678436	EUR	0.394263	PLINK2_1KG_DIRECT
RS1394094	RS73228043	EUR	0.394263	PLINK2_1KG_DIRECT
RS1394094	RS1471741	EUR	0.600139	PLINK2_1KG_DIRECT
RS1394094	RS1471740	EUR	0.587689	PLINK2_1KG_DIRECT
RS1394094	RS34438032	EUR	0.39592	PLINK2_1KG_DIRECT
RS1394094	RS10935186	EUR	0.430277	PLINK2_1KG_DIRECT
RS1394094	RS11919030	EUR	0.394263	PLINK2_1KG_DIRECT
RS1394094	RS6784582	EUR	0.448424	PLINK2_1KG_DIRECT
RS1394094	RS55970317	EUR	0.430277	PLINK2_1KG_DIRECT
RS1394094	RS1017881	EUR	0.516624	PLINK2_1KG_DIRECT
RS1394094	RS1017882	EUR	0.394263	PLINK2_1KG_DIRECT
RS1394094	RS4521165	EUR	0.394263	PLINK2_1KG_DIRECT
RS1394094	RS7618518	EUR	0.394263	PLINK2_1KG_DIRECT
RS1394094	RS6808312	EUR	0.430277	PLINK2_1KG_DIRECT
RS1394094	RS6439649	EUR	0.428502	PLINK2_1KG_DIRECT
RS1394094	RS6791142	EUR	0.394263	PLINK2_1KG_DIRECT
RS1394094	RS4038587	EUR	0.394263	PLINK2_1KG_DIRECT
RS1394094	RS7634476	EUR	0.430277	PLINK2_1KG_DIRECT
RS1394094	RS7618871	EUR	0.430277	PLINK2_1KG_DIRECT
RS1394094	RS7637129	EUR	0.394263	PLINK2_1KG_DIRECT
RS1394094	RS4408829	EUR	0.394263	PLINK2_1KG_DIRECT
RS1394094	RS9836231	EUR	0.394263	PLINK2_1KG_DIRECT
RS1394094	RS6764567	EUR	0.394263	PLINK2_1KG_DIRECT
RS1394094	RS4038578	EUR	0.377963	PLINK2_1KG_DIRECT
RS1394094	RS9825700	EUR	0.390966	PLINK2_1KG_DIRECT
RS1394094	RS7616204	EUR	0.394263	PLINK2_1KG_DIRECT
RS1394094	RS35874192	EUR	0.394263	PLINK2_1KG_DIRECT
RS1394094	RS900818	EUR	0.394263	PLINK2_1KG_DIRECT
RS1394094	RS1681817	EUR	0.394263	PLINK2_1KG_DIRECT
RS1394094	RS6802702	EUR	0.392612	PLINK2_1KG_DIRECT
RS1394094	RS1280624	EUR	0.392612	PLINK2_1KG_DIRECT
RS1394094	RS1729951	EUR	0.392612	PLINK2_1KG_DIRECT
RS1394094	RS1394094	EAS	1	PLINK2_1KG_DIRECT
RS1394094	RS10935177	EAS	0.691082	PLINK2_1KG_DIRECT
RS1394094	RS7372313	EAS	0.696425	PLINK2_1KG_DIRECT
RS1394094	RS7349597	EAS	0.692817	PLINK2_1KG_DIRECT
RS1394094	RS9845457	EAS	0.686592	PLINK2_1KG_DIRECT
RS1394094	RS1279831	EAS	0.706328	PLINK2_1KG_DIRECT
RS1394094	RS642075	EAS	0.701782	PLINK2_1KG_DIRECT
RS1394094	RS523118	EAS	0.580585	PLINK2_1KG_DIRECT
RS1394094	RS3755636	EAS	0.59469	PLINK2_1KG_DIRECT
RS1394094	RS12488721	EAS	0.858355	PLINK2_1KG_DIRECT
RS1394094	RS684195	EAS	0.858355	PLINK2_1KG_DIRECT
RS1394094	RS1279949	EAS	0.858355	PLINK2_1KG_DIRECT
RS1394094	RS570621	EAS	0.864026	PLINK2_1KG_DIRECT
RS1394094	RS1153877	EAS	0.864026	PLINK2_1KG_DIRECT
RS1394094	RS1279424	EAS	0.864026	PLINK2_1KG_DIRECT
RS1394094	RS556788	EAS	0.858355	PLINK2_1KG_DIRECT
RS1394094	RS527888	EAS	0.864026	PLINK2_1KG_DIRECT
RS1394094	RS838202	EAS	0.858355	PLINK2_1KG_DIRECT
RS1394094	RS681783	EAS	0.858355	PLINK2_1KG_DIRECT
RS1394094	RS664088	EAS	0.797091	PLINK2_1KG_DIRECT
RS1394094	RS553018	EAS	0.600887	PLINK2_1KG_DIRECT
RS1394094	RS650326	EAS	0.858355	PLINK2_1KG_DIRECT
RS1394094	RS1279086	EAS	0.858355	PLINK2_1KG_DIRECT
RS1394094	RS518972	EAS	0.864026	PLINK2_1KG_DIRECT
RS1394094	RS696081	EAS	0.864026	PLINK2_1KG_DIRECT
RS1394094	RS696520	EAS	0.857115	PLINK2_1KG_DIRECT
RS1394094	RS517319	EAS	0.834154	PLINK2_1KG_DIRECT
RS1394094	RS480162	EAS	0.835818	PLINK2_1KG_DIRECT
RS1394094	RS654237	EAS	0.835818	PLINK2_1KG_DIRECT
RS1394094	RS1711161	EAS	0.598244	PLINK2_1KG_DIRECT
RS1394094	RS619605	EAS	0.842329	PLINK2_1KG_DIRECT
RS1394094	RS571513	EAS	0.635747	PLINK2_1KG_DIRECT
RS1394094	RS655836	EAS	0.86929	PLINK2_1KG_DIRECT
RS1394094	RS73222302	EAS	0.842329	PLINK2_1KG_DIRECT
RS1394094	RS10935181	EAS	0.859321	PLINK2_1KG_DIRECT
RS1394094	RS655748	EAS	0.848521	PLINK2_1KG_DIRECT
RS1394094	RS526574	EAS	0.831584	PLINK2_1KG_DIRECT
RS1394094	RS521746	EAS	0.821504	PLINK2_1KG_DIRECT
RS1394094	RS711972	EAS	0.843447	PLINK2_1KG_DIRECT
RS1394094	RS698269	EAS	0.85881	PLINK2_1KG_DIRECT
RS1394094	RS834304	EAS	0.849118	PLINK2_1KG_DIRECT
RS1394094	RS11717954	EAS	0.868622	PLINK2_1KG_DIRECT
RS1394094	RS834305	EAS	0.85881	PLINK2_1KG_DIRECT
RS1394094	RS864437	EAS	0.85881	PLINK2_1KG_DIRECT
RS1394094	RS696518	EAS	0.879965	PLINK2_1KG_DIRECT
RS1394094	RS56235965	EAS	0.879264	PLINK2_1KG_DIRECT
RS1394094	RS10935182	EAS	0.869711	PLINK2_1KG_DIRECT
RS1394094	RS11915629	EAS	0.891073	PLINK2_1KG_DIRECT
RS1394094	RS6789488	EAS	0.610153	PLINK2_1KG_DIRECT
RS1394094	RS10935183	EAS	0.859321	PLINK2_1KG_DIRECT
RS1394094	RS12492510	EAS	0.844085	PLINK2_1KG_DIRECT
RS1394094	RS10935184	EAS	0.879345	PLINK2_1KG_DIRECT
RS1394094	RS66691851	EAS	0.839098	PLINK2_1KG_DIRECT
RS1394094	RS6791611	EAS	0.864492	PLINK2_1KG_DIRECT
RS1394094	RS10804640	EAS	0.839098	PLINK2_1KG_DIRECT
RS1394094	RS9714347	EAS	0.880293	PLINK2_1KG_DIRECT
RS1394094	RS4678269	EAS	0.88068	PLINK2_1KG_DIRECT
RS1394094	RS9854084	EAS	0.637266	PLINK2_1KG_DIRECT
RS1394094	RS11719310	EAS	0.913343	PLINK2_1KG_DIRECT
RS1394094	RS12637102	EAS	0.621512	PLINK2_1KG_DIRECT
RS1394094	RS73226190	EAS	0.862972	PLINK2_1KG_DIRECT
RS1394094	RS900048	EAS	0.624024	PLINK2_1KG_DIRECT
RS1394094	RS699165	EAS	0.615794	PLINK2_1KG_DIRECT
RS1394094	RS711977	EAS	0.853642	PLINK2_1KG_DIRECT
RS1394094	RS711976	EAS	0.616551	PLINK2_1KG_DIRECT
RS1394094	RS833861	EAS	0.857336	PLINK2_1KG_DIRECT
RS1394094	RS711975	EAS	0.829594	PLINK2_1KG_DIRECT
RS1394094	RS1070228	EAS	0.840761	PLINK2_1KG_DIRECT
RS1394094	RS1070230	EAS	0.601737	PLINK2_1KG_DIRECT
RS1394094	RS1070232	EAS	0.601737	PLINK2_1KG_DIRECT
RS1394094	RS2688600	EAS	0.847978	PLINK2_1KG_DIRECT
RS1394094	RS2688601	EAS	0.847978	PLINK2_1KG_DIRECT
RS1394094	RS833752	EAS	0.606663	PLINK2_1KG_DIRECT
RS1394094	RS7621025	EAS	0.637266	PLINK2_1KG_DIRECT
RS1394094	RS6439646	EAS	0.621512	PLINK2_1KG_DIRECT
RS1394094	RS7427564	EAS	0.879345	PLINK2_1KG_DIRECT
RS1394094	RS4630889	EAS	0.857336	PLINK2_1KG_DIRECT
RS1394094	RS7432375	EAS	0.851984	PLINK2_1KG_DIRECT
RS1394094	RS10935185	EAS	0.890673	PLINK2_1KG_DIRECT
RS1394094	RS12163529	EAS	0.868622	PLINK2_1KG_DIRECT
RS1394094	RS12635723	EAS	0.631468	PLINK2_1KG_DIRECT
RS1394094	RS12630999	EAS	0.598244	PLINK2_1KG_DIRECT
RS1394094	RS4452981	EAS	0.637266	PLINK2_1KG_DIRECT
RS1394094	RS4452980	EAS	0.637266	PLINK2_1KG_DIRECT
RS1394094	RS940174	EAS	0.862972	PLINK2_1KG_DIRECT
RS1394094	RS4678436	EAS	0.88068	PLINK2_1KG_DIRECT
RS1394094	RS73228043	EAS	0.891366	PLINK2_1KG_DIRECT
RS1394094	RS1471741	EAS	0.632281	PLINK2_1KG_DIRECT
RS1394094	RS1471740	EAS	0.622345	PLINK2_1KG_DIRECT
RS1394094	RS34438032	EAS	0.868622	PLINK2_1KG_DIRECT
RS1394094	RS10935186	EAS	0.857617	PLINK2_1KG_DIRECT
RS1394094	RS11919030	EAS	0.885998	PLINK2_1KG_DIRECT
RS1394094	RS6784582	EAS	0.676854	PLINK2_1KG_DIRECT
RS1394094	RS55970317	EAS	0.87403	PLINK2_1KG_DIRECT
RS1394094	RS1017881	EAS	0.627307	PLINK2_1KG_DIRECT
RS1394094	RS1017882	EAS	0.884908	PLINK2_1KG_DIRECT
RS1394094	RS4521165	EAS	0.896239	PLINK2_1KG_DIRECT
RS1394094	RS7618518	EAS	0.896239	PLINK2_1KG_DIRECT
RS1394094	RS6808312	EAS	0.890567	PLINK2_1KG_DIRECT
RS1394094	RS6439649	EAS	0.890567	PLINK2_1KG_DIRECT
RS1394094	RS6791142	EAS	0.891366	PLINK2_1KG_DIRECT
RS1394094	RS4038587	EAS	0.891366	PLINK2_1KG_DIRECT
RS1394094	RS7634476	EAS	0.874286	PLINK2_1KG_DIRECT
RS1394094	RS7618871	EAS	0.874286	PLINK2_1KG_DIRECT
RS1394094	RS7637129	EAS	0.891366	PLINK2_1KG_DIRECT
RS1394094	RS4408829	EAS	0.865014	PLINK2_1KG_DIRECT
RS1394094	RS9836231	EAS	0.891366	PLINK2_1KG_DIRECT
RS1394094	RS6764567	EAS	0.879965	PLINK2_1KG_DIRECT
RS1394094	RS4038578	EAS	0.868622	PLINK2_1KG_DIRECT
RS1394094	RS9825700	EAS	0.874286	PLINK2_1KG_DIRECT
RS1394094	RS7616204	EAS	0.874286	PLINK2_1KG_DIRECT
RS1394094	RS35874192	EAS	0.874286	PLINK2_1KG_DIRECT
RS1394094	RS900818	EAS	0.874286	PLINK2_1KG_DIRECT
RS1394094	RS1681817	EAS	0.874286	PLINK2_1KG_DIRECT
RS1394094	RS6802702	EAS	0.862972	PLINK2_1KG_DIRECT
RS1394094	RS1280624	EAS	0.842329	PLINK2_1KG_DIRECT
RS1394094	RS1729951	EAS	0.842329	PLINK2_1KG_DIRECT
RS12154473	RS12154473	EUR	1	PLINK2_1KG_DIRECT
RS12154473	RS4602777	EUR	0.439879	PLINK2_1KG_DIRECT
RS12154473	RS4644136	EUR	0.718766	PLINK2_1KG_DIRECT
RS12154473	RS6949794	EUR	0.601479	PLINK2_1KG_DIRECT
RS12154473	RS71523265	EUR	0.620889	PLINK2_1KG_DIRECT
RS12154473	RS4721134	EUR	0.594909	PLINK2_1KG_DIRECT
RS12154473	RS4721135	EUR	0.624207	PLINK2_1KG_DIRECT
RS12154473	RS10950413	EUR	0.718307	PLINK2_1KG_DIRECT
RS12154473	RS10950415	EUR	0.738174	PLINK2_1KG_DIRECT
RS12154473	RS12669758	EUR	0.738174	PLINK2_1KG_DIRECT
RS12154473	RS10269191	EUR	0.734823	PLINK2_1KG_DIRECT
RS12154473	RS4719336	EUR	0.727831	PLINK2_1KG_DIRECT
RS12154473	RS10265944	EUR	0.74154	PLINK2_1KG_DIRECT
RS12154473	RS10266703	EUR	0.686403	PLINK2_1KG_DIRECT
RS12154473	RS4721146	EUR	0.64689	PLINK2_1KG_DIRECT
RS12154473	RS10275045	EUR	0.733959	PLINK2_1KG_DIRECT
RS12154473	RS10244946	EUR	0.733959	PLINK2_1KG_DIRECT
RS12154473	RS12669518	EUR	0.636931	PLINK2_1KG_DIRECT
RS12154473	RS11761270	EUR	0.633633	PLINK2_1KG_DIRECT
RS12154473	RS6967442	EUR	0.741942	PLINK2_1KG_DIRECT
RS12154473	RS10950422	EUR	0.738181	PLINK2_1KG_DIRECT
RS12154473	RS12534679	EUR	0.738181	PLINK2_1KG_DIRECT
RS12154473	RS12667688	EUR	0.650222	PLINK2_1KG_DIRECT
RS12154473	RS12669956	EUR	0.646882	PLINK2_1KG_DIRECT
RS12154473	RS11768206	EUR	0.650222	PLINK2_1KG_DIRECT
RS12154473	RS6461005	EUR	0.739214	PLINK2_1KG_DIRECT
RS12154473	RS6952727	EUR	0.73552	PLINK2_1KG_DIRECT
RS12154473	RS10232234	EUR	0.731838	PLINK2_1KG_DIRECT
RS12154473	RS12537348	EUR	0.643626	PLINK2_1KG_DIRECT
RS12154473	RS12537914	EUR	0.64029	PLINK2_1KG_DIRECT
RS12154473	RS34961072	EUR	0.667106	PLINK2_1KG_DIRECT
RS12154473	RS34269264	EUR	0.64029	PLINK2_1KG_DIRECT
RS12154473	RS35582663	EUR	0.64029	PLINK2_1KG_DIRECT
RS12154473	RS60605830	EUR	0.73552	PLINK2_1KG_DIRECT
RS12154473	RS73048162	EUR	0.73552	PLINK2_1KG_DIRECT
RS12154473	RS10230383	EUR	0.740028	PLINK2_1KG_DIRECT
RS12154473	RS10227517	EUR	0.743327	PLINK2_1KG_DIRECT
RS12154473	RS10243920	EUR	0.743327	PLINK2_1KG_DIRECT
RS12154473	RS10274300	EUR	0.743327	PLINK2_1KG_DIRECT
RS12154473	RS11771973	EUR	0.640348	PLINK2_1KG_DIRECT
RS12154473	RS11764960	EUR	0.627057	PLINK2_1KG_DIRECT
RS12154473	RS4721184	EUR	0.640348	PLINK2_1KG_DIRECT
RS12154473	RS4721185	EUR	0.743327	PLINK2_1KG_DIRECT
RS12154473	RS12699449	EUR	0.746642	PLINK2_1KG_DIRECT
RS12154473	RS11772205	EUR	0.746642	PLINK2_1KG_DIRECT
RS12154473	RS6944877	EUR	0.743327	PLINK2_1KG_DIRECT
RS12154473	RS12699453	EUR	0.743327	PLINK2_1KG_DIRECT
RS12154473	RS6950151	EUR	0.740028	PLINK2_1KG_DIRECT
RS12154473	RS6964522	EUR	0.740028	PLINK2_1KG_DIRECT
RS12154473	RS12536261	EUR	0.633843	PLINK2_1KG_DIRECT
RS12154473	RS6950330	EUR	0.743327	PLINK2_1KG_DIRECT
RS12154473	RS13224989	EUR	0.640348	PLINK2_1KG_DIRECT
RS12154473	RS2056478	EUR	0.637015	PLINK2_1KG_DIRECT
RS12154473	RS2056479	EUR	0.728533	PLINK2_1KG_DIRECT
RS12154473	RS2056480	EUR	0.630383	PLINK2_1KG_DIRECT
RS12154473	RS4721190	EUR	0.745537	PLINK2_1KG_DIRECT
RS12154473	RS35797753	EUR	0.604325	PLINK2_1KG_DIRECT
RS12154473	RS4421257	EUR	0.620677	PLINK2_1KG_DIRECT
RS12154473	RS2056481	EUR	0.627131	PLINK2_1KG_DIRECT
RS12154473	RS12536062	EUR	0.684198	PLINK2_1KG_DIRECT
RS12154473	RS12671113	EUR	0.694399	PLINK2_1KG_DIRECT
RS12154473	RS13244345	EUR	0.817782	PLINK2_1KG_DIRECT
RS12154473	RS12699483	EUR	0.701414	PLINK2_1KG_DIRECT
RS12154473	RS1801368	EUR	0.697897	PLINK2_1KG_DIRECT
RS12154473	RS2280550	EUR	0.697897	PLINK2_1KG_DIRECT
RS12154473	RS2280548	EUR	0.697897	PLINK2_1KG_DIRECT
RS12154473	RS2280546	EUR	0.701323	PLINK2_1KG_DIRECT
RS12154473	RS4719366	EUR	0.673898	PLINK2_1KG_DIRECT
RS12154473	RS11557347	EUR	0.806582	PLINK2_1KG_DIRECT
RS12154473	RS10950456	EUR	0.849407	PLINK2_1KG_DIRECT
RS12154473	RS7792631	EUR	0.815726	PLINK2_1KG_DIRECT
RS12154473	RS11765639	EUR	0.784422	PLINK2_1KG_DIRECT
RS12154473	RS10950473	EUR	0.754413	PLINK2_1KG_DIRECT
RS12154473	RS12666575	EUR	0.754413	PLINK2_1KG_DIRECT
RS12154473	RS11766575	EUR	0.750634	PLINK2_1KG_DIRECT
RS12154473	RS4721264	EUR	0.783685	PLINK2_1KG_DIRECT
RS12154473	RS6461049	EUR	0.872989	PLINK2_1KG_DIRECT
RS12154473	RS12668156	EUR	0.758475	PLINK2_1KG_DIRECT
RS12154473	RS12668848	EUR	0.908422	PLINK2_1KG_DIRECT
RS12154473	RS79950306	EUR	0.751058	PLINK2_1KG_DIRECT
RS12154473	RS4721282	EUR	0.787083	PLINK2_1KG_DIRECT
RS12154473	RS11765549	EUR	0.76505	PLINK2_1KG_DIRECT
RS12154473	RS11765550	EUR	0.776019	PLINK2_1KG_DIRECT
RS12154473	RS11773316	EUR	0.787263	PLINK2_1KG_DIRECT
RS12154473	RS11763870	EUR	0.912231	PLINK2_1KG_DIRECT
RS12154473	RS4721287	EUR	0.790852	PLINK2_1KG_DIRECT
RS12154473	RS60432611	EUR	0.790852	PLINK2_1KG_DIRECT
RS12154473	RS58120505	EUR	0.908422	PLINK2_1KG_DIRECT
RS12154473	RS56727870	EUR	0.790852	PLINK2_1KG_DIRECT
RS12154473	RS60995052	EUR	0.790852	PLINK2_1KG_DIRECT
RS12154473	RS60755037	EUR	0.790852	PLINK2_1KG_DIRECT
RS12154473	RS57216949	EUR	0.790852	PLINK2_1KG_DIRECT
RS12154473	RS4721294	EUR	0.754018	PLINK2_1KG_DIRECT
RS12154473	RS4721295	EUR	0.754018	PLINK2_1KG_DIRECT
RS12154473	RS55689856	EUR	0.779487	PLINK2_1KG_DIRECT
RS12154473	RS1107592	EUR	0.754018	PLINK2_1KG_DIRECT
RS12154473	RS1107591	EUR	0.757602	PLINK2_1KG_DIRECT
RS12154473	RS10479762	EUR	0.871306	PLINK2_1KG_DIRECT
RS12154473	RS58227534	EUR	0.746867	PLINK2_1KG_DIRECT
RS12154473	RS12670737	EUR	0.746867	PLINK2_1KG_DIRECT
RS12154473	RS871924	EUR	0.746867	PLINK2_1KG_DIRECT
RS12154473	RS871925	EUR	0.871306	PLINK2_1KG_DIRECT
RS12154473	RS4719391	EUR	0.746867	PLINK2_1KG_DIRECT
RS12154473	RS13227554	EUR	0.871306	PLINK2_1KG_DIRECT
RS12154473	RS2008263	EUR	0.746867	PLINK2_1KG_DIRECT
RS12154473	RS11771625	EUR	0.746867	PLINK2_1KG_DIRECT
RS12154473	RS939946	EUR	0.715786	PLINK2_1KG_DIRECT
RS12154473	RS11764212	EUR	0.708378	PLINK2_1KG_DIRECT
RS12154473	RS59619245	EUR	0.711934	PLINK2_1KG_DIRECT
RS12154473	RS60137119	EUR	0.715664	PLINK2_1KG_DIRECT
RS12154473	RS6950627	EUR	0.70542	PLINK2_1KG_DIRECT
RS12154473	RS12699646	EUR	0.715664	PLINK2_1KG_DIRECT
RS12154473	RS73048919	EUR	0.708378	PLINK2_1KG_DIRECT
RS12154473	RS3800882	EUR	0.569719	PLINK2_1KG_DIRECT
RS12154473	RS2895202	EUR	0.588393	PLINK2_1KG_DIRECT
RS12154473	RS3778964	EUR	0.588333	PLINK2_1KG_DIRECT
RS12154473	RS3778965	EUR	0.585139	PLINK2_1KG_DIRECT
RS12154473	RS73038441	EUR	0.588333	PLINK2_1KG_DIRECT
RS12154473	RS73038442	EUR	0.588333	PLINK2_1KG_DIRECT
RS12154473	RS3778969	EUR	0.588333	PLINK2_1KG_DIRECT
RS12154473	RS4719431	EUR	0.712234	PLINK2_1KG_DIRECT
RS12154473	RS4719432	EUR	0.6638	PLINK2_1KG_DIRECT
RS12154473	RS4719436	EUR	0.588333	PLINK2_1KG_DIRECT
RS12154473	RS3778970	EUR	0.572468	PLINK2_1KG_DIRECT
RS12154473	RS3800902	EUR	0.588333	PLINK2_1KG_DIRECT
RS12154473	RS10224497	EUR	0.712683	PLINK2_1KG_DIRECT
RS12154473	RS1558465	EUR	0.687312	PLINK2_1KG_DIRECT
RS12154473	RS1476887	EUR	0.687312	PLINK2_1KG_DIRECT
RS12154473	RS4721411	EUR	0.582149	PLINK2_1KG_DIRECT
RS12154473	RS11770254	EUR	0.700919	PLINK2_1KG_DIRECT
RS12154473	RS11770255	EUR	0.700919	PLINK2_1KG_DIRECT
RS12154473	RS2398706	EUR	0.700547	PLINK2_1KG_DIRECT
RS12154473	RS10239050	EUR	0.611119	PLINK2_1KG_DIRECT
RS12154473	RS3800908	EUR	0.726064	PLINK2_1KG_DIRECT
RS12154473	RS3800909	EUR	0.710334	PLINK2_1KG_DIRECT
RS12154473	RS3778977	EUR	0.706732	PLINK2_1KG_DIRECT
RS12154473	RS3778978	EUR	0.597881	PLINK2_1KG_DIRECT
RS12154473	RS1860831	EUR	0.700547	PLINK2_1KG_DIRECT
RS12154473	RS4719443	EUR	0.597881	PLINK2_1KG_DIRECT
RS12154473	RS1860832	EUR	0.597881	PLINK2_1KG_DIRECT
RS12154473	RS3800913	EUR	0.706732	PLINK2_1KG_DIRECT
RS12154473	RS2398705	EUR	0.601104	PLINK2_1KG_DIRECT
RS12154473	RS3800916	EUR	0.601104	PLINK2_1KG_DIRECT
RS12154473	RS3778982	EUR	0.601104	PLINK2_1KG_DIRECT
RS12154473	RS3778983	EUR	0.61441	PLINK2_1KG_DIRECT
RS12154473	RS3778984	EUR	0.601104	PLINK2_1KG_DIRECT
RS12154473	RS3800917	EUR	0.61731	PLINK2_1KG_DIRECT
RS12154473	RS4721429	EUR	0.53541	PLINK2_1KG_DIRECT
RS12154473	RS3778994	EUR	0.641157	PLINK2_1KG_DIRECT
RS12154473	RS3778996	EUR	0.53541	PLINK2_1KG_DIRECT
RS12154473	RS3778999	EUR	0.535467	PLINK2_1KG_DIRECT
RS12154473	RS1859993	EUR	0.631429	PLINK2_1KG_DIRECT
RS12154473	RS4721441	EUR	0.532387	PLINK2_1KG_DIRECT
RS12154473	RS3800922	EUR	0.532387	PLINK2_1KG_DIRECT
RS12154473	RS3800923	EUR	0.631429	PLINK2_1KG_DIRECT
RS12154473	RS3779003	EUR	0.532387	PLINK2_1KG_DIRECT
RS12154473	RS3823631	EUR	0.529374	PLINK2_1KG_DIRECT
RS12154473	RS4719462	EUR	0.233028	PLINK2_1KG_DIRECT
RS12154473	RS12154473	EAS	1	PLINK2_1KG_DIRECT
RS12154473	RS4602777	EAS	0.324106	PLINK2_1KG_DIRECT
RS12154473	RS4644136	EAS	0.779613	PLINK2_1KG_DIRECT
RS12154473	RS6949794	EAS	0.550689	PLINK2_1KG_DIRECT
RS12154473	RS71523265	EAS	0.548252	PLINK2_1KG_DIRECT
RS12154473	RS4721134	EAS	0.54962	PLINK2_1KG_DIRECT
RS12154473	RS4721135	EAS	0.532307	PLINK2_1KG_DIRECT
RS12154473	RS10950413	EAS	0.548016	PLINK2_1KG_DIRECT
RS12154473	RS10950415	EAS	0.561963	PLINK2_1KG_DIRECT
RS12154473	RS12669758	EAS	0.532563	PLINK2_1KG_DIRECT
RS12154473	RS10269191	EAS	0.532563	PLINK2_1KG_DIRECT
RS12154473	RS4719336	EAS	0.531356	PLINK2_1KG_DIRECT
RS12154473	RS10265944	EAS	0.533716	PLINK2_1KG_DIRECT
RS12154473	RS10266703	EAS	0.533716	PLINK2_1KG_DIRECT
RS12154473	RS4721146	EAS	0.543404	PLINK2_1KG_DIRECT
RS12154473	RS10275045	EAS	0.555589	PLINK2_1KG_DIRECT
RS12154473	RS10244946	EAS	0.558051	PLINK2_1KG_DIRECT
RS12154473	RS12669518	EAS	0.536417	PLINK2_1KG_DIRECT
RS12154473	RS11761270	EAS	0.553134	PLINK2_1KG_DIRECT
RS12154473	RS6967442	EAS	0.808031	PLINK2_1KG_DIRECT
RS12154473	RS10950422	EAS	0.808031	PLINK2_1KG_DIRECT
RS12154473	RS12534679	EAS	0.808031	PLINK2_1KG_DIRECT
RS12154473	RS12667688	EAS	0.530199	PLINK2_1KG_DIRECT
RS12154473	RS12669956	EAS	0.530199	PLINK2_1KG_DIRECT
RS12154473	RS11768206	EAS	0.527843	PLINK2_1KG_DIRECT
RS12154473	RS6461005	EAS	0.593506	PLINK2_1KG_DIRECT
RS12154473	RS6952727	EAS	0.593506	PLINK2_1KG_DIRECT
RS12154473	RS10232234	EAS	0.593506	PLINK2_1KG_DIRECT
RS12154473	RS12537348	EAS	0.587341	PLINK2_1KG_DIRECT
RS12154473	RS12537914	EAS	0.578405	PLINK2_1KG_DIRECT
RS12154473	RS34961072	EAS	0.578405	PLINK2_1KG_DIRECT
RS12154473	RS34269264	EAS	0.578405	PLINK2_1KG_DIRECT
RS12154473	RS35582663	EAS	0.578405	PLINK2_1KG_DIRECT
RS12154473	RS60605830	EAS	0.593506	PLINK2_1KG_DIRECT
RS12154473	RS73048162	EAS	0.593506	PLINK2_1KG_DIRECT
RS12154473	RS10230383	EAS	0.599072	PLINK2_1KG_DIRECT
RS12154473	RS10227517	EAS	0.599072	PLINK2_1KG_DIRECT
RS12154473	RS10243920	EAS	0.599072	PLINK2_1KG_DIRECT
RS12154473	RS10274300	EAS	0.599072	PLINK2_1KG_DIRECT
RS12154473	RS11771973	EAS	0.583733	PLINK2_1KG_DIRECT
RS12154473	RS11764960	EAS	0.587341	PLINK2_1KG_DIRECT
RS12154473	RS4721184	EAS	0.587341	PLINK2_1KG_DIRECT
RS12154473	RS4721185	EAS	0.599072	PLINK2_1KG_DIRECT
RS12154473	RS12699449	EAS	0.602696	PLINK2_1KG_DIRECT
RS12154473	RS11772205	EAS	0.606338	PLINK2_1KG_DIRECT
RS12154473	RS6944877	EAS	0.59705	PLINK2_1KG_DIRECT
RS12154473	RS12699453	EAS	0.606338	PLINK2_1KG_DIRECT
RS12154473	RS6950151	EAS	0.602696	PLINK2_1KG_DIRECT
RS12154473	RS6964522	EAS	0.605288	PLINK2_1KG_DIRECT
RS12154473	RS12536261	EAS	0.587341	PLINK2_1KG_DIRECT
RS12154473	RS6950330	EAS	0.602696	PLINK2_1KG_DIRECT
RS12154473	RS13224989	EAS	0.587341	PLINK2_1KG_DIRECT
RS12154473	RS2056478	EAS	0.553931	PLINK2_1KG_DIRECT
RS12154473	RS2056479	EAS	0.568513	PLINK2_1KG_DIRECT
RS12154473	RS2056480	EAS	0.587341	PLINK2_1KG_DIRECT
RS12154473	RS4721190	EAS	0.606338	PLINK2_1KG_DIRECT
RS12154473	RS35797753	EAS	0.578693	PLINK2_1KG_DIRECT
RS12154473	RS4421257	EAS	0.587341	PLINK2_1KG_DIRECT
RS12154473	RS2056481	EAS	0.610498	PLINK2_1KG_DIRECT
RS12154473	RS12536062	EAS	0.566061	PLINK2_1KG_DIRECT
RS12154473	RS12671113	EAS	0.590692	PLINK2_1KG_DIRECT
RS12154473	RS13244345	EAS	0.588957	PLINK2_1KG_DIRECT
RS12154473	RS12699483	EAS	0.581634	PLINK2_1KG_DIRECT
RS12154473	RS1801368	EAS	0.578073	PLINK2_1KG_DIRECT
RS12154473	RS2280550	EAS	0.579097	PLINK2_1KG_DIRECT
RS12154473	RS2280548	EAS	0.581634	PLINK2_1KG_DIRECT
RS12154473	RS2280546	EAS	0.574051	PLINK2_1KG_DIRECT
RS12154473	RS4719366	EAS	0.574594	PLINK2_1KG_DIRECT
RS12154473	RS11557347	EAS	0.529221	PLINK2_1KG_DIRECT
RS12154473	RS10950456	EAS	0.884088	PLINK2_1KG_DIRECT
RS12154473	RS7792631	EAS	0.679648	PLINK2_1KG_DIRECT
RS12154473	RS11765639	EAS	0.61678	PLINK2_1KG_DIRECT
RS12154473	RS10950473	EAS	0.64486	PLINK2_1KG_DIRECT
RS12154473	RS12666575	EAS	0.640092	PLINK2_1KG_DIRECT
RS12154473	RS11766575	EAS	0.627354	PLINK2_1KG_DIRECT
RS12154473	RS4721264	EAS	0.902675	PLINK2_1KG_DIRECT
RS12154473	RS6461049	EAS	0.94492	PLINK2_1KG_DIRECT
RS12154473	RS12668156	EAS	0.613675	PLINK2_1KG_DIRECT
RS12154473	RS12668848	EAS	0.944863	PLINK2_1KG_DIRECT
RS12154473	RS79950306	EAS	0.637407	PLINK2_1KG_DIRECT
RS12154473	RS4721282	EAS	0.917917	PLINK2_1KG_DIRECT
RS12154473	RS11765549	EAS	0.91028	PLINK2_1KG_DIRECT
RS12154473	RS11765550	EAS	0.914063	PLINK2_1KG_DIRECT
RS12154473	RS11773316	EAS	0.910222	PLINK2_1KG_DIRECT
RS12154473	RS11763870	EAS	0.941075	PLINK2_1KG_DIRECT
RS12154473	RS4721287	EAS	0.914063	PLINK2_1KG_DIRECT
RS12154473	RS60432611	EAS	0.914063	PLINK2_1KG_DIRECT
RS12154473	RS58120505	EAS	0.937159	PLINK2_1KG_DIRECT
RS12154473	RS56727870	EAS	0.914063	PLINK2_1KG_DIRECT
RS12154473	RS60995052	EAS	0.914063	PLINK2_1KG_DIRECT
RS12154473	RS60755037	EAS	0.914063	PLINK2_1KG_DIRECT
RS12154473	RS57216949	EAS	0.902764	PLINK2_1KG_DIRECT
RS12154473	RS4721294	EAS	0.910222	PLINK2_1KG_DIRECT
RS12154473	RS4721295	EAS	0.902614	PLINK2_1KG_DIRECT
RS12154473	RS55689856	EAS	0.910222	PLINK2_1KG_DIRECT
RS12154473	RS1107592	EAS	0.891242	PLINK2_1KG_DIRECT
RS12154473	RS1107591	EAS	0.891291	PLINK2_1KG_DIRECT
RS12154473	RS10479762	EAS	0.891696	PLINK2_1KG_DIRECT
RS12154473	RS58227534	EAS	0.86136	PLINK2_1KG_DIRECT
RS12154473	RS12670737	EAS	0.86136	PLINK2_1KG_DIRECT
RS12154473	RS871924	EAS	0.737408	PLINK2_1KG_DIRECT
RS12154473	RS871925	EAS	0.767684	PLINK2_1KG_DIRECT
RS12154473	RS4719391	EAS	0.737408	PLINK2_1KG_DIRECT
RS12154473	RS13227554	EAS	0.764441	PLINK2_1KG_DIRECT
RS12154473	RS2008263	EAS	0.737408	PLINK2_1KG_DIRECT
RS12154473	RS11771625	EAS	0.73326	PLINK2_1KG_DIRECT
RS12154473	RS939946	EAS	0.41521	PLINK2_1KG_DIRECT
RS12154473	RS11764212	EAS	0.533371	PLINK2_1KG_DIRECT
RS12154473	RS59619245	EAS	0.533371	PLINK2_1KG_DIRECT
RS12154473	RS60137119	EAS	0.47853	PLINK2_1KG_DIRECT
RS12154473	RS6950627	EAS	0.473538	PLINK2_1KG_DIRECT
RS12154473	RS12699646	EAS	0.476029	PLINK2_1KG_DIRECT
RS12154473	RS73048919	EAS	0.530388	PLINK2_1KG_DIRECT
RS12154473	RS3800882	EAS	0.450445	PLINK2_1KG_DIRECT
RS12154473	RS2895202	EAS	0.443151	PLINK2_1KG_DIRECT
RS12154473	RS3778964	EAS	0.438339	PLINK2_1KG_DIRECT
RS12154473	RS3778965	EAS	0.443151	PLINK2_1KG_DIRECT
RS12154473	RS73038441	EAS	0.44074	PLINK2_1KG_DIRECT
RS12154473	RS73038442	EAS	0.443628	PLINK2_1KG_DIRECT
RS12154473	RS3778969	EAS	0.443628	PLINK2_1KG_DIRECT
RS12154473	RS4719431	EAS	0.711338	PLINK2_1KG_DIRECT
RS12154473	RS4719432	EAS	0.724055	PLINK2_1KG_DIRECT
RS12154473	RS4719436	EAS	0.446529	PLINK2_1KG_DIRECT
RS12154473	RS3778970	EAS	0.444119	PLINK2_1KG_DIRECT
RS12154473	RS3800902	EAS	0.444119	PLINK2_1KG_DIRECT
RS12154473	RS10224497	EAS	0.710829	PLINK2_1KG_DIRECT
RS12154473	RS1558465	EAS	0.460312	PLINK2_1KG_DIRECT
RS12154473	RS1476887	EAS	0.460312	PLINK2_1KG_DIRECT
RS12154473	RS4721411	EAS	0.446529	PLINK2_1KG_DIRECT
RS12154473	RS11770254	EAS	0.458729	PLINK2_1KG_DIRECT
RS12154473	RS11770255	EAS	0.458729	PLINK2_1KG_DIRECT
RS12154473	RS2398706	EAS	0.46617	PLINK2_1KG_DIRECT
RS12154473	RS10239050	EAS	0.682097	PLINK2_1KG_DIRECT
RS12154473	RS3800908	EAS	0.710346	PLINK2_1KG_DIRECT
RS12154473	RS3800909	EAS	0.454925	PLINK2_1KG_DIRECT
RS12154473	RS3778977	EAS	0.452032	PLINK2_1KG_DIRECT
RS12154473	RS3778978	EAS	0.437865	PLINK2_1KG_DIRECT
RS12154473	RS1860831	EAS	0.644374	PLINK2_1KG_DIRECT
RS12154473	RS4719443	EAS	0.621379	PLINK2_1KG_DIRECT
RS12154473	RS1860832	EAS	0.438827	PLINK2_1KG_DIRECT
RS12154473	RS3800913	EAS	0.464899	PLINK2_1KG_DIRECT
RS12154473	RS2398705	EAS	0.434065	PLINK2_1KG_DIRECT
RS12154473	RS3800916	EAS	0.428338	PLINK2_1KG_DIRECT
RS12154473	RS3778982	EAS	0.420314	PLINK2_1KG_DIRECT
RS12154473	RS3778983	EAS	0.665347	PLINK2_1KG_DIRECT
RS12154473	RS3778984	EAS	0.422662	PLINK2_1KG_DIRECT
RS12154473	RS3800917	EAS	0.395297	PLINK2_1KG_DIRECT
RS12154473	RS4721429	EAS	0.408698	PLINK2_1KG_DIRECT
RS12154473	RS3778994	EAS	0.394437	PLINK2_1KG_DIRECT
RS12154473	RS3778996	EAS	0.408274	PLINK2_1KG_DIRECT
RS12154473	RS3778999	EAS	0.413379	PLINK2_1KG_DIRECT
RS12154473	RS1859993	EAS	0.418622	PLINK2_1KG_DIRECT
RS12154473	RS4721441	EAS	0.409816	PLINK2_1KG_DIRECT
RS12154473	RS3800922	EAS	0.404355	PLINK2_1KG_DIRECT
RS12154473	RS3800923	EAS	0.424138	PLINK2_1KG_DIRECT
RS12154473	RS3779003	EAS	0.402792	PLINK2_1KG_DIRECT
RS12154473	RS3823631	EAS	0.556372	PLINK2_1KG_DIRECT
RS12154473	RS4719462	EAS	0.229339	PLINK2_1KG_DIRECT
RS793571	RS793571	EUR	1	PLINK2_1KG_DIRECT
RS793571	RS972801	EUR	0.553922	PLINK2_1KG_DIRECT
RS793571	RS28864995	EUR	0.537615	PLINK2_1KG_DIRECT
RS793571	RS714696	EUR	0.54888	PLINK2_1KG_DIRECT
RS793571	RS8032140	EUR	0.459105	PLINK2_1KG_DIRECT
RS793571	RS11854073	EUR	0.456153	PLINK2_1KG_DIRECT
RS793571	RS4775087	EUR	0.458388	PLINK2_1KG_DIRECT
RS793571	RS12439457	EUR	0.474059	PLINK2_1KG_DIRECT
RS793571	RS7161889	EUR	0.474059	PLINK2_1KG_DIRECT
RS793571	RS7163162	EUR	0.474059	PLINK2_1KG_DIRECT
RS793571	RS347117	EUR	0.484741	PLINK2_1KG_DIRECT
RS793571	RS2555356	EUR	0.477623	PLINK2_1KG_DIRECT
RS793571	RS442495	EUR	0.479894	PLINK2_1KG_DIRECT
RS793571	RS17190727	EUR	0.502321	PLINK2_1KG_DIRECT
RS793571	RS1648532	EUR	0.502321	PLINK2_1KG_DIRECT
RS793571	RS673813	EUR	0.499976	PLINK2_1KG_DIRECT
RS793571	RS637918	EUR	0.771693	PLINK2_1KG_DIRECT
RS793571	RS813219	EUR	0.771693	PLINK2_1KG_DIRECT
RS793571	RS431414	EUR	0.753078	PLINK2_1KG_DIRECT
RS793571	RS677933	EUR	0.753078	PLINK2_1KG_DIRECT
RS793571	RS632811	EUR	0.619976	PLINK2_1KG_DIRECT
RS793571	RS1092172	EUR	0.753078	PLINK2_1KG_DIRECT
RS793571	RS694918	EUR	0.753078	PLINK2_1KG_DIRECT
RS793571	RS604057	EUR	0.747857	PLINK2_1KG_DIRECT
RS793571	RS592407	EUR	0.761799	PLINK2_1KG_DIRECT
RS793571	RS12440904	EUR	0.728854	PLINK2_1KG_DIRECT
RS793571	RS11630265	EUR	0.578075	PLINK2_1KG_DIRECT
RS793571	RS12901551	EUR	0.578075	PLINK2_1KG_DIRECT
RS793571	RS173214	EUR	0.714577	PLINK2_1KG_DIRECT
RS793571	RS7179399	EUR	0.599422	PLINK2_1KG_DIRECT
RS793571	RS1078001	EUR	0.694982	PLINK2_1KG_DIRECT
RS793571	RS17302038	EUR	0.715123	PLINK2_1KG_DIRECT
RS793571	RS964285	EUR	0.597419	PLINK2_1KG_DIRECT
RS793571	RS2013117	EUR	0.715123	PLINK2_1KG_DIRECT
RS793571	RS28529423	EUR	0.715123	PLINK2_1KG_DIRECT
RS793571	RS28709922	EUR	0.715123	PLINK2_1KG_DIRECT
RS793571	RS7173317	EUR	0.715123	PLINK2_1KG_DIRECT
RS793571	RS71407077	EUR	0.873198	PLINK2_1KG_DIRECT
RS793571	RS67851431	EUR	0.873198	PLINK2_1KG_DIRECT
RS793571	RS11858989	EUR	0.715123	PLINK2_1KG_DIRECT
RS793571	RS8035628	EUR	0.696974	PLINK2_1KG_DIRECT
RS793571	RS2270664	EUR	0.873198	PLINK2_1KG_DIRECT
RS793571	RS11071400	EUR	0.873198	PLINK2_1KG_DIRECT
RS793571	RS10518991	EUR	0.710569	PLINK2_1KG_DIRECT
RS793571	RS12595482	EUR	0.692465	PLINK2_1KG_DIRECT
RS793571	RS35477914	EUR	0.715123	PLINK2_1KG_DIRECT
RS793571	RS11637077	EUR	0.715123	PLINK2_1KG_DIRECT
RS793571	RS17302045	EUR	0.715123	PLINK2_1KG_DIRECT
RS793571	RS28538484	EUR	0.715123	PLINK2_1KG_DIRECT
RS793571	RS4774315	EUR	0.868107	PLINK2_1KG_DIRECT
RS793571	RS10162821	EUR	0.868107	PLINK2_1KG_DIRECT
RS793571	RS10518992	EUR	0.715123	PLINK2_1KG_DIRECT
RS793571	RS11636723	EUR	0.715123	PLINK2_1KG_DIRECT
RS793571	RS11071401	EUR	0.715123	PLINK2_1KG_DIRECT
RS793571	RS3145	EUR	0.832853	PLINK2_1KG_DIRECT
RS793571	RS28473013	EUR	0.715123	PLINK2_1KG_DIRECT
RS793571	RS12148858	EUR	0.868107	PLINK2_1KG_DIRECT
RS793571	RS11630160	EUR	0.715123	PLINK2_1KG_DIRECT
RS793571	RS28641638	EUR	0.715123	PLINK2_1KG_DIRECT
RS793571	RS12708456	EUR	0.868107	PLINK2_1KG_DIRECT
RS793571	RS4775101	EUR	0.868107	PLINK2_1KG_DIRECT
RS793571	RS12916751	EUR	0.868107	PLINK2_1KG_DIRECT
RS793571	RS2279719	EUR	0.694982	PLINK2_1KG_DIRECT
RS793571	RS12909894	EUR	0.849576	PLINK2_1KG_DIRECT
RS793571	RS12443436	EUR	0.699943	PLINK2_1KG_DIRECT
RS793571	RS12438918	EUR	0.694627	PLINK2_1KG_DIRECT
RS793571	RS12438961	EUR	0.694627	PLINK2_1KG_DIRECT
RS793571	RS62002476	EUR	0.632348	PLINK2_1KG_DIRECT
RS793571	RS11633609	EUR	0.632348	PLINK2_1KG_DIRECT
RS793571	RS7183317	EUR	0.632348	PLINK2_1KG_DIRECT
RS793571	RS34629633	EUR	0.632348	PLINK2_1KG_DIRECT
RS793571	RS8026474	EUR	0.623576	PLINK2_1KG_DIRECT
RS793571	RS793571	EAS	1	PLINK2_1KG_DIRECT
RS793571	RS637918	EAS	0.567221	PLINK2_1KG_DIRECT
RS793571	RS813219	EAS	0.567221	PLINK2_1KG_DIRECT
RS793571	RS431414	EAS	0.523606	PLINK2_1KG_DIRECT
RS793571	RS677933	EAS	0.794055	PLINK2_1KG_DIRECT
RS793571	RS632811	EAS	0.232847	PLINK2_1KG_DIRECT
RS793571	RS1092172	EAS	0.80101	PLINK2_1KG_DIRECT
RS793571	RS694918	EAS	0.80101	PLINK2_1KG_DIRECT
RS793571	RS604057	EAS	0.783179	PLINK2_1KG_DIRECT
RS793571	RS592407	EAS	0.793615	PLINK2_1KG_DIRECT
RS793571	RS12440904	EAS	0.769282	PLINK2_1KG_DIRECT
RS793571	RS173214	EAS	0.528145	PLINK2_1KG_DIRECT
RS793571	RS1078001	EAS	0.482317	PLINK2_1KG_DIRECT
RS793571	RS17302038	EAS	0.49802	PLINK2_1KG_DIRECT
RS793571	RS2013117	EAS	0.486047	PLINK2_1KG_DIRECT
RS793571	RS28529423	EAS	0.492337	PLINK2_1KG_DIRECT
RS793571	RS28709922	EAS	0.492337	PLINK2_1KG_DIRECT
RS793571	RS7173317	EAS	0.486047	PLINK2_1KG_DIRECT
RS793571	RS71407077	EAS	0.519266	PLINK2_1KG_DIRECT
RS793571	RS67851431	EAS	0.516656	PLINK2_1KG_DIRECT
RS793571	RS11858989	EAS	0.486047	PLINK2_1KG_DIRECT
RS793571	RS8035628	EAS	0.489184	PLINK2_1KG_DIRECT
RS793571	RS2270664	EAS	0.518713	PLINK2_1KG_DIRECT
RS793571	RS11071400	EAS	0.522449	PLINK2_1KG_DIRECT
RS793571	RS10518991	EAS	0.483553	PLINK2_1KG_DIRECT
RS793571	RS12595482	EAS	0.493002	PLINK2_1KG_DIRECT
RS793571	RS35477914	EAS	0.493002	PLINK2_1KG_DIRECT
RS793571	RS11637077	EAS	0.480437	PLINK2_1KG_DIRECT
RS793571	RS17302045	EAS	0.483553	PLINK2_1KG_DIRECT
RS793571	RS28538484	EAS	0.483553	PLINK2_1KG_DIRECT
RS793571	RS4774315	EAS	0.510344	PLINK2_1KG_DIRECT
RS793571	RS10162821	EAS	0.510344	PLINK2_1KG_DIRECT
RS793571	RS10518992	EAS	0.480437	PLINK2_1KG_DIRECT
RS793571	RS11636723	EAS	0.481718	PLINK2_1KG_DIRECT
RS793571	RS11071401	EAS	0.492337	PLINK2_1KG_DIRECT
RS793571	RS3145	EAS	0.519266	PLINK2_1KG_DIRECT
RS793571	RS28473013	EAS	0.492337	PLINK2_1KG_DIRECT
RS793571	RS12148858	EAS	0.519266	PLINK2_1KG_DIRECT
RS793571	RS11630160	EAS	0.492337	PLINK2_1KG_DIRECT
RS793571	RS28641638	EAS	0.492337	PLINK2_1KG_DIRECT
RS793571	RS12708456	EAS	0.519266	PLINK2_1KG_DIRECT
RS793571	RS4775101	EAS	0.50981	PLINK2_1KG_DIRECT
RS793571	RS12916751	EAS	0.514056	PLINK2_1KG_DIRECT
RS793571	RS2279719	EAS	0.478592	PLINK2_1KG_DIRECT
RS793571	RS12909894	EAS	0.48362	PLINK2_1KG_DIRECT
RS793571	RS12443436	EAS	0.465098	PLINK2_1KG_DIRECT
RS793571	RS12438918	EAS	0.360155	PLINK2_1KG_DIRECT
RS793571	RS12438961	EAS	0.358005	PLINK2_1KG_DIRECT
RS793571	RS62002476	EAS	0.266171	PLINK2_1KG_DIRECT
RS793571	RS11633609	EAS	0.266171	PLINK2_1KG_DIRECT
RS793571	RS7183317	EAS	0.266171	PLINK2_1KG_DIRECT
RS793571	RS34629633	EAS	0.270489	PLINK2_1KG_DIRECT
RS793571	RS8026474	EAS	0.263707	PLINK2_1KG_DIRECT
RS1160682	RS1160682	EUR	1	PLINK2_1KG_DIRECT
RS1160682	RS11210176	EUR	0.490429	PLINK2_1KG_DIRECT
RS1160682	RS12142152	EUR	0.490429	PLINK2_1KG_DIRECT
RS1160682	RS12136984	EUR	0.531699	PLINK2_1KG_DIRECT
RS1160682	RS4571923	EUR	0.600736	PLINK2_1KG_DIRECT
RS1160682	RS11210195	EUR	0.538977	PLINK2_1KG_DIRECT
RS1160682	RS12044218	EUR	0.538977	PLINK2_1KG_DIRECT
RS1160682	RS10890029	EUR	0.545538	PLINK2_1KG_DIRECT
RS1160682	RS10890030	EUR	0.538977	PLINK2_1KG_DIRECT
RS1160682	RS7523829	EUR	0.600736	PLINK2_1KG_DIRECT
RS1160682	RS35641559	EUR	0.538977	PLINK2_1KG_DIRECT
RS1160682	RS11210201	EUR	0.905967	PLINK2_1KG_DIRECT
RS1160682	RS11210202	EUR	0.905967	PLINK2_1KG_DIRECT
RS1160682	RS12128495	EUR	0.905967	PLINK2_1KG_DIRECT
RS1160682	RS12129573	EUR	1	PLINK2_1KG_DIRECT
RS1160682	RS12145429	EUR	0.905967	PLINK2_1KG_DIRECT
RS1160682	RS12145432	EUR	0.905967	PLINK2_1KG_DIRECT
RS1160682	RS1923201	EUR	0.905967	PLINK2_1KG_DIRECT
RS1160682	RS1923202	EUR	0.905967	PLINK2_1KG_DIRECT
RS1160682	RS9425118	EUR	0.905967	PLINK2_1KG_DIRECT
RS1160682	RS2180945	EUR	0.544987	PLINK2_1KG_DIRECT
RS1160682	RS1475061	EUR	0.905967	PLINK2_1KG_DIRECT
RS1160682	RS4593766	EUR	0.901834	PLINK2_1KG_DIRECT
RS1160682	RS6424545	EUR	0.901834	PLINK2_1KG_DIRECT
RS1160682	RS1475062	EUR	0.905967	PLINK2_1KG_DIRECT
RS1160682	RS1475063	EUR	0.905967	PLINK2_1KG_DIRECT
RS1160682	RS11210203	EUR	0.905967	PLINK2_1KG_DIRECT
RS1160682	RS6424546	EUR	0.905967	PLINK2_1KG_DIRECT
RS1160682	RS6424547	EUR	0.905967	PLINK2_1KG_DIRECT
RS1160682	RS6424548	EUR	0.905967	PLINK2_1KG_DIRECT
RS1160682	RS11210204	EUR	0.905967	PLINK2_1KG_DIRECT
RS1160682	RS11210205	EUR	0.905967	PLINK2_1KG_DIRECT
RS1160682	RS12061680	EUR	0.905967	PLINK2_1KG_DIRECT
RS1160682	RS11210207	EUR	0.905967	PLINK2_1KG_DIRECT
RS1160682	RS7517355	EUR	0.90228	PLINK2_1KG_DIRECT
RS1160682	RS7528322	EUR	0.905967	PLINK2_1KG_DIRECT
RS1160682	RS10127961	EUR	0.90228	PLINK2_1KG_DIRECT
RS1160682	RS10732841	EUR	0.905967	PLINK2_1KG_DIRECT
RS1160682	RS2340398	EUR	0.90228	PLINK2_1KG_DIRECT
RS1160682	RS10890032	EUR	1	PLINK2_1KG_DIRECT
RS1160682	RS11210209	EUR	0.90228	PLINK2_1KG_DIRECT
RS1160682	RS1885246	EUR	0.90228	PLINK2_1KG_DIRECT
RS1160682	RS1885247	EUR	0.90228	PLINK2_1KG_DIRECT
RS1160682	RS10749819	EUR	0.90228	PLINK2_1KG_DIRECT
RS1160682	RS10890033	EUR	0.905967	PLINK2_1KG_DIRECT
RS1160682	RS12036558	EUR	0.544987	PLINK2_1KG_DIRECT
RS1160682	RS2145784	EUR	0.90228	PLINK2_1KG_DIRECT
RS1160682	RS1923206	EUR	0.90228	PLINK2_1KG_DIRECT
RS1160682	RS6684973	EUR	1	PLINK2_1KG_DIRECT
RS1160682	RS1923207	EUR	0.905967	PLINK2_1KG_DIRECT
RS1160682	RS1120981	EUR	0.90228	PLINK2_1KG_DIRECT
RS1160682	RS6689226	EUR	0.89861	PLINK2_1KG_DIRECT
RS1160682	RS2208565	EUR	0.90228	PLINK2_1KG_DIRECT
RS1160682	RS2208566	EUR	0.90228	PLINK2_1KG_DIRECT
RS1160682	RS6700324	EUR	0.90228	PLINK2_1KG_DIRECT
RS1160682	RS6702943	EUR	0.90228	PLINK2_1KG_DIRECT
RS1160682	RS1951361	EUR	0.90228	PLINK2_1KG_DIRECT
RS1160682	RS10749820	EUR	0.894958	PLINK2_1KG_DIRECT
RS1160682	RS11210211	EUR	0.90228	PLINK2_1KG_DIRECT
RS1160682	RS1923211	EUR	0.90228	PLINK2_1KG_DIRECT
RS1160682	RS1923212	EUR	0.90228	PLINK2_1KG_DIRECT
RS1160682	RS2008280	EUR	0.90228	PLINK2_1KG_DIRECT
RS1160682	RS6668602	EUR	0.90228	PLINK2_1KG_DIRECT
RS1160682	RS10493516	EUR	0.90228	PLINK2_1KG_DIRECT
RS1160682	RS2180946	EUR	0.90228	PLINK2_1KG_DIRECT
RS1160682	RS1923214	EUR	0.90228	PLINK2_1KG_DIRECT
RS1160682	RS2340399	EUR	0.90228	PLINK2_1KG_DIRECT
RS1160682	RS2340400	EUR	0.894958	PLINK2_1KG_DIRECT
RS1160682	RS6655995	EUR	0.90228	PLINK2_1KG_DIRECT
RS1160682	RS6673702	EUR	0.90228	PLINK2_1KG_DIRECT
RS1160682	RS10890034	EUR	0.90228	PLINK2_1KG_DIRECT
RS1160682	RS10789369	EUR	0.905967	PLINK2_1KG_DIRECT
RS1160682	RS6681595	EUR	0.90228	PLINK2_1KG_DIRECT
RS1160682	RS10890035	EUR	0.90228	PLINK2_1KG_DIRECT
RS1160682	RS7541529	EUR	0.905967	PLINK2_1KG_DIRECT
RS1160682	RS1923216	EUR	0.894958	PLINK2_1KG_DIRECT
RS1160682	RS1923217	EUR	0.544987	PLINK2_1KG_DIRECT
RS1160682	RS1923218	EUR	0.90228	PLINK2_1KG_DIRECT
RS1160682	RS6689032	EUR	0.905967	PLINK2_1KG_DIRECT
RS1160682	RS7415137	EUR	0.90228	PLINK2_1KG_DIRECT
RS1160682	RS10890036	EUR	0.90228	PLINK2_1KG_DIRECT
RS1160682	RS1923219	EUR	0.90228	PLINK2_1KG_DIRECT
RS1160682	RS2025080	EUR	0.905967	PLINK2_1KG_DIRECT
RS1160682	RS6702039	EUR	0.90228	PLINK2_1KG_DIRECT
RS1160682	RS10749821	EUR	0.90228	PLINK2_1KG_DIRECT
RS1160682	RS11210215	EUR	0.90228	PLINK2_1KG_DIRECT
RS1160682	RS2340401	EUR	0.90228	PLINK2_1KG_DIRECT
RS1160682	RS2340402	EUR	0.544987	PLINK2_1KG_DIRECT
RS1160682	RS2340403	EUR	0.90228	PLINK2_1KG_DIRECT
RS1160682	RS1923222	EUR	0.90228	PLINK2_1KG_DIRECT
RS1160682	RS12034860	EUR	0.90228	PLINK2_1KG_DIRECT
RS1160682	RS12128161	EUR	0.894958	PLINK2_1KG_DIRECT
RS1160682	RS12128235	EUR	0.90228	PLINK2_1KG_DIRECT
RS1160682	RS12117304	EUR	0.90228	PLINK2_1KG_DIRECT
RS1160682	RS1923223	EUR	0.90228	PLINK2_1KG_DIRECT
RS1160682	RS1923224	EUR	0.90228	PLINK2_1KG_DIRECT
RS1160682	RS12406253	EUR	0.544987	PLINK2_1KG_DIRECT
RS1160682	RS7554968	EUR	0.90228	PLINK2_1KG_DIRECT
RS1160682	RS11210216	EUR	0.881761	PLINK2_1KG_DIRECT
RS1160682	RS7544965	EUR	0.881761	PLINK2_1KG_DIRECT
RS1160682	RS7516608	EUR	0.881761	PLINK2_1KG_DIRECT
RS1160682	RS1923225	EUR	0.526024	PLINK2_1KG_DIRECT
RS1160682	RS10890037	EUR	0.881761	PLINK2_1KG_DIRECT
RS1160682	RS10749822	EUR	0.885443	PLINK2_1KG_DIRECT
RS1160682	RS10736419	EUR	0.881761	PLINK2_1KG_DIRECT
RS1160682	RS11210217	EUR	0.881761	PLINK2_1KG_DIRECT
RS1160682	RS1923226	EUR	0.526024	PLINK2_1KG_DIRECT
RS1160682	RS11210218	EUR	0.526024	PLINK2_1KG_DIRECT
RS1160682	RS7546305	EUR	0.526024	PLINK2_1KG_DIRECT
RS1160682	RS7515828	EUR	0.824539	PLINK2_1KG_DIRECT
RS1160682	RS7546987	EUR	0.821125	PLINK2_1KG_DIRECT
RS1160682	RS7547059	EUR	0.804292	PLINK2_1KG_DIRECT
RS1160682	RS11581459	EUR	0.792963	PLINK2_1KG_DIRECT
RS1160682	RS12135094	EUR	0.807628	PLINK2_1KG_DIRECT
RS1160682	RS12120214	EUR	0.807628	PLINK2_1KG_DIRECT
RS1160682	RS12127629	EUR	0.807628	PLINK2_1KG_DIRECT
RS1160682	RS11210219	EUR	0.807628	PLINK2_1KG_DIRECT
RS1160682	RS10789370	EUR	0.807628	PLINK2_1KG_DIRECT
RS1160682	RS11210220	EUR	0.807628	PLINK2_1KG_DIRECT
RS1160682	RS11210221	EUR	0.807628	PLINK2_1KG_DIRECT
RS1160682	RS11210222	EUR	0.807628	PLINK2_1KG_DIRECT
RS1160682	RS1923228	EUR	0.807628	PLINK2_1KG_DIRECT
RS1160682	RS12718437	EUR	0.48453	PLINK2_1KG_DIRECT
RS1160682	RS6671130	EUR	0.807628	PLINK2_1KG_DIRECT
RS1160682	RS6671002	EUR	0.807628	PLINK2_1KG_DIRECT
RS1160682	RS6671203	EUR	0.807628	PLINK2_1KG_DIRECT
RS1160682	RS6673911	EUR	0.807628	PLINK2_1KG_DIRECT
RS1160682	RS6673919	EUR	0.807628	PLINK2_1KG_DIRECT
RS1160682	RS11210223	EUR	0.807628	PLINK2_1KG_DIRECT
RS1160682	RS11210224	EUR	0.807628	PLINK2_1KG_DIRECT
RS1160682	RS11210225	EUR	0.807628	PLINK2_1KG_DIRECT
RS1160682	RS1923230	EUR	0.807628	PLINK2_1KG_DIRECT
RS1160682	RS1923231	EUR	0.807628	PLINK2_1KG_DIRECT
RS1160682	RS1923233	EUR	0.807628	PLINK2_1KG_DIRECT
RS1160682	RS1923234	EUR	0.807628	PLINK2_1KG_DIRECT
RS1160682	RS1923236	EUR	0.807628	PLINK2_1KG_DIRECT
RS1160682	RS12044079	EUR	0.807628	PLINK2_1KG_DIRECT
RS1160682	RS11210226	EUR	0.807628	PLINK2_1KG_DIRECT
RS1160682	RS11210227	EUR	0.810979	PLINK2_1KG_DIRECT
RS1160682	RS1338645	EUR	0.810979	PLINK2_1KG_DIRECT
RS1160682	RS34547319	EUR	0.807628	PLINK2_1KG_DIRECT
RS1160682	RS55994666	EUR	0.807628	PLINK2_1KG_DIRECT
RS1160682	RS6701544	EUR	0.807628	PLINK2_1KG_DIRECT
RS1160682	RS6704376	EUR	0.807628	PLINK2_1KG_DIRECT
RS1160682	RS6704461	EUR	0.807628	PLINK2_1KG_DIRECT
RS1160682	RS6689493	EUR	0.810979	PLINK2_1KG_DIRECT
RS1160682	RS1984201	EUR	0.807628	PLINK2_1KG_DIRECT
RS1160682	RS1856410	EUR	0.807628	PLINK2_1KG_DIRECT
RS1160682	RS1338654	EUR	0.807628	PLINK2_1KG_DIRECT
RS1160682	RS5015579	EUR	0.803612	PLINK2_1KG_DIRECT
RS1160682	RS5015578	EUR	0.803612	PLINK2_1KG_DIRECT
RS1160682	RS11809026	EUR	0.807628	PLINK2_1KG_DIRECT
RS1160682	RS11805813	EUR	0.807628	PLINK2_1KG_DIRECT
RS1160682	RS12744582	EUR	0.807628	PLINK2_1KG_DIRECT
RS1160682	RS11805871	EUR	0.807628	PLINK2_1KG_DIRECT
RS1160682	RS11809098	EUR	0.807628	PLINK2_1KG_DIRECT
RS1160682	RS11809486	EUR	0.807628	PLINK2_1KG_DIRECT
RS1160682	RS10890039	EUR	0.799612	PLINK2_1KG_DIRECT
RS1160682	RS6696623	EUR	0.803612	PLINK2_1KG_DIRECT
RS1160682	RS11210229	EUR	0.807628	PLINK2_1KG_DIRECT
RS1160682	RS1923238	EUR	0.807628	PLINK2_1KG_DIRECT
RS1160682	RS1338651	EUR	0.807628	PLINK2_1KG_DIRECT
RS1160682	RS10159196	EUR	0.807628	PLINK2_1KG_DIRECT
RS1160682	RS1885249	EUR	0.807628	PLINK2_1KG_DIRECT
RS1160682	RS1416268	EUR	0.807628	PLINK2_1KG_DIRECT
RS1160682	RS1416269	EUR	0.807628	PLINK2_1KG_DIRECT
RS1160682	RS12035848	EUR	0.807628	PLINK2_1KG_DIRECT
RS1160682	RS12043387	EUR	0.807628	PLINK2_1KG_DIRECT
RS1160682	RS3964487	EUR	0.804292	PLINK2_1KG_DIRECT
RS1160682	RS1316718	EUR	0.48453	PLINK2_1KG_DIRECT
RS1160682	RS11210235	EUR	0.48453	PLINK2_1KG_DIRECT
RS1160682	RS11210236	EUR	0.48453	PLINK2_1KG_DIRECT
RS1160682	RS10465868	EUR	0.48453	PLINK2_1KG_DIRECT
RS1160682	RS10465869	EUR	0.48453	PLINK2_1KG_DIRECT
RS1160682	RS1475064	EUR	0.807628	PLINK2_1KG_DIRECT
RS1160682	RS12731986	EUR	0.807628	PLINK2_1KG_DIRECT
RS1160682	RS12044316	EUR	0.48453	PLINK2_1KG_DIRECT
RS1160682	RS7553998	EUR	0.48453	PLINK2_1KG_DIRECT
RS1160682	RS4557913	EUR	0.48453	PLINK2_1KG_DIRECT
RS1160682	RS1361244	EUR	0.48453	PLINK2_1KG_DIRECT
RS1160682	RS1338656	EUR	0.48453	PLINK2_1KG_DIRECT
RS1160682	RS11210237	EUR	0.48453	PLINK2_1KG_DIRECT
RS1160682	RS4354497	EUR	0.48453	PLINK2_1KG_DIRECT
RS1160682	RS1416274	EUR	0.48453	PLINK2_1KG_DIRECT
RS1160682	RS7521446	EUR	0.48453	PLINK2_1KG_DIRECT
RS1160682	RS7519030	EUR	0.48453	PLINK2_1KG_DIRECT
RS1160682	RS61765511	EUR	0.48453	PLINK2_1KG_DIRECT
RS1160682	RS61765512	EUR	0.48453	PLINK2_1KG_DIRECT
RS1160682	RS61765513	EUR	0.48453	PLINK2_1KG_DIRECT
RS1160682	RS4998957	EUR	0.48453	PLINK2_1KG_DIRECT
RS1160682	RS4636406	EUR	0.48453	PLINK2_1KG_DIRECT
RS1160682	RS1538375	EUR	0.48453	PLINK2_1KG_DIRECT
RS1160682	RS1538376	EUR	0.48453	PLINK2_1KG_DIRECT
RS1160682	RS1416266	EUR	0.48453	PLINK2_1KG_DIRECT
RS1160682	RS4406595	EUR	0.48453	PLINK2_1KG_DIRECT
RS1160682	RS1338647	EUR	0.48453	PLINK2_1KG_DIRECT
RS1160682	RS1338648	EUR	0.48453	PLINK2_1KG_DIRECT
RS1160682	RS1338649	EUR	0.48453	PLINK2_1KG_DIRECT
RS1160682	RS12569115	EUR	0.48453	PLINK2_1KG_DIRECT
RS1160682	RS12562533	EUR	0.48453	PLINK2_1KG_DIRECT
RS1160682	RS12565386	EUR	0.48453	PLINK2_1KG_DIRECT
RS1160682	RS56060088	EUR	0.472039	PLINK2_1KG_DIRECT
RS1160682	RS11580539	EUR	0.792295	PLINK2_1KG_DIRECT
RS1160682	RS6672225	EUR	0.471601	PLINK2_1KG_DIRECT
RS1160682	RS6669843	EUR	0.471601	PLINK2_1KG_DIRECT
RS1160682	RS11210242	EUR	0.471601	PLINK2_1KG_DIRECT
RS1160682	RS11210243	EUR	0.471601	PLINK2_1KG_DIRECT
RS1160682	RS11210244	EUR	0.471601	PLINK2_1KG_DIRECT
RS1160682	RS4523481	EUR	0.792295	PLINK2_1KG_DIRECT
RS1160682	RS1572668	EUR	0.471601	PLINK2_1KG_DIRECT
RS1160682	RS11210247	EUR	0.450314	PLINK2_1KG_DIRECT
RS1160682	RS4369181	EUR	0.471601	PLINK2_1KG_DIRECT
RS1160682	RS2095794	EUR	0.468006	PLINK2_1KG_DIRECT
RS1160682	RS12033505	EUR	0.471601	PLINK2_1KG_DIRECT
RS1160682	RS6679389	EUR	0.471601	PLINK2_1KG_DIRECT
RS1160682	RS4287126	EUR	0.471601	PLINK2_1KG_DIRECT
RS1160682	RS4113049	EUR	0.471601	PLINK2_1KG_DIRECT
RS1160682	RS4113050	EUR	0.471601	PLINK2_1KG_DIRECT
RS1160682	RS12747728	EUR	0.471601	PLINK2_1KG_DIRECT
RS1160682	RS11210251	EUR	0.471601	PLINK2_1KG_DIRECT
RS1160682	RS12037168	EUR	0.453815	PLINK2_1KG_DIRECT
RS1160682	RS11807366	EUR	0.792295	PLINK2_1KG_DIRECT
RS1160682	RS12039430	EUR	0.422968	PLINK2_1KG_DIRECT
RS1160682	RS11210257	EUR	0.439923	PLINK2_1KG_DIRECT
RS1160682	RS11210258	EUR	0.439923	PLINK2_1KG_DIRECT
RS1160682	RS11210259	EUR	0.439923	PLINK2_1KG_DIRECT
RS1160682	RS4361942	EUR	0.439923	PLINK2_1KG_DIRECT
RS1160682	RS12754690	EUR	0.439923	PLINK2_1KG_DIRECT
RS1160682	RS11210261	EUR	0.439923	PLINK2_1KG_DIRECT
RS1160682	RS11210263	EUR	0.439923	PLINK2_1KG_DIRECT
RS1160682	RS1578022	EUR	0.757071	PLINK2_1KG_DIRECT
RS1160682	RS12239956	EUR	0.439923	PLINK2_1KG_DIRECT
RS1160682	RS666532	EUR	0.760381	PLINK2_1KG_DIRECT
RS1160682	RS9425120	EUR	0.756535	PLINK2_1KG_DIRECT
RS1160682	RS7513375	EUR	0.438475	PLINK2_1KG_DIRECT
RS1160682	RS75407229	EUR	0.753226	PLINK2_1KG_DIRECT
RS1160682	RS1067872	EUR	0.756535	PLINK2_1KG_DIRECT
RS1160682	RS527068	EUR	0.756535	PLINK2_1KG_DIRECT
RS1160682	RS1021756	EUR	0.438475	PLINK2_1KG_DIRECT
RS1160682	RS477278	EUR	0.753226	PLINK2_1KG_DIRECT
RS1160682	RS1546271	EUR	0.753226	PLINK2_1KG_DIRECT
RS1160682	RS11210266	EUR	0.435062	PLINK2_1KG_DIRECT
RS1160682	RS10789373	EUR	0.74283	PLINK2_1KG_DIRECT
RS1160682	RS871819	EUR	0.746105	PLINK2_1KG_DIRECT
RS1160682	RS11800984	EUR	0.74283	PLINK2_1KG_DIRECT
RS1160682	RS7416650	EUR	0.433087	PLINK2_1KG_DIRECT
RS1160682	RS2173735	EUR	0.433087	PLINK2_1KG_DIRECT
RS1160682	RS12742409	EUR	0.433087	PLINK2_1KG_DIRECT
RS1160682	RS10465817	EUR	0.74283	PLINK2_1KG_DIRECT
RS1160682	RS7534840	EUR	0.74283	PLINK2_1KG_DIRECT
RS1160682	RS12026485	EUR	0.433087	PLINK2_1KG_DIRECT
RS1160682	RS11210274	EUR	0.74283	PLINK2_1KG_DIRECT
RS1160682	RS61605983	EUR	0.433087	PLINK2_1KG_DIRECT
RS1160682	RS2341392	EUR	0.429696	PLINK2_1KG_DIRECT
RS1160682	RS1338653	EUR	0.433087	PLINK2_1KG_DIRECT
RS1160682	RS686775	EUR	0.746105	PLINK2_1KG_DIRECT
RS1160682	RS12042444	EUR	0.74283	PLINK2_1KG_DIRECT
RS1160682	RS1604350	EUR	0.746105	PLINK2_1KG_DIRECT
RS1160682	RS11210276	EUR	0.433087	PLINK2_1KG_DIRECT
RS1160682	RS1160682	EAS	1	PLINK2_1KG_DIRECT
RS1160682	RS11210176	EAS	0.400171	PLINK2_1KG_DIRECT
RS1160682	RS12142152	EAS	0.400171	PLINK2_1KG_DIRECT
RS1160682	RS12136984	EAS	0.768166	PLINK2_1KG_DIRECT
RS1160682	RS4571923	EAS	1	PLINK2_1KG_DIRECT
RS1160682	RS11210195	EAS	0.930583	PLINK2_1KG_DIRECT
RS1160682	RS12044218	EAS	0.936073	PLINK2_1KG_DIRECT
RS1160682	RS10890029	EAS	0.970112	PLINK2_1KG_DIRECT
RS1160682	RS10890030	EAS	0.936073	PLINK2_1KG_DIRECT
RS1160682	RS7523829	EAS	0.993884	PLINK2_1KG_DIRECT
RS1160682	RS35641559	EAS	0.936073	PLINK2_1KG_DIRECT
RS1160682	RS11210201	EAS	0.970112	PLINK2_1KG_DIRECT
RS1160682	RS11210202	EAS	0.970112	PLINK2_1KG_DIRECT
RS1160682	RS12128495	EAS	0.970112	PLINK2_1KG_DIRECT
RS1160682	RS12129573	EAS	1	PLINK2_1KG_DIRECT
RS1160682	RS12145429	EAS	0.970112	PLINK2_1KG_DIRECT
RS1160682	RS12145432	EAS	0.970112	PLINK2_1KG_DIRECT
RS1160682	RS1923201	EAS	0.970112	PLINK2_1KG_DIRECT
RS1160682	RS1923202	EAS	0.970112	PLINK2_1KG_DIRECT
RS1160682	RS9425118	EAS	0.970112	PLINK2_1KG_DIRECT
RS1160682	RS2180945	EAS	0.936073	PLINK2_1KG_DIRECT
RS1160682	RS1475061	EAS	0.964	PLINK2_1KG_DIRECT
RS1160682	RS4593766	EAS	0.957903	PLINK2_1KG_DIRECT
RS1160682	RS6424545	EAS	0.957903	PLINK2_1KG_DIRECT
RS1160682	RS1475062	EAS	0.970112	PLINK2_1KG_DIRECT
RS1160682	RS1475063	EAS	0.970112	PLINK2_1KG_DIRECT
RS1160682	RS11210203	EAS	0.970112	PLINK2_1KG_DIRECT
RS1160682	RS6424546	EAS	0.964	PLINK2_1KG_DIRECT
RS1160682	RS6424547	EAS	0.964	PLINK2_1KG_DIRECT
RS1160682	RS6424548	EAS	0.970112	PLINK2_1KG_DIRECT
RS1160682	RS11210204	EAS	0.970112	PLINK2_1KG_DIRECT
RS1160682	RS11210205	EAS	0.970112	PLINK2_1KG_DIRECT
RS1160682	RS12061680	EAS	0.970112	PLINK2_1KG_DIRECT
RS1160682	RS11210207	EAS	0.970112	PLINK2_1KG_DIRECT
RS1160682	RS7517355	EAS	0.970112	PLINK2_1KG_DIRECT
RS1160682	RS7528322	EAS	0.970112	PLINK2_1KG_DIRECT
RS1160682	RS10127961	EAS	0.970112	PLINK2_1KG_DIRECT
RS1160682	RS10732841	EAS	0.970112	PLINK2_1KG_DIRECT
RS1160682	RS2340398	EAS	0.970112	PLINK2_1KG_DIRECT
RS1160682	RS10890032	EAS	1	PLINK2_1KG_DIRECT
RS1160682	RS11210209	EAS	0.970112	PLINK2_1KG_DIRECT
RS1160682	RS1885246	EAS	0.964304	PLINK2_1KG_DIRECT
RS1160682	RS1885247	EAS	0.970112	PLINK2_1KG_DIRECT
RS1160682	RS10749819	EAS	0.970112	PLINK2_1KG_DIRECT
RS1160682	RS10890033	EAS	0.970112	PLINK2_1KG_DIRECT
RS1160682	RS12036558	EAS	0.930583	PLINK2_1KG_DIRECT
RS1160682	RS2145784	EAS	0.970112	PLINK2_1KG_DIRECT
RS1160682	RS1923206	EAS	0.970112	PLINK2_1KG_DIRECT
RS1160682	RS6684973	EAS	1	PLINK2_1KG_DIRECT
RS1160682	RS1923207	EAS	0.970112	PLINK2_1KG_DIRECT
RS1160682	RS1120981	EAS	0.970112	PLINK2_1KG_DIRECT
RS1160682	RS6689226	EAS	0.970112	PLINK2_1KG_DIRECT
RS1160682	RS2208565	EAS	0.970112	PLINK2_1KG_DIRECT
RS1160682	RS2208566	EAS	0.970112	PLINK2_1KG_DIRECT
RS1160682	RS6700324	EAS	0.964	PLINK2_1KG_DIRECT
RS1160682	RS6702943	EAS	0.970112	PLINK2_1KG_DIRECT
RS1160682	RS1951361	EAS	0.970112	PLINK2_1KG_DIRECT
RS1160682	RS10749820	EAS	0.936073	PLINK2_1KG_DIRECT
RS1160682	RS11210211	EAS	0.970112	PLINK2_1KG_DIRECT
RS1160682	RS1923211	EAS	0.970112	PLINK2_1KG_DIRECT
RS1160682	RS1923212	EAS	0.970112	PLINK2_1KG_DIRECT
RS1160682	RS2008280	EAS	0.970112	PLINK2_1KG_DIRECT
RS1160682	RS6668602	EAS	0.970112	PLINK2_1KG_DIRECT
RS1160682	RS10493516	EAS	0.970112	PLINK2_1KG_DIRECT
RS1160682	RS2180946	EAS	0.970112	PLINK2_1KG_DIRECT
RS1160682	RS1923214	EAS	0.970112	PLINK2_1KG_DIRECT
RS1160682	RS2340399	EAS	0.970112	PLINK2_1KG_DIRECT
RS1160682	RS2340400	EAS	0.936073	PLINK2_1KG_DIRECT
RS1160682	RS6655995	EAS	0.970112	PLINK2_1KG_DIRECT
RS1160682	RS6673702	EAS	0.970112	PLINK2_1KG_DIRECT
RS1160682	RS10890034	EAS	0.970112	PLINK2_1KG_DIRECT
RS1160682	RS10789369	EAS	0.958194	PLINK2_1KG_DIRECT
RS1160682	RS6681595	EAS	0.970112	PLINK2_1KG_DIRECT
RS1160682	RS10890035	EAS	0.970112	PLINK2_1KG_DIRECT
RS1160682	RS7541529	EAS	0.970112	PLINK2_1KG_DIRECT
RS1160682	RS1923216	EAS	0.936073	PLINK2_1KG_DIRECT
RS1160682	RS1923217	EAS	0.936073	PLINK2_1KG_DIRECT
RS1160682	RS1923218	EAS	0.970112	PLINK2_1KG_DIRECT
RS1160682	RS6689032	EAS	0.970112	PLINK2_1KG_DIRECT
RS1160682	RS7415137	EAS	0.970112	PLINK2_1KG_DIRECT
RS1160682	RS10890036	EAS	0.970112	PLINK2_1KG_DIRECT
RS1160682	RS1923219	EAS	0.970112	PLINK2_1KG_DIRECT
RS1160682	RS2025080	EAS	0.970112	PLINK2_1KG_DIRECT
RS1160682	RS6702039	EAS	0.970112	PLINK2_1KG_DIRECT
RS1160682	RS10749821	EAS	0.970112	PLINK2_1KG_DIRECT
RS1160682	RS11210215	EAS	0.970112	PLINK2_1KG_DIRECT
RS1160682	RS2340401	EAS	0.970112	PLINK2_1KG_DIRECT
RS1160682	RS2340402	EAS	0.936073	PLINK2_1KG_DIRECT
RS1160682	RS2340403	EAS	0.970112	PLINK2_1KG_DIRECT
RS1160682	RS1923222	EAS	0.970112	PLINK2_1KG_DIRECT
RS1160682	RS12034860	EAS	0.970112	PLINK2_1KG_DIRECT
RS1160682	RS12128161	EAS	0.930583	PLINK2_1KG_DIRECT
RS1160682	RS12128235	EAS	0.970112	PLINK2_1KG_DIRECT
RS1160682	RS12117304	EAS	0.970112	PLINK2_1KG_DIRECT
RS1160682	RS1923223	EAS	0.970112	PLINK2_1KG_DIRECT
RS1160682	RS1923224	EAS	0.970112	PLINK2_1KG_DIRECT
RS1160682	RS12406253	EAS	0.936073	PLINK2_1KG_DIRECT
RS1160682	RS7554968	EAS	0.970112	PLINK2_1KG_DIRECT
RS1160682	RS11210216	EAS	0.970112	PLINK2_1KG_DIRECT
RS1160682	RS7544965	EAS	0.970112	PLINK2_1KG_DIRECT
RS1160682	RS7516608	EAS	0.970112	PLINK2_1KG_DIRECT
RS1160682	RS1923225	EAS	0.936073	PLINK2_1KG_DIRECT
RS1160682	RS10890037	EAS	0.970112	PLINK2_1KG_DIRECT
RS1160682	RS10749822	EAS	0.970112	PLINK2_1KG_DIRECT
RS1160682	RS10736419	EAS	0.970112	PLINK2_1KG_DIRECT
RS1160682	RS11210217	EAS	0.970112	PLINK2_1KG_DIRECT
RS1160682	RS1923226	EAS	0.918405	PLINK2_1KG_DIRECT
RS1160682	RS11210218	EAS	0.918405	PLINK2_1KG_DIRECT
RS1160682	RS7546305	EAS	0.902254	PLINK2_1KG_DIRECT
RS1160682	RS7515828	EAS	0.896198	PLINK2_1KG_DIRECT
RS1160682	RS7546987	EAS	0.901529	PLINK2_1KG_DIRECT
RS1160682	RS7547059	EAS	0.885683	PLINK2_1KG_DIRECT
RS1160682	RS11581459	EAS	0.88488	PLINK2_1KG_DIRECT
RS1160682	RS12135094	EAS	0.896198	PLINK2_1KG_DIRECT
RS1160682	RS12120214	EAS	0.879651	PLINK2_1KG_DIRECT
RS1160682	RS12127629	EAS	0.879651	PLINK2_1KG_DIRECT
RS1160682	RS11210219	EAS	0.879651	PLINK2_1KG_DIRECT
RS1160682	RS10789370	EAS	0.890158	PLINK2_1KG_DIRECT
RS1160682	RS11210220	EAS	0.890158	PLINK2_1KG_DIRECT
RS1160682	RS11210221	EAS	0.890158	PLINK2_1KG_DIRECT
RS1160682	RS11210222	EAS	0.890158	PLINK2_1KG_DIRECT
RS1160682	RS1923228	EAS	0.88488	PLINK2_1KG_DIRECT
RS1160682	RS12718437	EAS	0.890158	PLINK2_1KG_DIRECT
RS1160682	RS6671130	EAS	0.88488	PLINK2_1KG_DIRECT
RS1160682	RS6671002	EAS	0.890158	PLINK2_1KG_DIRECT
RS1160682	RS6671203	EAS	0.890158	PLINK2_1KG_DIRECT
RS1160682	RS6673911	EAS	0.890158	PLINK2_1KG_DIRECT
RS1160682	RS6673919	EAS	0.890158	PLINK2_1KG_DIRECT
RS1160682	RS11210223	EAS	0.890158	PLINK2_1KG_DIRECT
RS1160682	RS11210224	EAS	0.890158	PLINK2_1KG_DIRECT
RS1160682	RS11210225	EAS	0.890158	PLINK2_1KG_DIRECT
RS1160682	RS1923230	EAS	0.890158	PLINK2_1KG_DIRECT
RS1160682	RS1923231	EAS	0.890158	PLINK2_1KG_DIRECT
RS1160682	RS1923233	EAS	0.890158	PLINK2_1KG_DIRECT
RS1160682	RS1923234	EAS	0.890158	PLINK2_1KG_DIRECT
RS1160682	RS1923236	EAS	0.890158	PLINK2_1KG_DIRECT
RS1160682	RS12044079	EAS	0.890158	PLINK2_1KG_DIRECT
RS1160682	RS11210226	EAS	0.890158	PLINK2_1KG_DIRECT
RS1160682	RS11210227	EAS	0.890158	PLINK2_1KG_DIRECT
RS1160682	RS1338645	EAS	0.890158	PLINK2_1KG_DIRECT
RS1160682	RS34547319	EAS	0.890158	PLINK2_1KG_DIRECT
RS1160682	RS55994666	EAS	0.890158	PLINK2_1KG_DIRECT
RS1160682	RS6701544	EAS	0.890158	PLINK2_1KG_DIRECT
RS1160682	RS6704376	EAS	0.890158	PLINK2_1KG_DIRECT
RS1160682	RS6704461	EAS	0.890158	PLINK2_1KG_DIRECT
RS1160682	RS6689493	EAS	0.890158	PLINK2_1KG_DIRECT
RS1160682	RS1984201	EAS	0.879651	PLINK2_1KG_DIRECT
RS1160682	RS1856410	EAS	0.890158	PLINK2_1KG_DIRECT
RS1160682	RS1338654	EAS	0.890158	PLINK2_1KG_DIRECT
RS1160682	RS5015579	EAS	0.890158	PLINK2_1KG_DIRECT
RS1160682	RS5015578	EAS	0.890158	PLINK2_1KG_DIRECT
RS1160682	RS11809026	EAS	0.890158	PLINK2_1KG_DIRECT
RS1160682	RS11805813	EAS	0.890158	PLINK2_1KG_DIRECT
RS1160682	RS12744582	EAS	0.890158	PLINK2_1KG_DIRECT
RS1160682	RS11805871	EAS	0.890158	PLINK2_1KG_DIRECT
RS1160682	RS11809098	EAS	0.890158	PLINK2_1KG_DIRECT
RS1160682	RS11809486	EAS	0.890158	PLINK2_1KG_DIRECT
RS1160682	RS10890039	EAS	0.872131	PLINK2_1KG_DIRECT
RS1160682	RS6696623	EAS	0.88488	PLINK2_1KG_DIRECT
RS1160682	RS11210229	EAS	0.890158	PLINK2_1KG_DIRECT
RS1160682	RS1923238	EAS	0.890158	PLINK2_1KG_DIRECT
RS1160682	RS1338651	EAS	0.890158	PLINK2_1KG_DIRECT
RS1160682	RS10159196	EAS	0.88488	PLINK2_1KG_DIRECT
RS1160682	RS1885249	EAS	0.890158	PLINK2_1KG_DIRECT
RS1160682	RS1416268	EAS	0.890158	PLINK2_1KG_DIRECT
RS1160682	RS1416269	EAS	0.890158	PLINK2_1KG_DIRECT
RS1160682	RS12035848	EAS	0.890158	PLINK2_1KG_DIRECT
RS1160682	RS12043387	EAS	0.890158	PLINK2_1KG_DIRECT
RS1160682	RS3964487	EAS	0.820445	PLINK2_1KG_DIRECT
RS1160682	RS1316718	EAS	0.820445	PLINK2_1KG_DIRECT
RS1160682	RS11210235	EAS	0.820445	PLINK2_1KG_DIRECT
RS1160682	RS11210236	EAS	0.825142	PLINK2_1KG_DIRECT
RS1160682	RS10465868	EAS	0.825142	PLINK2_1KG_DIRECT
RS1160682	RS10465869	EAS	0.825142	PLINK2_1KG_DIRECT
RS1160682	RS1475064	EAS	0.825142	PLINK2_1KG_DIRECT
RS1160682	RS12731986	EAS	0.820445	PLINK2_1KG_DIRECT
RS1160682	RS12044316	EAS	0.825142	PLINK2_1KG_DIRECT
RS1160682	RS7553998	EAS	0.820445	PLINK2_1KG_DIRECT
RS1160682	RS4557913	EAS	0.820445	PLINK2_1KG_DIRECT
RS1160682	RS1361244	EAS	0.820445	PLINK2_1KG_DIRECT
RS1160682	RS1338656	EAS	0.820445	PLINK2_1KG_DIRECT
RS1160682	RS11210237	EAS	0.820445	PLINK2_1KG_DIRECT
RS1160682	RS4354497	EAS	0.820445	PLINK2_1KG_DIRECT
RS1160682	RS1416274	EAS	0.820445	PLINK2_1KG_DIRECT
RS1160682	RS7521446	EAS	0.820445	PLINK2_1KG_DIRECT
RS1160682	RS7519030	EAS	0.820445	PLINK2_1KG_DIRECT
RS1160682	RS61765511	EAS	0.820445	PLINK2_1KG_DIRECT
RS1160682	RS61765512	EAS	0.820445	PLINK2_1KG_DIRECT
RS1160682	RS61765513	EAS	0.820445	PLINK2_1KG_DIRECT
RS1160682	RS4998957	EAS	0.820445	PLINK2_1KG_DIRECT
RS1160682	RS4636406	EAS	0.820445	PLINK2_1KG_DIRECT
RS1160682	RS1538375	EAS	0.820445	PLINK2_1KG_DIRECT
RS1160682	RS1538376	EAS	0.820445	PLINK2_1KG_DIRECT
RS1160682	RS1416266	EAS	0.820445	PLINK2_1KG_DIRECT
RS1160682	RS4406595	EAS	0.820445	PLINK2_1KG_DIRECT
RS1160682	RS1338647	EAS	0.820445	PLINK2_1KG_DIRECT
RS1160682	RS1338648	EAS	0.820445	PLINK2_1KG_DIRECT
RS1160682	RS1338649	EAS	0.820445	PLINK2_1KG_DIRECT
RS1160682	RS12569115	EAS	0.815789	PLINK2_1KG_DIRECT
RS1160682	RS12562533	EAS	0.820445	PLINK2_1KG_DIRECT
RS1160682	RS12565386	EAS	0.802629	PLINK2_1KG_DIRECT
RS1160682	RS56060088	EAS	0.802629	PLINK2_1KG_DIRECT
RS1160682	RS11580539	EAS	0.802629	PLINK2_1KG_DIRECT
RS1160682	RS6672225	EAS	0.802629	PLINK2_1KG_DIRECT
RS1160682	RS6669843	EAS	0.802629	PLINK2_1KG_DIRECT
RS1160682	RS11210242	EAS	0.802629	PLINK2_1KG_DIRECT
RS1160682	RS11210243	EAS	0.802629	PLINK2_1KG_DIRECT
RS1160682	RS11210244	EAS	0.802629	PLINK2_1KG_DIRECT
RS1160682	RS4523481	EAS	0.802629	PLINK2_1KG_DIRECT
RS1160682	RS1572668	EAS	0.792091	PLINK2_1KG_DIRECT
RS1160682	RS11210247	EAS	0.7875	PLINK2_1KG_DIRECT
RS1160682	RS4369181	EAS	0.751247	PLINK2_1KG_DIRECT
RS1160682	RS2095794	EAS	0.751247	PLINK2_1KG_DIRECT
RS1160682	RS12033505	EAS	0.751247	PLINK2_1KG_DIRECT
RS1160682	RS6679389	EAS	0.751247	PLINK2_1KG_DIRECT
RS1160682	RS4287126	EAS	0.751247	PLINK2_1KG_DIRECT
RS1160682	RS4113049	EAS	0.751247	PLINK2_1KG_DIRECT
RS1160682	RS4113050	EAS	0.751247	PLINK2_1KG_DIRECT
RS1160682	RS12747728	EAS	0.751247	PLINK2_1KG_DIRECT
RS1160682	RS11210251	EAS	0.751247	PLINK2_1KG_DIRECT
RS1160682	RS12037168	EAS	0.751247	PLINK2_1KG_DIRECT
RS1160682	RS11807366	EAS	0.751247	PLINK2_1KG_DIRECT
RS1160682	RS12039430	EAS	0.742199	PLINK2_1KG_DIRECT
RS1160682	RS11210257	EAS	0.746702	PLINK2_1KG_DIRECT
RS1160682	RS11210258	EAS	0.746702	PLINK2_1KG_DIRECT
RS1160682	RS11210259	EAS	0.746702	PLINK2_1KG_DIRECT
RS1160682	RS4361942	EAS	0.746702	PLINK2_1KG_DIRECT
RS1160682	RS12754690	EAS	0.731986	PLINK2_1KG_DIRECT
RS1160682	RS11210261	EAS	0.746702	PLINK2_1KG_DIRECT
RS1160682	RS11210263	EAS	0.746702	PLINK2_1KG_DIRECT
RS1160682	RS1578022	EAS	0.746702	PLINK2_1KG_DIRECT
RS1160682	RS12239956	EAS	0.746702	PLINK2_1KG_DIRECT
RS1160682	RS666532	EAS	0.746702	PLINK2_1KG_DIRECT
RS1160682	RS9425120	EAS	0.724977	PLINK2_1KG_DIRECT
RS1160682	RS7513375	EAS	0.752482	PLINK2_1KG_DIRECT
RS1160682	RS75407229	EAS	0.758278	PLINK2_1KG_DIRECT
RS1160682	RS1067872	EAS	0.758278	PLINK2_1KG_DIRECT
RS1160682	RS527068	EAS	0.758278	PLINK2_1KG_DIRECT
RS1160682	RS1021756	EAS	0.758278	PLINK2_1KG_DIRECT
RS1160682	RS477278	EAS	0.749283	PLINK2_1KG_DIRECT
RS1160682	RS1546271	EAS	0.753761	PLINK2_1KG_DIRECT
RS1160682	RS11210266	EAS	0.740448	PLINK2_1KG_DIRECT
RS1160682	RS10789373	EAS	0.737736	PLINK2_1KG_DIRECT
RS1160682	RS871819	EAS	0.737736	PLINK2_1KG_DIRECT
RS1160682	RS11800984	EAS	0.737736	PLINK2_1KG_DIRECT
RS1160682	RS7416650	EAS	0.737736	PLINK2_1KG_DIRECT
RS1160682	RS2173735	EAS	0.737736	PLINK2_1KG_DIRECT
RS1160682	RS12742409	EAS	0.737736	PLINK2_1KG_DIRECT
RS1160682	RS10465817	EAS	0.737736	PLINK2_1KG_DIRECT
RS1160682	RS7534840	EAS	0.737736	PLINK2_1KG_DIRECT
RS1160682	RS12026485	EAS	0.737736	PLINK2_1KG_DIRECT
RS1160682	RS11210274	EAS	0.737736	PLINK2_1KG_DIRECT
RS1160682	RS61605983	EAS	0.737736	PLINK2_1KG_DIRECT
RS1160682	RS2341392	EAS	0.737736	PLINK2_1KG_DIRECT
RS1160682	RS1338653	EAS	0.737736	PLINK2_1KG_DIRECT
RS1160682	RS686775	EAS	0.737736	PLINK2_1KG_DIRECT
RS1160682	RS12042444	EAS	0.733313	PLINK2_1KG_DIRECT
RS1160682	RS1604350	EAS	0.737736	PLINK2_1KG_DIRECT
RS1160682	RS11210276	EAS	0.737736	PLINK2_1KG_DIRECT
RS9272278	RS9272278	EUR	1	PLINK2_1KG_DIRECT
RS9272278	RS9270541	EUR	0.342239	PLINK2_1KG_DIRECT
RS9272278	RS9270549	EUR	0.319453	PLINK2_1KG_DIRECT
RS9272278	RS9270580	EUR	0.330178	PLINK2_1KG_DIRECT
RS9272278	RS9270651	EUR	0.438211	PLINK2_1KG_DIRECT
RS9272278	RS9270652	EUR	0.438211	PLINK2_1KG_DIRECT
RS9272278	RS9270653	EUR	0.433695	PLINK2_1KG_DIRECT
RS9272278	RS9270657	EUR	0.460074	PLINK2_1KG_DIRECT
RS9272278	RS647467	EUR	0.261615	PLINK2_1KG_DIRECT
RS9272278	RS9272226	EUR	0.124403	PLINK2_1KG_DIRECT
RS9272278	RS9272271	EUR	0.696887	PLINK2_1KG_DIRECT
RS9272278	RS9272302	EUR	0.4645	PLINK2_1KG_DIRECT
RS9272278	RS9272306	EUR	0.459177	PLINK2_1KG_DIRECT
RS9272278	RS9272309	EUR	0.172845	PLINK2_1KG_DIRECT
RS9272278	RS9272340	EUR	0.483116	PLINK2_1KG_DIRECT
RS9272278	RS9272414	EUR	0.623723	PLINK2_1KG_DIRECT
RS9272278	RS9272577	EUR	0.539661	PLINK2_1KG_DIRECT
RS9272278	RS9272604	EUR	0.51519	PLINK2_1KG_DIRECT
RS9272278	RS9272639	EUR	0.531813	PLINK2_1KG_DIRECT
RS9272278	RS9272655	EUR	0.469816	PLINK2_1KG_DIRECT
RS9272278	RS9272657	EUR	0.509766	PLINK2_1KG_DIRECT
RS9272278	RS9273175	EUR	0.506307	PLINK2_1KG_DIRECT
RS9272278	RS9273238	EUR	0.340131	PLINK2_1KG_DIRECT
RS9272278	RS6905975	EUR	0.240712	PLINK2_1KG_DIRECT
RS9272278	RS3135000	EUR	0.154111	PLINK2_1KG_DIRECT
RS9272278	RS2858302	EUR	0.156953	PLINK2_1KG_DIRECT
RS9272278	RS9272278	EAS	1	PLINK2_1KG_DIRECT
RS9272278	RS9270541	EAS	0.203355	PLINK2_1KG_DIRECT
RS9272278	RS9270549	EAS	0.24484	PLINK2_1KG_DIRECT
RS9272278	RS9270580	EAS	0.242617	PLINK2_1KG_DIRECT
RS9272278	RS9270651	EAS	0.268808	PLINK2_1KG_DIRECT
RS9272278	RS9270652	EAS	0.268808	PLINK2_1KG_DIRECT
RS9272278	RS9270653	EAS	0.268808	PLINK2_1KG_DIRECT
RS9272278	RS9270657	EAS	0.267705	PLINK2_1KG_DIRECT
RS9272278	RS9272226	EAS	0.211665	PLINK2_1KG_DIRECT
RS9272278	RS9272271	EAS	0.707629	PLINK2_1KG_DIRECT
RS9272278	RS9272302	EAS	0.600726	PLINK2_1KG_DIRECT
RS9272278	RS9272306	EAS	0.566082	PLINK2_1KG_DIRECT
RS9272278	RS9272309	EAS	0.130556	PLINK2_1KG_DIRECT
RS9272278	RS9272340	EAS	0.446681	PLINK2_1KG_DIRECT
RS9272278	RS9272414	EAS	0.592755	PLINK2_1KG_DIRECT
RS9272278	RS9272577	EAS	0.570807	PLINK2_1KG_DIRECT
RS9272278	RS9272604	EAS	0.48666	PLINK2_1KG_DIRECT
RS9272278	RS9272639	EAS	0.500789	PLINK2_1KG_DIRECT
RS9272278	RS9272655	EAS	0.531024	PLINK2_1KG_DIRECT
RS9272278	RS9272657	EAS	0.548118	PLINK2_1KG_DIRECT
RS9272278	RS9273175	EAS	0.531221	PLINK2_1KG_DIRECT
RS9272278	RS9273238	EAS	0.328073	PLINK2_1KG_DIRECT
RS9272278	RS6905975	EAS	0.501597	PLINK2_1KG_DIRECT
RS9272278	RS3135000	EAS	0.132619	PLINK2_1KG_DIRECT
RS9272278	RS2858302	EAS	0.248865	PLINK2_1KG_DIRECT
RS2893911	RS2893911	EUR	1	PLINK2_1KG_DIRECT
RS2893911	RS4713069	EUR	0.355036	PLINK2_1KG_DIRECT
RS2893911	RS858977	EUR	0.372498	PLINK2_1KG_DIRECT
RS2893911	RS1102565	EUR	0.375108	PLINK2_1KG_DIRECT
RS2893911	RS2295603	EUR	0.529683	PLINK2_1KG_DIRECT
RS2893911	RS4546474	EUR	0.535351	PLINK2_1KG_DIRECT
RS2893911	RS9357033	EUR	0.397329	PLINK2_1KG_DIRECT
RS2893911	RS3800314	EUR	0.547703	PLINK2_1KG_DIRECT
RS2893911	RS9379968	EUR	0.687832	PLINK2_1KG_DIRECT
RS2893911	RS2038044	EUR	0.687832	PLINK2_1KG_DIRECT
RS2893911	RS6909479	EUR	0.704223	PLINK2_1KG_DIRECT
RS2893911	RS6910659	EUR	0.693116	PLINK2_1KG_DIRECT
RS2893911	RS6913724	EUR	0.664297	PLINK2_1KG_DIRECT
RS2893911	RS6914521	EUR	0.662457	PLINK2_1KG_DIRECT
RS2893911	RS7746841	EUR	0.89716	PLINK2_1KG_DIRECT
RS2893911	RS4559087	EUR	0.872419	PLINK2_1KG_DIRECT
RS2893911	RS7771953	EUR	0.975885	PLINK2_1KG_DIRECT
RS2893911	RS6456772	EUR	0.890016	PLINK2_1KG_DIRECT
RS2893911	RS9366689	EUR	0.979883	PLINK2_1KG_DIRECT
RS2893911	RS3800319	EUR	0.987907	PLINK2_1KG_DIRECT
RS2893911	RS2092114	EUR	0.861471	PLINK2_1KG_DIRECT
RS2893911	RS9368501	EUR	0.878913	PLINK2_1KG_DIRECT
RS2893911	RS7744605	EUR	0.854726	PLINK2_1KG_DIRECT
RS2893911	RS1654774	EUR	0.108546	PLINK2_1KG_DIRECT
RS2893911	RS1150668	EUR	0.107338	PLINK2_1KG_DIRECT
RS2893911	RS2893911	EAS	1	PLINK2_1KG_DIRECT
RS2893911	RS4713069	EAS	0.265453	PLINK2_1KG_DIRECT
RS2893911	RS858977	EAS	0.35777	PLINK2_1KG_DIRECT
RS2893911	RS1102565	EAS	0.361988	PLINK2_1KG_DIRECT
RS2893911	RS2295603	EAS	0.49744	PLINK2_1KG_DIRECT
RS2893911	RS4546474	EAS	0.445738	PLINK2_1KG_DIRECT
RS2893911	RS9357033	EAS	0.417859	PLINK2_1KG_DIRECT
RS2893911	RS3800314	EAS	0.448153	PLINK2_1KG_DIRECT
RS2893911	RS9379968	EAS	0.460508	PLINK2_1KG_DIRECT
RS2893911	RS2038044	EAS	0.458	PLINK2_1KG_DIRECT
RS2893911	RS6909479	EAS	0.276076	PLINK2_1KG_DIRECT
RS2893911	RS6910659	EAS	0.27806	PLINK2_1KG_DIRECT
RS2893911	RS6913724	EAS	0.276076	PLINK2_1KG_DIRECT
RS2893911	RS6914521	EAS	0.317415	PLINK2_1KG_DIRECT
RS2893911	RS7746841	EAS	0.456435	PLINK2_1KG_DIRECT
RS2893911	RS4559087	EAS	0.456435	PLINK2_1KG_DIRECT
RS2893911	RS7771953	EAS	0.992899	PLINK2_1KG_DIRECT
RS2893911	RS6456772	EAS	0.462105	PLINK2_1KG_DIRECT
RS2893911	RS9366689	EAS	0.992933	PLINK2_1KG_DIRECT
RS2893911	RS3800319	EAS	1	PLINK2_1KG_DIRECT
RS2893911	RS2092114	EAS	0.468674	PLINK2_1KG_DIRECT
RS2893911	RS9368501	EAS	0.456435	PLINK2_1KG_DIRECT
RS2893911	RS7744605	EAS	0.456435	PLINK2_1KG_DIRECT
RS9265546	RS9265546	EUR	1	PLINK2_1KG_DIRECT
RS9265546	RS9265113	EUR	0.514643	PLINK2_1KG_DIRECT
RS9265546	RS9265168	EUR	0.694942	PLINK2_1KG_DIRECT
RS9265546	RS9265175	EUR	0.723877	PLINK2_1KG_DIRECT
RS9265546	RS9265184	EUR	0.709736	PLINK2_1KG_DIRECT
RS9265546	RS9265198	EUR	0.738233	PLINK2_1KG_DIRECT
RS9265546	RS9265215	EUR	0.729316	PLINK2_1KG_DIRECT
RS9265546	RS9265540	EUR	0.899308	PLINK2_1KG_DIRECT
RS9265546	RS9265548	EUR	0.962456	PLINK2_1KG_DIRECT
RS9265546	RS9265549	EUR	0.912938	PLINK2_1KG_DIRECT
RS9265546	RS9265554	EUR	0.765107	PLINK2_1KG_DIRECT
RS9265546	RS9265546	EAS	1	PLINK2_1KG_DIRECT
RS9265546	RS9265113	EAS	0.511615	PLINK2_1KG_DIRECT
RS9265546	RS9265168	EAS	0.709752	PLINK2_1KG_DIRECT
RS9265546	RS9265175	EAS	0.705375	PLINK2_1KG_DIRECT
RS9265546	RS9265184	EAS	0.68914	PLINK2_1KG_DIRECT
RS9265546	RS9265198	EAS	0.724797	PLINK2_1KG_DIRECT
RS9265546	RS9265215	EAS	0.701024	PLINK2_1KG_DIRECT
RS9265546	RS9265540	EAS	0.884797	PLINK2_1KG_DIRECT
RS9265546	RS9265548	EAS	0.99365	PLINK2_1KG_DIRECT
RS9265546	RS9265549	EAS	0.875439	PLINK2_1KG_DIRECT
RS9265546	RS9265554	EAS	0.739164	PLINK2_1KG_DIRECT
RS215011	RS215011	EUR	1	PLINK2_1KG_DIRECT
RS215011	RS148149244	EUR	0.678997	PLINK2_1KG_DIRECT
RS215011	RS115578938	EUR	0.678997	PLINK2_1KG_DIRECT
RS215011	RS78712602	EUR	0.678997	PLINK2_1KG_DIRECT
RS215011	RS76152345	EUR	0.678997	PLINK2_1KG_DIRECT
RS215011	RS77482156	EUR	0.678997	PLINK2_1KG_DIRECT
RS215011	RS77042011	EUR	0.678997	PLINK2_1KG_DIRECT
RS215011	RS80331120	EUR	0.678997	PLINK2_1KG_DIRECT
RS215011	RS77006546	EUR	0.747005	PLINK2_1KG_DIRECT
RS215011	RS76798435	EUR	0.747005	PLINK2_1KG_DIRECT
RS215011	RS77914161	EUR	0.747005	PLINK2_1KG_DIRECT
RS215011	RS77951490	EUR	0.747005	PLINK2_1KG_DIRECT
RS215011	RS115949281	EUR	0.747005	PLINK2_1KG_DIRECT
RS215011	RS76266945	EUR	0.747005	PLINK2_1KG_DIRECT
RS215011	RS138267301	EUR	0.747005	PLINK2_1KG_DIRECT
RS215011	RS74548903	EUR	0.747005	PLINK2_1KG_DIRECT
RS215011	RS6940230	EUR	0.747005	PLINK2_1KG_DIRECT
RS215011	RS74979580	EUR	0.70162	PLINK2_1KG_DIRECT
RS215011	RS74983924	EUR	0.747005	PLINK2_1KG_DIRECT
RS215011	RS75672316	EUR	0.747005	PLINK2_1KG_DIRECT
RS215011	RS138739848	EUR	0.747005	PLINK2_1KG_DIRECT
RS215011	RS78252389	EUR	0.747005	PLINK2_1KG_DIRECT
RS215011	RS116090114	EUR	0.747005	PLINK2_1KG_DIRECT
RS215011	RS79249301	EUR	0.747005	PLINK2_1KG_DIRECT
RS215011	RS76426173	EUR	0.792577	PLINK2_1KG_DIRECT
RS215011	RS2744301	EUR	0.886018	PLINK2_1KG_DIRECT
RS215011	RS940404	EUR	0.976761	PLINK2_1KG_DIRECT
RS215011	RS116418977	EUR	0.976761	PLINK2_1KG_DIRECT
RS215011	RS62392365	EUR	0.884288	PLINK2_1KG_DIRECT
RS79780963	RS79780963	EUR	1	PLINK2_1KG_DIRECT
RS79780963	RS79780963	EAS	1	PLINK2_1KG_DIRECT
RS9275222	RS9275222	EUR	1	PLINK2_1KG_DIRECT
RS9275222	RS9275052	EUR	0.391808	PLINK2_1KG_DIRECT
RS9275222	RS5002702	EUR	0.783417	PLINK2_1KG_DIRECT
RS9275222	RS4713587	EUR	0.790502	PLINK2_1KG_DIRECT
RS9275222	RS4713582	EUR	0.783417	PLINK2_1KG_DIRECT
RS9275222	RS4711304	EUR	0.783417	PLINK2_1KG_DIRECT
RS9275222	RS9275231	EUR	0.779511	PLINK2_1KG_DIRECT
RS9275222	RS9275238	EUR	0.725567	PLINK2_1KG_DIRECT
RS9275222	RS9275241	EUR	0.733154	PLINK2_1KG_DIRECT
RS9275222	RS9275243	EUR	0.764755	PLINK2_1KG_DIRECT
RS9275222	RS9275247	EUR	0.766987	PLINK2_1KG_DIRECT
RS9275222	RS6457617	EUR	0.783417	PLINK2_1KG_DIRECT
RS9275222	RS6457620	EUR	0.779511	PLINK2_1KG_DIRECT
RS9275222	RS2858310	EUR	0.487165	PLINK2_1KG_DIRECT
RS9275222	RS2647046	EUR	0.487165	PLINK2_1KG_DIRECT
RS9275222	RS2856717	EUR	0.489327	PLINK2_1KG_DIRECT
RS9275222	RS2858305	EUR	0.489327	PLINK2_1KG_DIRECT
RS9275222	RS2647051	EUR	0.489327	PLINK2_1KG_DIRECT
RS9275222	RS2856699	EUR	0.489327	PLINK2_1KG_DIRECT
RS9275222	RS9275521	EUR	0.489327	PLINK2_1KG_DIRECT
RS9275222	RS9275596	EUR	0.42522	PLINK2_1KG_DIRECT
RS9275222	RS9275222	EAS	1	PLINK2_1KG_DIRECT
RS9275222	RS9275052	EAS	0.118738	PLINK2_1KG_DIRECT
RS9275222	RS5002702	EAS	0.757918	PLINK2_1KG_DIRECT
RS9275222	RS4713587	EAS	0.768794	PLINK2_1KG_DIRECT
RS9275222	RS4713582	EAS	0.748734	PLINK2_1KG_DIRECT
RS9275222	RS4711304	EAS	0.742666	PLINK2_1KG_DIRECT
RS9275222	RS9275231	EAS	0.75405	PLINK2_1KG_DIRECT
RS9275222	RS9275238	EAS	0.514163	PLINK2_1KG_DIRECT
RS9275222	RS9275241	EAS	0.505592	PLINK2_1KG_DIRECT
RS9275222	RS9275243	EAS	0.738044	PLINK2_1KG_DIRECT
RS9275222	RS9275247	EAS	0.620421	PLINK2_1KG_DIRECT
RS9275222	RS6457617	EAS	0.757918	PLINK2_1KG_DIRECT
RS9275222	RS6457620	EAS	0.75405	PLINK2_1KG_DIRECT
RS9275222	RS2858310	EAS	0.220227	PLINK2_1KG_DIRECT
RS9275222	RS2647046	EAS	0.220227	PLINK2_1KG_DIRECT
RS9275222	RS2856717	EAS	0.220227	PLINK2_1KG_DIRECT
RS9275222	RS2858305	EAS	0.220227	PLINK2_1KG_DIRECT
RS9275222	RS2647051	EAS	0.220227	PLINK2_1KG_DIRECT
RS9275222	RS2856699	EAS	0.220227	PLINK2_1KG_DIRECT
RS9275222	RS9275521	EAS	0.220227	PLINK2_1KG_DIRECT
RS9275222	RS9275596	EAS	0.153664	PLINK2_1KG_DIRECT
RS2885287	RS2885287	EUR	1	PLINK2_1KG_DIRECT
RS2885287	RS5937157	EUR	1	PLINK2_1KG_DIRECT
RS2885287	RS2361468	EUR	0.986099	PLINK2_1KG_DIRECT
RS2885287	RS5937159	EUR	0.844184	PLINK2_1KG_DIRECT
RS2885287	RS11539157	EUR	0.938032	PLINK2_1KG_DIRECT
RS2885287	RS5937160	EUR	0.938032	PLINK2_1KG_DIRECT
RS2885287	RS7067170	EUR	0.938032	PLINK2_1KG_DIRECT
RS2885287	RS2885287	EAS	1	PLINK2_1KG_DIRECT
RS2885287	RS5937157	EAS	0.975358	PLINK2_1KG_DIRECT
RS2885287	RS5937159	EAS	0.887982	PLINK2_1KG_DIRECT
RS7112912	RS7112912	EUR	1	PLINK2_1KG_DIRECT
RS7112912	RS7113199	EUR	0.406677	PLINK2_1KG_DIRECT
RS7112912	RS11223774	EUR	0.404601	PLINK2_1KG_DIRECT
RS7112912	RS893952	EUR	0.366253	PLINK2_1KG_DIRECT
RS7112912	RS4937881	EUR	0.777221	PLINK2_1KG_DIRECT
RS7112912	RS7951640	EUR	0.777221	PLINK2_1KG_DIRECT
RS7112912	RS1440480	EUR	0.142548	PLINK2_1KG_DIRECT
RS7112912	RS7112912	EAS	1	PLINK2_1KG_DIRECT
RS7112912	RS7113199	EAS	0.904576	PLINK2_1KG_DIRECT
RS7112912	RS11223774	EAS	0.918121	PLINK2_1KG_DIRECT
RS7112912	RS893952	EAS	0.619253	PLINK2_1KG_DIRECT
RS7112912	RS4937881	EAS	0.642441	PLINK2_1KG_DIRECT
RS7112912	RS7951640	EAS	0.642441	PLINK2_1KG_DIRECT
RS2531805	RS2531805	EUR	1	PLINK2_1KG_DIRECT
RS2531805	RS2213806	EUR	0.533525	PLINK2_1KG_DIRECT
RS2531805	RS2531805	EAS	1	PLINK2_1KG_DIRECT
RS2531805	RS2213806	EAS	0.663002	PLINK2_1KG_DIRECT
RS7108770	RS7108770	EUR	1	PLINK2_1KG_DIRECT
RS7108770	RS7476	EUR	0.379061	PLINK2_1KG_DIRECT
RS7108770	RS1044796	EUR	0.748323	PLINK2_1KG_DIRECT
RS7108770	RS12285419	EUR	0.754825	PLINK2_1KG_DIRECT
RS7108770	RS61882674	EUR	0.859334	PLINK2_1KG_DIRECT
RS7108770	RS61882678	EUR	0.952344	PLINK2_1KG_DIRECT
RS7108770	RS876701	EUR	0.95916	PLINK2_1KG_DIRECT
RS7108770	RS7951870	EUR	0.986335	PLINK2_1KG_DIRECT
RS7108770	RS61882682	EUR	0.938959	PLINK2_1KG_DIRECT
RS7108770	RS59319338	EUR	0.932257	PLINK2_1KG_DIRECT
RS7108770	RS12577142	EUR	0.939126	PLINK2_1KG_DIRECT
RS7108770	RS12576115	EUR	0.912176	PLINK2_1KG_DIRECT
RS7108770	RS12575519	EUR	0.959153	PLINK2_1KG_DIRECT
RS7108770	RS3740977	EUR	0.91871	PLINK2_1KG_DIRECT
RS7108770	RS7936413	EUR	0.972708	PLINK2_1KG_DIRECT
RS7108770	RS2046768	EUR	0.972708	PLINK2_1KG_DIRECT
RS7108770	RS3740974	EUR	0.972708	PLINK2_1KG_DIRECT
RS7108770	RS34406563	EUR	0.932952	PLINK2_1KG_DIRECT
RS7108770	RS2279465	EUR	0.972708	PLINK2_1KG_DIRECT
RS7108770	RS35324223	EUR	0.979504	PLINK2_1KG_DIRECT
RS7108770	RS2067482	EUR	0.938959	PLINK2_1KG_DIRECT
RS7108770	RS7946705	EUR	0.945595	PLINK2_1KG_DIRECT
RS7108770	RS12574668	EUR	0.979504	PLINK2_1KG_DIRECT
RS7108770	RS111449880	EUR	0.95241	PLINK2_1KG_DIRECT
RS7108770	RS61882691	EUR	0.945676	PLINK2_1KG_DIRECT
RS7108770	RS12283172	EUR	0.95241	PLINK2_1KG_DIRECT
RS7108770	RS61882701	EUR	0.95241	PLINK2_1KG_DIRECT
RS7108770	RS6485682	EUR	0.986321	PLINK2_1KG_DIRECT
RS7108770	RS61882702	EUR	0.938959	PLINK2_1KG_DIRECT
RS7108770	RS16938506	EUR	0.986321	PLINK2_1KG_DIRECT
RS7108770	RS2291487	EUR	0.945676	PLINK2_1KG_DIRECT
RS7108770	RS75748389	EUR	0.95241	PLINK2_1KG_DIRECT
RS7108770	RS2864076	EUR	0.986321	PLINK2_1KG_DIRECT
RS7108770	RS61882706	EUR	0.945676	PLINK2_1KG_DIRECT
RS7108770	RS2171668	EUR	0.986321	PLINK2_1KG_DIRECT
RS7108770	RS2864072	EUR	0.95241	PLINK2_1KG_DIRECT
RS7108770	RS7951579	EUR	1	PLINK2_1KG_DIRECT
RS7108770	RS11038897	EUR	0.986321	PLINK2_1KG_DIRECT
RS7108770	RS61882709	EUR	0.979506	PLINK2_1KG_DIRECT
RS7108770	RS61882710	EUR	0.945676	PLINK2_1KG_DIRECT
RS7108770	RS80031726	EUR	0.945676	PLINK2_1KG_DIRECT
RS7108770	RS61882712	EUR	0.945676	PLINK2_1KG_DIRECT
RS7108770	RS7930103	EUR	0.95241	PLINK2_1KG_DIRECT
RS7108770	RS1472001	EUR	0.95241	PLINK2_1KG_DIRECT
RS7108770	RS12574250	EUR	0.938861	PLINK2_1KG_DIRECT
RS7108770	RS11038900	EUR	0.979504	PLINK2_1KG_DIRECT
RS7108770	RS7130141	EUR	0.979504	PLINK2_1KG_DIRECT
RS7108770	RS58147945	EUR	0.979506	PLINK2_1KG_DIRECT
RS7108770	RS1489192	EUR	0.979506	PLINK2_1KG_DIRECT
RS7108770	RS7112229	EUR	0.95241	PLINK2_1KG_DIRECT
RS7108770	RS12578042	EUR	0.986321	PLINK2_1KG_DIRECT
RS7108770	RS3802888	EUR	0.986321	PLINK2_1KG_DIRECT
RS7108770	RS2902858	EUR	0.986321	PLINK2_1KG_DIRECT
RS7108770	RS12576359	EUR	0.95241	PLINK2_1KG_DIRECT
RS7108770	RS10838602	EUR	0.95241	PLINK2_1KG_DIRECT
RS7108770	RS11038906	EUR	0.979504	PLINK2_1KG_DIRECT
RS7108770	RS61882720	EUR	0.938861	PLINK2_1KG_DIRECT
RS7108770	RS12272795	EUR	0.9322	PLINK2_1KG_DIRECT
RS7108770	RS7932866	EUR	0.945595	PLINK2_1KG_DIRECT
RS7108770	RS61882743	EUR	0.993183	PLINK2_1KG_DIRECT
RS7108770	RS10160701	EUR	0.986321	PLINK2_1KG_DIRECT
RS7108770	RS112419908	EUR	0.945676	PLINK2_1KG_DIRECT
RS7108770	RS11819869	EUR	0.986321	PLINK2_1KG_DIRECT
RS7108770	RS11038914	EUR	0.986321	PLINK2_1KG_DIRECT
RS7108770	RS61882746	EUR	0.979504	PLINK2_1KG_DIRECT
RS7108770	RS57535407	EUR	0.95241	PLINK2_1KG_DIRECT
RS7108770	RS12576317	EUR	0.945676	PLINK2_1KG_DIRECT
RS7108770	RS12573978	EUR	0.95241	PLINK2_1KG_DIRECT
RS7108770	RS61882748	EUR	0.95241	PLINK2_1KG_DIRECT
RS7108770	RS7127529	EUR	0.979506	PLINK2_1KG_DIRECT
RS7108770	RS61882750	EUR	0.979506	PLINK2_1KG_DIRECT
RS7108770	RS11038919	EUR	0.945676	PLINK2_1KG_DIRECT
RS7108770	RS112705011	EUR	0.938959	PLINK2_1KG_DIRECT
RS7108770	RS79445785	EUR	0.938959	PLINK2_1KG_DIRECT
RS7108770	RS7481312	EUR	0.945595	PLINK2_1KG_DIRECT
RS7108770	RS11038927	EUR	1	PLINK2_1KG_DIRECT
RS7108770	RS12295266	EUR	0.95241	PLINK2_1KG_DIRECT
RS7108770	RS61882756	EUR	0.945676	PLINK2_1KG_DIRECT
RS7108770	RS61882757	EUR	0.945595	PLINK2_1KG_DIRECT
RS7108770	RS61882758	EUR	0.986321	PLINK2_1KG_DIRECT
RS7108770	RS73449983	EUR	0.95916	PLINK2_1KG_DIRECT
RS7108770	RS7125907	EUR	0.95241	PLINK2_1KG_DIRECT
RS7108770	RS55661562	EUR	0.945676	PLINK2_1KG_DIRECT
RS7108770	RS35623865	EUR	0.986321	PLINK2_1KG_DIRECT
RS7108770	RS61884262	EUR	0.95241	PLINK2_1KG_DIRECT
RS7108770	RS6485685	EUR	0.95241	PLINK2_1KG_DIRECT
RS7108770	RS55657382	EUR	0.95241	PLINK2_1KG_DIRECT
RS7108770	RS7924401	EUR	0.986321	PLINK2_1KG_DIRECT
RS7108770	RS61884264	EUR	0.986321	PLINK2_1KG_DIRECT
RS7108770	RS7484002	EUR	0.95241	PLINK2_1KG_DIRECT
RS7108770	RS79317378	EUR	0.95241	PLINK2_1KG_DIRECT
RS7108770	RS12292425	EUR	0.95241	PLINK2_1KG_DIRECT
RS7108770	RS7122039	EUR	0.979504	PLINK2_1KG_DIRECT
RS7108770	RS60722866	EUR	0.986321	PLINK2_1KG_DIRECT
RS7108770	RS60932698	EUR	0.95241	PLINK2_1KG_DIRECT
RS7108770	RS61884271	EUR	0.945676	PLINK2_1KG_DIRECT
RS7108770	RS7128092	EUR	0.945676	PLINK2_1KG_DIRECT
RS7108770	RS7126316	EUR	0.925469	PLINK2_1KG_DIRECT
RS7108770	RS7126343	EUR	0.95241	PLINK2_1KG_DIRECT
RS7108770	RS61884273	EUR	0.945676	PLINK2_1KG_DIRECT
RS7108770	RS61884274	EUR	0.945676	PLINK2_1KG_DIRECT
RS7108770	RS4307676	EUR	0.945676	PLINK2_1KG_DIRECT
RS7108770	RS7109698	EUR	0.979504	PLINK2_1KG_DIRECT
RS7108770	RS55896955	EUR	0.945676	PLINK2_1KG_DIRECT
RS7108770	RS61884292	EUR	0.945676	PLINK2_1KG_DIRECT
RS7108770	RS4423142	EUR	0.95916	PLINK2_1KG_DIRECT
RS7108770	RS61884295	EUR	0.898798	PLINK2_1KG_DIRECT
RS7108770	RS56349329	EUR	0.892176	PLINK2_1KG_DIRECT
RS7108770	RS57744667	EUR	0.898798	PLINK2_1KG_DIRECT
RS7108770	RS4319473	EUR	0.87898	PLINK2_1KG_DIRECT
RS7108770	RS12574259	EUR	0.88557	PLINK2_1KG_DIRECT
RS7108770	RS79443985	EUR	0.878842	PLINK2_1KG_DIRECT
RS7108770	RS10838613	EUR	0.511364	PLINK2_1KG_DIRECT
RS7108770	RS7926389	EUR	0.892068	PLINK2_1KG_DIRECT
RS7108770	RS57739486	EUR	0.872253	PLINK2_1KG_DIRECT
RS7108770	RS12574918	EUR	0.872253	PLINK2_1KG_DIRECT
RS7108770	RS11038973	EUR	0.878842	PLINK2_1KG_DIRECT
RS7108770	RS11038974	EUR	0.878842	PLINK2_1KG_DIRECT
RS7108770	RS61884301	EUR	0.865679	PLINK2_1KG_DIRECT
RS7108770	RS79175663	EUR	0.872253	PLINK2_1KG_DIRECT
RS7108770	RS7108770	EAS	1	PLINK2_1KG_DIRECT
RS7108770	RS1044796	EAS	0.199025	PLINK2_1KG_DIRECT
RS7108770	RS12285419	EAS	0.199025	PLINK2_1KG_DIRECT
RS7108770	RS61882674	EAS	0.405243	PLINK2_1KG_DIRECT
RS7108770	RS61882678	EAS	0.711713	PLINK2_1KG_DIRECT
RS7108770	RS876701	EAS	0.711713	PLINK2_1KG_DIRECT
RS7108770	RS7951870	EAS	0.861574	PLINK2_1KG_DIRECT
RS7108770	RS61882682	EAS	0.822536	PLINK2_1KG_DIRECT
RS7108770	RS59319338	EAS	0.807904	PLINK2_1KG_DIRECT
RS7108770	RS12577142	EAS	0.822536	PLINK2_1KG_DIRECT
RS7108770	RS12576115	EAS	0.822536	PLINK2_1KG_DIRECT
RS7108770	RS12575519	EAS	0.861574	PLINK2_1KG_DIRECT
RS7108770	RS3740977	EAS	0.822536	PLINK2_1KG_DIRECT
RS7108770	RS7936413	EAS	0.822536	PLINK2_1KG_DIRECT
RS7108770	RS2046768	EAS	0.822536	PLINK2_1KG_DIRECT
RS7108770	RS3740974	EAS	0.822536	PLINK2_1KG_DIRECT
RS7108770	RS34406563	EAS	0.861574	PLINK2_1KG_DIRECT
RS7108770	RS2279465	EAS	0.822536	PLINK2_1KG_DIRECT
RS7108770	RS35324223	EAS	0.909009	PLINK2_1KG_DIRECT
RS7108770	RS2067482	EAS	0.960253	PLINK2_1KG_DIRECT
RS7108770	RS7946705	EAS	0.960253	PLINK2_1KG_DIRECT
RS7108770	RS12574668	EAS	1	PLINK2_1KG_DIRECT
RS7108770	RS111449880	EAS	0.940721	PLINK2_1KG_DIRECT
RS7108770	RS61882691	EAS	0.960253	PLINK2_1KG_DIRECT
RS7108770	RS12283172	EAS	0.960253	PLINK2_1KG_DIRECT
RS7108770	RS61882701	EAS	0.960253	PLINK2_1KG_DIRECT
RS7108770	RS6485682	EAS	0.980454	PLINK2_1KG_DIRECT
RS7108770	RS61882702	EAS	0.886387	PLINK2_1KG_DIRECT
RS7108770	RS16938506	EAS	1	PLINK2_1KG_DIRECT
RS7108770	RS2291487	EAS	0.960253	PLINK2_1KG_DIRECT
RS7108770	RS75748389	EAS	0.960253	PLINK2_1KG_DIRECT
RS7108770	RS2864076	EAS	0.960253	PLINK2_1KG_DIRECT
RS7108770	RS61882706	EAS	0.940721	PLINK2_1KG_DIRECT
RS7108770	RS2171668	EAS	1	PLINK2_1KG_DIRECT
RS7108770	RS2864072	EAS	0.960253	PLINK2_1KG_DIRECT
RS7108770	RS7951579	EAS	1	PLINK2_1KG_DIRECT
RS7108770	RS11038897	EAS	1	PLINK2_1KG_DIRECT
RS7108770	RS61882709	EAS	1	PLINK2_1KG_DIRECT
RS7108770	RS61882710	EAS	0.960253	PLINK2_1KG_DIRECT
RS7108770	RS80031726	EAS	0.960253	PLINK2_1KG_DIRECT
RS7108770	RS61882712	EAS	0.960253	PLINK2_1KG_DIRECT
RS7108770	RS7930103	EAS	0.960253	PLINK2_1KG_DIRECT
RS7108770	RS1472001	EAS	0.960253	PLINK2_1KG_DIRECT
RS7108770	RS12574250	EAS	0.960253	PLINK2_1KG_DIRECT
RS7108770	RS11038900	EAS	1	PLINK2_1KG_DIRECT
RS7108770	RS7130141	EAS	1	PLINK2_1KG_DIRECT
RS7108770	RS58147945	EAS	1	PLINK2_1KG_DIRECT
RS7108770	RS1489192	EAS	1	PLINK2_1KG_DIRECT
RS7108770	RS7112229	EAS	0.960253	PLINK2_1KG_DIRECT
RS7108770	RS12578042	EAS	1	PLINK2_1KG_DIRECT
RS7108770	RS3802888	EAS	1	PLINK2_1KG_DIRECT
RS7108770	RS2902858	EAS	1	PLINK2_1KG_DIRECT
RS7108770	RS12576359	EAS	0.960253	PLINK2_1KG_DIRECT
RS7108770	RS10838602	EAS	0.960253	PLINK2_1KG_DIRECT
RS7108770	RS11038906	EAS	1	PLINK2_1KG_DIRECT
RS7108770	RS61882720	EAS	0.960253	PLINK2_1KG_DIRECT
RS7108770	RS12272795	EAS	0.921926	PLINK2_1KG_DIRECT
RS7108770	RS7932866	EAS	0.960253	PLINK2_1KG_DIRECT
RS7108770	RS61882743	EAS	1	PLINK2_1KG_DIRECT
RS7108770	RS10160701	EAS	1	PLINK2_1KG_DIRECT
RS7108770	RS112419908	EAS	0.960253	PLINK2_1KG_DIRECT
RS7108770	RS11819869	EAS	1	PLINK2_1KG_DIRECT
RS7108770	RS11038914	EAS	1	PLINK2_1KG_DIRECT
RS7108770	RS61882746	EAS	1	PLINK2_1KG_DIRECT
RS7108770	RS57535407	EAS	0.960253	PLINK2_1KG_DIRECT
RS7108770	RS12576317	EAS	0.960253	PLINK2_1KG_DIRECT
RS7108770	RS12573978	EAS	0.960253	PLINK2_1KG_DIRECT
RS7108770	RS61882748	EAS	0.960253	PLINK2_1KG_DIRECT
RS7108770	RS7127529	EAS	0.961618	PLINK2_1KG_DIRECT
RS7108770	RS61882750	EAS	1	PLINK2_1KG_DIRECT
RS7108770	RS11038919	EAS	0.960253	PLINK2_1KG_DIRECT
RS7108770	RS112705011	EAS	0.853341	PLINK2_1KG_DIRECT
RS7108770	RS79445785	EAS	0.960253	PLINK2_1KG_DIRECT
RS7108770	RS7481312	EAS	0.960253	PLINK2_1KG_DIRECT
RS7108770	RS11038927	EAS	1	PLINK2_1KG_DIRECT
RS7108770	RS12295266	EAS	0.960253	PLINK2_1KG_DIRECT
RS7108770	RS61882756	EAS	0.960253	PLINK2_1KG_DIRECT
RS7108770	RS61882757	EAS	0.940721	PLINK2_1KG_DIRECT
RS7108770	RS61882758	EAS	0.980454	PLINK2_1KG_DIRECT
RS7108770	RS73449983	EAS	1	PLINK2_1KG_DIRECT
RS7108770	RS7125907	EAS	0.960253	PLINK2_1KG_DIRECT
RS7108770	RS55661562	EAS	0.960253	PLINK2_1KG_DIRECT
RS7108770	RS35623865	EAS	1	PLINK2_1KG_DIRECT
RS7108770	RS61884262	EAS	0.960253	PLINK2_1KG_DIRECT
RS7108770	RS6485685	EAS	0.960253	PLINK2_1KG_DIRECT
RS7108770	RS55657382	EAS	0.960253	PLINK2_1KG_DIRECT
RS7108770	RS7924401	EAS	1	PLINK2_1KG_DIRECT
RS7108770	RS61884264	EAS	1	PLINK2_1KG_DIRECT
RS7108770	RS7484002	EAS	0.960253	PLINK2_1KG_DIRECT
RS7108770	RS79317378	EAS	0.960253	PLINK2_1KG_DIRECT
RS7108770	RS12292425	EAS	0.960253	PLINK2_1KG_DIRECT
RS7108770	RS7122039	EAS	0.961618	PLINK2_1KG_DIRECT
RS7108770	RS60722866	EAS	0.980454	PLINK2_1KG_DIRECT
RS7108770	RS60932698	EAS	0.960253	PLINK2_1KG_DIRECT
RS7108770	RS61884271	EAS	0.960253	PLINK2_1KG_DIRECT
RS7108770	RS7128092	EAS	0.960253	PLINK2_1KG_DIRECT
RS7108770	RS7126316	EAS	0.921926	PLINK2_1KG_DIRECT
RS7108770	RS7126343	EAS	1	PLINK2_1KG_DIRECT
RS7108770	RS61884273	EAS	0.960253	PLINK2_1KG_DIRECT
RS7108770	RS61884274	EAS	0.940721	PLINK2_1KG_DIRECT
RS7108770	RS4307676	EAS	0.960253	PLINK2_1KG_DIRECT
RS7108770	RS7109698	EAS	1	PLINK2_1KG_DIRECT
RS7108770	RS55896955	EAS	0.960253	PLINK2_1KG_DIRECT
RS7108770	RS61884292	EAS	0.960253	PLINK2_1KG_DIRECT
RS7108770	RS4423142	EAS	1	PLINK2_1KG_DIRECT
RS7108770	RS61884295	EAS	0.940442	PLINK2_1KG_DIRECT
RS7108770	RS56349329	EAS	0.940442	PLINK2_1KG_DIRECT
RS7108770	RS57744667	EAS	0.884079	PLINK2_1KG_DIRECT
RS7108770	RS4319473	EAS	0.884079	PLINK2_1KG_DIRECT
RS7108770	RS12574259	EAS	0.437647	PLINK2_1KG_DIRECT
RS7108770	RS79443985	EAS	0.452736	PLINK2_1KG_DIRECT
RS7108770	RS10838613	EAS	0.181811	PLINK2_1KG_DIRECT
RS7108770	RS7926389	EAS	0.457974	PLINK2_1KG_DIRECT
RS7108770	RS57739486	EAS	0.457974	PLINK2_1KG_DIRECT
RS7108770	RS12574918	EAS	0.457974	PLINK2_1KG_DIRECT
RS7108770	RS11038973	EAS	0.452736	PLINK2_1KG_DIRECT
RS7108770	RS11038974	EAS	0.452736	PLINK2_1KG_DIRECT
RS7108770	RS61884301	EAS	0.452736	PLINK2_1KG_DIRECT
RS7108770	RS79175663	EAS	0.452736	PLINK2_1KG_DIRECT
RS2970610	RS2970610	EUR	1	PLINK2_1KG_DIRECT
RS2970610	RS11210871	EUR	0.753846	PLINK2_1KG_DIRECT
RS2970610	RS3001723	EUR	0.797139	PLINK2_1KG_DIRECT
RS2970610	RS11210887	EUR	0.892429	PLINK2_1KG_DIRECT
RS2970610	RS549845	EUR	0.892429	PLINK2_1KG_DIRECT
RS2970610	RS499257	EUR	0.995707	PLINK2_1KG_DIRECT
RS2970610	RS603542	EUR	1	PLINK2_1KG_DIRECT
RS2970610	RS653953	EUR	0.97441	PLINK2_1KG_DIRECT
RS2970610	RS1143702	EUR	0.97441	PLINK2_1KG_DIRECT
RS2970610	RS11210892	EUR	1	PLINK2_1KG_DIRECT
RS2970610	RS2367724	EUR	0.961604	PLINK2_1KG_DIRECT
RS2970610	RS2970610	EAS	1	PLINK2_1KG_DIRECT
RS2970610	RS11210871	EAS	0.714425	PLINK2_1KG_DIRECT
RS2970610	RS3001723	EAS	0.61493	PLINK2_1KG_DIRECT
RS2970610	RS11210887	EAS	0.977109	PLINK2_1KG_DIRECT
RS2970610	RS549845	EAS	0.977109	PLINK2_1KG_DIRECT
RS2970610	RS499257	EAS	0.977112	PLINK2_1KG_DIRECT
RS2970610	RS603542	EAS	0.981667	PLINK2_1KG_DIRECT
RS2970610	RS653953	EAS	1	PLINK2_1KG_DIRECT
RS2970610	RS1143702	EAS	1	PLINK2_1KG_DIRECT
RS2970610	RS11210892	EAS	1	PLINK2_1KG_DIRECT
RS2970610	RS2367724	EAS	0.968484	PLINK2_1KG_DIRECT
RS5751191	RS5751191	EUR	1	PLINK2_1KG_DIRECT
RS5751191	RS763263	EUR	0.197325	PLINK2_1KG_DIRECT
RS5751191	RS7290134	EUR	0.154979	PLINK2_1KG_DIRECT
RS5751191	RS12158335	EUR	0.159672	PLINK2_1KG_DIRECT
RS5751191	RS9620001	EUR	0.179529	PLINK2_1KG_DIRECT
RS5751191	RS10154646	EUR	0.182264	PLINK2_1KG_DIRECT
RS5751191	RS6002546	EUR	0.127193	PLINK2_1KG_DIRECT
RS5751191	RS1047997	EUR	0.182264	PLINK2_1KG_DIRECT
RS5751191	RS1894713	EUR	0.182264	PLINK2_1KG_DIRECT
RS5751191	RS6002548	EUR	0.182264	PLINK2_1KG_DIRECT
RS5751191	RS6002552	EUR	0.182264	PLINK2_1KG_DIRECT
RS5751191	RS6002554	EUR	0.182264	PLINK2_1KG_DIRECT
RS5751191	RS3752591	EUR	0.182264	PLINK2_1KG_DIRECT
RS5751191	RS1023498	EUR	0.182264	PLINK2_1KG_DIRECT
RS5751191	RS1023499	EUR	0.182264	PLINK2_1KG_DIRECT
RS5751191	RS1023500	EUR	0.182264	PLINK2_1KG_DIRECT
RS5751191	RS7293091	EUR	0.182264	PLINK2_1KG_DIRECT
RS5751191	RS6002555	EUR	0.203465	PLINK2_1KG_DIRECT
RS5751191	RS4822076	EUR	0.383947	PLINK2_1KG_DIRECT
RS5751191	RS6519298	EUR	0.802139	PLINK2_1KG_DIRECT
RS5751191	RS5758527	EUR	0.865594	PLINK2_1KG_DIRECT
RS5751191	RS5751195	EUR	0.862596	PLINK2_1KG_DIRECT
RS5751191	RS133292	EUR	0.859149	PLINK2_1KG_DIRECT
RS5751191	RS133293	EUR	0.859149	PLINK2_1KG_DIRECT
RS5751191	RS133294	EUR	0.855715	PLINK2_1KG_DIRECT
RS5751191	RS6519301	EUR	0.862596	PLINK2_1KG_DIRECT
RS5751191	RS133300	EUR	0.855216	PLINK2_1KG_DIRECT
RS5751191	RS133301	EUR	0.855216	PLINK2_1KG_DIRECT
RS5751191	RS133303	EUR	0.840085	PLINK2_1KG_DIRECT
RS5751191	RS133305	EUR	0.851783	PLINK2_1KG_DIRECT
RS5751191	RS133306	EUR	0.851783	PLINK2_1KG_DIRECT
RS5751191	RS133307	EUR	0.851783	PLINK2_1KG_DIRECT
RS5751191	RS5758537	EUR	0.851783	PLINK2_1KG_DIRECT
RS5751191	RS129855	EUR	0.851783	PLINK2_1KG_DIRECT
RS5751191	RS129856	EUR	0.851783	PLINK2_1KG_DIRECT
RS5751191	RS129857	EUR	0.851783	PLINK2_1KG_DIRECT
RS5751191	RS6002571	EUR	0.851783	PLINK2_1KG_DIRECT
RS5751191	RS133313	EUR	0.840085	PLINK2_1KG_DIRECT
RS5751191	RS133314	EUR	0.840085	PLINK2_1KG_DIRECT
RS5751191	RS133318	EUR	0.840085	PLINK2_1KG_DIRECT
RS5751191	RS133321	EUR	0.855216	PLINK2_1KG_DIRECT
RS5751191	RS133322	EUR	0.851783	PLINK2_1KG_DIRECT
RS5751191	RS133323	EUR	0.855216	PLINK2_1KG_DIRECT
RS5751191	RS133324	EUR	0.855216	PLINK2_1KG_DIRECT
RS5751191	RS133325	EUR	0.855216	PLINK2_1KG_DIRECT
RS5751191	RS133326	EUR	0.855216	PLINK2_1KG_DIRECT
RS5751191	RS133327	EUR	0.855216	PLINK2_1KG_DIRECT
RS5751191	RS133328	EUR	0.855216	PLINK2_1KG_DIRECT
RS5751191	RS133330	EUR	0.855216	PLINK2_1KG_DIRECT
RS5751191	RS133335	EUR	0.832369	PLINK2_1KG_DIRECT
RS5751191	RS133336	EUR	0.855216	PLINK2_1KG_DIRECT
RS5751191	RS133339	EUR	0.832369	PLINK2_1KG_DIRECT
RS5751191	RS133340	EUR	0.851783	PLINK2_1KG_DIRECT
RS5751191	RS133346	EUR	0.840085	PLINK2_1KG_DIRECT
RS5751191	RS2301521	EUR	0.412656	PLINK2_1KG_DIRECT
RS5751191	RS133347	EUR	0.840085	PLINK2_1KG_DIRECT
RS5751191	RS133348	EUR	0.840085	PLINK2_1KG_DIRECT
RS5751191	RS133349	EUR	0.840085	PLINK2_1KG_DIRECT
RS5751191	RS133350	EUR	0.412656	PLINK2_1KG_DIRECT
RS5751191	RS5758553	EUR	0.840085	PLINK2_1KG_DIRECT
RS5751191	RS5751204	EUR	0.408394	PLINK2_1KG_DIRECT
RS5751191	RS133352	EUR	0.412656	PLINK2_1KG_DIRECT
RS5751191	RS4822084	EUR	0.836668	PLINK2_1KG_DIRECT
RS5751191	RS133353	EUR	0.409367	PLINK2_1KG_DIRECT
RS5751191	RS133355	EUR	0.416943	PLINK2_1KG_DIRECT
RS5751191	RS133356	EUR	0.416943	PLINK2_1KG_DIRECT
RS5751191	RS6002586	EUR	0.412656	PLINK2_1KG_DIRECT
RS5751191	RS133357	EUR	0.848362	PLINK2_1KG_DIRECT
RS5751191	RS133358	EUR	0.848362	PLINK2_1KG_DIRECT
RS5751191	RS5758559	EUR	0.409367	PLINK2_1KG_DIRECT
RS5751191	RS5758562	EUR	0.408394	PLINK2_1KG_DIRECT
RS5751191	RS5751209	EUR	0.408394	PLINK2_1KG_DIRECT
RS5751191	RS5758566	EUR	0.411698	PLINK2_1KG_DIRECT
RS5751191	RS1063392	EUR	0.851783	PLINK2_1KG_DIRECT
RS5751191	RS2013960	EUR	0.851783	PLINK2_1KG_DIRECT
RS5751191	RS2854837	EUR	0.410521	PLINK2_1KG_DIRECT
RS5751191	RS2413666	EUR	0.427776	PLINK2_1KG_DIRECT
RS5751191	RS133368	EUR	0.419096	PLINK2_1KG_DIRECT
RS5751191	RS133369	EUR	0.413647	PLINK2_1KG_DIRECT
RS5751191	RS133370	EUR	0.404962	PLINK2_1KG_DIRECT
RS5751191	RS133371	EUR	0.404962	PLINK2_1KG_DIRECT
RS5751191	RS133374	EUR	0.404962	PLINK2_1KG_DIRECT
RS5751191	RS133375	EUR	0.40282	PLINK2_1KG_DIRECT
RS5751191	RS133377	EUR	0.40282	PLINK2_1KG_DIRECT
RS5751191	RS2859438	EUR	0.404962	PLINK2_1KG_DIRECT
RS5751191	RS133378	EUR	0.404962	PLINK2_1KG_DIRECT
RS5751191	RS133379	EUR	0.394317	PLINK2_1KG_DIRECT
RS5751191	RS13057094	EUR	0.394317	PLINK2_1KG_DIRECT
RS5751191	RS4822088	EUR	0.404962	PLINK2_1KG_DIRECT
RS5751191	RS133381	EUR	0.398555	PLINK2_1KG_DIRECT
RS5751191	RS133382	EUR	0.404962	PLINK2_1KG_DIRECT
RS5751191	RS1807494	EUR	0.404962	PLINK2_1KG_DIRECT
RS5751191	RS8135801	EUR	0.401767	PLINK2_1KG_DIRECT
RS5751191	RS2269524	EUR	0.404962	PLINK2_1KG_DIRECT
RS5751191	RS6002592	EUR	0.404962	PLINK2_1KG_DIRECT
RS5751191	RS2071711	EUR	0.394317	PLINK2_1KG_DIRECT
RS5751191	RS4147641	EUR	0.398555	PLINK2_1KG_DIRECT
RS5751191	RS6002596	EUR	0.398555	PLINK2_1KG_DIRECT
RS5751191	RS4147640	EUR	0.398555	PLINK2_1KG_DIRECT
RS5751191	RS1801311	EUR	0.398555	PLINK2_1KG_DIRECT
RS5751191	RS4147638	EUR	0.398555	PLINK2_1KG_DIRECT
RS5751191	RS6002597	EUR	0.398555	PLINK2_1KG_DIRECT
RS5751191	RS6002598	EUR	0.398555	PLINK2_1KG_DIRECT
RS5751191	RS6002600	EUR	0.398555	PLINK2_1KG_DIRECT
RS5751191	RS6002601	EUR	0.398555	PLINK2_1KG_DIRECT
RS5751191	RS61527837	EUR	0.398555	PLINK2_1KG_DIRECT
RS5751191	RS5996108	EUR	0.386937	PLINK2_1KG_DIRECT
RS5751191	RS8138500	EUR	0.398555	PLINK2_1KG_DIRECT
RS5751191	RS7292241	EUR	0.392207	PLINK2_1KG_DIRECT
RS5751191	RS7291996	EUR	0.398555	PLINK2_1KG_DIRECT
RS5751191	RS6002602	EUR	0.398555	PLINK2_1KG_DIRECT
RS5751191	RS6002603	EUR	0.398555	PLINK2_1KG_DIRECT
RS5751191	RS73421049	EUR	0.398555	PLINK2_1KG_DIRECT
RS5751191	RS6002604	EUR	0.398555	PLINK2_1KG_DIRECT
RS5751191	RS5996109	EUR	0.398555	PLINK2_1KG_DIRECT
RS5751191	RS5996110	EUR	0.398555	PLINK2_1KG_DIRECT
RS5751191	RS5996111	EUR	0.392207	PLINK2_1KG_DIRECT
RS5751191	RS6002605	EUR	0.398555	PLINK2_1KG_DIRECT
RS5751191	RS6002606	EUR	0.398555	PLINK2_1KG_DIRECT
RS5751191	RS6002609	EUR	0.390104	PLINK2_1KG_DIRECT
RS5751191	RS6002610	EUR	0.398555	PLINK2_1KG_DIRECT
RS5751191	RS12157818	EUR	0.398555	PLINK2_1KG_DIRECT
RS5751191	RS9620026	EUR	0.398555	PLINK2_1KG_DIRECT
RS5751191	RS28817600	EUR	0.395372	PLINK2_1KG_DIRECT
RS5751191	RS28791586	EUR	0.398555	PLINK2_1KG_DIRECT
RS5751191	RS2839708	EUR	0.398555	PLINK2_1KG_DIRECT
RS5751191	RS6519306	EUR	0.398555	PLINK2_1KG_DIRECT
RS5751191	RS6002614	EUR	0.392211	PLINK2_1KG_DIRECT
RS5751191	RS6002616	EUR	0.392211	PLINK2_1KG_DIRECT
RS5751191	RS8141702	EUR	0.385886	PLINK2_1KG_DIRECT
RS5751191	RS5996113	EUR	0.385886	PLINK2_1KG_DIRECT
RS5751191	RS7364289	EUR	0.392211	PLINK2_1KG_DIRECT
RS5751191	RS7364293	EUR	0.392211	PLINK2_1KG_DIRECT
RS5751191	RS2413669	EUR	0.392211	PLINK2_1KG_DIRECT
RS5751191	RS6002618	EUR	0.392211	PLINK2_1KG_DIRECT
RS5751191	RS5996115	EUR	0.392211	PLINK2_1KG_DIRECT
RS5751191	RS6002621	EUR	0.392211	PLINK2_1KG_DIRECT
RS5751191	RS2839710	EUR	0.392211	PLINK2_1KG_DIRECT
RS5751191	RS7286375	EUR	0.392211	PLINK2_1KG_DIRECT
RS5751191	RS61665536	EUR	0.392211	PLINK2_1KG_DIRECT
RS5751191	RS2413672	EUR	0.392211	PLINK2_1KG_DIRECT
RS5751191	RS6002623	EUR	0.392211	PLINK2_1KG_DIRECT
RS5751191	RS6002624	EUR	0.392211	PLINK2_1KG_DIRECT
RS5751191	RS11090076	EUR	0.392211	PLINK2_1KG_DIRECT
RS5751191	RS8143153	EUR	0.392211	PLINK2_1KG_DIRECT
RS5751191	RS8138678	EUR	0.392211	PLINK2_1KG_DIRECT
RS5751191	RS5996116	EUR	0.392211	PLINK2_1KG_DIRECT
RS5751191	RS6002625	EUR	0.381701	PLINK2_1KG_DIRECT
RS5751191	RS764481	EUR	0.392211	PLINK2_1KG_DIRECT
RS5751191	RS28515621	EUR	0.394332	PLINK2_1KG_DIRECT
RS5751191	RS28570317	EUR	0.38907	PLINK2_1KG_DIRECT
RS5751191	RS1058167	EUR	0.401767	PLINK2_1KG_DIRECT
RS5751191	RS5751191	EAS	1	PLINK2_1KG_DIRECT
RS5751191	RS763263	EAS	0.691701	PLINK2_1KG_DIRECT
RS5751191	RS7290134	EAS	0.684649	PLINK2_1KG_DIRECT
RS5751191	RS12158335	EAS	0.676758	PLINK2_1KG_DIRECT
RS5751191	RS9620001	EAS	0.732396	PLINK2_1KG_DIRECT
RS5751191	RS10154646	EAS	0.732396	PLINK2_1KG_DIRECT
RS5751191	RS6002546	EAS	0.732396	PLINK2_1KG_DIRECT
RS5751191	RS1047997	EAS	0.732396	PLINK2_1KG_DIRECT
RS5751191	RS1894713	EAS	0.739517	PLINK2_1KG_DIRECT
RS5751191	RS6002548	EAS	0.739517	PLINK2_1KG_DIRECT
RS5751191	RS6002552	EAS	0.739517	PLINK2_1KG_DIRECT
RS5751191	RS6002554	EAS	0.739517	PLINK2_1KG_DIRECT
RS5751191	RS3752591	EAS	0.739517	PLINK2_1KG_DIRECT
RS5751191	RS1023498	EAS	0.739517	PLINK2_1KG_DIRECT
RS5751191	RS1023499	EAS	0.739517	PLINK2_1KG_DIRECT
RS5751191	RS1023500	EAS	0.739517	PLINK2_1KG_DIRECT
RS5751191	RS7293091	EAS	0.739517	PLINK2_1KG_DIRECT
RS5751191	RS6002555	EAS	0.763683	PLINK2_1KG_DIRECT
RS5751191	RS4822076	EAS	0.957721	PLINK2_1KG_DIRECT
RS5751191	RS6519298	EAS	0.974759	PLINK2_1KG_DIRECT
RS5751191	RS5758527	EAS	0.882697	PLINK2_1KG_DIRECT
RS5751191	RS5751195	EAS	0.966565	PLINK2_1KG_DIRECT
RS5751191	RS133292	EAS	0.966565	PLINK2_1KG_DIRECT
RS5751191	RS133293	EAS	0.966565	PLINK2_1KG_DIRECT
RS5751191	RS133294	EAS	0.966565	PLINK2_1KG_DIRECT
RS5751191	RS6519301	EAS	0.966565	PLINK2_1KG_DIRECT
RS5751191	RS133300	EAS	0.966565	PLINK2_1KG_DIRECT
RS5751191	RS133301	EAS	0.966565	PLINK2_1KG_DIRECT
RS5751191	RS133303	EAS	0.941582	PLINK2_1KG_DIRECT
RS5751191	RS133305	EAS	0.941582	PLINK2_1KG_DIRECT
RS5751191	RS133306	EAS	0.941582	PLINK2_1KG_DIRECT
RS5751191	RS133307	EAS	0.941582	PLINK2_1KG_DIRECT
RS5751191	RS5758537	EAS	0.941582	PLINK2_1KG_DIRECT
RS5751191	RS129855	EAS	0.941582	PLINK2_1KG_DIRECT
RS5751191	RS129856	EAS	0.941582	PLINK2_1KG_DIRECT
RS5751191	RS129857	EAS	0.941582	PLINK2_1KG_DIRECT
RS5751191	RS6002571	EAS	0.941582	PLINK2_1KG_DIRECT
RS5751191	RS133313	EAS	0.93363	PLINK2_1KG_DIRECT
RS5751191	RS133314	EAS	0.941582	PLINK2_1KG_DIRECT
RS5751191	RS133318	EAS	0.941582	PLINK2_1KG_DIRECT
RS5751191	RS133321	EAS	0.941582	PLINK2_1KG_DIRECT
RS5751191	RS133322	EAS	0.941582	PLINK2_1KG_DIRECT
RS5751191	RS133323	EAS	0.941582	PLINK2_1KG_DIRECT
RS5751191	RS133324	EAS	0.933158	PLINK2_1KG_DIRECT
RS5751191	RS133325	EAS	0.941582	PLINK2_1KG_DIRECT
RS5751191	RS133326	EAS	0.925792	PLINK2_1KG_DIRECT
RS5751191	RS133327	EAS	0.941582	PLINK2_1KG_DIRECT
RS5751191	RS133328	EAS	0.941582	PLINK2_1KG_DIRECT
RS5751191	RS133330	EAS	0.941582	PLINK2_1KG_DIRECT
RS5751191	RS133335	EAS	0.941582	PLINK2_1KG_DIRECT
RS5751191	RS133336	EAS	0.941582	PLINK2_1KG_DIRECT
RS5751191	RS133339	EAS	0.941582	PLINK2_1KG_DIRECT
RS5751191	RS133340	EAS	0.941582	PLINK2_1KG_DIRECT
RS5751191	RS133346	EAS	0.823236	PLINK2_1KG_DIRECT
RS5751191	RS2301521	EAS	0.821572	PLINK2_1KG_DIRECT
RS5751191	RS133347	EAS	0.823236	PLINK2_1KG_DIRECT
RS5751191	RS133348	EAS	0.823236	PLINK2_1KG_DIRECT
RS5751191	RS133349	EAS	0.823236	PLINK2_1KG_DIRECT
RS5751191	RS133350	EAS	0.821572	PLINK2_1KG_DIRECT
RS5751191	RS5758553	EAS	0.82985	PLINK2_1KG_DIRECT
RS5751191	RS5751204	EAS	0.821572	PLINK2_1KG_DIRECT
RS5751191	RS133352	EAS	0.821572	PLINK2_1KG_DIRECT
RS5751191	RS4822084	EAS	0.823236	PLINK2_1KG_DIRECT
RS5751191	RS133353	EAS	0.821572	PLINK2_1KG_DIRECT
RS5751191	RS133355	EAS	0.821572	PLINK2_1KG_DIRECT
RS5751191	RS133356	EAS	0.821572	PLINK2_1KG_DIRECT
RS5751191	RS6002586	EAS	0.821572	PLINK2_1KG_DIRECT
RS5751191	RS133357	EAS	0.823236	PLINK2_1KG_DIRECT
RS5751191	RS133358	EAS	0.823236	PLINK2_1KG_DIRECT
RS5751191	RS5758559	EAS	0.81497	PLINK2_1KG_DIRECT
RS5751191	RS5758562	EAS	0.800224	PLINK2_1KG_DIRECT
RS5751191	RS5751209	EAS	0.800224	PLINK2_1KG_DIRECT
RS5751191	RS5758566	EAS	0.800224	PLINK2_1KG_DIRECT
RS5751191	RS1063392	EAS	0.687198	PLINK2_1KG_DIRECT
RS5751191	RS2013960	EAS	0.80203	PLINK2_1KG_DIRECT
RS5751191	RS2854837	EAS	0.800224	PLINK2_1KG_DIRECT
RS5751191	RS2413666	EAS	0.757067	PLINK2_1KG_DIRECT
RS5751191	RS133368	EAS	0.79381	PLINK2_1KG_DIRECT
RS5751191	RS133369	EAS	0.800224	PLINK2_1KG_DIRECT
RS5751191	RS133370	EAS	0.808456	PLINK2_1KG_DIRECT
RS5751191	RS133371	EAS	0.808456	PLINK2_1KG_DIRECT
RS5751191	RS133374	EAS	0.808456	PLINK2_1KG_DIRECT
RS5751191	RS133375	EAS	0.808456	PLINK2_1KG_DIRECT
RS5751191	RS133377	EAS	0.795688	PLINK2_1KG_DIRECT
RS5751191	RS2859438	EAS	0.808456	PLINK2_1KG_DIRECT
RS5751191	RS133378	EAS	0.795688	PLINK2_1KG_DIRECT
RS5751191	RS133379	EAS	0.80203	PLINK2_1KG_DIRECT
RS5751191	RS13057094	EAS	0.787482	PLINK2_1KG_DIRECT
RS5751191	RS4822088	EAS	0.79381	PLINK2_1KG_DIRECT
RS5751191	RS133381	EAS	0.785612	PLINK2_1KG_DIRECT
RS5751191	RS133382	EAS	0.80203	PLINK2_1KG_DIRECT
RS5751191	RS1807494	EAS	0.80203	PLINK2_1KG_DIRECT
RS5751191	RS8135801	EAS	0.79381	PLINK2_1KG_DIRECT
RS5751191	RS2269524	EAS	0.79381	PLINK2_1KG_DIRECT
RS5751191	RS6002592	EAS	0.781238	PLINK2_1KG_DIRECT
RS5751191	RS2071711	EAS	0.779298	PLINK2_1KG_DIRECT
RS5751191	RS4147641	EAS	0.795688	PLINK2_1KG_DIRECT
RS5751191	RS6002596	EAS	0.795688	PLINK2_1KG_DIRECT
RS5751191	RS4147640	EAS	0.78943	PLINK2_1KG_DIRECT
RS5751191	RS1801311	EAS	0.78943	PLINK2_1KG_DIRECT
RS5751191	RS4147638	EAS	0.787482	PLINK2_1KG_DIRECT
RS5751191	RS6002597	EAS	0.781238	PLINK2_1KG_DIRECT
RS5751191	RS6002598	EAS	0.787482	PLINK2_1KG_DIRECT
RS5751191	RS6002600	EAS	0.787482	PLINK2_1KG_DIRECT
RS5751191	RS6002601	EAS	0.787482	PLINK2_1KG_DIRECT
RS5751191	RS61527837	EAS	0.787482	PLINK2_1KG_DIRECT
RS5751191	RS5996108	EAS	0.787482	PLINK2_1KG_DIRECT
RS5751191	RS8138500	EAS	0.787482	PLINK2_1KG_DIRECT
RS5751191	RS7292241	EAS	0.779298	PLINK2_1KG_DIRECT
RS5751191	RS7291996	EAS	0.787482	PLINK2_1KG_DIRECT
RS5751191	RS6002602	EAS	0.787482	PLINK2_1KG_DIRECT
RS5751191	RS6002603	EAS	0.781238	PLINK2_1KG_DIRECT
RS5751191	RS73421049	EAS	0.787482	PLINK2_1KG_DIRECT
RS5751191	RS6002604	EAS	0.787482	PLINK2_1KG_DIRECT
RS5751191	RS5996109	EAS	0.787482	PLINK2_1KG_DIRECT
RS5751191	RS5996110	EAS	0.787482	PLINK2_1KG_DIRECT
RS5751191	RS5996111	EAS	0.787482	PLINK2_1KG_DIRECT
RS5751191	RS6002605	EAS	0.781238	PLINK2_1KG_DIRECT
RS5751191	RS6002606	EAS	0.787482	PLINK2_1KG_DIRECT
RS5751191	RS6002609	EAS	0.795688	PLINK2_1KG_DIRECT
RS5751191	RS6002610	EAS	0.78943	PLINK2_1KG_DIRECT
RS5751191	RS12157818	EAS	0.795688	PLINK2_1KG_DIRECT
RS5751191	RS9620026	EAS	0.795688	PLINK2_1KG_DIRECT
RS5751191	RS28817600	EAS	0.795688	PLINK2_1KG_DIRECT
RS5751191	RS28791586	EAS	0.78943	PLINK2_1KG_DIRECT
RS5751191	RS2839708	EAS	0.78943	PLINK2_1KG_DIRECT
RS5751191	RS6519306	EAS	0.78943	PLINK2_1KG_DIRECT
RS5751191	RS6002614	EAS	0.78943	PLINK2_1KG_DIRECT
RS5751191	RS6002616	EAS	0.78943	PLINK2_1KG_DIRECT
RS5751191	RS8141702	EAS	0.781238	PLINK2_1KG_DIRECT
RS5751191	RS5996113	EAS	0.787482	PLINK2_1KG_DIRECT
RS5751191	RS7364289	EAS	0.787482	PLINK2_1KG_DIRECT
RS5751191	RS7364293	EAS	0.787482	PLINK2_1KG_DIRECT
RS5751191	RS2413669	EAS	0.775076	PLINK2_1KG_DIRECT
RS5751191	RS6002618	EAS	0.773068	PLINK2_1KG_DIRECT
RS5751191	RS5996115	EAS	0.78943	PLINK2_1KG_DIRECT
RS5751191	RS6002621	EAS	0.78943	PLINK2_1KG_DIRECT
RS5751191	RS2839710	EAS	0.781238	PLINK2_1KG_DIRECT
RS5751191	RS7286375	EAS	0.781238	PLINK2_1KG_DIRECT
RS5751191	RS61665536	EAS	0.781238	PLINK2_1KG_DIRECT
RS5751191	RS2413672	EAS	0.781238	PLINK2_1KG_DIRECT
RS5751191	RS6002623	EAS	0.781238	PLINK2_1KG_DIRECT
RS5751191	RS6002624	EAS	0.781238	PLINK2_1KG_DIRECT
RS5751191	RS11090076	EAS	0.76492	PLINK2_1KG_DIRECT
RS5751191	RS8143153	EAS	0.787482	PLINK2_1KG_DIRECT
RS5751191	RS8138678	EAS	0.768994	PLINK2_1KG_DIRECT
RS5751191	RS5996116	EAS	0.781238	PLINK2_1KG_DIRECT
RS5751191	RS6002625	EAS	0.781238	PLINK2_1KG_DIRECT
RS5751191	RS764481	EAS	0.781238	PLINK2_1KG_DIRECT
RS5751191	RS28515621	EAS	0.762992	PLINK2_1KG_DIRECT
RS5751191	RS28570317	EAS	0.768994	PLINK2_1KG_DIRECT
RS5751191	RS1058167	EAS	0.740869	PLINK2_1KG_DIRECT
RS9461856	RS9461856	EUR	1	PLINK2_1KG_DIRECT
RS9461856	RS211456	EUR	0.631167	PLINK2_1KG_DIRECT
RS9461856	RS381847	EUR	0.661145	PLINK2_1KG_DIRECT
RS9461856	RS453590	EUR	0.661145	PLINK2_1KG_DIRECT
RS9461856	RS1755048	EUR	0.651759	PLINK2_1KG_DIRECT
RS9461856	RS4711325	EUR	0.49883	PLINK2_1KG_DIRECT
RS9461856	RS13198907	EUR	0.900554	PLINK2_1KG_DIRECT
RS9461856	RS9366821	EUR	0.634835	PLINK2_1KG_DIRECT
RS9461856	RS9461856	EAS	1	PLINK2_1KG_DIRECT
RS9461856	RS211456	EAS	0.87314	PLINK2_1KG_DIRECT
RS9461856	RS381847	EAS	0.880032	PLINK2_1KG_DIRECT
RS9461856	RS453590	EAS	0.880032	PLINK2_1KG_DIRECT
RS9461856	RS1755048	EAS	0.880032	PLINK2_1KG_DIRECT
RS9461856	RS4711325	EAS	0.835825	PLINK2_1KG_DIRECT
RS9461856	RS13198907	EAS	0.917768	PLINK2_1KG_DIRECT
RS9461856	RS9366821	EAS	0.862421	PLINK2_1KG_DIRECT
RS9276606	RS9276606	EUR	1	PLINK2_1KG_DIRECT
RS9276606	RS4394270	EUR	0.496225	PLINK2_1KG_DIRECT
RS9276606	RS4496840	EUR	0.496225	PLINK2_1KG_DIRECT
RS9276606	RS4403295	EUR	0.496225	PLINK2_1KG_DIRECT
RS9276606	RS9276606	EAS	1	PLINK2_1KG_DIRECT
RS9276606	RS3104411	EAS	0.135399	PLINK2_1KG_DIRECT
RS9276606	RS4394270	EAS	0.149006	PLINK2_1KG_DIRECT
RS9276606	RS4496840	EAS	0.150822	PLINK2_1KG_DIRECT
RS9276606	RS4403295	EAS	0.152666	PLINK2_1KG_DIRECT
RS12152501	RS12152501	EUR	1	PLINK2_1KG_DIRECT
RS12152501	RS34312605	EUR	0.84814	PLINK2_1KG_DIRECT
RS12152501	RS13074054	EUR	0.792676	PLINK2_1KG_DIRECT
RS12152501	RS7630922	EUR	0.792676	PLINK2_1KG_DIRECT
RS12152501	RS13096210	EUR	0.320272	PLINK2_1KG_DIRECT
RS12152501	RS62291400	EUR	0.84814	PLINK2_1KG_DIRECT
RS12152501	RS62291403	EUR	0.84814	PLINK2_1KG_DIRECT
RS12152501	RS13063712	EUR	0.792676	PLINK2_1KG_DIRECT
RS12152501	RS34315079	EUR	0.792676	PLINK2_1KG_DIRECT
RS12152501	RS13098541	EUR	0.84814	PLINK2_1KG_DIRECT
RS12152501	RS62291406	EUR	0.84814	PLINK2_1KG_DIRECT
RS12152501	RS62291407	EUR	0.84814	PLINK2_1KG_DIRECT
RS12152501	RS34133935	EUR	0.84814	PLINK2_1KG_DIRECT
RS12152501	RS35709455	EUR	0.84814	PLINK2_1KG_DIRECT
RS12152501	RS7635754	EUR	0.787909	PLINK2_1KG_DIRECT
RS12152501	RS13085612	EUR	0.84814	PLINK2_1KG_DIRECT
RS12152501	RS13086336	EUR	0.84814	PLINK2_1KG_DIRECT
RS12152501	RS7652884	EUR	0.84814	PLINK2_1KG_DIRECT
RS12152501	RS34796896	EUR	0.84814	PLINK2_1KG_DIRECT
RS12152501	RS7645677	EUR	0.792676	PLINK2_1KG_DIRECT
RS12152501	RS62291414	EUR	0.792676	PLINK2_1KG_DIRECT
RS12152501	RS35014965	EUR	0.792676	PLINK2_1KG_DIRECT
RS12152501	RS4854997	EUR	0.792676	PLINK2_1KG_DIRECT
RS12152501	RS1805579	EUR	0.84814	PLINK2_1KG_DIRECT
RS12152501	RS1805584	EUR	0.84814	PLINK2_1KG_DIRECT
RS12152501	RS1805563	EUR	0.792676	PLINK2_1KG_DIRECT
RS12152501	RS1805564	EUR	0.84814	PLINK2_1KG_DIRECT
RS12152501	RS7622390	EUR	0.792676	PLINK2_1KG_DIRECT
RS12152501	RS1011927	EUR	0.792676	PLINK2_1KG_DIRECT
RS12152501	RS11717953	EUR	0.84814	PLINK2_1KG_DIRECT
RS12152501	RS9859769	EUR	0.792676	PLINK2_1KG_DIRECT
RS12152501	RS1805567	EUR	0.84814	PLINK2_1KG_DIRECT
RS12152501	RS16832165	EUR	0.792676	PLINK2_1KG_DIRECT
RS12152501	RS34161981	EUR	0.84814	PLINK2_1KG_DIRECT
RS12152501	RS1805569	EUR	0.792676	PLINK2_1KG_DIRECT
RS12152501	RS1805571	EUR	0.84814	PLINK2_1KG_DIRECT
RS12152501	RS1805572	EUR	0.792676	PLINK2_1KG_DIRECT
RS12152501	RS1805589	EUR	0.84814	PLINK2_1KG_DIRECT
RS12152501	RS28544188	EUR	0.792676	PLINK2_1KG_DIRECT
RS12152501	RS35080573	EUR	0.84814	PLINK2_1KG_DIRECT
RS12152501	RS13093137	EUR	0.84814	PLINK2_1KG_DIRECT
RS12152501	RS13097727	EUR	0.84814	PLINK2_1KG_DIRECT
RS12152501	RS10490806	EUR	0.842253	PLINK2_1KG_DIRECT
RS12152501	RS756391	EUR	0.84814	PLINK2_1KG_DIRECT
RS12152501	RS1805573	EUR	0.84814	PLINK2_1KG_DIRECT
RS12152501	RS1805574	EUR	0.84814	PLINK2_1KG_DIRECT
RS12152501	RS13071004	EUR	0.792676	PLINK2_1KG_DIRECT
RS12152501	RS13095562	EUR	0.792676	PLINK2_1KG_DIRECT
RS12152501	RS13083851	EUR	0.836381	PLINK2_1KG_DIRECT
RS12152501	RS9879060	EUR	0.792676	PLINK2_1KG_DIRECT
RS12152501	RS12186104	EUR	0.84814	PLINK2_1KG_DIRECT
RS12152501	RS1805599	EUR	0.792676	PLINK2_1KG_DIRECT
RS12152501	RS1805576	EUR	0.792676	PLINK2_1KG_DIRECT
RS12152501	RS1805577	EUR	0.84814	PLINK2_1KG_DIRECT
RS12152501	RS741503	EUR	0.792676	PLINK2_1KG_DIRECT
RS12152501	RS35751112	EUR	0.84814	PLINK2_1KG_DIRECT
RS12152501	RS1805603	EUR	0.792676	PLINK2_1KG_DIRECT
RS12152501	RS1805604	EUR	0.84814	PLINK2_1KG_DIRECT
RS12152501	RS1805605	EUR	0.84814	PLINK2_1KG_DIRECT
RS12152501	RS35815802	EUR	0.84814	PLINK2_1KG_DIRECT
RS12152501	RS13076860	EUR	0.84814	PLINK2_1KG_DIRECT
RS12152501	RS13076861	EUR	0.84814	PLINK2_1KG_DIRECT
RS12152501	RS1805606	EUR	0.84814	PLINK2_1KG_DIRECT
RS12152501	RS62291435	EUR	0.84814	PLINK2_1KG_DIRECT
RS12152501	RS2601	EUR	0.792676	PLINK2_1KG_DIRECT
RS12152501	RS1051411	EUR	0.792676	PLINK2_1KG_DIRECT
RS12152501	RS3026213	EUR	0.888041	PLINK2_1KG_DIRECT
RS12152501	RS6770368	EUR	0.888041	PLINK2_1KG_DIRECT
RS12152501	RS6763935	EUR	0.888041	PLINK2_1KG_DIRECT
RS12152501	RS6777005	EUR	0.888041	PLINK2_1KG_DIRECT
RS12152501	RS62291437	EUR	0.888041	PLINK2_1KG_DIRECT
RS12152501	RS13073459	EUR	0.888041	PLINK2_1KG_DIRECT
RS12152501	RS112417788	EUR	0.888041	PLINK2_1KG_DIRECT
RS12152501	RS4855001	EUR	0.888041	PLINK2_1KG_DIRECT
RS12152501	RS4855002	EUR	0.888041	PLINK2_1KG_DIRECT
RS12152501	RS35244474	EUR	0.85609	PLINK2_1KG_DIRECT
RS12152501	RS61263335	EUR	0.94045	PLINK2_1KG_DIRECT
RS12152501	RS34456631	EUR	0.975681	PLINK2_1KG_DIRECT
RS12152501	RS11705702	EUR	0.975681	PLINK2_1KG_DIRECT
RS12152501	RS71312200	EUR	0.975681	PLINK2_1KG_DIRECT
RS12152501	RS7638244	EUR	0.975681	PLINK2_1KG_DIRECT
RS12152501	RS62289566	EUR	0.963615	PLINK2_1KG_DIRECT
RS12152501	RS16832256	EUR	0.912592	PLINK2_1KG_DIRECT
RS12152501	RS7647398	EUR	0.975681	PLINK2_1KG_DIRECT
RS12152501	RS11711326	EUR	0.969666	PLINK2_1KG_DIRECT
RS12152501	RS11715401	EUR	0.969666	PLINK2_1KG_DIRECT
RS12152501	RS10049181	EUR	0.901809	PLINK2_1KG_DIRECT
RS12152501	RS34293605	EUR	0.969666	PLINK2_1KG_DIRECT
RS12152501	RS4855007	EUR	0.975681	PLINK2_1KG_DIRECT
RS12152501	RS11711791	EUR	0.975681	PLINK2_1KG_DIRECT
RS12152501	RS4855008	EUR	0.969666	PLINK2_1KG_DIRECT
RS12152501	RS1897422	EUR	0.969666	PLINK2_1KG_DIRECT
RS12152501	RS13089835	EUR	0.963615	PLINK2_1KG_DIRECT
RS12152501	RS80167953	EUR	0.975681	PLINK2_1KG_DIRECT
RS12152501	RS1897421	EUR	0.975681	PLINK2_1KG_DIRECT
RS12152501	RS62289571	EUR	0.907176	PLINK2_1KG_DIRECT
RS12152501	RS13096176	EUR	0.969666	PLINK2_1KG_DIRECT
RS12152501	RS13060352	EUR	0.969666	PLINK2_1KG_DIRECT
RS12152501	RS9852289	EUR	0.969666	PLINK2_1KG_DIRECT
RS12152501	RS35607144	EUR	0.975681	PLINK2_1KG_DIRECT
RS12152501	RS35077784	EUR	0.981755	PLINK2_1KG_DIRECT
RS12152501	RS34095791	EUR	0.981755	PLINK2_1KG_DIRECT
RS12152501	RS62289575	EUR	0.975681	PLINK2_1KG_DIRECT
RS12152501	RS112171696	EUR	0.981755	PLINK2_1KG_DIRECT
RS12152501	RS4855013	EUR	0.975681	PLINK2_1KG_DIRECT
RS12152501	RS4855014	EUR	0.907176	PLINK2_1KG_DIRECT
RS12152501	RS6782579	EUR	0.969666	PLINK2_1KG_DIRECT
RS12152501	RS6807057	EUR	0.975681	PLINK2_1KG_DIRECT
RS12152501	RS10513778	EUR	0.975681	PLINK2_1KG_DIRECT
RS12152501	RS1001416	EUR	0.981755	PLINK2_1KG_DIRECT
RS12152501	RS1001417	EUR	0.981755	PLINK2_1KG_DIRECT
RS12152501	RS13092557	EUR	0.981755	PLINK2_1KG_DIRECT
RS12152501	RS1805609	EUR	0.975681	PLINK2_1KG_DIRECT
RS12152501	RS1805645	EUR	0.367643	PLINK2_1KG_DIRECT
RS12152501	RS1805646	EUR	0.981755	PLINK2_1KG_DIRECT
RS12152501	RS1805611	EUR	0.91806	PLINK2_1KG_DIRECT
RS12152501	RS1806190	EUR	0.912592	PLINK2_1KG_DIRECT
RS12152501	RS34193500	EUR	0.975681	PLINK2_1KG_DIRECT
RS12152501	RS4854912	EUR	0.981755	PLINK2_1KG_DIRECT
RS12152501	RS6775889	EUR	0.993903	PLINK2_1KG_DIRECT
RS12152501	RS12638820	EUR	0.993903	PLINK2_1KG_DIRECT
RS12152501	RS138977875	EUR	0.987829	PLINK2_1KG_DIRECT
RS12152501	RS13064866	EUR	0.930175	PLINK2_1KG_DIRECT
RS12152501	RS112011743	EUR	0.987829	PLINK2_1KG_DIRECT
RS12152501	RS62289594	EUR	0.919279	PLINK2_1KG_DIRECT
RS12152501	RS62289595	EUR	0.987829	PLINK2_1KG_DIRECT
RS12152501	RS13062475	EUR	0.987829	PLINK2_1KG_DIRECT
RS12152501	RS62289596	EUR	0.987829	PLINK2_1KG_DIRECT
RS12152501	RS34196661	EUR	0.987829	PLINK2_1KG_DIRECT
RS12152501	RS12635178	EUR	0.375627	PLINK2_1KG_DIRECT
RS12152501	RS13086700	EUR	0.987829	PLINK2_1KG_DIRECT
RS12152501	RS13086738	EUR	0.975854	PLINK2_1KG_DIRECT
RS12152501	RS4855015	EUR	0.981812	PLINK2_1KG_DIRECT
RS12152501	RS57671339	EUR	0.930175	PLINK2_1KG_DIRECT
RS12152501	RS4855017	EUR	0.924702	PLINK2_1KG_DIRECT
RS12152501	RS1897424	EUR	0.993903	PLINK2_1KG_DIRECT
RS12152501	RS4855018	EUR	0.993903	PLINK2_1KG_DIRECT
RS12152501	RS34331582	EUR	0.993903	PLINK2_1KG_DIRECT
RS12152501	RS9870874	EUR	0.924702	PLINK2_1KG_DIRECT
RS12152501	RS11710991	EUR	0.919279	PLINK2_1KG_DIRECT
RS12152501	RS11708192	EUR	0.987829	PLINK2_1KG_DIRECT
RS12152501	RS35212830	EUR	0.930175	PLINK2_1KG_DIRECT
RS12152501	RS35032109	EUR	0.987829	PLINK2_1KG_DIRECT
RS12152501	RS918253	EUR	0.987829	PLINK2_1KG_DIRECT
RS12152501	RS9859557	EUR	0.919279	PLINK2_1KG_DIRECT
RS12152501	RS6801189	EUR	0.993903	PLINK2_1KG_DIRECT
RS12152501	RS9853264	EUR	0.924702	PLINK2_1KG_DIRECT
RS12152501	RS12634129	EUR	0.913905	PLINK2_1KG_DIRECT
RS12152501	RS4855019	EUR	0.993903	PLINK2_1KG_DIRECT
RS12152501	RS62289605	EUR	0.993903	PLINK2_1KG_DIRECT
RS12152501	RS4456860	EUR	0.935699	PLINK2_1KG_DIRECT
RS12152501	RS13075474	EUR	0.924702	PLINK2_1KG_DIRECT
RS12152501	RS11713600	EUR	0.993903	PLINK2_1KG_DIRECT
RS12152501	RS12637938	EUR	0.924702	PLINK2_1KG_DIRECT
RS12152501	RS13077245	EUR	0.993903	PLINK2_1KG_DIRECT
RS12152501	RS13077643	EUR	0.993903	PLINK2_1KG_DIRECT
RS12152501	RS4854913	EUR	0.993903	PLINK2_1KG_DIRECT
RS12152501	RS13100379	EUR	0.987822	PLINK2_1KG_DIRECT
RS12152501	RS62289619	EUR	0.993903	PLINK2_1KG_DIRECT
RS12152501	RS6784620	EUR	0.993903	PLINK2_1KG_DIRECT
RS12152501	RS11708198	EUR	0.993903	PLINK2_1KG_DIRECT
RS12152501	RS12635535	EUR	0.993903	PLINK2_1KG_DIRECT
RS12152501	RS13065466	EUR	1	PLINK2_1KG_DIRECT
RS12152501	RS13065310	EUR	1	PLINK2_1KG_DIRECT
RS12152501	RS13071279	EUR	0.993903	PLINK2_1KG_DIRECT
RS12152501	RS13071836	EUR	1	PLINK2_1KG_DIRECT
RS12152501	RS13100468	EUR	1	PLINK2_1KG_DIRECT
RS12152501	RS4855022	EUR	1	PLINK2_1KG_DIRECT
RS12152501	RS12629507	EUR	1	PLINK2_1KG_DIRECT
RS12152501	RS12629509	EUR	1	PLINK2_1KG_DIRECT
RS12152501	RS57296786	EUR	0.975854	PLINK2_1KG_DIRECT
RS12152501	RS34196490	EUR	0.975854	PLINK2_1KG_DIRECT
RS12152501	RS74896883	EUR	0.969953	PLINK2_1KG_DIRECT
RS12152501	RS13070997	EUR	0.381566	PLINK2_1KG_DIRECT
RS12152501	RS11716918	EUR	0.95781	PLINK2_1KG_DIRECT
RS12152501	RS10804885	EUR	0.969774	PLINK2_1KG_DIRECT
RS12152501	RS13090638	EUR	0.963709	PLINK2_1KG_DIRECT
RS12152501	RS35678296	EUR	0.95803	PLINK2_1KG_DIRECT
RS12152501	RS12632136	EUR	0.350249	PLINK2_1KG_DIRECT
RS12152501	RS7617548	EUR	0.907176	PLINK2_1KG_DIRECT
RS12152501	RS12633981	EUR	0.34471	PLINK2_1KG_DIRECT
RS12152501	RS35746395	EUR	0.150177	PLINK2_1KG_DIRECT
RS12152501	RS12152501	EAS	1	PLINK2_1KG_DIRECT
RS12152501	RS34312605	EAS	0.564799	PLINK2_1KG_DIRECT
RS12152501	RS13074054	EAS	0.560543	PLINK2_1KG_DIRECT
RS12152501	RS7630922	EAS	0.560543	PLINK2_1KG_DIRECT
RS12152501	RS13096210	EAS	0.554983	PLINK2_1KG_DIRECT
RS12152501	RS62291400	EAS	0.564799	PLINK2_1KG_DIRECT
RS12152501	RS62291403	EAS	0.564799	PLINK2_1KG_DIRECT
RS12152501	RS13063712	EAS	0.560543	PLINK2_1KG_DIRECT
RS12152501	RS34315079	EAS	0.560543	PLINK2_1KG_DIRECT
RS12152501	RS13098541	EAS	0.564799	PLINK2_1KG_DIRECT
RS12152501	RS62291406	EAS	0.564799	PLINK2_1KG_DIRECT
RS12152501	RS62291407	EAS	0.564799	PLINK2_1KG_DIRECT
RS12152501	RS34133935	EAS	0.564799	PLINK2_1KG_DIRECT
RS12152501	RS35709455	EAS	0.564799	PLINK2_1KG_DIRECT
RS12152501	RS7635754	EAS	0.560543	PLINK2_1KG_DIRECT
RS12152501	RS13085612	EAS	0.564799	PLINK2_1KG_DIRECT
RS12152501	RS13086336	EAS	0.560543	PLINK2_1KG_DIRECT
RS12152501	RS7652884	EAS	0.564799	PLINK2_1KG_DIRECT
RS12152501	RS34796896	EAS	0.564799	PLINK2_1KG_DIRECT
RS12152501	RS7645677	EAS	0.556337	PLINK2_1KG_DIRECT
RS12152501	RS62291414	EAS	0.560543	PLINK2_1KG_DIRECT
RS12152501	RS35014965	EAS	0.556337	PLINK2_1KG_DIRECT
RS12152501	RS4854997	EAS	0.560543	PLINK2_1KG_DIRECT
RS12152501	RS1805579	EAS	0.591424	PLINK2_1KG_DIRECT
RS12152501	RS1805584	EAS	0.591424	PLINK2_1KG_DIRECT
RS12152501	RS1805563	EAS	0.586852	PLINK2_1KG_DIRECT
RS12152501	RS1805564	EAS	0.591424	PLINK2_1KG_DIRECT
RS12152501	RS7622390	EAS	0.586852	PLINK2_1KG_DIRECT
RS12152501	RS1011927	EAS	0.579702	PLINK2_1KG_DIRECT
RS12152501	RS11717953	EAS	0.591424	PLINK2_1KG_DIRECT
RS12152501	RS9859769	EAS	0.586852	PLINK2_1KG_DIRECT
RS12152501	RS1805567	EAS	0.591424	PLINK2_1KG_DIRECT
RS12152501	RS16832165	EAS	0.586852	PLINK2_1KG_DIRECT
RS12152501	RS34161981	EAS	0.596052	PLINK2_1KG_DIRECT
RS12152501	RS1805569	EAS	0.586852	PLINK2_1KG_DIRECT
RS12152501	RS1805571	EAS	0.591424	PLINK2_1KG_DIRECT
RS12152501	RS1805572	EAS	0.591424	PLINK2_1KG_DIRECT
RS12152501	RS1805589	EAS	0.596052	PLINK2_1KG_DIRECT
RS12152501	RS28544188	EAS	0.591424	PLINK2_1KG_DIRECT
RS12152501	RS35080573	EAS	0.591424	PLINK2_1KG_DIRECT
RS12152501	RS13093137	EAS	0.596052	PLINK2_1KG_DIRECT
RS12152501	RS13097727	EAS	0.596052	PLINK2_1KG_DIRECT
RS12152501	RS10490806	EAS	0.591424	PLINK2_1KG_DIRECT
RS12152501	RS756391	EAS	0.591424	PLINK2_1KG_DIRECT
RS12152501	RS1805573	EAS	0.596052	PLINK2_1KG_DIRECT
RS12152501	RS1805574	EAS	0.596052	PLINK2_1KG_DIRECT
RS12152501	RS13071004	EAS	0.591424	PLINK2_1KG_DIRECT
RS12152501	RS13095562	EAS	0.591424	PLINK2_1KG_DIRECT
RS12152501	RS13083851	EAS	0.596052	PLINK2_1KG_DIRECT
RS12152501	RS9879060	EAS	0.596052	PLINK2_1KG_DIRECT
RS12152501	RS12186104	EAS	0.596052	PLINK2_1KG_DIRECT
RS12152501	RS1805599	EAS	0.591424	PLINK2_1KG_DIRECT
RS12152501	RS1805576	EAS	0.591424	PLINK2_1KG_DIRECT
RS12152501	RS1805577	EAS	0.596052	PLINK2_1KG_DIRECT
RS12152501	RS741503	EAS	0.591424	PLINK2_1KG_DIRECT
RS12152501	RS35751112	EAS	0.596052	PLINK2_1KG_DIRECT
RS12152501	RS1805603	EAS	0.586852	PLINK2_1KG_DIRECT
RS12152501	RS1805604	EAS	0.596052	PLINK2_1KG_DIRECT
RS12152501	RS1805605	EAS	0.588865	PLINK2_1KG_DIRECT
RS12152501	RS35815802	EAS	0.588865	PLINK2_1KG_DIRECT
RS12152501	RS13076860	EAS	0.591424	PLINK2_1KG_DIRECT
RS12152501	RS13076861	EAS	0.591424	PLINK2_1KG_DIRECT
RS12152501	RS1805606	EAS	0.591424	PLINK2_1KG_DIRECT
RS12152501	RS62291435	EAS	0.591424	PLINK2_1KG_DIRECT
RS12152501	RS2601	EAS	0.586852	PLINK2_1KG_DIRECT
RS12152501	RS1051411	EAS	0.591424	PLINK2_1KG_DIRECT
RS12152501	RS3026213	EAS	0.629737	PLINK2_1KG_DIRECT
RS12152501	RS6770368	EAS	0.637066	PLINK2_1KG_DIRECT
RS12152501	RS6763935	EAS	0.637066	PLINK2_1KG_DIRECT
RS12152501	RS6777005	EAS	0.637066	PLINK2_1KG_DIRECT
RS12152501	RS62291437	EAS	0.637066	PLINK2_1KG_DIRECT
RS12152501	RS13073459	EAS	0.637066	PLINK2_1KG_DIRECT
RS12152501	RS112417788	EAS	0.637066	PLINK2_1KG_DIRECT
RS12152501	RS4855001	EAS	0.637066	PLINK2_1KG_DIRECT
RS12152501	RS4855002	EAS	0.637066	PLINK2_1KG_DIRECT
RS12152501	RS35244474	EAS	0.666643	PLINK2_1KG_DIRECT
RS12152501	RS61263335	EAS	0.853621	PLINK2_1KG_DIRECT
RS12152501	RS34456631	EAS	0.866634	PLINK2_1KG_DIRECT
RS12152501	RS11705702	EAS	0.866634	PLINK2_1KG_DIRECT
RS12152501	RS71312200	EAS	0.866634	PLINK2_1KG_DIRECT
RS12152501	RS7638244	EAS	0.866634	PLINK2_1KG_DIRECT
RS12152501	RS62289566	EAS	0.866634	PLINK2_1KG_DIRECT
RS12152501	RS16832256	EAS	0.866634	PLINK2_1KG_DIRECT
RS12152501	RS7647398	EAS	0.866634	PLINK2_1KG_DIRECT
RS12152501	RS11711326	EAS	0.866634	PLINK2_1KG_DIRECT
RS12152501	RS11715401	EAS	0.866634	PLINK2_1KG_DIRECT
RS12152501	RS10049181	EAS	0.860086	PLINK2_1KG_DIRECT
RS12152501	RS34293605	EAS	0.866634	PLINK2_1KG_DIRECT
RS12152501	RS4855007	EAS	0.873266	PLINK2_1KG_DIRECT
RS12152501	RS11711791	EAS	0.873266	PLINK2_1KG_DIRECT
RS12152501	RS4855008	EAS	0.866634	PLINK2_1KG_DIRECT
RS12152501	RS1897422	EAS	0.866634	PLINK2_1KG_DIRECT
RS12152501	RS13089835	EAS	0.866634	PLINK2_1KG_DIRECT
RS12152501	RS80167953	EAS	0.866634	PLINK2_1KG_DIRECT
RS12152501	RS1897421	EAS	0.866634	PLINK2_1KG_DIRECT
RS12152501	RS62289571	EAS	0.866634	PLINK2_1KG_DIRECT
RS12152501	RS13096176	EAS	0.873266	PLINK2_1KG_DIRECT
RS12152501	RS13060352	EAS	0.866634	PLINK2_1KG_DIRECT
RS12152501	RS9852289	EAS	0.866634	PLINK2_1KG_DIRECT
RS12152501	RS35607144	EAS	0.866634	PLINK2_1KG_DIRECT
RS12152501	RS35077784	EAS	0.866634	PLINK2_1KG_DIRECT
RS12152501	RS34095791	EAS	0.866634	PLINK2_1KG_DIRECT
RS12152501	RS62289575	EAS	0.866634	PLINK2_1KG_DIRECT
RS12152501	RS112171696	EAS	0.866634	PLINK2_1KG_DIRECT
RS12152501	RS4855013	EAS	0.866634	PLINK2_1KG_DIRECT
RS12152501	RS4855014	EAS	0.866634	PLINK2_1KG_DIRECT
RS12152501	RS6782579	EAS	0.866634	PLINK2_1KG_DIRECT
RS12152501	RS6807057	EAS	0.866634	PLINK2_1KG_DIRECT
RS12152501	RS10513778	EAS	0.866634	PLINK2_1KG_DIRECT
RS12152501	RS1001416	EAS	0.866634	PLINK2_1KG_DIRECT
RS12152501	RS1001417	EAS	0.873266	PLINK2_1KG_DIRECT
RS12152501	RS13092557	EAS	0.873266	PLINK2_1KG_DIRECT
RS12152501	RS1805609	EAS	0.873266	PLINK2_1KG_DIRECT
RS12152501	RS1805645	EAS	0.856244	PLINK2_1KG_DIRECT
RS12152501	RS1805646	EAS	0.873266	PLINK2_1KG_DIRECT
RS12152501	RS1805611	EAS	0.873266	PLINK2_1KG_DIRECT
RS12152501	RS1806190	EAS	0.866634	PLINK2_1KG_DIRECT
RS12152501	RS34193500	EAS	0.866634	PLINK2_1KG_DIRECT
RS12152501	RS4854912	EAS	0.873266	PLINK2_1KG_DIRECT
RS12152501	RS6775889	EAS	0.960257	PLINK2_1KG_DIRECT
RS12152501	RS12638820	EAS	0.960257	PLINK2_1KG_DIRECT
RS12152501	RS138977875	EAS	0.960257	PLINK2_1KG_DIRECT
RS12152501	RS13064866	EAS	0.960257	PLINK2_1KG_DIRECT
RS12152501	RS112011743	EAS	0.960257	PLINK2_1KG_DIRECT
RS12152501	RS62289594	EAS	0.960257	PLINK2_1KG_DIRECT
RS12152501	RS62289595	EAS	0.960257	PLINK2_1KG_DIRECT
RS12152501	RS13062475	EAS	0.952582	PLINK2_1KG_DIRECT
RS12152501	RS62289596	EAS	0.952582	PLINK2_1KG_DIRECT
RS12152501	RS34196661	EAS	0.952582	PLINK2_1KG_DIRECT
RS12152501	RS12635178	EAS	0.921069	PLINK2_1KG_DIRECT
RS12152501	RS13086700	EAS	0.952582	PLINK2_1KG_DIRECT
RS12152501	RS13086738	EAS	0.952582	PLINK2_1KG_DIRECT
RS12152501	RS4855015	EAS	0.952582	PLINK2_1KG_DIRECT
RS12152501	RS57671339	EAS	0.952582	PLINK2_1KG_DIRECT
RS12152501	RS4855017	EAS	0.952582	PLINK2_1KG_DIRECT
RS12152501	RS1897424	EAS	0.952582	PLINK2_1KG_DIRECT
RS12152501	RS4855018	EAS	0.960257	PLINK2_1KG_DIRECT
RS12152501	RS34331582	EAS	0.960257	PLINK2_1KG_DIRECT
RS12152501	RS9870874	EAS	0.968038	PLINK2_1KG_DIRECT
RS12152501	RS11710991	EAS	0.968038	PLINK2_1KG_DIRECT
RS12152501	RS11708192	EAS	0.968038	PLINK2_1KG_DIRECT
RS12152501	RS35212830	EAS	0.968038	PLINK2_1KG_DIRECT
RS12152501	RS35032109	EAS	0.967919	PLINK2_1KG_DIRECT
RS12152501	RS918253	EAS	0.975927	PLINK2_1KG_DIRECT
RS12152501	RS9859557	EAS	0.975927	PLINK2_1KG_DIRECT
RS12152501	RS6801189	EAS	0.975927	PLINK2_1KG_DIRECT
RS12152501	RS9853264	EAS	0.975927	PLINK2_1KG_DIRECT
RS12152501	RS12634129	EAS	0.968038	PLINK2_1KG_DIRECT
RS12152501	RS4855019	EAS	0.975927	PLINK2_1KG_DIRECT
RS12152501	RS62289605	EAS	0.975927	PLINK2_1KG_DIRECT
RS12152501	RS4456860	EAS	0.975927	PLINK2_1KG_DIRECT
RS12152501	RS13075474	EAS	0.975927	PLINK2_1KG_DIRECT
RS12152501	RS11713600	EAS	0.975927	PLINK2_1KG_DIRECT
RS12152501	RS12637938	EAS	0.975927	PLINK2_1KG_DIRECT
RS12152501	RS13077245	EAS	0.975927	PLINK2_1KG_DIRECT
RS12152501	RS13077643	EAS	0.975927	PLINK2_1KG_DIRECT
RS12152501	RS4854913	EAS	0.975927	PLINK2_1KG_DIRECT
RS12152501	RS13100379	EAS	0.975927	PLINK2_1KG_DIRECT
RS12152501	RS62289619	EAS	0.975927	PLINK2_1KG_DIRECT
RS12152501	RS6784620	EAS	0.975927	PLINK2_1KG_DIRECT
RS12152501	RS11708198	EAS	0.975927	PLINK2_1KG_DIRECT
RS12152501	RS12635535	EAS	0.975927	PLINK2_1KG_DIRECT
RS12152501	RS13065466	EAS	0.983927	PLINK2_1KG_DIRECT
RS12152501	RS13065310	EAS	0.983927	PLINK2_1KG_DIRECT
RS12152501	RS13071279	EAS	0.983927	PLINK2_1KG_DIRECT
RS12152501	RS13071836	EAS	0.983927	PLINK2_1KG_DIRECT
RS12152501	RS13100468	EAS	0.983927	PLINK2_1KG_DIRECT
RS12152501	RS4855022	EAS	0.983927	PLINK2_1KG_DIRECT
RS12152501	RS12629507	EAS	0.983927	PLINK2_1KG_DIRECT
RS12152501	RS12629509	EAS	0.983927	PLINK2_1KG_DIRECT
RS12152501	RS57296786	EAS	0.928187	PLINK2_1KG_DIRECT
RS12152501	RS34196490	EAS	0.920416	PLINK2_1KG_DIRECT
RS12152501	RS74896883	EAS	0.928187	PLINK2_1KG_DIRECT
RS12152501	RS13070997	EAS	0.904496	PLINK2_1KG_DIRECT
RS12152501	RS11716918	EAS	0.920272	PLINK2_1KG_DIRECT
RS12152501	RS10804885	EAS	0.920416	PLINK2_1KG_DIRECT
RS12152501	RS13090638	EAS	0.896953	PLINK2_1KG_DIRECT
RS12152501	RS35678296	EAS	0.865373	PLINK2_1KG_DIRECT
RS12152501	RS12632136	EAS	0.834395	PLINK2_1KG_DIRECT
RS12152501	RS7617548	EAS	0.820547	PLINK2_1KG_DIRECT
RS12152501	RS12633981	EAS	0.797371	PLINK2_1KG_DIRECT
RS12152501	RS11711948	EAS	0.499774	PLINK2_1KG_DIRECT
RS56219078	RS56219078	EUR	1	PLINK2_1KG_DIRECT
RS56219078	RS194369	EUR	0.912478	PLINK2_1KG_DIRECT
RS56219078	RS256374	EUR	0.912478	PLINK2_1KG_DIRECT
RS56219078	RS256372	EUR	0.916114	PLINK2_1KG_DIRECT
RS56219078	RS190947	EUR	0.912478	PLINK2_1KG_DIRECT
RS56219078	RS34634	EUR	0.912478	PLINK2_1KG_DIRECT
RS56219078	RS581318	EUR	0.912478	PLINK2_1KG_DIRECT
RS56219078	RS589794	EUR	0.912478	PLINK2_1KG_DIRECT
RS56219078	RS702565	EUR	0.912478	PLINK2_1KG_DIRECT
RS56219078	RS40506	EUR	0.894515	PLINK2_1KG_DIRECT
RS56219078	RS34631	EUR	0.890965	PLINK2_1KG_DIRECT
RS56219078	RS159360	EUR	0.890965	PLINK2_1KG_DIRECT
RS56219078	RS2055375	EUR	0.890965	PLINK2_1KG_DIRECT
RS56219078	RS10939886	EUR	0.890965	PLINK2_1KG_DIRECT
RS56219078	RS12513581	EUR	0.894515	PLINK2_1KG_DIRECT
RS56219078	RS7443733	EUR	0.88743	PLINK2_1KG_DIRECT
RS56219078	RS7444594	EUR	0.890965	PLINK2_1KG_DIRECT
RS56219078	RS4699973	EUR	0.890965	PLINK2_1KG_DIRECT
RS56219078	RS7712204	EUR	0.894515	PLINK2_1KG_DIRECT
RS56219078	RS6449522	EUR	0.890965	PLINK2_1KG_DIRECT
RS56219078	RS77250761	EUR	0.894515	PLINK2_1KG_DIRECT
RS56219078	RS6864095	EUR	0.883908	PLINK2_1KG_DIRECT
RS56219078	RS6864489	EUR	0.883908	PLINK2_1KG_DIRECT
RS56219078	RS62366215	EUR	0.883908	PLINK2_1KG_DIRECT
RS56219078	RS6868457	EUR	0.879941	PLINK2_1KG_DIRECT
RS56219078	RS12523278	EUR	0.729733	PLINK2_1KG_DIRECT
RS56219078	RS4352559	EUR	0.626824	PLINK2_1KG_DIRECT
RS56219078	RS4546329	EUR	0.567832	PLINK2_1KG_DIRECT
RS56219078	RS4391122	EUR	0.568461	PLINK2_1KG_DIRECT
RS56219078	RS4583848	EUR	0.569109	PLINK2_1KG_DIRECT
RS56219078	RS4132385	EUR	0.553205	PLINK2_1KG_DIRECT
RS56219078	RS7701440	EUR	0.511299	PLINK2_1KG_DIRECT
RS56219078	RS4700418	EUR	0.521169	PLINK2_1KG_DIRECT
RS56219078	RS11954859	EUR	0.51855	PLINK2_1KG_DIRECT
RS56219078	RS6449528	EUR	0.508727	PLINK2_1KG_DIRECT
RS56219078	RS4604142	EUR	0.508727	PLINK2_1KG_DIRECT
RS56219078	RS6449529	EUR	0.508727	PLINK2_1KG_DIRECT
RS56219078	RS7724551	EUR	0.508727	PLINK2_1KG_DIRECT
RS56219078	RS13169711	EUR	0.506166	PLINK2_1KG_DIRECT
RS56219078	RS13170135	EUR	0.506166	PLINK2_1KG_DIRECT
RS56219078	RS12188627	EUR	0.49292	PLINK2_1KG_DIRECT
RS56219078	RS10939902	EUR	0.503053	PLINK2_1KG_DIRECT
RS56219078	RS7709645	EUR	0.503053	PLINK2_1KG_DIRECT
RS56219078	RS7720894	EUR	0.500973	PLINK2_1KG_DIRECT
RS56219078	RS10041978	EUR	0.532233	PLINK2_1KG_DIRECT
RS56219078	RS10939903	EUR	0.517913	PLINK2_1KG_DIRECT
RS56219078	RS1986252	EUR	0.537638	PLINK2_1KG_DIRECT
RS56219078	RS6895046	EUR	0.523664	PLINK2_1KG_DIRECT
RS56219078	RS1374043	EUR	0.529218	PLINK2_1KG_DIRECT
RS56219078	RS7732234	EUR	0.529218	PLINK2_1KG_DIRECT
RS56219078	RS1445976	EUR	0.529218	PLINK2_1KG_DIRECT
RS56219078	RS2053694	EUR	0.523664	PLINK2_1KG_DIRECT
RS56219078	RS6879809	EUR	0.523664	PLINK2_1KG_DIRECT
RS56219078	RS6898746	EUR	0.526215	PLINK2_1KG_DIRECT
RS56219078	RS56219078	EAS	1	PLINK2_1KG_DIRECT
RS56219078	RS194369	EAS	0.40107	PLINK2_1KG_DIRECT
RS56219078	RS256374	EAS	0.40107	PLINK2_1KG_DIRECT
RS56219078	RS256372	EAS	0.40107	PLINK2_1KG_DIRECT
RS56219078	RS190947	EAS	0.397213	PLINK2_1KG_DIRECT
RS56219078	RS34634	EAS	0.403436	PLINK2_1KG_DIRECT
RS56219078	RS581318	EAS	0.403436	PLINK2_1KG_DIRECT
RS56219078	RS589794	EAS	0.403436	PLINK2_1KG_DIRECT
RS56219078	RS702565	EAS	0.405808	PLINK2_1KG_DIRECT
RS56219078	RS40506	EAS	0.401948	PLINK2_1KG_DIRECT
RS56219078	RS34631	EAS	0.401948	PLINK2_1KG_DIRECT
RS56219078	RS159360	EAS	0.401948	PLINK2_1KG_DIRECT
RS56219078	RS2055375	EAS	0.398125	PLINK2_1KG_DIRECT
RS56219078	RS10939886	EAS	0.404324	PLINK2_1KG_DIRECT
RS56219078	RS12513581	EAS	0.399577	PLINK2_1KG_DIRECT
RS56219078	RS7443733	EAS	0.399577	PLINK2_1KG_DIRECT
RS56219078	RS7444594	EAS	0.399577	PLINK2_1KG_DIRECT
RS56219078	RS4699973	EAS	0.399577	PLINK2_1KG_DIRECT
RS56219078	RS7712204	EAS	0.399577	PLINK2_1KG_DIRECT
RS56219078	RS6449522	EAS	0.399577	PLINK2_1KG_DIRECT
RS56219078	RS77250761	EAS	0.397213	PLINK2_1KG_DIRECT
RS56219078	RS6864095	EAS	0.399577	PLINK2_1KG_DIRECT
RS56219078	RS6864489	EAS	0.399577	PLINK2_1KG_DIRECT
RS56219078	RS62366215	EAS	0.377905	PLINK2_1KG_DIRECT
RS56219078	RS6868457	EAS	0.371853	PLINK2_1KG_DIRECT
RS56219078	RS12523278	EAS	0.184437	PLINK2_1KG_DIRECT
RS56219078	RS4352559	EAS	0.195672	PLINK2_1KG_DIRECT
RS56219078	RS4700418	EAS	0.153484	PLINK2_1KG_DIRECT
RS56219078	RS11954859	EAS	0.151681	PLINK2_1KG_DIRECT
RS56219078	RS7720894	EAS	0.138985	PLINK2_1KG_DIRECT
RS1993193	RS1993193	EUR	1	PLINK2_1KG_DIRECT
RS1993193	RS72928904	EUR	0.743623	PLINK2_1KG_DIRECT
RS1993193	RS72928910	EUR	0.743623	PLINK2_1KG_DIRECT
RS1993193	RS72928911	EUR	0.7118	PLINK2_1KG_DIRECT
RS1993193	RS72928914	EUR	0.743623	PLINK2_1KG_DIRECT
RS1993193	RS4801156	EUR	0.743623	PLINK2_1KG_DIRECT
RS1993193	RS2958172	EUR	0.743623	PLINK2_1KG_DIRECT
RS1993193	RS72928933	EUR	0.743623	PLINK2_1KG_DIRECT
RS1993193	RS72928936	EUR	0.743623	PLINK2_1KG_DIRECT
RS1993193	RS72928943	EUR	0.743623	PLINK2_1KG_DIRECT
RS1993193	RS72928950	EUR	0.743623	PLINK2_1KG_DIRECT
RS1993193	RS56127529	EUR	0.743623	PLINK2_1KG_DIRECT
RS1993193	RS55776938	EUR	0.743623	PLINK2_1KG_DIRECT
RS1993193	RS72928959	EUR	0.76055	PLINK2_1KG_DIRECT
RS1993193	RS1377242	EUR	0.76055	PLINK2_1KG_DIRECT
RS1993193	RS72928962	EUR	0.76055	PLINK2_1KG_DIRECT
RS1993193	RS72928968	EUR	0.798461	PLINK2_1KG_DIRECT
RS1993193	RS72930740	EUR	0.798461	PLINK2_1KG_DIRECT
RS1993193	RS148421571	EUR	1	PLINK2_1KG_DIRECT
RS1993193	RS72930755	EUR	1	PLINK2_1KG_DIRECT
RS1993193	RS72930757	EUR	1	PLINK2_1KG_DIRECT
RS1993193	RS72930759	EUR	1	PLINK2_1KG_DIRECT
RS1993193	RS140282719	EUR	1	PLINK2_1KG_DIRECT
RS1993193	RS72930763	EUR	1	PLINK2_1KG_DIRECT
RS1993193	RS72930767	EUR	1	PLINK2_1KG_DIRECT
RS1993193	RS72930769	EUR	1	PLINK2_1KG_DIRECT
RS1993193	RS72930774	EUR	1	PLINK2_1KG_DIRECT
RS1993193	RS55794506	EUR	1	PLINK2_1KG_DIRECT
RS1993193	RS72930780	EUR	1	PLINK2_1KG_DIRECT
RS1993193	RS72930787	EUR	1	PLINK2_1KG_DIRECT
RS1993193	RS56016607	EUR	1	PLINK2_1KG_DIRECT
RS1993193	RS1319637	EUR	0.203326	PLINK2_1KG_DIRECT
RS1993193	RS17513240	EUR	0.203326	PLINK2_1KG_DIRECT
RS1993193	RS658977	EUR	0.194971	PLINK2_1KG_DIRECT
RS1993193	RS12963873	EUR	0.203326	PLINK2_1KG_DIRECT
RS1993193	RS581653	EUR	0.203326	PLINK2_1KG_DIRECT
RS1993193	RS587136	EUR	0.204774	PLINK2_1KG_DIRECT
RS1993193	RS72932579	EUR	0.440762	PLINK2_1KG_DIRECT
RS1993193	RS1993193	EAS	1	PLINK2_1KG_DIRECT
RS1993193	RS72928904	EAS	1	PLINK2_1KG_DIRECT
RS1993193	RS72928910	EAS	1	PLINK2_1KG_DIRECT
RS1993193	RS72928911	EAS	1	PLINK2_1KG_DIRECT
RS1993193	RS72928914	EAS	1	PLINK2_1KG_DIRECT
RS1993193	RS4801156	EAS	1	PLINK2_1KG_DIRECT
RS1993193	RS2958172	EAS	1	PLINK2_1KG_DIRECT
RS1993193	RS72928933	EAS	1	PLINK2_1KG_DIRECT
RS1993193	RS72928936	EAS	1	PLINK2_1KG_DIRECT
RS1993193	RS72928943	EAS	1	PLINK2_1KG_DIRECT
RS1993193	RS72928950	EAS	1	PLINK2_1KG_DIRECT
RS1993193	RS56127529	EAS	1	PLINK2_1KG_DIRECT
RS1993193	RS55776938	EAS	1	PLINK2_1KG_DIRECT
RS1993193	RS72928959	EAS	1	PLINK2_1KG_DIRECT
RS1993193	RS1377242	EAS	1	PLINK2_1KG_DIRECT
RS1993193	RS72928962	EAS	1	PLINK2_1KG_DIRECT
RS1993193	RS72928968	EAS	1	PLINK2_1KG_DIRECT
RS1993193	RS72930740	EAS	1	PLINK2_1KG_DIRECT
RS1993193	RS148421571	EAS	1	PLINK2_1KG_DIRECT
RS1993193	RS72930755	EAS	1	PLINK2_1KG_DIRECT
RS1993193	RS72930757	EAS	1	PLINK2_1KG_DIRECT
RS1993193	RS72930759	EAS	1	PLINK2_1KG_DIRECT
RS1993193	RS140282719	EAS	1	PLINK2_1KG_DIRECT
RS1993193	RS72930763	EAS	1	PLINK2_1KG_DIRECT
RS1993193	RS72930767	EAS	1	PLINK2_1KG_DIRECT
RS1993193	RS72930769	EAS	1	PLINK2_1KG_DIRECT
RS1993193	RS72930774	EAS	1	PLINK2_1KG_DIRECT
RS1993193	RS55794506	EAS	1	PLINK2_1KG_DIRECT
RS1993193	RS72930780	EAS	1	PLINK2_1KG_DIRECT
RS1993193	RS72930787	EAS	1	PLINK2_1KG_DIRECT
RS1993193	RS56016607	EAS	1	PLINK2_1KG_DIRECT
RS1378559	RS1378559	EUR	1	PLINK2_1KG_DIRECT
RS1378559	RS9633518	EUR	0.896247	PLINK2_1KG_DIRECT
RS1378559	RS6633421	EUR	0.92141	PLINK2_1KG_DIRECT
RS1378559	RS1378559	EAS	1	PLINK2_1KG_DIRECT
RS1378559	RS9633518	EAS	0.514606	PLINK2_1KG_DIRECT
RS1378559	RS6633421	EAS	0.839499	PLINK2_1KG_DIRECT
RS16902086	RS16902086	EUR	1	PLINK2_1KG_DIRECT
RS16902086	RS10051592	EUR	0.78288	PLINK2_1KG_DIRECT
RS16902086	RS6859397	EUR	0.878335	PLINK2_1KG_DIRECT
RS16902086	RS4492120	EUR	0.907967	PLINK2_1KG_DIRECT
RS16902086	RS10035564	EUR	0.920159	PLINK2_1KG_DIRECT
RS16902086	RS6864928	EUR	0.31815	PLINK2_1KG_DIRECT
RS16902086	RS9292918	EUR	0.31815	PLINK2_1KG_DIRECT
RS16902086	RS6874127	EUR	0.334284	PLINK2_1KG_DIRECT
RS16902086	RS1392973	EUR	0.308686	PLINK2_1KG_DIRECT
RS16902086	RS7717890	EUR	0.308686	PLINK2_1KG_DIRECT
RS16902086	RS7735655	EUR	0.305285	PLINK2_1KG_DIRECT
RS16902086	RS6867827	EUR	0.308686	PLINK2_1KG_DIRECT
RS16902086	RS6895055	EUR	0.308686	PLINK2_1KG_DIRECT
RS16902086	RS6888352	EUR	0.308686	PLINK2_1KG_DIRECT
RS16902086	RS1501361	EUR	0.308686	PLINK2_1KG_DIRECT
RS16902086	RS13168931	EUR	0.308686	PLINK2_1KG_DIRECT
RS16902086	RS994092	EUR	0.308686	PLINK2_1KG_DIRECT
RS16902086	RS7709262	EUR	0.334284	PLINK2_1KG_DIRECT
RS16902086	RS10473384	EUR	0.308686	PLINK2_1KG_DIRECT
RS16902086	RS35804423	EUR	0.308686	PLINK2_1KG_DIRECT
RS16902086	RS6451796	EUR	0.308686	PLINK2_1KG_DIRECT
RS16902086	RS1501357	EUR	0.308686	PLINK2_1KG_DIRECT
RS16902086	RS1501362	EUR	0.334284	PLINK2_1KG_DIRECT
RS16902086	RS6451798	EUR	0.334284	PLINK2_1KG_DIRECT
RS16902086	RS10044408	EUR	0.313753	PLINK2_1KG_DIRECT
RS16902086	RS7721486	EUR	0.308686	PLINK2_1KG_DIRECT
RS16902086	RS3923055	EUR	0.308686	PLINK2_1KG_DIRECT
RS16902086	RS13179496	EUR	0.308686	PLINK2_1KG_DIRECT
RS16902086	RS12332696	EUR	0.308686	PLINK2_1KG_DIRECT
RS16902086	RS6874677	EUR	0.308686	PLINK2_1KG_DIRECT
RS16902086	RS10045420	EUR	0.308686	PLINK2_1KG_DIRECT
RS16902086	RS7446182	EUR	0.482732	PLINK2_1KG_DIRECT
RS16902086	RS4133429	EUR	0.449966	PLINK2_1KG_DIRECT
RS16902086	RS6414906	EUR	0.44764	PLINK2_1KG_DIRECT
RS16902086	RS13175193	EUR	0.448991	PLINK2_1KG_DIRECT
RS16902086	RS13162651	EUR	0.452303	PLINK2_1KG_DIRECT
RS16902086	RS56908114	EUR	0.477979	PLINK2_1KG_DIRECT
RS16902086	RS6892290	EUR	0.444338	PLINK2_1KG_DIRECT
RS16902086	RS6892594	EUR	0.444338	PLINK2_1KG_DIRECT
RS16902086	RS7723380	EUR	0.444338	PLINK2_1KG_DIRECT
RS16902086	RS12520124	EUR	0.444338	PLINK2_1KG_DIRECT
RS16902086	RS34666220	EUR	0.444338	PLINK2_1KG_DIRECT
RS16902086	RS6451801	EUR	0.44105	PLINK2_1KG_DIRECT
RS16902086	RS6860200	EUR	0.44105	PLINK2_1KG_DIRECT
RS16902086	RS6451802	EUR	0.4575	PLINK2_1KG_DIRECT
RS16902086	RS13169726	EUR	0.44105	PLINK2_1KG_DIRECT
RS16902086	RS7732970	EUR	0.437776	PLINK2_1KG_DIRECT
RS16902086	RS13354798	EUR	0.474552	PLINK2_1KG_DIRECT
RS16902086	RS2220083	EUR	0.437776	PLINK2_1KG_DIRECT
RS16902086	RS7717787	EUR	0.46774	PLINK2_1KG_DIRECT
RS16902086	RS7706140	EUR	0.471139	PLINK2_1KG_DIRECT
RS16902086	RS7727890	EUR	0.46774	PLINK2_1KG_DIRECT
RS16902086	RS2337412	EUR	0.434515	PLINK2_1KG_DIRECT
RS16902086	RS6451804	EUR	0.434515	PLINK2_1KG_DIRECT
RS16902086	RS6451807	EUR	0.416732	PLINK2_1KG_DIRECT
RS16902086	RS10073636	EUR	0.447143	PLINK2_1KG_DIRECT
RS16902086	RS10043792	EUR	0.447143	PLINK2_1KG_DIRECT
RS16902086	RS2625494	EUR	0.449422	PLINK2_1KG_DIRECT
RS16902086	RS1384732	EUR	0.416732	PLINK2_1KG_DIRECT
RS16902086	RS11741075	EUR	0.444874	PLINK2_1KG_DIRECT
RS16902086	RS1351720	EUR	0.449422	PLINK2_1KG_DIRECT
RS16902086	RS1483303	EUR	0.414505	PLINK2_1KG_DIRECT
RS16902086	RS2049656	EUR	0.41229	PLINK2_1KG_DIRECT
RS16902086	RS2696018	EUR	0.414505	PLINK2_1KG_DIRECT
RS16902086	RS2580258	EUR	0.447143	PLINK2_1KG_DIRECT
RS16902086	RS2005147	EUR	0.41229	PLINK2_1KG_DIRECT
RS16902086	RS755048	EUR	0.414505	PLINK2_1KG_DIRECT
RS16902086	RS10069510	EUR	0.41229	PLINK2_1KG_DIRECT
RS16902086	RS138035012	EUR	0.41229	PLINK2_1KG_DIRECT
RS16902086	RS113595177	EUR	0.41229	PLINK2_1KG_DIRECT
RS16902086	RS10805695	EUR	0.41229	PLINK2_1KG_DIRECT
RS16902086	RS2696013	EUR	0.414505	PLINK2_1KG_DIRECT
RS16902086	RS2337483	EUR	0.414505	PLINK2_1KG_DIRECT
RS16902086	RS6893773	EUR	0.414505	PLINK2_1KG_DIRECT
RS16902086	RS6451810	EUR	0.41229	PLINK2_1KG_DIRECT
RS16902086	RS2580260	EUR	0.414505	PLINK2_1KG_DIRECT
RS16902086	RS2589161	EUR	0.415486	PLINK2_1KG_DIRECT
RS16902086	RS1405918	EUR	0.415486	PLINK2_1KG_DIRECT
RS16902086	RS2589162	EUR	0.415486	PLINK2_1KG_DIRECT
RS16902086	RS1527831	EUR	0.415486	PLINK2_1KG_DIRECT
RS16902086	RS35381866	EUR	0.452768	PLINK2_1KG_DIRECT
RS16902086	RS6451812	EUR	0.419939	PLINK2_1KG_DIRECT
RS16902086	RS10036065	EUR	0.419939	PLINK2_1KG_DIRECT
RS16902086	RS10078625	EUR	0.419939	PLINK2_1KG_DIRECT
RS16902086	RS13187565	EUR	0.419939	PLINK2_1KG_DIRECT
RS16902086	RS10473392	EUR	0.419939	PLINK2_1KG_DIRECT
RS16902086	RS7705696	EUR	0.419939	PLINK2_1KG_DIRECT
RS16902086	RS2879074	EUR	0.422183	PLINK2_1KG_DIRECT
RS16902086	RS7736561	EUR	0.422183	PLINK2_1KG_DIRECT
RS16902086	RS2337951	EUR	0.422183	PLINK2_1KG_DIRECT
RS16902086	RS2337952	EUR	0.422183	PLINK2_1KG_DIRECT
RS16902086	RS6892627	EUR	0.422183	PLINK2_1KG_DIRECT
RS16902086	RS7718785	EUR	0.415771	PLINK2_1KG_DIRECT
RS16902086	RS12110137	EUR	0.447143	PLINK2_1KG_DIRECT
RS16902086	RS6451814	EUR	0.415771	PLINK2_1KG_DIRECT
RS16902086	RS7706116	EUR	0.412586	PLINK2_1KG_DIRECT
RS16902086	RS4629609	EUR	0.445053	PLINK2_1KG_DIRECT
RS16902086	RS4257782	EUR	0.445053	PLINK2_1KG_DIRECT
RS16902086	RS10044479	EUR	0.412586	PLINK2_1KG_DIRECT
RS16902086	RS4455566	EUR	0.412586	PLINK2_1KG_DIRECT
RS16902086	RS12654213	EUR	0.445053	PLINK2_1KG_DIRECT
RS16902086	RS9687260	EUR	0.412586	PLINK2_1KG_DIRECT
RS16902086	RS9764211	EUR	0.412586	PLINK2_1KG_DIRECT
RS16902086	RS7447717	EUR	0.412586	PLINK2_1KG_DIRECT
RS16902086	RS10941703	EUR	0.420269	PLINK2_1KG_DIRECT
RS16902086	RS4455564	EUR	0.386703	PLINK2_1KG_DIRECT
RS16902086	RS7727331	EUR	0.387581	PLINK2_1KG_DIRECT
RS16902086	RS35648163	EUR	0.41897	PLINK2_1KG_DIRECT
RS16902086	RS6451843	EUR	0.422183	PLINK2_1KG_DIRECT
RS16902086	RS4490592	EUR	0.421219	PLINK2_1KG_DIRECT
RS16902086	RS16902086	EAS	1	PLINK2_1KG_DIRECT
RS16902086	RS10051592	EAS	0.669625	PLINK2_1KG_DIRECT
RS16902086	RS6859397	EAS	0.849723	PLINK2_1KG_DIRECT
RS16902086	RS4492120	EAS	0.886397	PLINK2_1KG_DIRECT
RS16902086	RS10035564	EAS	0.882842	PLINK2_1KG_DIRECT
RS16902086	RS6864928	EAS	0.85067	PLINK2_1KG_DIRECT
RS16902086	RS9292918	EAS	0.847028	PLINK2_1KG_DIRECT
RS16902086	RS6874127	EAS	0.835996	PLINK2_1KG_DIRECT
RS16902086	RS1392973	EAS	0.832371	PLINK2_1KG_DIRECT
RS16902086	RS7717890	EAS	0.832371	PLINK2_1KG_DIRECT
RS16902086	RS7735655	EAS	0.835996	PLINK2_1KG_DIRECT
RS16902086	RS6867827	EAS	0.832371	PLINK2_1KG_DIRECT
RS16902086	RS6895055	EAS	0.832371	PLINK2_1KG_DIRECT
RS16902086	RS6888352	EAS	0.832371	PLINK2_1KG_DIRECT
RS16902086	RS1501361	EAS	0.832371	PLINK2_1KG_DIRECT
RS16902086	RS13168931	EAS	0.832371	PLINK2_1KG_DIRECT
RS16902086	RS994092	EAS	0.832371	PLINK2_1KG_DIRECT
RS16902086	RS7709262	EAS	0.832371	PLINK2_1KG_DIRECT
RS16902086	RS10473384	EAS	0.832371	PLINK2_1KG_DIRECT
RS16902086	RS35804423	EAS	0.828759	PLINK2_1KG_DIRECT
RS16902086	RS6451796	EAS	0.832371	PLINK2_1KG_DIRECT
RS16902086	RS1501357	EAS	0.832371	PLINK2_1KG_DIRECT
RS16902086	RS1501362	EAS	0.825161	PLINK2_1KG_DIRECT
RS16902086	RS6451798	EAS	0.832371	PLINK2_1KG_DIRECT
RS16902086	RS10044408	EAS	0.832371	PLINK2_1KG_DIRECT
RS16902086	RS7721486	EAS	0.832371	PLINK2_1KG_DIRECT
RS16902086	RS3923055	EAS	0.832371	PLINK2_1KG_DIRECT
RS16902086	RS13179496	EAS	0.832371	PLINK2_1KG_DIRECT
RS16902086	RS12332696	EAS	0.832371	PLINK2_1KG_DIRECT
RS16902086	RS6874677	EAS	0.77614	PLINK2_1KG_DIRECT
RS16902086	RS10045420	EAS	0.77614	PLINK2_1KG_DIRECT
RS16902086	RS7446182	EAS	0.569927	PLINK2_1KG_DIRECT
RS16902086	RS4133429	EAS	0.5729	PLINK2_1KG_DIRECT
RS16902086	RS6414906	EAS	0.566967	PLINK2_1KG_DIRECT
RS16902086	RS13175193	EAS	0.564021	PLINK2_1KG_DIRECT
RS16902086	RS13162651	EAS	0.555258	PLINK2_1KG_DIRECT
RS16902086	RS56908114	EAS	0.564133	PLINK2_1KG_DIRECT
RS16902086	RS6892290	EAS	0.561087	PLINK2_1KG_DIRECT
RS16902086	RS6892594	EAS	0.560778	PLINK2_1KG_DIRECT
RS16902086	RS7723380	EAS	0.561087	PLINK2_1KG_DIRECT
RS16902086	RS12520124	EAS	0.566967	PLINK2_1KG_DIRECT
RS16902086	RS34666220	EAS	0.557819	PLINK2_1KG_DIRECT
RS16902086	RS6451801	EAS	0.551835	PLINK2_1KG_DIRECT
RS16902086	RS6860200	EAS	0.551879	PLINK2_1KG_DIRECT
RS16902086	RS6451802	EAS	0.554822	PLINK2_1KG_DIRECT
RS16902086	RS13169726	EAS	0.551835	PLINK2_1KG_DIRECT
RS16902086	RS7732970	EAS	0.557777	PLINK2_1KG_DIRECT
RS16902086	RS13354798	EAS	0.554822	PLINK2_1KG_DIRECT
RS16902086	RS2220083	EAS	0.557777	PLINK2_1KG_DIRECT
RS16902086	RS7717787	EAS	0.545887	PLINK2_1KG_DIRECT
RS16902086	RS7706140	EAS	0.545898	PLINK2_1KG_DIRECT
RS16902086	RS7727890	EAS	0.554787	PLINK2_1KG_DIRECT
RS16902086	RS2337412	EAS	0.548842	PLINK2_1KG_DIRECT
RS16902086	RS6451804	EAS	0.554822	PLINK2_1KG_DIRECT
RS16902086	RS6451807	EAS	0.508315	PLINK2_1KG_DIRECT
RS16902086	RS10073636	EAS	0.516978	PLINK2_1KG_DIRECT
RS16902086	RS10043792	EAS	0.519889	PLINK2_1KG_DIRECT
RS16902086	RS2625494	EAS	0.516978	PLINK2_1KG_DIRECT
RS16902086	RS1384732	EAS	0.514079	PLINK2_1KG_DIRECT
RS16902086	RS11741075	EAS	0.508315	PLINK2_1KG_DIRECT
RS16902086	RS1351720	EAS	0.508315	PLINK2_1KG_DIRECT
RS16902086	RS1483303	EAS	0.514079	PLINK2_1KG_DIRECT
RS16902086	RS2049656	EAS	0.514079	PLINK2_1KG_DIRECT
RS16902086	RS2696018	EAS	0.514079	PLINK2_1KG_DIRECT
RS16902086	RS2580258	EAS	0.514079	PLINK2_1KG_DIRECT
RS16902086	RS2005147	EAS	0.511262	PLINK2_1KG_DIRECT
RS16902086	RS755048	EAS	0.505506	PLINK2_1KG_DIRECT
RS16902086	RS10069510	EAS	0.511262	PLINK2_1KG_DIRECT
RS16902086	RS138035012	EAS	0.508379	PLINK2_1KG_DIRECT
RS16902086	RS113595177	EAS	0.511262	PLINK2_1KG_DIRECT
RS16902086	RS10805695	EAS	0.508379	PLINK2_1KG_DIRECT
RS16902086	RS2696013	EAS	0.508379	PLINK2_1KG_DIRECT
RS16902086	RS2337483	EAS	0.516909	PLINK2_1KG_DIRECT
RS16902086	RS6893773	EAS	0.516909	PLINK2_1KG_DIRECT
RS16902086	RS6451810	EAS	0.514079	PLINK2_1KG_DIRECT
RS16902086	RS2580260	EAS	0.516909	PLINK2_1KG_DIRECT
RS16902086	RS2589161	EAS	0.516909	PLINK2_1KG_DIRECT
RS16902086	RS1405918	EAS	0.516909	PLINK2_1KG_DIRECT
RS16902086	RS2589162	EAS	0.516909	PLINK2_1KG_DIRECT
RS16902086	RS1527831	EAS	0.516909	PLINK2_1KG_DIRECT
RS16902086	RS35381866	EAS	0.511262	PLINK2_1KG_DIRECT
RS16902086	RS6451812	EAS	0.511262	PLINK2_1KG_DIRECT
RS16902086	RS10036065	EAS	0.511262	PLINK2_1KG_DIRECT
RS16902086	RS10078625	EAS	0.511262	PLINK2_1KG_DIRECT
RS16902086	RS13187565	EAS	0.511262	PLINK2_1KG_DIRECT
RS16902086	RS10473392	EAS	0.511262	PLINK2_1KG_DIRECT
RS16902086	RS7705696	EAS	0.511262	PLINK2_1KG_DIRECT
RS16902086	RS2879074	EAS	0.511262	PLINK2_1KG_DIRECT
RS16902086	RS7736561	EAS	0.511262	PLINK2_1KG_DIRECT
RS16902086	RS2337951	EAS	0.511262	PLINK2_1KG_DIRECT
RS16902086	RS2337952	EAS	0.511262	PLINK2_1KG_DIRECT
RS16902086	RS6892627	EAS	0.508458	PLINK2_1KG_DIRECT
RS16902086	RS7718785	EAS	0.514157	PLINK2_1KG_DIRECT
RS16902086	RS12110137	EAS	0.514157	PLINK2_1KG_DIRECT
RS16902086	RS6451814	EAS	0.505666	PLINK2_1KG_DIRECT
RS16902086	RS7706116	EAS	0.494759	PLINK2_1KG_DIRECT
RS16902086	RS4629609	EAS	0.50653	PLINK2_1KG_DIRECT
RS16902086	RS4257782	EAS	0.494759	PLINK2_1KG_DIRECT
RS16902086	RS10044479	EAS	0.494622	PLINK2_1KG_DIRECT
RS16902086	RS4455566	EAS	0.50653	PLINK2_1KG_DIRECT
RS16902086	RS12654213	EAS	0.50653	PLINK2_1KG_DIRECT
RS16902086	RS9687260	EAS	0.50653	PLINK2_1KG_DIRECT
RS16902086	RS9764211	EAS	0.50653	PLINK2_1KG_DIRECT
RS16902086	RS7447717	EAS	0.503607	PLINK2_1KG_DIRECT
RS16902086	RS10941703	EAS	0.465237	PLINK2_1KG_DIRECT
RS16902086	RS4455564	EAS	0.465237	PLINK2_1KG_DIRECT
RS16902086	RS7727331	EAS	0.484124	PLINK2_1KG_DIRECT
RS16902086	RS35648163	EAS	0.486321	PLINK2_1KG_DIRECT
RS16902086	RS6451843	EAS	0.486803	PLINK2_1KG_DIRECT
RS16902086	RS4490592	EAS	0.486191	PLINK2_1KG_DIRECT
RS7071123	RS7071123	EUR	1	PLINK2_1KG_DIRECT
RS7071123	RS2148184	EUR	0.685632	PLINK2_1KG_DIRECT
RS7071123	RS7084123	EUR	0.713995	PLINK2_1KG_DIRECT
RS7071123	RS6482397	EUR	0.836257	PLINK2_1KG_DIRECT
RS7071123	RS6482406	EUR	0.844107	PLINK2_1KG_DIRECT
RS7071123	RS7912753	EUR	0.836257	PLINK2_1KG_DIRECT
RS7071123	RS983048	EUR	0.836257	PLINK2_1KG_DIRECT
RS7071123	RS10828679	EUR	0.796191	PLINK2_1KG_DIRECT
RS7071123	RS4748464	EUR	0.803964	PLINK2_1KG_DIRECT
RS7071123	RS4748465	EUR	0.803964	PLINK2_1KG_DIRECT
RS7071123	RS11014185	EUR	0.836257	PLINK2_1KG_DIRECT
RS7071123	RS11014186	EUR	0.844107	PLINK2_1KG_DIRECT
RS7071123	RS1575836	EUR	0.803964	PLINK2_1KG_DIRECT
RS7071123	RS6415973	EUR	0.803964	PLINK2_1KG_DIRECT
RS7071123	RS6415974	EUR	0.803964	PLINK2_1KG_DIRECT
RS7071123	RS6482408	EUR	0.803964	PLINK2_1KG_DIRECT
RS7071123	RS6482409	EUR	0.803964	PLINK2_1KG_DIRECT
RS7071123	RS6482410	EUR	0.803964	PLINK2_1KG_DIRECT
RS7071123	RS6482411	EUR	0.803964	PLINK2_1KG_DIRECT
RS7071123	RS10741058	EUR	0.796191	PLINK2_1KG_DIRECT
RS7071123	RS10764483	EUR	0.803964	PLINK2_1KG_DIRECT
RS7071123	RS2209590	EUR	0.813961	PLINK2_1KG_DIRECT
RS7071123	RS2209589	EUR	0.813961	PLINK2_1KG_DIRECT
RS7071123	RS2209588	EUR	0.823984	PLINK2_1KG_DIRECT
RS7071123	RS2209587	EUR	0.823984	PLINK2_1KG_DIRECT
RS7071123	RS58561149	EUR	0.813961	PLINK2_1KG_DIRECT
RS7071123	RS11014196	EUR	0.813961	PLINK2_1KG_DIRECT
RS7071123	RS10741059	EUR	0.854207	PLINK2_1KG_DIRECT
RS7071123	RS10734054	EUR	0.854207	PLINK2_1KG_DIRECT
RS7071123	RS10741060	EUR	0.854207	PLINK2_1KG_DIRECT
RS7071123	RS10741061	EUR	0.854207	PLINK2_1KG_DIRECT
RS7071123	RS10734056	EUR	0.854207	PLINK2_1KG_DIRECT
RS7071123	RS1926026	EUR	0.948839	PLINK2_1KG_DIRECT
RS7071123	RS7095057	EUR	0.948839	PLINK2_1KG_DIRECT
RS7071123	RS6482437	EUR	0.959026	PLINK2_1KG_DIRECT
RS7071123	RS10764493	EUR	0.918838	PLINK2_1KG_DIRECT
RS7071123	RS4748466	EUR	0.784047	PLINK2_1KG_DIRECT
RS7071123	RS4748467	EUR	0.776314	PLINK2_1KG_DIRECT
RS7071123	RS1325989	EUR	0.929017	PLINK2_1KG_DIRECT
RS7071123	RS4748468	EUR	0.88844	PLINK2_1KG_DIRECT
RS7071123	RS912983	EUR	0.88844	PLINK2_1KG_DIRECT
RS7071123	RS12774837	EUR	0.88844	PLINK2_1KG_DIRECT
RS7071123	RS7923938	EUR	0.919381	PLINK2_1KG_DIRECT
RS7071123	RS7893279	EUR	0.929017	PLINK2_1KG_DIRECT
RS7071123	RS1998820	EUR	0.88844	PLINK2_1KG_DIRECT
RS7071123	RS1998821	EUR	0.88844	PLINK2_1KG_DIRECT
RS7071123	RS12784686	EUR	0.88844	PLINK2_1KG_DIRECT
RS7071123	RS12777225	EUR	0.548276	PLINK2_1KG_DIRECT
RS7071123	RS7071123	EAS	1	PLINK2_1KG_DIRECT
RS7071123	RS7084123	EAS	0.507147	PLINK2_1KG_DIRECT
RS7071123	RS6482397	EAS	0.581409	PLINK2_1KG_DIRECT
RS7071123	RS6482406	EAS	0.581409	PLINK2_1KG_DIRECT
RS7071123	RS7912753	EAS	0.591565	PLINK2_1KG_DIRECT
RS7071123	RS983048	EAS	0.581409	PLINK2_1KG_DIRECT
RS7071123	RS10828679	EAS	0.581409	PLINK2_1KG_DIRECT
RS7071123	RS4748464	EAS	0.531174	PLINK2_1KG_DIRECT
RS7071123	RS4748465	EAS	0.60206	PLINK2_1KG_DIRECT
RS7071123	RS11014185	EAS	0.61291	PLINK2_1KG_DIRECT
RS7071123	RS11014186	EAS	0.60206	PLINK2_1KG_DIRECT
RS7071123	RS1575836	EAS	0.567953	PLINK2_1KG_DIRECT
RS7071123	RS6415973	EAS	0.834847	PLINK2_1KG_DIRECT
RS7071123	RS6415974	EAS	0.834847	PLINK2_1KG_DIRECT
RS7071123	RS6482408	EAS	0.834847	PLINK2_1KG_DIRECT
RS7071123	RS6482409	EAS	0.834847	PLINK2_1KG_DIRECT
RS7071123	RS6482410	EAS	0.834847	PLINK2_1KG_DIRECT
RS7071123	RS6482411	EAS	0.855148	PLINK2_1KG_DIRECT
RS7071123	RS10741058	EAS	0.855148	PLINK2_1KG_DIRECT
RS7071123	RS10764483	EAS	0.855148	PLINK2_1KG_DIRECT
RS7071123	RS2209590	EAS	0.624134	PLINK2_1KG_DIRECT
RS7071123	RS2209589	EAS	0.60206	PLINK2_1KG_DIRECT
RS7071123	RS2209588	EAS	0.60206	PLINK2_1KG_DIRECT
RS7071123	RS2209587	EAS	0.60206	PLINK2_1KG_DIRECT
RS7071123	RS58561149	EAS	0.60206	PLINK2_1KG_DIRECT
RS7071123	RS11014196	EAS	0.60206	PLINK2_1KG_DIRECT
RS7071123	RS10741059	EAS	0.876416	PLINK2_1KG_DIRECT
RS7071123	RS10734054	EAS	0.876416	PLINK2_1KG_DIRECT
RS7071123	RS10741060	EAS	0.876416	PLINK2_1KG_DIRECT
RS7071123	RS10741061	EAS	0.876416	PLINK2_1KG_DIRECT
RS7071123	RS10734056	EAS	0.946764	PLINK2_1KG_DIRECT
RS7071123	RS1926026	EAS	0.61291	PLINK2_1KG_DIRECT
RS7071123	RS7095057	EAS	1	PLINK2_1KG_DIRECT
RS7071123	RS6482437	EAS	1	PLINK2_1KG_DIRECT
RS7071123	RS10764493	EAS	0.383982	PLINK2_1KG_DIRECT
RS7071123	RS4748466	EAS	0.243801	PLINK2_1KG_DIRECT
RS7071123	RS4748467	EAS	0.246003	PLINK2_1KG_DIRECT
RS7071123	RS1325989	EAS	0.379876	PLINK2_1KG_DIRECT
RS7071123	RS4748468	EAS	0.384736	PLINK2_1KG_DIRECT
RS7071123	RS912983	EAS	0.384736	PLINK2_1KG_DIRECT
RS7071123	RS12774837	EAS	0.384736	PLINK2_1KG_DIRECT
RS7071123	RS7923938	EAS	0.384736	PLINK2_1KG_DIRECT
RS7071123	RS7893279	EAS	0.379876	PLINK2_1KG_DIRECT
RS7071123	RS1998820	EAS	0.384736	PLINK2_1KG_DIRECT
RS7071123	RS1998821	EAS	0.384736	PLINK2_1KG_DIRECT
RS7071123	RS12784686	EAS	0.384736	PLINK2_1KG_DIRECT
RS7071123	RS12777225	EAS	0.260457	PLINK2_1KG_DIRECT
RS17777642	RS17777642	EUR	1	PLINK2_1KG_DIRECT
RS17777642	RS2470937	EUR	0.707703	PLINK2_1KG_DIRECT
RS17777642	RS2428161	EUR	0.730318	PLINK2_1KG_DIRECT
RS17777642	RS2470951	EUR	0.8801	PLINK2_1KG_DIRECT
RS17777642	RS2252074	EUR	0.912113	PLINK2_1KG_DIRECT
RS17777642	RS2428162	EUR	0.912113	PLINK2_1KG_DIRECT
RS17777642	RS7807853	EUR	0.983566	PLINK2_1KG_DIRECT
RS17777642	RS6466030	EUR	0.987692	PLINK2_1KG_DIRECT
RS17777642	RS6466031	EUR	1	PLINK2_1KG_DIRECT
RS17777642	RS6466033	EUR	1	PLINK2_1KG_DIRECT
RS17777642	RS6466034	EUR	0.987692	PLINK2_1KG_DIRECT
RS17777642	RS4727614	EUR	0.784825	PLINK2_1KG_DIRECT
RS17777642	RS6955349	EUR	0.784825	PLINK2_1KG_DIRECT
RS17777642	RS6965384	EUR	0.77795	PLINK2_1KG_DIRECT
RS17777642	RS7776707	EUR	0.77795	PLINK2_1KG_DIRECT
RS17777642	RS10266287	EUR	0.77795	PLINK2_1KG_DIRECT
RS17777642	RS3823752	EUR	0.704453	PLINK2_1KG_DIRECT
RS17777642	RS2192932	EUR	0.704453	PLINK2_1KG_DIRECT
RS17777642	RS6948885	EUR	0.70107	PLINK2_1KG_DIRECT
RS17777642	RS11760317	EUR	0.697699	PLINK2_1KG_DIRECT
RS17777642	RS10808141	EUR	0.693721	PLINK2_1KG_DIRECT
RS17777642	RS10953468	EUR	0.693721	PLINK2_1KG_DIRECT
RS17777642	RS6967587	EUR	0.697699	PLINK2_1KG_DIRECT
RS17777642	RS7797912	EUR	0.683651	PLINK2_1KG_DIRECT
RS17777642	RS6950620	EUR	0.680015	PLINK2_1KG_DIRECT
RS17777642	RS2299304	EUR	0.680015	PLINK2_1KG_DIRECT
RS17777642	RS10487150	EUR	0.640327	PLINK2_1KG_DIRECT
RS17777642	RS10238507	EUR	0.651156	PLINK2_1KG_DIRECT
RS17777642	RS10266871	EUR	0.64793	PLINK2_1KG_DIRECT
RS17777642	RS6943183	EUR	0.640327	PLINK2_1KG_DIRECT
RS17777642	RS9640686	EUR	0.641507	PLINK2_1KG_DIRECT
RS17777642	RS10953470	EUR	0.644714	PLINK2_1KG_DIRECT
RS17777642	RS2299319	EUR	0.64793	PLINK2_1KG_DIRECT
RS17777642	RS3801282	EUR	0.644714	PLINK2_1KG_DIRECT
RS17777642	RS3801281	EUR	0.644714	PLINK2_1KG_DIRECT
RS17777642	RS3823751	EUR	0.483925	PLINK2_1KG_DIRECT
RS17777642	RS4496901	EUR	0.644714	PLINK2_1KG_DIRECT
RS17777642	RS3801278	EUR	0.644714	PLINK2_1KG_DIRECT
RS17777642	RS917114	EUR	0.641507	PLINK2_1KG_DIRECT
RS17777642	RS7801804	EUR	0.644714	PLINK2_1KG_DIRECT
RS17777642	RS11765899	EUR	0.644714	PLINK2_1KG_DIRECT
RS17777642	RS10953474	EUR	0.644714	PLINK2_1KG_DIRECT
RS17777642	RS6466053	EUR	0.644714	PLINK2_1KG_DIRECT
RS17777642	RS7806591	EUR	0.644714	PLINK2_1KG_DIRECT
RS17777642	RS7811681	EUR	0.612581	PLINK2_1KG_DIRECT
RS17777642	RS6466055	EUR	0.612581	PLINK2_1KG_DIRECT
RS17777642	RS6466056	EUR	0.612581	PLINK2_1KG_DIRECT
RS17777642	RS12705304	EUR	0.612581	PLINK2_1KG_DIRECT
RS17777642	RS2057883	EUR	0.612581	PLINK2_1KG_DIRECT
RS17777642	RS2057884	EUR	0.612581	PLINK2_1KG_DIRECT
RS17777642	RS66599006	EUR	0.644714	PLINK2_1KG_DIRECT
RS17777642	RS9649275	EUR	0.612581	PLINK2_1KG_DIRECT
RS17777642	RS13238191	EUR	0.581146	PLINK2_1KG_DIRECT
RS17777642	RS10241415	EUR	0.601528	PLINK2_1KG_DIRECT
RS17777642	RS6466057	EUR	0.619336	PLINK2_1KG_DIRECT
RS17777642	RS6962856	EUR	0.619336	PLINK2_1KG_DIRECT
RS17777642	RS1204066	EUR	0.619336	PLINK2_1KG_DIRECT
RS17777642	RS2040914	EUR	0.604652	PLINK2_1KG_DIRECT
RS17777642	RS1204077	EUR	0.619336	PLINK2_1KG_DIRECT
RS17777642	RS13226540	EUR	0.62791	PLINK2_1KG_DIRECT
RS17777642	RS12705308	EUR	0.619336	PLINK2_1KG_DIRECT
RS17777642	RS17777642	EAS	1	PLINK2_1KG_DIRECT
RS17777642	RS2470937	EAS	0.799588	PLINK2_1KG_DIRECT
RS17777642	RS2428161	EAS	0.801809	PLINK2_1KG_DIRECT
RS17777642	RS2470951	EAS	0.959984	PLINK2_1KG_DIRECT
RS17777642	RS2252074	EAS	0.979945	PLINK2_1KG_DIRECT
RS17777642	RS2428162	EAS	0.983923	PLINK2_1KG_DIRECT
RS17777642	RS7807853	EAS	0.812221	PLINK2_1KG_DIRECT
RS17777642	RS6466030	EAS	0.809001	PLINK2_1KG_DIRECT
RS17777642	RS6466031	EAS	1	PLINK2_1KG_DIRECT
RS17777642	RS6466033	EAS	0.995967	PLINK2_1KG_DIRECT
RS17777642	RS6466034	EAS	0.812221	PLINK2_1KG_DIRECT
RS17777642	RS4727614	EAS	0.456951	PLINK2_1KG_DIRECT
RS17777642	RS6955349	EAS	0.456951	PLINK2_1KG_DIRECT
RS17777642	RS6965384	EAS	0.433523	PLINK2_1KG_DIRECT
RS17777642	RS7776707	EAS	0.433523	PLINK2_1KG_DIRECT
RS17777642	RS10266287	EAS	0.433523	PLINK2_1KG_DIRECT
RS17777642	RS3823752	EAS	0.405527	PLINK2_1KG_DIRECT
RS17777642	RS2192932	EAS	0.406975	PLINK2_1KG_DIRECT
RS17777642	RS6948885	EAS	0.240016	PLINK2_1KG_DIRECT
RS17777642	RS11760317	EAS	0.237351	PLINK2_1KG_DIRECT
RS17777642	RS10808141	EAS	0.235389	PLINK2_1KG_DIRECT
RS17777642	RS10953468	EAS	0.241991	PLINK2_1KG_DIRECT
RS17777642	RS6967587	EAS	0.237693	PLINK2_1KG_DIRECT
RS17777642	RS7797912	EAS	0.230527	PLINK2_1KG_DIRECT
RS17777642	RS6950620	EAS	0.229213	PLINK2_1KG_DIRECT
RS17777642	RS2299304	EAS	0.230231	PLINK2_1KG_DIRECT
RS17777642	RS10487150	EAS	0.240968	PLINK2_1KG_DIRECT
RS17777642	RS10238507	EAS	0.24328	PLINK2_1KG_DIRECT
RS17777642	RS10266871	EAS	0.238991	PLINK2_1KG_DIRECT
RS17777642	RS6943183	EAS	0.238673	PLINK2_1KG_DIRECT
RS17777642	RS9640686	EAS	0.2146	PLINK2_1KG_DIRECT
RS17777642	RS10953470	EAS	0.2146	PLINK2_1KG_DIRECT
RS17777642	RS2299319	EAS	0.2146	PLINK2_1KG_DIRECT
RS17777642	RS3801282	EAS	0.2146	PLINK2_1KG_DIRECT
RS17777642	RS3801281	EAS	0.2146	PLINK2_1KG_DIRECT
RS17777642	RS3823751	EAS	0.153278	PLINK2_1KG_DIRECT
RS17777642	RS4496901	EAS	0.208962	PLINK2_1KG_DIRECT
RS17777642	RS3801278	EAS	0.212437	PLINK2_1KG_DIRECT
RS17777642	RS917114	EAS	0.212437	PLINK2_1KG_DIRECT
RS17777642	RS7801804	EAS	0.208685	PLINK2_1KG_DIRECT
RS17777642	RS11765899	EAS	0.212714	PLINK2_1KG_DIRECT
RS17777642	RS10953474	EAS	0.212714	PLINK2_1KG_DIRECT
RS17777642	RS6466053	EAS	0.212437	PLINK2_1KG_DIRECT
RS17777642	RS7806591	EAS	0.2146	PLINK2_1KG_DIRECT
RS17777642	RS7811681	EAS	0.2146	PLINK2_1KG_DIRECT
RS17777642	RS6466055	EAS	0.2146	PLINK2_1KG_DIRECT
RS17777642	RS6466056	EAS	0.2146	PLINK2_1KG_DIRECT
RS17777642	RS12705304	EAS	0.2146	PLINK2_1KG_DIRECT
RS17777642	RS2057883	EAS	0.2146	PLINK2_1KG_DIRECT
RS17777642	RS2057884	EAS	0.103371	PLINK2_1KG_DIRECT
RS17777642	RS66599006	EAS	0.2146	PLINK2_1KG_DIRECT
RS17777642	RS9649275	EAS	0.2146	PLINK2_1KG_DIRECT
RS17777642	RS13238191	EAS	0.212714	PLINK2_1KG_DIRECT
RS17777642	RS10241415	EAS	0.216781	PLINK2_1KG_DIRECT
RS17777642	RS6466057	EAS	0.2146	PLINK2_1KG_DIRECT
RS17777642	RS6962856	EAS	0.2146	PLINK2_1KG_DIRECT
RS17777642	RS1204066	EAS	0.2146	PLINK2_1KG_DIRECT
RS17777642	RS2040914	EAS	0.2146	PLINK2_1KG_DIRECT
RS17777642	RS1204077	EAS	0.216781	PLINK2_1KG_DIRECT
RS17777642	RS13226540	EAS	0.290997	PLINK2_1KG_DIRECT
RS17777642	RS12705308	EAS	0.2146	PLINK2_1KG_DIRECT
RS732381	RS732381	EUR	1	PLINK2_1KG_DIRECT
RS732381	RS926334	EUR	0.813452	PLINK2_1KG_DIRECT
RS732381	RS9611209	EUR	0.802397	PLINK2_1KG_DIRECT
RS732381	RS8140771	EUR	0.829951	PLINK2_1KG_DIRECT
RS732381	RS732381	EAS	1	PLINK2_1KG_DIRECT
RS732381	RS926334	EAS	0.918132	PLINK2_1KG_DIRECT
RS732381	RS9611209	EAS	0.959024	PLINK2_1KG_DIRECT
RS732381	RS8140771	EAS	0.959024	PLINK2_1KG_DIRECT
RS35518360	RS35518360	EUR	1	PLINK2_1KG_DIRECT
RS35518360	RS6855246	EUR	0.673394	PLINK2_1KG_DIRECT
RS35518360	RS35225200	EUR	1	PLINK2_1KG_DIRECT
RS35518360	RS13107325	EUR	0.848139	PLINK2_1KG_DIRECT
RS35518360	RS13135092	EUR	0.917695	PLINK2_1KG_DIRECT
RS35518360	RS34333163	EUR	0.558237	PLINK2_1KG_DIRECT
RS35518360	RS13109272	EUR	0.558237	PLINK2_1KG_DIRECT
RS35518360	RS71621626	EUR	0.515515	PLINK2_1KG_DIRECT
RS35518360	RS13140033	EUR	0.409402	PLINK2_1KG_DIRECT
RS35518360	RS13116385	EUR	0.456526	PLINK2_1KG_DIRECT
RS35518360	RS13129951	EUR	0.430872	PLINK2_1KG_DIRECT
RS35518360	RS13107511	EUR	0.430872	PLINK2_1KG_DIRECT
RS11638554	RS11638554	EUR	1	PLINK2_1KG_DIRECT
RS11638554	RS11631921	EUR	0.81568	PLINK2_1KG_DIRECT
RS11638554	RS748455	EUR	0.980854	PLINK2_1KG_DIRECT
RS11638554	RS12913702	EUR	0.966617	PLINK2_1KG_DIRECT
RS11638554	RS71395455	EUR	0.971349	PLINK2_1KG_DIRECT
RS11638554	RS17598603	EUR	0.807752	PLINK2_1KG_DIRECT
RS11638554	RS1051168	EUR	0.807752	PLINK2_1KG_DIRECT
RS11638554	RS2175567	EUR	0.803431	PLINK2_1KG_DIRECT
RS11638554	RS12904605	EUR	0.807752	PLINK2_1KG_DIRECT
RS11638554	RS11637728	EUR	0.79853	PLINK2_1KG_DIRECT
RS11638554	RS12908161	EUR	0.771771	PLINK2_1KG_DIRECT
RS11638554	RS12905057	EUR	0.780404	PLINK2_1KG_DIRECT
RS11638554	RS34452033	EUR	0.750485	PLINK2_1KG_DIRECT
RS11638554	RS11638290	EUR	0.789163	PLINK2_1KG_DIRECT
RS11638554	RS34028043	EUR	0.789163	PLINK2_1KG_DIRECT
RS11638554	RS34784022	EUR	0.789163	PLINK2_1KG_DIRECT
RS11638554	RS12911736	EUR	0.789163	PLINK2_1KG_DIRECT
RS11638554	RS12908699	EUR	0.789163	PLINK2_1KG_DIRECT
RS11638554	RS11636499	EUR	0.780345	PLINK2_1KG_DIRECT
RS11638554	RS35316992	EUR	0.789163	PLINK2_1KG_DIRECT
RS11638554	RS12912342	EUR	0.599007	PLINK2_1KG_DIRECT
RS11638554	RS4643294	EUR	0.789163	PLINK2_1KG_DIRECT
RS11638554	RS62021219	EUR	0.789163	PLINK2_1KG_DIRECT
RS11638554	RS34900908	EUR	0.789163	PLINK2_1KG_DIRECT
RS11638554	RS35524990	EUR	0.789163	PLINK2_1KG_DIRECT
RS11638554	RS58416181	EUR	0.771693	PLINK2_1KG_DIRECT
RS11638554	RS62021226	EUR	0.771693	PLINK2_1KG_DIRECT
RS11638554	RS12916867	EUR	0.771693	PLINK2_1KG_DIRECT
RS11638554	RS34570071	EUR	0.758721	PLINK2_1KG_DIRECT
RS11638554	RS60957376	EUR	0.771693	PLINK2_1KG_DIRECT
RS11638554	RS11632465	EUR	0.767385	PLINK2_1KG_DIRECT
RS11638554	RS17599989	EUR	0.754454	PLINK2_1KG_DIRECT
RS11638554	RS62019463	EUR	0.763031	PLINK2_1KG_DIRECT
RS11638554	RS62019464	EUR	0.763031	PLINK2_1KG_DIRECT
RS11638554	RS11637142	EUR	0.763031	PLINK2_1KG_DIRECT
RS11638554	RS12910012	EUR	0.763031	PLINK2_1KG_DIRECT
RS11638554	RS12899981	EUR	0.763031	PLINK2_1KG_DIRECT
RS11638554	RS34162609	EUR	0.763031	PLINK2_1KG_DIRECT
RS11638554	RS11633788	EUR	0.581625	PLINK2_1KG_DIRECT
RS11638554	RS11633450	EUR	0.75871	PLINK2_1KG_DIRECT
RS11638554	RS35758837	EUR	0.767385	PLINK2_1KG_DIRECT
RS11638554	RS17534709	EUR	0.754804	PLINK2_1KG_DIRECT
RS11638554	RS11633377	EUR	0.767385	PLINK2_1KG_DIRECT
RS11638554	RS11633413	EUR	0.767385	PLINK2_1KG_DIRECT
RS11638554	RS17600551	EUR	0.767385	PLINK2_1KG_DIRECT
RS11638554	RS36033486	EUR	0.767385	PLINK2_1KG_DIRECT
RS11638554	RS62019469	EUR	0.767385	PLINK2_1KG_DIRECT
RS11638554	RS12908549	EUR	0.767385	PLINK2_1KG_DIRECT
RS11638554	RS11633267	EUR	0.767385	PLINK2_1KG_DIRECT
RS11638554	RS3748376	EUR	0.737554	PLINK2_1KG_DIRECT
RS11638554	RS12906348	EUR	0.737554	PLINK2_1KG_DIRECT
RS11638554	RS34342559	EUR	0.737554	PLINK2_1KG_DIRECT
RS11638554	RS62019472	EUR	0.737554	PLINK2_1KG_DIRECT
RS11638554	RS35557864	EUR	0.737554	PLINK2_1KG_DIRECT
RS11638554	RS61074241	EUR	0.667408	PLINK2_1KG_DIRECT
RS11638554	RS12903134	EUR	0.767385	PLINK2_1KG_DIRECT
RS11638554	RS35726233	EUR	0.767385	PLINK2_1KG_DIRECT
RS11638554	RS35960805	EUR	0.763031	PLINK2_1KG_DIRECT
RS11638554	RS12912388	EUR	0.763031	PLINK2_1KG_DIRECT
RS11638554	RS35630683	EUR	0.750269	PLINK2_1KG_DIRECT
RS11638554	RS35828350	EUR	0.750269	PLINK2_1KG_DIRECT
RS11638554	RS56864281	EUR	0.75453	PLINK2_1KG_DIRECT
RS11638554	RS11638554	EAS	1	PLINK2_1KG_DIRECT
RS11638554	RS11631921	EAS	0.909525	PLINK2_1KG_DIRECT
RS11638554	RS748455	EAS	0.974912	PLINK2_1KG_DIRECT
RS11638554	RS12913702	EAS	0.974912	PLINK2_1KG_DIRECT
RS11638554	RS71395455	EAS	0.974912	PLINK2_1KG_DIRECT
RS11638554	RS17598603	EAS	0.942283	PLINK2_1KG_DIRECT
RS11638554	RS1051168	EAS	0.941935	PLINK2_1KG_DIRECT
RS11638554	RS2175567	EAS	0.942283	PLINK2_1KG_DIRECT
RS11638554	RS12904605	EAS	0.93442	PLINK2_1KG_DIRECT
RS11638554	RS11637728	EAS	0.895766	PLINK2_1KG_DIRECT
RS11638554	RS12908161	EAS	0.942283	PLINK2_1KG_DIRECT
RS11638554	RS12905057	EAS	0.942283	PLINK2_1KG_DIRECT
RS11638554	RS34452033	EAS	0.942283	PLINK2_1KG_DIRECT
RS11638554	RS11638290	EAS	0.933961	PLINK2_1KG_DIRECT
RS11638554	RS34028043	EAS	0.933961	PLINK2_1KG_DIRECT
RS11638554	RS34784022	EAS	0.933961	PLINK2_1KG_DIRECT
RS11638554	RS12911736	EAS	0.933961	PLINK2_1KG_DIRECT
RS11638554	RS12908699	EAS	0.933961	PLINK2_1KG_DIRECT
RS11638554	RS11636499	EAS	0.933961	PLINK2_1KG_DIRECT
RS11638554	RS35316992	EAS	0.933961	PLINK2_1KG_DIRECT
RS11638554	RS12912342	EAS	0.918356	PLINK2_1KG_DIRECT
RS11638554	RS4643294	EAS	0.933961	PLINK2_1KG_DIRECT
RS11638554	RS62021219	EAS	0.933961	PLINK2_1KG_DIRECT
RS11638554	RS34900908	EAS	0.933961	PLINK2_1KG_DIRECT
RS11638554	RS35524990	EAS	0.933961	PLINK2_1KG_DIRECT
RS11638554	RS58416181	EAS	0.884435	PLINK2_1KG_DIRECT
RS11638554	RS62021226	EAS	0.893025	PLINK2_1KG_DIRECT
RS11638554	RS12916867	EAS	0.900868	PLINK2_1KG_DIRECT
RS11638554	RS34570071	EAS	0.900868	PLINK2_1KG_DIRECT
RS11638554	RS60957376	EAS	0.900868	PLINK2_1KG_DIRECT
RS11638554	RS11632465	EAS	0.892642	PLINK2_1KG_DIRECT
RS11638554	RS17599989	EAS	0.900868	PLINK2_1KG_DIRECT
RS11638554	RS62019463	EAS	0.900868	PLINK2_1KG_DIRECT
RS11638554	RS62019464	EAS	0.893025	PLINK2_1KG_DIRECT
RS11638554	RS11637142	EAS	0.893025	PLINK2_1KG_DIRECT
RS11638554	RS12910012	EAS	0.900868	PLINK2_1KG_DIRECT
RS11638554	RS12899981	EAS	0.893025	PLINK2_1KG_DIRECT
RS11638554	RS34162609	EAS	0.893025	PLINK2_1KG_DIRECT
RS11638554	RS11633788	EAS	0.79428	PLINK2_1KG_DIRECT
RS11638554	RS11633450	EAS	0.893025	PLINK2_1KG_DIRECT
RS11638554	RS35758837	EAS	0.900868	PLINK2_1KG_DIRECT
RS11638554	RS17534709	EAS	0.892642	PLINK2_1KG_DIRECT
RS11638554	RS11633377	EAS	0.892642	PLINK2_1KG_DIRECT
RS11638554	RS11633413	EAS	0.892642	PLINK2_1KG_DIRECT
RS11638554	RS17600551	EAS	0.892642	PLINK2_1KG_DIRECT
RS11638554	RS36033486	EAS	0.892642	PLINK2_1KG_DIRECT
RS11638554	RS62019469	EAS	0.892642	PLINK2_1KG_DIRECT
RS11638554	RS12908549	EAS	0.892642	PLINK2_1KG_DIRECT
RS11638554	RS11633267	EAS	0.892642	PLINK2_1KG_DIRECT
RS11638554	RS3748376	EAS	0.892642	PLINK2_1KG_DIRECT
RS11638554	RS12906348	EAS	0.884803	PLINK2_1KG_DIRECT
RS11638554	RS34342559	EAS	0.892642	PLINK2_1KG_DIRECT
RS11638554	RS62019472	EAS	0.892642	PLINK2_1KG_DIRECT
RS11638554	RS35557864	EAS	0.892642	PLINK2_1KG_DIRECT
RS11638554	RS61074241	EAS	0.900868	PLINK2_1KG_DIRECT
RS11638554	RS12903134	EAS	0.892642	PLINK2_1KG_DIRECT
RS11638554	RS35726233	EAS	0.892642	PLINK2_1KG_DIRECT
RS11638554	RS35960805	EAS	0.900868	PLINK2_1KG_DIRECT
RS11638554	RS12912388	EAS	0.900868	PLINK2_1KG_DIRECT
RS11638554	RS35630683	EAS	0.892642	PLINK2_1KG_DIRECT
RS11638554	RS35828350	EAS	0.892642	PLINK2_1KG_DIRECT
RS11638554	RS56864281	EAS	0.884435	PLINK2_1KG_DIRECT
RS166845	RS166845	EUR	1	PLINK2_1KG_DIRECT
RS166845	RS2949006	EUR	0.940509	PLINK2_1KG_DIRECT
RS166845	RS796364	EUR	0.959815	PLINK2_1KG_DIRECT
RS166845	RS71424239	EUR	0.919825	PLINK2_1KG_DIRECT
RS166845	RS769948	EUR	0.986513	PLINK2_1KG_DIRECT
RS166845	RS769949	EUR	0.986513	PLINK2_1KG_DIRECT
RS166845	RS769950	EUR	0.986513	PLINK2_1KG_DIRECT
RS166845	RS769952	EUR	0.993242	PLINK2_1KG_DIRECT
RS166845	RS11693528	EUR	0.993242	PLINK2_1KG_DIRECT
RS166845	RS11694369	EUR	0.92655	PLINK2_1KG_DIRECT
RS166845	RS281785	EUR	0.993242	PLINK2_1KG_DIRECT
RS166845	RS281784	EUR	0.993242	PLINK2_1KG_DIRECT
RS166845	RS188146	EUR	0.993242	PLINK2_1KG_DIRECT
RS166845	RS281783	EUR	0.993242	PLINK2_1KG_DIRECT
RS166845	RS281782	EUR	0.993242	PLINK2_1KG_DIRECT
RS166845	RS166848	EUR	0.993242	PLINK2_1KG_DIRECT
RS166845	RS281781	EUR	0.993242	PLINK2_1KG_DIRECT
RS166845	RS1658807	EUR	0.993242	PLINK2_1KG_DIRECT
RS166845	RS56155997	EUR	0.92655	PLINK2_1KG_DIRECT
RS166845	RS1704186	EUR	0.993242	PLINK2_1KG_DIRECT
RS166845	RS281786	EUR	0.993242	PLINK2_1KG_DIRECT
RS166845	RS35594306	EUR	0.92655	PLINK2_1KG_DIRECT
RS166845	RS281789	EUR	0.993242	PLINK2_1KG_DIRECT
RS166845	RS35220450	EUR	0.92655	PLINK2_1KG_DIRECT
RS166845	RS281788	EUR	0.993242	PLINK2_1KG_DIRECT
RS166845	RS13016447	EUR	0.993242	PLINK2_1KG_DIRECT
RS166845	RS281759	EUR	0.993242	PLINK2_1KG_DIRECT
RS166845	RS281760	EUR	0.993242	PLINK2_1KG_DIRECT
RS166845	RS3098341	EUR	0.993242	PLINK2_1KG_DIRECT
RS166845	RS971232	EUR	0.993242	PLINK2_1KG_DIRECT
RS166845	RS281763	EUR	0.993271	PLINK2_1KG_DIRECT
RS166845	RS281762	EUR	1	PLINK2_1KG_DIRECT
RS166845	RS166846	EUR	1	PLINK2_1KG_DIRECT
RS166845	RS281769	EUR	1	PLINK2_1KG_DIRECT
RS166845	RS11680723	EUR	0.906852	PLINK2_1KG_DIRECT
RS166845	RS281771	EUR	1	PLINK2_1KG_DIRECT
RS166845	RS281774	EUR	1	PLINK2_1KG_DIRECT
RS166845	RS176008	EUR	1	PLINK2_1KG_DIRECT
RS166845	RS1509835	EUR	1	PLINK2_1KG_DIRECT
RS166845	RS1658810	EUR	0.993242	PLINK2_1KG_DIRECT
RS166845	RS4410273	EUR	1	PLINK2_1KG_DIRECT
RS166845	RS4673611	EUR	1	PLINK2_1KG_DIRECT
RS166845	RS281766	EUR	1	PLINK2_1KG_DIRECT
RS166845	RS281768	EUR	0.739398	PLINK2_1KG_DIRECT
RS166845	RS10178177	EUR	1	PLINK2_1KG_DIRECT
RS166845	RS4263095	EUR	1	PLINK2_1KG_DIRECT
RS166845	RS281776	EUR	1	PLINK2_1KG_DIRECT
RS166845	RS11895190	EUR	1	PLINK2_1KG_DIRECT
RS166845	RS281794	EUR	1	PLINK2_1KG_DIRECT
RS166845	RS281793	EUR	1	PLINK2_1KG_DIRECT
RS166845	RS6743396	EUR	0.797415	PLINK2_1KG_DIRECT
RS166845	RS6435040	EUR	0.803721	PLINK2_1KG_DIRECT
RS166845	RS4673634	EUR	0.803721	PLINK2_1KG_DIRECT
RS166845	RS6435041	EUR	0.803721	PLINK2_1KG_DIRECT
RS166845	RS1605900	EUR	0.797095	PLINK2_1KG_DIRECT
RS166845	RS1509832	EUR	0.803721	PLINK2_1KG_DIRECT
RS166845	RS2202922	EUR	0.803721	PLINK2_1KG_DIRECT
RS166845	RS3106089	EUR	0.803721	PLINK2_1KG_DIRECT
RS166845	RS203769	EUR	0.803721	PLINK2_1KG_DIRECT
RS166845	RS203767	EUR	0.803721	PLINK2_1KG_DIRECT
RS166845	RS203766	EUR	0.803721	PLINK2_1KG_DIRECT
RS166845	RS203765	EUR	0.803721	PLINK2_1KG_DIRECT
RS166845	RS188102	EUR	0.803721	PLINK2_1KG_DIRECT
RS166845	RS203762	EUR	0.803721	PLINK2_1KG_DIRECT
RS166845	RS12619136	EUR	0.803721	PLINK2_1KG_DIRECT
RS166845	RS56225698	EUR	0.803721	PLINK2_1KG_DIRECT
RS166845	RS78527234	EUR	0.803721	PLINK2_1KG_DIRECT
RS166845	RS74771155	EUR	0.803721	PLINK2_1KG_DIRECT
RS166845	RS79156935	EUR	0.803721	PLINK2_1KG_DIRECT
RS166845	RS79333757	EUR	0.803721	PLINK2_1KG_DIRECT
RS166845	RS11688168	EUR	0.803721	PLINK2_1KG_DIRECT
RS166845	RS11694236	EUR	0.803721	PLINK2_1KG_DIRECT
RS166845	RS11688194	EUR	0.803721	PLINK2_1KG_DIRECT
RS166845	RS34381014	EUR	0.803721	PLINK2_1KG_DIRECT
RS166845	RS56285751	EUR	0.803721	PLINK2_1KG_DIRECT
RS166845	RS11679658	EUR	0.803721	PLINK2_1KG_DIRECT
RS166845	RS76568708	EUR	0.803721	PLINK2_1KG_DIRECT
RS166845	RS74706215	EUR	0.797095	PLINK2_1KG_DIRECT
RS166845	RS56216998	EUR	0.797095	PLINK2_1KG_DIRECT
RS166845	RS78954994	EUR	0.746386	PLINK2_1KG_DIRECT
RS166845	RS11691873	EUR	0.753036	PLINK2_1KG_DIRECT
RS166845	RS10931887	EUR	0.753036	PLINK2_1KG_DIRECT
RS166845	RS145363923	EUR	0.753036	PLINK2_1KG_DIRECT
RS166845	RS112403441	EUR	0.753036	PLINK2_1KG_DIRECT
RS166845	RS11690371	EUR	0.753036	PLINK2_1KG_DIRECT
RS166845	RS72932280	EUR	0.897056	PLINK2_1KG_DIRECT
RS166845	RS12996313	EUR	0.897056	PLINK2_1KG_DIRECT
RS166845	RS13029537	EUR	0.897056	PLINK2_1KG_DIRECT
RS166845	RS12613687	EUR	0.897056	PLINK2_1KG_DIRECT
RS166845	RS1105964	EUR	0.897056	PLINK2_1KG_DIRECT
RS166845	RS74724807	EUR	0.753036	PLINK2_1KG_DIRECT
RS166845	RS74266489	EUR	0.753036	PLINK2_1KG_DIRECT
RS166845	RS74266490	EUR	0.753036	PLINK2_1KG_DIRECT
RS166845	RS115717210	EUR	0.753036	PLINK2_1KG_DIRECT
RS166845	RS77853713	EUR	0.753036	PLINK2_1KG_DIRECT
RS166845	RS11684895	EUR	0.753036	PLINK2_1KG_DIRECT
RS166845	RS11684942	EUR	0.753036	PLINK2_1KG_DIRECT
RS166845	RS10931888	EUR	0.897056	PLINK2_1KG_DIRECT
RS166845	RS1569178	EUR	0.704145	PLINK2_1KG_DIRECT
RS166845	RS2881594	EUR	0.704145	PLINK2_1KG_DIRECT
RS166845	RS11674293	EUR	0.704145	PLINK2_1KG_DIRECT
RS166845	RS55906940	EUR	0.698415	PLINK2_1KG_DIRECT
RS166845	RS11688872	EUR	0.698415	PLINK2_1KG_DIRECT
RS166845	RS79053279	EUR	0.66204	PLINK2_1KG_DIRECT
RS166845	RS74993507	EUR	0.66204	PLINK2_1KG_DIRECT
RS166845	RS143911669	EUR	0.66204	PLINK2_1KG_DIRECT
RS166845	RS149828043	EUR	0.66204	PLINK2_1KG_DIRECT
RS166845	RS11685663	EUR	0.66204	PLINK2_1KG_DIRECT
RS166845	RS12621336	EUR	0.66204	PLINK2_1KG_DIRECT
RS166845	RS112486506	EUR	0.66204	PLINK2_1KG_DIRECT
RS166845	RS10445791	EUR	0.655943	PLINK2_1KG_DIRECT
RS166845	RS10445792	EUR	0.655943	PLINK2_1KG_DIRECT
RS166845	RS79725795	EUR	0.655943	PLINK2_1KG_DIRECT
RS166845	RS76112266	EUR	0.589604	PLINK2_1KG_DIRECT
RS166845	RS78988795	EUR	0.576933	PLINK2_1KG_DIRECT
RS166845	RS11689664	EUR	0.583661	PLINK2_1KG_DIRECT
RS166845	RS10931889	EUR	0.583661	PLINK2_1KG_DIRECT
RS166845	RS10931890	EUR	0.583661	PLINK2_1KG_DIRECT
RS166845	RS77089299	EUR	0.530396	PLINK2_1KG_DIRECT
RS166845	RS55985986	EUR	0.542506	PLINK2_1KG_DIRECT
RS166845	RS6739563	EUR	0.521267	PLINK2_1KG_DIRECT
RS166845	RS11688415	EUR	0.47632	PLINK2_1KG_DIRECT
RS166845	RS11687313	EUR	0.47632	PLINK2_1KG_DIRECT
RS166845	RS1367858	EUR	0.266544	PLINK2_1KG_DIRECT
RS166845	RS4673905	EUR	0.230704	PLINK2_1KG_DIRECT
RS166845	RS6435048	EUR	0.263767	PLINK2_1KG_DIRECT
RS166845	RS3769484	EUR	0.263767	PLINK2_1KG_DIRECT
RS166845	RS3769483	EUR	0.263767	PLINK2_1KG_DIRECT
RS166845	RS3769482	EUR	0.263767	PLINK2_1KG_DIRECT
RS166845	RS1347551	EUR	0.263767	PLINK2_1KG_DIRECT
RS166845	RS3769472	EUR	0.263767	PLINK2_1KG_DIRECT
RS166845	RS2033804	EUR	0.195815	PLINK2_1KG_DIRECT
RS166845	RS1975583	EUR	0.194172	PLINK2_1KG_DIRECT
RS166845	RS2163548	EUR	0.430118	PLINK2_1KG_DIRECT
RS166845	RS1369841	EUR	0.202566	PLINK2_1KG_DIRECT
RS166845	RS6743157	EUR	0.202566	PLINK2_1KG_DIRECT
RS166845	RS35417285	EUR	0.191479	PLINK2_1KG_DIRECT
RS166845	RS3856513	EUR	0.201558	PLINK2_1KG_DIRECT
RS166845	RS3769456	EUR	0.201558	PLINK2_1KG_DIRECT
RS166845	RS994280	EUR	0.187562	PLINK2_1KG_DIRECT
RS166845	RS12990174	EUR	0.201558	PLINK2_1KG_DIRECT
RS166845	RS3754797	EUR	0.201558	PLINK2_1KG_DIRECT
RS166845	RS6708345	EUR	0.15492	PLINK2_1KG_DIRECT
RS166845	RS166845	EAS	1	PLINK2_1KG_DIRECT
RS166845	RS2949006	EAS	0.872694	PLINK2_1KG_DIRECT
RS166845	RS796364	EAS	0.872694	PLINK2_1KG_DIRECT
RS166845	RS71424239	EAS	0.413967	PLINK2_1KG_DIRECT
RS166845	RS769948	EAS	0.890769	PLINK2_1KG_DIRECT
RS166845	RS769949	EAS	0.890769	PLINK2_1KG_DIRECT
RS166845	RS769950	EAS	0.890769	PLINK2_1KG_DIRECT
RS166845	RS769952	EAS	0.890769	PLINK2_1KG_DIRECT
RS166845	RS11693528	EAS	0.896924	PLINK2_1KG_DIRECT
RS166845	RS11694369	EAS	0.42001	PLINK2_1KG_DIRECT
RS166845	RS281785	EAS	0.890993	PLINK2_1KG_DIRECT
RS166845	RS281784	EAS	0.896924	PLINK2_1KG_DIRECT
RS166845	RS188146	EAS	0.890769	PLINK2_1KG_DIRECT
RS166845	RS281783	EAS	0.896924	PLINK2_1KG_DIRECT
RS166845	RS281782	EAS	0.896924	PLINK2_1KG_DIRECT
RS166845	RS166848	EAS	0.896924	PLINK2_1KG_DIRECT
RS166845	RS281781	EAS	0.896924	PLINK2_1KG_DIRECT
RS166845	RS1658807	EAS	0.890769	PLINK2_1KG_DIRECT
RS166845	RS56155997	EAS	0.42001	PLINK2_1KG_DIRECT
RS166845	RS1704186	EAS	0.896924	PLINK2_1KG_DIRECT
RS166845	RS281786	EAS	0.896924	PLINK2_1KG_DIRECT
RS166845	RS35594306	EAS	0.41518	PLINK2_1KG_DIRECT
RS166845	RS281789	EAS	0.896924	PLINK2_1KG_DIRECT
RS166845	RS35220450	EAS	0.42001	PLINK2_1KG_DIRECT
RS166845	RS281788	EAS	0.890993	PLINK2_1KG_DIRECT
RS166845	RS13016447	EAS	0.890769	PLINK2_1KG_DIRECT
RS166845	RS281759	EAS	0.896924	PLINK2_1KG_DIRECT
RS166845	RS281760	EAS	0.896924	PLINK2_1KG_DIRECT
RS166845	RS3098341	EAS	0.896924	PLINK2_1KG_DIRECT
RS166845	RS971232	EAS	0.896924	PLINK2_1KG_DIRECT
RS166845	RS281763	EAS	0.896924	PLINK2_1KG_DIRECT
RS166845	RS281762	EAS	0.896924	PLINK2_1KG_DIRECT
RS166845	RS166846	EAS	0.896924	PLINK2_1KG_DIRECT
RS166845	RS281769	EAS	0.896924	PLINK2_1KG_DIRECT
RS166845	RS11680723	EAS	0.498762	PLINK2_1KG_DIRECT
RS166845	RS281771	EAS	0.987656	PLINK2_1KG_DIRECT
RS166845	RS281774	EAS	0.993816	PLINK2_1KG_DIRECT
RS166845	RS176008	EAS	1	PLINK2_1KG_DIRECT
RS166845	RS1509835	EAS	0.993816	PLINK2_1KG_DIRECT
RS166845	RS1658810	EAS	0.969235	PLINK2_1KG_DIRECT
RS166845	RS4410273	EAS	1	PLINK2_1KG_DIRECT
RS166845	RS4673611	EAS	1	PLINK2_1KG_DIRECT
RS166845	RS281766	EAS	0.987648	PLINK2_1KG_DIRECT
RS166845	RS281768	EAS	0.797617	PLINK2_1KG_DIRECT
RS166845	RS10178177	EAS	0.975716	PLINK2_1KG_DIRECT
RS166845	RS4263095	EAS	0.975716	PLINK2_1KG_DIRECT
RS166845	RS281776	EAS	0.975716	PLINK2_1KG_DIRECT
RS166845	RS11895190	EAS	0.975716	PLINK2_1KG_DIRECT
RS166845	RS281794	EAS	0.969535	PLINK2_1KG_DIRECT
RS166845	RS281793	EAS	0.963369	PLINK2_1KG_DIRECT
RS166845	RS6743396	EAS	0.878635	PLINK2_1KG_DIRECT
RS166845	RS6435040	EAS	0.878635	PLINK2_1KG_DIRECT
RS166845	RS4673634	EAS	0.878635	PLINK2_1KG_DIRECT
RS166845	RS6435041	EAS	0.878635	PLINK2_1KG_DIRECT
RS166845	RS1605900	EAS	0.878635	PLINK2_1KG_DIRECT
RS166845	RS1509832	EAS	0.878635	PLINK2_1KG_DIRECT
RS166845	RS2202922	EAS	0.878635	PLINK2_1KG_DIRECT
RS166845	RS3106089	EAS	0.872694	PLINK2_1KG_DIRECT
RS166845	RS203769	EAS	0.878635	PLINK2_1KG_DIRECT
RS166845	RS203767	EAS	0.878635	PLINK2_1KG_DIRECT
RS166845	RS203766	EAS	0.878635	PLINK2_1KG_DIRECT
RS166845	RS203765	EAS	0.878635	PLINK2_1KG_DIRECT
RS166845	RS188102	EAS	0.878635	PLINK2_1KG_DIRECT
RS166845	RS203762	EAS	0.878635	PLINK2_1KG_DIRECT
RS166845	RS12619136	EAS	0.878635	PLINK2_1KG_DIRECT
RS166845	RS56225698	EAS	0.878635	PLINK2_1KG_DIRECT
RS166845	RS78527234	EAS	0.878635	PLINK2_1KG_DIRECT
RS166845	RS74771155	EAS	0.878635	PLINK2_1KG_DIRECT
RS166845	RS79156935	EAS	0.878635	PLINK2_1KG_DIRECT
RS166845	RS79333757	EAS	0.878635	PLINK2_1KG_DIRECT
RS166845	RS11688168	EAS	0.878635	PLINK2_1KG_DIRECT
RS166845	RS11694236	EAS	0.878635	PLINK2_1KG_DIRECT
RS166845	RS11688194	EAS	0.878635	PLINK2_1KG_DIRECT
RS166845	RS34381014	EAS	0.878635	PLINK2_1KG_DIRECT
RS166845	RS56285751	EAS	0.878635	PLINK2_1KG_DIRECT
RS166845	RS11679658	EAS	0.878635	PLINK2_1KG_DIRECT
RS166845	RS76568708	EAS	0.878635	PLINK2_1KG_DIRECT
RS166845	RS74706215	EAS	0.811061	PLINK2_1KG_DIRECT
RS166845	RS56216998	EAS	0.811061	PLINK2_1KG_DIRECT
RS166845	RS78954994	EAS	0.516153	PLINK2_1KG_DIRECT
RS166845	RS11691873	EAS	0.768516	PLINK2_1KG_DIRECT
RS166845	RS10931887	EAS	0.768516	PLINK2_1KG_DIRECT
RS166845	RS145363923	EAS	0.768516	PLINK2_1KG_DIRECT
RS166845	RS112403441	EAS	0.768516	PLINK2_1KG_DIRECT
RS166845	RS11690371	EAS	0.763562	PLINK2_1KG_DIRECT
RS166845	RS72932280	EAS	0.331971	PLINK2_1KG_DIRECT
RS166845	RS12996313	EAS	0.331971	PLINK2_1KG_DIRECT
RS166845	RS13029537	EAS	0.331971	PLINK2_1KG_DIRECT
RS166845	RS12613687	EAS	0.331971	PLINK2_1KG_DIRECT
RS166845	RS1105964	EAS	0.333588	PLINK2_1KG_DIRECT
RS166845	RS74724807	EAS	0.763562	PLINK2_1KG_DIRECT
RS166845	RS74266489	EAS	0.763562	PLINK2_1KG_DIRECT
RS166845	RS74266490	EAS	0.763562	PLINK2_1KG_DIRECT
RS166845	RS115717210	EAS	0.763562	PLINK2_1KG_DIRECT
RS166845	RS77853713	EAS	0.763562	PLINK2_1KG_DIRECT
RS166845	RS11684895	EAS	0.763562	PLINK2_1KG_DIRECT
RS166845	RS11684942	EAS	0.763562	PLINK2_1KG_DIRECT
RS166845	RS10931888	EAS	0.329237	PLINK2_1KG_DIRECT
RS166845	RS1569178	EAS	0.702627	PLINK2_1KG_DIRECT
RS166845	RS2881594	EAS	0.702627	PLINK2_1KG_DIRECT
RS166845	RS11674293	EAS	0.702627	PLINK2_1KG_DIRECT
RS166845	RS55906940	EAS	0.702627	PLINK2_1KG_DIRECT
RS166845	RS11688872	EAS	0.702627	PLINK2_1KG_DIRECT
RS166845	RS79053279	EAS	0.630331	PLINK2_1KG_DIRECT
RS166845	RS74993507	EAS	0.630331	PLINK2_1KG_DIRECT
RS166845	RS143911669	EAS	0.630331	PLINK2_1KG_DIRECT
RS166845	RS149828043	EAS	0.630331	PLINK2_1KG_DIRECT
RS166845	RS11685663	EAS	0.630331	PLINK2_1KG_DIRECT
RS166845	RS12621336	EAS	0.630331	PLINK2_1KG_DIRECT
RS166845	RS112486506	EAS	0.621166	PLINK2_1KG_DIRECT
RS166845	RS10445791	EAS	0.608481	PLINK2_1KG_DIRECT
RS166845	RS10445792	EAS	0.608481	PLINK2_1KG_DIRECT
RS166845	RS79725795	EAS	0.608481	PLINK2_1KG_DIRECT
RS166845	RS76112266	EAS	0.616606	PLINK2_1KG_DIRECT
RS166845	RS78988795	EAS	0.383795	PLINK2_1KG_DIRECT
RS166845	RS11689664	EAS	0.611132	PLINK2_1KG_DIRECT
RS166845	RS10931889	EAS	0.616606	PLINK2_1KG_DIRECT
RS166845	RS10931890	EAS	0.616606	PLINK2_1KG_DIRECT
RS166845	RS77089299	EAS	0.398259	PLINK2_1KG_DIRECT
RS166845	RS55985986	EAS	0.605673	PLINK2_1KG_DIRECT
RS166845	RS6739563	EAS	0.602337	PLINK2_1KG_DIRECT
RS166845	RS11688415	EAS	0.327118	PLINK2_1KG_DIRECT
RS166845	RS11687313	EAS	0.318089	PLINK2_1KG_DIRECT
RS166845	RS1367858	EAS	0.169227	PLINK2_1KG_DIRECT
RS166845	RS6435048	EAS	0.104571	PLINK2_1KG_DIRECT
RS166845	RS3769484	EAS	0.103983	PLINK2_1KG_DIRECT
RS166845	RS3769483	EAS	0.103983	PLINK2_1KG_DIRECT
RS166845	RS3769482	EAS	0.103983	PLINK2_1KG_DIRECT
RS166845	RS1347551	EAS	0.101357	PLINK2_1KG_DIRECT
RS166845	RS1975583	EAS	0.165163	PLINK2_1KG_DIRECT
RS166845	RS2163548	EAS	0.278209	PLINK2_1KG_DIRECT
RS166845	RS1369841	EAS	0.122597	PLINK2_1KG_DIRECT
RS166845	RS6743157	EAS	0.122597	PLINK2_1KG_DIRECT
RS166845	RS35417285	EAS	0.143409	PLINK2_1KG_DIRECT
RS166845	RS3856513	EAS	0.122597	PLINK2_1KG_DIRECT
RS166845	RS3769456	EAS	0.122597	PLINK2_1KG_DIRECT
RS166845	RS12990174	EAS	0.122597	PLINK2_1KG_DIRECT
RS166845	RS3754797	EAS	0.123255	PLINK2_1KG_DIRECT
RS166845	RS6708345	EAS	0.116042	PLINK2_1KG_DIRECT
RS1451488	RS1451488	EUR	1	PLINK2_1KG_DIRECT
RS1451488	RS994261	EUR	0.857288	PLINK2_1KG_DIRECT
RS1451488	RS2345457	EUR	0.8797	PLINK2_1KG_DIRECT
RS1451488	RS12624145	EUR	0.876161	PLINK2_1KG_DIRECT
RS1451488	RS4144848	EUR	0.876161	PLINK2_1KG_DIRECT
RS1451488	RS1530873	EUR	0.876161	PLINK2_1KG_DIRECT
RS1451488	RS4673248	EUR	0.8797	PLINK2_1KG_DIRECT
RS1451488	RS3963519	EUR	0.8797	PLINK2_1KG_DIRECT
RS1451488	RS16831039	EUR	0.876161	PLINK2_1KG_DIRECT
RS1451488	RS1376584	EUR	0.876161	PLINK2_1KG_DIRECT
RS1451488	RS1451484	EUR	0.8797	PLINK2_1KG_DIRECT
RS1451488	RS1349505	EUR	0.8797	PLINK2_1KG_DIRECT
RS1451488	RS16831051	EUR	0.8797	PLINK2_1KG_DIRECT
RS1451488	RS6733580	EUR	0.876161	PLINK2_1KG_DIRECT
RS1451488	RS1451483	EUR	0.8797	PLINK2_1KG_DIRECT
RS1451488	RS1901321	EUR	0.8797	PLINK2_1KG_DIRECT
RS1451488	RS1817081	EUR	0.876161	PLINK2_1KG_DIRECT
RS1451488	RS2345458	EUR	0.8797	PLINK2_1KG_DIRECT
RS1451488	RS12471454	EUR	0.871788	PLINK2_1KG_DIRECT
RS1451488	RS1451473	EUR	0.8797	PLINK2_1KG_DIRECT
RS1451488	RS921465	EUR	0.876161	PLINK2_1KG_DIRECT
RS1451488	RS921464	EUR	0.876161	PLINK2_1KG_DIRECT
RS1451488	RS1868915	EUR	0.8797	PLINK2_1KG_DIRECT
RS1451488	RS1376595	EUR	0.876161	PLINK2_1KG_DIRECT
RS1451488	RS1562874	EUR	0.872635	PLINK2_1KG_DIRECT
RS1451488	RS4673254	EUR	0.876161	PLINK2_1KG_DIRECT
RS1451488	RS1562873	EUR	0.872635	PLINK2_1KG_DIRECT
RS1451488	RS11883544	EUR	0.876161	PLINK2_1KG_DIRECT
RS1451488	RS1376593	EUR	0.876161	PLINK2_1KG_DIRECT
RS1451488	RS9288302	EUR	0.872635	PLINK2_1KG_DIRECT
RS1451488	RS1451503	EUR	0.876161	PLINK2_1KG_DIRECT
RS1451488	RS2122846	EUR	0.868672	PLINK2_1KG_DIRECT
RS1451488	RS55857304	EUR	0.876161	PLINK2_1KG_DIRECT
RS1451488	RS4101817	EUR	0.876161	PLINK2_1KG_DIRECT
RS1451488	RS2345459	EUR	0.872635	PLINK2_1KG_DIRECT
RS1451488	RS10208243	EUR	0.872635	PLINK2_1KG_DIRECT
RS1451488	RS2198154	EUR	0.876161	PLINK2_1KG_DIRECT
RS1451488	RS6760109	EUR	0.872635	PLINK2_1KG_DIRECT
RS1451488	RS6731445	EUR	0.872635	PLINK2_1KG_DIRECT
RS1451488	RS2881160	EUR	0.872635	PLINK2_1KG_DIRECT
RS1451488	RS6743084	EUR	0.876161	PLINK2_1KG_DIRECT
RS1451488	RS7566154	EUR	0.876161	PLINK2_1KG_DIRECT
RS1451488	RS1868913	EUR	0.872635	PLINK2_1KG_DIRECT
RS1451488	RS1901323	EUR	0.876161	PLINK2_1KG_DIRECT
RS1451488	RS10931853	EUR	0.876161	PLINK2_1KG_DIRECT
RS1451488	RS60642146	EUR	0.876161	PLINK2_1KG_DIRECT
RS1451488	RS896350	EUR	0.872635	PLINK2_1KG_DIRECT
RS1451488	RS6730991	EUR	0.835577	PLINK2_1KG_DIRECT
RS1451488	RS12693881	EUR	0.756776	PLINK2_1KG_DIRECT
RS1451488	RS16831114	EUR	0.839464	PLINK2_1KG_DIRECT
RS1451488	RS1376587	EUR	0.839464	PLINK2_1KG_DIRECT
RS1451488	RS2122844	EUR	0.825744	PLINK2_1KG_DIRECT
RS1451488	RS2345460	EUR	0.839464	PLINK2_1KG_DIRECT
RS1451488	RS6755019	EUR	0.836016	PLINK2_1KG_DIRECT
RS1451488	RS1584661	EUR	0.839464	PLINK2_1KG_DIRECT
RS1451488	RS1584660	EUR	0.839464	PLINK2_1KG_DIRECT
RS1451488	RS9973950	EUR	0.836016	PLINK2_1KG_DIRECT
RS1451488	RS10931854	EUR	0.839464	PLINK2_1KG_DIRECT
RS1451488	RS10931855	EUR	0.839464	PLINK2_1KG_DIRECT
RS1451488	RS59097191	EUR	0.839464	PLINK2_1KG_DIRECT
RS1451488	RS59447251	EUR	0.839464	PLINK2_1KG_DIRECT
RS1451488	RS4675342	EUR	0.839464	PLINK2_1KG_DIRECT
RS1451488	RS1470755	EUR	0.836016	PLINK2_1KG_DIRECT
RS1451488	RS4675343	EUR	0.839464	PLINK2_1KG_DIRECT
RS1451488	RS6435004	EUR	0.839464	PLINK2_1KG_DIRECT
RS1451488	RS6713045	EUR	0.836016	PLINK2_1KG_DIRECT
RS1451488	RS6742079	EUR	0.839464	PLINK2_1KG_DIRECT
RS1451488	RS12618784	EUR	0.836016	PLINK2_1KG_DIRECT
RS1451488	RS6750308	EUR	0.839464	PLINK2_1KG_DIRECT
RS1451488	RS10177617	EUR	0.836016	PLINK2_1KG_DIRECT
RS1451488	RS56317974	EUR	0.839464	PLINK2_1KG_DIRECT
RS1451488	RS7567954	EUR	0.839464	PLINK2_1KG_DIRECT
RS1451488	RS4675353	EUR	0.839464	PLINK2_1KG_DIRECT
RS1451488	RS11683241	EUR	0.836016	PLINK2_1KG_DIRECT
RS1451488	RS11683244	EUR	0.836016	PLINK2_1KG_DIRECT
RS1451488	RS2084737	EUR	0.907381	PLINK2_1KG_DIRECT
RS1451488	RS12693886	EUR	0.907381	PLINK2_1KG_DIRECT
RS1451488	RS62178712	EUR	0.911087	PLINK2_1KG_DIRECT
RS1451488	RS79353396	EUR	0.907381	PLINK2_1KG_DIRECT
RS1451488	RS111545241	EUR	0.907381	PLINK2_1KG_DIRECT
RS1451488	RS113157823	EUR	0.926049	PLINK2_1KG_DIRECT
RS1451488	RS111796899	EUR	0.907381	PLINK2_1KG_DIRECT
RS1451488	RS12611560	EUR	0.907381	PLINK2_1KG_DIRECT
RS1451488	RS12618091	EUR	0.907381	PLINK2_1KG_DIRECT
RS1451488	RS12611626	EUR	0.907381	PLINK2_1KG_DIRECT
RS1451488	RS7571105	EUR	0.911087	PLINK2_1KG_DIRECT
RS1451488	RS1376586	EUR	0.911087	PLINK2_1KG_DIRECT
RS1451488	RS10497829	EUR	0.911087	PLINK2_1KG_DIRECT
RS1451488	RS6715416	EUR	0.911087	PLINK2_1KG_DIRECT
RS1451488	RS4270295	EUR	0.907381	PLINK2_1KG_DIRECT
RS1451488	RS7573661	EUR	0.907381	PLINK2_1KG_DIRECT
RS1451488	RS7600726	EUR	0.911087	PLINK2_1KG_DIRECT
RS1451488	RS6717968	EUR	0.911087	PLINK2_1KG_DIRECT
RS1451488	RS62178718	EUR	0.907381	PLINK2_1KG_DIRECT
RS1451488	RS724268	EUR	0.907381	PLINK2_1KG_DIRECT
RS1451488	RS7568495	EUR	0.911087	PLINK2_1KG_DIRECT
RS1451488	RS13029216	EUR	0.907381	PLINK2_1KG_DIRECT
RS1451488	RS10804088	EUR	0.911087	PLINK2_1KG_DIRECT
RS1451488	RS1376591	EUR	0.892692	PLINK2_1KG_DIRECT
RS1451488	RS12995376	EUR	0.907381	PLINK2_1KG_DIRECT
RS1451488	RS13036202	EUR	0.907381	PLINK2_1KG_DIRECT
RS1451488	RS12615841	EUR	0.907381	PLINK2_1KG_DIRECT
RS1451488	RS4338918	EUR	0.907381	PLINK2_1KG_DIRECT
RS1451488	RS12616812	EUR	0.907381	PLINK2_1KG_DIRECT
RS1451488	RS17195503	EUR	0.896107	PLINK2_1KG_DIRECT
RS1451488	RS13029315	EUR	0.892442	PLINK2_1KG_DIRECT
RS1451488	RS28853425	EUR	0.896107	PLINK2_1KG_DIRECT
RS1451488	RS1349507	EUR	0.888353	PLINK2_1KG_DIRECT
RS1451488	RS7559104	EUR	0.88469	PLINK2_1KG_DIRECT
RS1451488	RS55848302	EUR	0.877403	PLINK2_1KG_DIRECT
RS1451488	RS2084735	EUR	0.797289	PLINK2_1KG_DIRECT
RS1451488	RS7560391	EUR	0.887819	PLINK2_1KG_DIRECT
RS1451488	RS60461384	EUR	0.887819	PLINK2_1KG_DIRECT
RS1451488	RS11690732	EUR	0.887819	PLINK2_1KG_DIRECT
RS1451488	RS57772917	EUR	0.876481	PLINK2_1KG_DIRECT
RS1451488	RS4673288	EUR	0.887819	PLINK2_1KG_DIRECT
RS1451488	RS62178738	EUR	0.887819	PLINK2_1KG_DIRECT
RS1451488	RS11687524	EUR	0.884105	PLINK2_1KG_DIRECT
RS1451488	RS260746	EUR	0.884029	PLINK2_1KG_DIRECT
RS1451488	RS260755	EUR	0.857918	PLINK2_1KG_DIRECT
RS1451488	RS17195804	EUR	0.73463	PLINK2_1KG_DIRECT
RS1451488	RS62178742	EUR	0.814473	PLINK2_1KG_DIRECT
RS1451488	RS7561479	EUR	0.814473	PLINK2_1KG_DIRECT
RS1451488	RS4459679	EUR	0.814473	PLINK2_1KG_DIRECT
RS1451488	RS4280387	EUR	0.814473	PLINK2_1KG_DIRECT
RS1451488	RS4449074	EUR	0.814473	PLINK2_1KG_DIRECT
RS1451488	RS2084217	EUR	0.814473	PLINK2_1KG_DIRECT
RS1451488	RS2084218	EUR	0.814473	PLINK2_1KG_DIRECT
RS1451488	RS11695125	EUR	0.810821	PLINK2_1KG_DIRECT
RS1451488	RS7593422	EUR	0.807183	PLINK2_1KG_DIRECT
RS1451488	RS1451488	EAS	1	PLINK2_1KG_DIRECT
RS1451488	RS994261	EAS	0.347784	PLINK2_1KG_DIRECT
RS1451488	RS2345457	EAS	0.904861	PLINK2_1KG_DIRECT
RS1451488	RS12624145	EAS	0.859569	PLINK2_1KG_DIRECT
RS1451488	RS4144848	EAS	0.904861	PLINK2_1KG_DIRECT
RS1451488	RS1530873	EAS	0.909164	PLINK2_1KG_DIRECT
RS1451488	RS4673248	EAS	0.909164	PLINK2_1KG_DIRECT
RS1451488	RS3963519	EAS	0.909164	PLINK2_1KG_DIRECT
RS1451488	RS16831039	EAS	0.896601	PLINK2_1KG_DIRECT
RS1451488	RS1376584	EAS	0.896601	PLINK2_1KG_DIRECT
RS1451488	RS1451484	EAS	0.888027	PLINK2_1KG_DIRECT
RS1451488	RS1349505	EAS	0.892301	PLINK2_1KG_DIRECT
RS1451488	RS16831051	EAS	0.892301	PLINK2_1KG_DIRECT
RS1451488	RS6733580	EAS	0.892301	PLINK2_1KG_DIRECT
RS1451488	RS1451483	EAS	0.892301	PLINK2_1KG_DIRECT
RS1451488	RS1901321	EAS	0.892301	PLINK2_1KG_DIRECT
RS1451488	RS1817081	EAS	0.892301	PLINK2_1KG_DIRECT
RS1451488	RS2345458	EAS	0.892301	PLINK2_1KG_DIRECT
RS1451488	RS12471454	EAS	0.888139	PLINK2_1KG_DIRECT
RS1451488	RS1451473	EAS	0.892301	PLINK2_1KG_DIRECT
RS1451488	RS921465	EAS	0.892301	PLINK2_1KG_DIRECT
RS1451488	RS921464	EAS	0.892301	PLINK2_1KG_DIRECT
RS1451488	RS1868915	EAS	0.892301	PLINK2_1KG_DIRECT
RS1451488	RS1376595	EAS	0.892301	PLINK2_1KG_DIRECT
RS1451488	RS1562874	EAS	0.892301	PLINK2_1KG_DIRECT
RS1451488	RS4673254	EAS	0.892301	PLINK2_1KG_DIRECT
RS1451488	RS1562873	EAS	0.892301	PLINK2_1KG_DIRECT
RS1451488	RS11883544	EAS	0.892301	PLINK2_1KG_DIRECT
RS1451488	RS1376593	EAS	0.888027	PLINK2_1KG_DIRECT
RS1451488	RS9288302	EAS	0.892301	PLINK2_1KG_DIRECT
RS1451488	RS1451503	EAS	0.892301	PLINK2_1KG_DIRECT
RS1451488	RS2122846	EAS	0.892301	PLINK2_1KG_DIRECT
RS1451488	RS55857304	EAS	0.892301	PLINK2_1KG_DIRECT
RS1451488	RS4101817	EAS	0.892301	PLINK2_1KG_DIRECT
RS1451488	RS2345459	EAS	0.892301	PLINK2_1KG_DIRECT
RS1451488	RS10208243	EAS	0.892301	PLINK2_1KG_DIRECT
RS1451488	RS2198154	EAS	0.892301	PLINK2_1KG_DIRECT
RS1451488	RS6760109	EAS	0.892301	PLINK2_1KG_DIRECT
RS1451488	RS6731445	EAS	0.892301	PLINK2_1KG_DIRECT
RS1451488	RS2881160	EAS	0.892301	PLINK2_1KG_DIRECT
RS1451488	RS6743084	EAS	0.892301	PLINK2_1KG_DIRECT
RS1451488	RS7566154	EAS	0.892301	PLINK2_1KG_DIRECT
RS1451488	RS1868913	EAS	0.892301	PLINK2_1KG_DIRECT
RS1451488	RS1901323	EAS	0.892301	PLINK2_1KG_DIRECT
RS1451488	RS10931853	EAS	0.892301	PLINK2_1KG_DIRECT
RS1451488	RS60642146	EAS	0.892301	PLINK2_1KG_DIRECT
RS1451488	RS896350	EAS	0.892301	PLINK2_1KG_DIRECT
RS1451488	RS6730991	EAS	0.883865	PLINK2_1KG_DIRECT
RS1451488	RS12693881	EAS	0.597677	PLINK2_1KG_DIRECT
RS1451488	RS16831114	EAS	0.892301	PLINK2_1KG_DIRECT
RS1451488	RS1376587	EAS	0.892301	PLINK2_1KG_DIRECT
RS1451488	RS2122844	EAS	0.888027	PLINK2_1KG_DIRECT
RS1451488	RS2345460	EAS	0.888027	PLINK2_1KG_DIRECT
RS1451488	RS6755019	EAS	0.888027	PLINK2_1KG_DIRECT
RS1451488	RS1584661	EAS	0.888027	PLINK2_1KG_DIRECT
RS1451488	RS1584660	EAS	0.888027	PLINK2_1KG_DIRECT
RS1451488	RS9973950	EAS	0.888027	PLINK2_1KG_DIRECT
RS1451488	RS10931854	EAS	0.888027	PLINK2_1KG_DIRECT
RS1451488	RS10931855	EAS	0.888027	PLINK2_1KG_DIRECT
RS1451488	RS59097191	EAS	0.888027	PLINK2_1KG_DIRECT
RS1451488	RS59447251	EAS	0.888027	PLINK2_1KG_DIRECT
RS1451488	RS4675342	EAS	0.888027	PLINK2_1KG_DIRECT
RS1451488	RS1470755	EAS	0.888027	PLINK2_1KG_DIRECT
RS1451488	RS4675343	EAS	0.888027	PLINK2_1KG_DIRECT
RS1451488	RS6435004	EAS	0.888027	PLINK2_1KG_DIRECT
RS1451488	RS6713045	EAS	0.892301	PLINK2_1KG_DIRECT
RS1451488	RS6742079	EAS	0.888027	PLINK2_1KG_DIRECT
RS1451488	RS12618784	EAS	0.888027	PLINK2_1KG_DIRECT
RS1451488	RS6750308	EAS	0.888027	PLINK2_1KG_DIRECT
RS1451488	RS10177617	EAS	0.888027	PLINK2_1KG_DIRECT
RS1451488	RS56317974	EAS	0.888027	PLINK2_1KG_DIRECT
RS1451488	RS7567954	EAS	0.888027	PLINK2_1KG_DIRECT
RS1451488	RS4675353	EAS	0.888027	PLINK2_1KG_DIRECT
RS1451488	RS11683241	EAS	0.888027	PLINK2_1KG_DIRECT
RS1451488	RS11683244	EAS	0.888027	PLINK2_1KG_DIRECT
RS1451488	RS2084737	EAS	0.888027	PLINK2_1KG_DIRECT
RS1451488	RS12693886	EAS	0.888027	PLINK2_1KG_DIRECT
RS1451488	RS62178712	EAS	0.888027	PLINK2_1KG_DIRECT
RS1451488	RS79353396	EAS	0.888027	PLINK2_1KG_DIRECT
RS1451488	RS111545241	EAS	0.888027	PLINK2_1KG_DIRECT
RS1451488	RS113157823	EAS	0.888027	PLINK2_1KG_DIRECT
RS1451488	RS111796899	EAS	0.888027	PLINK2_1KG_DIRECT
RS1451488	RS12611560	EAS	0.888027	PLINK2_1KG_DIRECT
RS1451488	RS12618091	EAS	0.888027	PLINK2_1KG_DIRECT
RS1451488	RS12611626	EAS	0.888027	PLINK2_1KG_DIRECT
RS1451488	RS7571105	EAS	0.888027	PLINK2_1KG_DIRECT
RS1451488	RS1376586	EAS	0.888027	PLINK2_1KG_DIRECT
RS1451488	RS10497829	EAS	0.888027	PLINK2_1KG_DIRECT
RS1451488	RS6715416	EAS	0.888027	PLINK2_1KG_DIRECT
RS1451488	RS4270295	EAS	0.888027	PLINK2_1KG_DIRECT
RS1451488	RS7573661	EAS	0.888027	PLINK2_1KG_DIRECT
RS1451488	RS7600726	EAS	0.888027	PLINK2_1KG_DIRECT
RS1451488	RS6717968	EAS	0.888027	PLINK2_1KG_DIRECT
RS1451488	RS62178718	EAS	0.888027	PLINK2_1KG_DIRECT
RS1451488	RS724268	EAS	0.879716	PLINK2_1KG_DIRECT
RS1451488	RS7568495	EAS	0.879716	PLINK2_1KG_DIRECT
RS1451488	RS13029216	EAS	0.879716	PLINK2_1KG_DIRECT
RS1451488	RS10804088	EAS	0.879716	PLINK2_1KG_DIRECT
RS1451488	RS1376591	EAS	0.879716	PLINK2_1KG_DIRECT
RS1451488	RS12995376	EAS	0.879716	PLINK2_1KG_DIRECT
RS1451488	RS13036202	EAS	0.879716	PLINK2_1KG_DIRECT
RS1451488	RS12615841	EAS	0.879716	PLINK2_1KG_DIRECT
RS1451488	RS4338918	EAS	0.871454	PLINK2_1KG_DIRECT
RS1451488	RS12616812	EAS	0.871454	PLINK2_1KG_DIRECT
RS1451488	RS17195503	EAS	0.818239	PLINK2_1KG_DIRECT
RS1451488	RS13029315	EAS	0.818239	PLINK2_1KG_DIRECT
RS1451488	RS28853425	EAS	0.818239	PLINK2_1KG_DIRECT
RS1451488	RS1349507	EAS	0.818239	PLINK2_1KG_DIRECT
RS1451488	RS7559104	EAS	0.805969	PLINK2_1KG_DIRECT
RS1451488	RS55848302	EAS	0.805969	PLINK2_1KG_DIRECT
RS1451488	RS2084735	EAS	0.53126	PLINK2_1KG_DIRECT
RS1451488	RS7560391	EAS	0.777798	PLINK2_1KG_DIRECT
RS1451488	RS60461384	EAS	0.777798	PLINK2_1KG_DIRECT
RS1451488	RS11690732	EAS	0.777798	PLINK2_1KG_DIRECT
RS1451488	RS57772917	EAS	0.777798	PLINK2_1KG_DIRECT
RS1451488	RS4673288	EAS	0.789762	PLINK2_1KG_DIRECT
RS1451488	RS62178738	EAS	0.789716	PLINK2_1KG_DIRECT
RS1451488	RS11687524	EAS	0.789716	PLINK2_1KG_DIRECT
RS1451488	RS260746	EAS	0.785726	PLINK2_1KG_DIRECT
RS1451488	RS260755	EAS	0.547193	PLINK2_1KG_DIRECT
RS1451488	RS17195804	EAS	0.327852	PLINK2_1KG_DIRECT
RS1451488	RS62178742	EAS	0.547193	PLINK2_1KG_DIRECT
RS1451488	RS7561479	EAS	0.547193	PLINK2_1KG_DIRECT
RS1451488	RS4459679	EAS	0.547193	PLINK2_1KG_DIRECT
RS1451488	RS4280387	EAS	0.544505	PLINK2_1KG_DIRECT
RS1451488	RS4449074	EAS	0.547193	PLINK2_1KG_DIRECT
RS1451488	RS2084217	EAS	0.549896	PLINK2_1KG_DIRECT
RS1451488	RS2084218	EAS	0.549896	PLINK2_1KG_DIRECT
RS1451488	RS11695125	EAS	0.549896	PLINK2_1KG_DIRECT
RS1451488	RS7593422	EAS	0.539863	PLINK2_1KG_DIRECT
RS6124079	RS6124079	EUR	1	PLINK2_1KG_DIRECT
RS6124079	RS2246672	EUR	0.497217	PLINK2_1KG_DIRECT
RS6124079	RS1406857	EUR	0.497217	PLINK2_1KG_DIRECT
RS6124079	RS2748661	EUR	0.485599	PLINK2_1KG_DIRECT
RS6124079	RS2748662	EUR	0.488811	PLINK2_1KG_DIRECT
RS6124079	RS2254105	EUR	0.485599	PLINK2_1KG_DIRECT
RS6124079	RS2425366	EUR	0.482113	PLINK2_1KG_DIRECT
RS6124079	RS2254369	EUR	0.485599	PLINK2_1KG_DIRECT
RS6124079	RS2254377	EUR	0.485599	PLINK2_1KG_DIRECT
RS6124079	RS2254488	EUR	0.479202	PLINK2_1KG_DIRECT
RS6124079	RS2254492	EUR	0.482113	PLINK2_1KG_DIRECT
RS6124079	RS2757518	EUR	0.485599	PLINK2_1KG_DIRECT
RS6124079	RS1406856	EUR	0.485599	PLINK2_1KG_DIRECT
RS6124079	RS1406855	EUR	0.479202	PLINK2_1KG_DIRECT
RS6124079	RS6064986	EUR	0.341359	PLINK2_1KG_DIRECT
RS6124079	RS2757520	EUR	0.445536	PLINK2_1KG_DIRECT
RS6124079	RS2748663	EUR	0.485599	PLINK2_1KG_DIRECT
RS6124079	RS2757521	EUR	0.482113	PLINK2_1KG_DIRECT
RS6124079	RS2425367	EUR	0.485599	PLINK2_1KG_DIRECT
RS6124079	RS2255202	EUR	0.485599	PLINK2_1KG_DIRECT
RS6124079	RS2255213	EUR	0.485599	PLINK2_1KG_DIRECT
RS6124079	RS2244193	EUR	0.485599	PLINK2_1KG_DIRECT
RS6124079	RS2244281	EUR	0.485599	PLINK2_1KG_DIRECT
RS6124079	RS2244791	EUR	0.492655	PLINK2_1KG_DIRECT
RS6124079	RS2244797	EUR	0.492655	PLINK2_1KG_DIRECT
RS6124079	RS2243520	EUR	0.492655	PLINK2_1KG_DIRECT
RS6124079	RS2245237	EUR	0.492655	PLINK2_1KG_DIRECT
RS6124079	RS2263750	EUR	0.492655	PLINK2_1KG_DIRECT
RS6124079	RS2757522	EUR	0.492655	PLINK2_1KG_DIRECT
RS6124079	RS2247983	EUR	0.492655	PLINK2_1KG_DIRECT
RS6124079	RS2248100	EUR	0.489443	PLINK2_1KG_DIRECT
RS6124079	RS911720	EUR	0.48624	PLINK2_1KG_DIRECT
RS6124079	RS2248447	EUR	0.492655	PLINK2_1KG_DIRECT
RS6124079	RS941513	EUR	0.489443	PLINK2_1KG_DIRECT
RS6124079	RS2867238	EUR	0.489443	PLINK2_1KG_DIRECT
RS6124079	RS2023354	EUR	0.492655	PLINK2_1KG_DIRECT
RS6124079	RS2748665	EUR	0.492655	PLINK2_1KG_DIRECT
RS6124079	RS2745011	EUR	0.492655	PLINK2_1KG_DIRECT
RS6124079	RS2748669	EUR	0.492655	PLINK2_1KG_DIRECT
RS6124079	RS2748670	EUR	0.482707	PLINK2_1KG_DIRECT
RS6124079	RS941512	EUR	0.492655	PLINK2_1KG_DIRECT
RS6124079	RS2263758	EUR	0.489113	PLINK2_1KG_DIRECT
RS6124079	RS2748671	EUR	0.492655	PLINK2_1KG_DIRECT
RS6124079	RS2252554	EUR	0.492655	PLINK2_1KG_DIRECT
RS6124079	RS2180225	EUR	0.492655	PLINK2_1KG_DIRECT
RS6124079	RS4812272	EUR	0.619257	PLINK2_1KG_DIRECT
RS6124079	RS6071511	EUR	0.73536	PLINK2_1KG_DIRECT
RS6124079	RS6071514	EUR	0.73536	PLINK2_1KG_DIRECT
RS6124079	RS11699770	EUR	0.743937	PLINK2_1KG_DIRECT
RS6124079	RS2103655	EUR	0.991134	PLINK2_1KG_DIRECT
RS6124079	RS6071522	EUR	0.564355	PLINK2_1KG_DIRECT
RS6124079	RS6071524	EUR	0.991134	PLINK2_1KG_DIRECT
RS6124079	RS12481241	EUR	0.747026	PLINK2_1KG_DIRECT
RS6124079	RS6065078	EUR	0.703611	PLINK2_1KG_DIRECT
RS6124079	RS6101301	EUR	0.747026	PLINK2_1KG_DIRECT
RS6124079	RS6071578	EUR	0.742727	PLINK2_1KG_DIRECT
RS6124079	RS12625702	EUR	0.570697	PLINK2_1KG_DIRECT
RS6124079	RS6071589	EUR	0.531451	PLINK2_1KG_DIRECT
RS6124079	RS6129108	EUR	0.703611	PLINK2_1KG_DIRECT
RS6124079	RS6124087	EUR	0.703611	PLINK2_1KG_DIRECT
RS6124079	RS6065094	EUR	0.927685	PLINK2_1KG_DIRECT
RS6124079	RS6124088	EUR	0.703611	PLINK2_1KG_DIRECT
RS6124079	RS6093097	EUR	0.699348	PLINK2_1KG_DIRECT
RS6124079	RS6129111	EUR	0.703611	PLINK2_1KG_DIRECT
RS6124079	RS1006945	EUR	0.535721	PLINK2_1KG_DIRECT
RS6124079	RS6015966	EUR	0.801088	PLINK2_1KG_DIRECT
RS6124079	RS6028157	EUR	0.801088	PLINK2_1KG_DIRECT
RS6124079	RS4812316	EUR	0.696488	PLINK2_1KG_DIRECT
RS6124079	RS1474973	EUR	0.539742	PLINK2_1KG_DIRECT
RS6124079	RS34431148	EUR	0.693641	PLINK2_1KG_DIRECT
RS6124079	RS6028161	EUR	0.693641	PLINK2_1KG_DIRECT
RS6124079	RS6093098	EUR	0.801088	PLINK2_1KG_DIRECT
RS6124079	RS6028163	EUR	0.6894	PLINK2_1KG_DIRECT
RS6124079	RS4812319	EUR	0.685175	PLINK2_1KG_DIRECT
RS6124079	RS4812321	EUR	0.685175	PLINK2_1KG_DIRECT
RS6124079	RS4812322	EUR	0.685175	PLINK2_1KG_DIRECT
RS6124079	RS6028167	EUR	0.685175	PLINK2_1KG_DIRECT
RS6124079	RS4812324	EUR	0.675383	PLINK2_1KG_DIRECT
RS6124079	RS4812325	EUR	0.675383	PLINK2_1KG_DIRECT
RS6124079	RS4812326	EUR	0.666984	PLINK2_1KG_DIRECT
RS6124079	RS6124079	EAS	1	PLINK2_1KG_DIRECT
RS6124079	RS2246672	EAS	0.50886	PLINK2_1KG_DIRECT
RS6124079	RS1406857	EAS	0.511429	PLINK2_1KG_DIRECT
RS6124079	RS2748661	EAS	0.502109	PLINK2_1KG_DIRECT
RS6124079	RS2748662	EAS	0.502109	PLINK2_1KG_DIRECT
RS6124079	RS2254105	EAS	0.502109	PLINK2_1KG_DIRECT
RS6124079	RS2425366	EAS	0.5087	PLINK2_1KG_DIRECT
RS6124079	RS2254369	EAS	0.5087	PLINK2_1KG_DIRECT
RS6124079	RS2254377	EAS	0.5087	PLINK2_1KG_DIRECT
RS6124079	RS2254488	EAS	0.5087	PLINK2_1KG_DIRECT
RS6124079	RS2254492	EAS	0.5087	PLINK2_1KG_DIRECT
RS6124079	RS2757518	EAS	0.5087	PLINK2_1KG_DIRECT
RS6124079	RS1406856	EAS	0.5087	PLINK2_1KG_DIRECT
RS6124079	RS1406855	EAS	0.5087	PLINK2_1KG_DIRECT
RS6124079	RS6064986	EAS	0.255673	PLINK2_1KG_DIRECT
RS6124079	RS2757520	EAS	0.501751	PLINK2_1KG_DIRECT
RS6124079	RS2748663	EAS	0.505392	PLINK2_1KG_DIRECT
RS6124079	RS2757521	EAS	0.5087	PLINK2_1KG_DIRECT
RS6124079	RS2425367	EAS	0.5087	PLINK2_1KG_DIRECT
RS6124079	RS2255202	EAS	0.5087	PLINK2_1KG_DIRECT
RS6124079	RS2255213	EAS	0.5087	PLINK2_1KG_DIRECT
RS6124079	RS2244193	EAS	0.5087	PLINK2_1KG_DIRECT
RS6124079	RS2244281	EAS	0.5087	PLINK2_1KG_DIRECT
RS6124079	RS2244791	EAS	0.545778	PLINK2_1KG_DIRECT
RS6124079	RS2244797	EAS	0.549548	PLINK2_1KG_DIRECT
RS6124079	RS2243520	EAS	0.549548	PLINK2_1KG_DIRECT
RS6124079	RS2245237	EAS	0.549548	PLINK2_1KG_DIRECT
RS6124079	RS2263750	EAS	0.549548	PLINK2_1KG_DIRECT
RS6124079	RS2757522	EAS	0.549548	PLINK2_1KG_DIRECT
RS6124079	RS2247983	EAS	0.549548	PLINK2_1KG_DIRECT
RS6124079	RS2248100	EAS	0.549548	PLINK2_1KG_DIRECT
RS6124079	RS911720	EAS	0.549548	PLINK2_1KG_DIRECT
RS6124079	RS2248447	EAS	0.553329	PLINK2_1KG_DIRECT
RS6124079	RS941513	EAS	0.549548	PLINK2_1KG_DIRECT
RS6124079	RS2867238	EAS	0.549548	PLINK2_1KG_DIRECT
RS6124079	RS2023354	EAS	0.549548	PLINK2_1KG_DIRECT
RS6124079	RS2748665	EAS	0.549548	PLINK2_1KG_DIRECT
RS6124079	RS2745011	EAS	0.549548	PLINK2_1KG_DIRECT
RS6124079	RS2748669	EAS	0.549548	PLINK2_1KG_DIRECT
RS6124079	RS2748670	EAS	0.549548	PLINK2_1KG_DIRECT
RS6124079	RS941512	EAS	0.549548	PLINK2_1KG_DIRECT
RS6124079	RS2263758	EAS	0.549548	PLINK2_1KG_DIRECT
RS6124079	RS2748671	EAS	0.549548	PLINK2_1KG_DIRECT
RS6124079	RS2252554	EAS	0.549548	PLINK2_1KG_DIRECT
RS6124079	RS2180225	EAS	0.546179	PLINK2_1KG_DIRECT
RS6124079	RS4812272	EAS	0.800774	PLINK2_1KG_DIRECT
RS6124079	RS6071511	EAS	0.962965	PLINK2_1KG_DIRECT
RS6124079	RS6071514	EAS	0.962965	PLINK2_1KG_DIRECT
RS6124079	RS11699770	EAS	0.9675	PLINK2_1KG_DIRECT
RS6124079	RS2103655	EAS	0.9675	PLINK2_1KG_DIRECT
RS6124079	RS6071522	EAS	0.584123	PLINK2_1KG_DIRECT
RS6124079	RS6071524	EAS	0.9675	PLINK2_1KG_DIRECT
RS6124079	RS12481241	EAS	0.9675	PLINK2_1KG_DIRECT
RS6124079	RS6065078	EAS	0.972065	PLINK2_1KG_DIRECT
RS6124079	RS6101301	EAS	0.985956	PLINK2_1KG_DIRECT
RS6124079	RS6071578	EAS	0.995306	PLINK2_1KG_DIRECT
RS6124079	RS12625702	EAS	0.595686	PLINK2_1KG_DIRECT
RS6124079	RS6071589	EAS	0.588418	PLINK2_1KG_DIRECT
RS6124079	RS6129108	EAS	0.981284	PLINK2_1KG_DIRECT
RS6124079	RS6124087	EAS	0.976616	PLINK2_1KG_DIRECT
RS6124079	RS6065094	EAS	0.985965	PLINK2_1KG_DIRECT
RS6124079	RS6124088	EAS	0.985965	PLINK2_1KG_DIRECT
RS6124079	RS6093097	EAS	0.985965	PLINK2_1KG_DIRECT
RS6124079	RS6129111	EAS	0.953794	PLINK2_1KG_DIRECT
RS6124079	RS1006945	EAS	0.571854	PLINK2_1KG_DIRECT
RS6124079	RS6015966	EAS	0.719927	PLINK2_1KG_DIRECT
RS6124079	RS6028157	EAS	0.719927	PLINK2_1KG_DIRECT
RS6124079	RS4812316	EAS	0.94003	PLINK2_1KG_DIRECT
RS6124079	RS1474973	EAS	0.567591	PLINK2_1KG_DIRECT
RS6124079	RS34431148	EAS	0.935405	PLINK2_1KG_DIRECT
RS6124079	RS6028161	EAS	0.935405	PLINK2_1KG_DIRECT
RS6124079	RS6093098	EAS	0.715911	PLINK2_1KG_DIRECT
RS6124079	RS6028163	EAS	0.930961	PLINK2_1KG_DIRECT
RS6124079	RS4812319	EAS	0.926779	PLINK2_1KG_DIRECT
RS6124079	RS4812321	EAS	0.926779	PLINK2_1KG_DIRECT
RS6124079	RS4812322	EAS	0.926779	PLINK2_1KG_DIRECT
RS6124079	RS6028167	EAS	0.926779	PLINK2_1KG_DIRECT
RS6124079	RS4812324	EAS	0.926779	PLINK2_1KG_DIRECT
RS6124079	RS4812325	EAS	0.926779	PLINK2_1KG_DIRECT
RS6124079	RS4812326	EAS	0.922419	PLINK2_1KG_DIRECT
RS35351411	RS35351411	EUR	1	PLINK2_1KG_DIRECT
RS35351411	RS11633501	EUR	0.900984	PLINK2_1KG_DIRECT
RS35351411	RS8036652	EUR	0.706346	PLINK2_1KG_DIRECT
RS35351411	RS11071612	EUR	0.94009	PLINK2_1KG_DIRECT
RS35351411	RS28615721	EUR	0.916498	PLINK2_1KG_DIRECT
RS35351411	RS4635285	EUR	0.912704	PLINK2_1KG_DIRECT
RS35351411	RS4074904	EUR	0.459126	PLINK2_1KG_DIRECT
RS35351411	RS11853920	EUR	0.936056	PLINK2_1KG_DIRECT
RS35351411	RS4775413	EUR	0.912704	PLINK2_1KG_DIRECT
RS35351411	RS11636157	EUR	0.622078	PLINK2_1KG_DIRECT
RS35351411	RS11636309	EUR	0.618329	PLINK2_1KG_DIRECT
RS35351411	RS11636336	EUR	0.732995	PLINK2_1KG_DIRECT
RS35351411	RS8029085	EUR	0.46909	PLINK2_1KG_DIRECT
RS35351411	RS8028972	EUR	0.46909	PLINK2_1KG_DIRECT
RS35351411	RS8030235	EUR	0.46909	PLINK2_1KG_DIRECT
RS35351411	RS4775414	EUR	0.46909	PLINK2_1KG_DIRECT
RS35351411	RS4561406	EUR	0.94009	PLINK2_1KG_DIRECT
RS35351411	RS4774405	EUR	0.943993	PLINK2_1KG_DIRECT
RS35351411	RS4774406	EUR	0.737861	PLINK2_1KG_DIRECT
RS35351411	RS34418080	EUR	0.943993	PLINK2_1KG_DIRECT
RS35351411	RS4775416	EUR	0.94009	PLINK2_1KG_DIRECT
RS35351411	RS55835773	EUR	0.936204	PLINK2_1KG_DIRECT
RS35351411	RS55835940	EUR	0.936204	PLINK2_1KG_DIRECT
RS35351411	RS11071614	EUR	0.936204	PLINK2_1KG_DIRECT
RS35351411	RS11632947	EUR	0.967872	PLINK2_1KG_DIRECT
RS35351411	RS12898315	EUR	0.963931	PLINK2_1KG_DIRECT
RS35351411	RS62008395	EUR	0.963931	PLINK2_1KG_DIRECT
RS35351411	RS12903705	EUR	0.936097	PLINK2_1KG_DIRECT
RS35351411	RS12903146	EUR	0.967872	PLINK2_1KG_DIRECT
RS35351411	RS35225048	EUR	0.939989	PLINK2_1KG_DIRECT
RS35351411	RS12905487	EUR	0.905193	PLINK2_1KG_DIRECT
RS35351411	RS12905969	EUR	0.908987	PLINK2_1KG_DIRECT
RS35351411	RS2414716	EUR	0.933295	PLINK2_1KG_DIRECT
RS35351411	RS8042151	EUR	0.937078	PLINK2_1KG_DIRECT
RS35351411	RS8042070	EUR	0.736412	PLINK2_1KG_DIRECT
RS35351411	RS2414718	EUR	0.770036	PLINK2_1KG_DIRECT
RS35351411	RS17270962	EUR	0.74102	PLINK2_1KG_DIRECT
RS35351411	RS12592967	EUR	0.971831	PLINK2_1KG_DIRECT
RS35351411	RS12595508	EUR	0.975871	PLINK2_1KG_DIRECT
RS35351411	RS2899670	EUR	0.91308	PLINK2_1KG_DIRECT
RS35351411	RS12594873	EUR	0.916551	PLINK2_1KG_DIRECT
RS35351411	RS4594198	EUR	0.916551	PLINK2_1KG_DIRECT
RS35351411	RS34366144	EUR	0.916876	PLINK2_1KG_DIRECT
RS35351411	RS62008437	EUR	0.851989	PLINK2_1KG_DIRECT
RS35351411	RS35351411	EAS	1	PLINK2_1KG_DIRECT
RS35351411	RS11633501	EAS	0.958129	PLINK2_1KG_DIRECT
RS35351411	RS8036652	EAS	0.340599	PLINK2_1KG_DIRECT
RS35351411	RS11071612	EAS	0.9444	PLINK2_1KG_DIRECT
RS35351411	RS28615721	EAS	0.967347	PLINK2_1KG_DIRECT
RS35351411	RS4635285	EAS	0.877451	PLINK2_1KG_DIRECT
RS35351411	RS4074904	EAS	0.286573	PLINK2_1KG_DIRECT
RS35351411	RS11853920	EAS	0.9444	PLINK2_1KG_DIRECT
RS35351411	RS4775413	EAS	0.881828	PLINK2_1KG_DIRECT
RS35351411	RS11636157	EAS	0.881571	PLINK2_1KG_DIRECT
RS35351411	RS11636309	EAS	0.877182	PLINK2_1KG_DIRECT
RS35351411	RS11636336	EAS	0.287882	PLINK2_1KG_DIRECT
RS35351411	RS8029085	EAS	0.28195	PLINK2_1KG_DIRECT
RS35351411	RS8028972	EAS	0.286573	PLINK2_1KG_DIRECT
RS35351411	RS8030235	EAS	0.285268	PLINK2_1KG_DIRECT
RS35351411	RS4775414	EAS	0.286573	PLINK2_1KG_DIRECT
RS35351411	RS4561406	EAS	0.845709	PLINK2_1KG_DIRECT
RS35351411	RS4774405	EAS	0.854552	PLINK2_1KG_DIRECT
RS35351411	RS4774406	EAS	0.280656	PLINK2_1KG_DIRECT
RS35351411	RS34418080	EAS	0.854552	PLINK2_1KG_DIRECT
RS35351411	RS4775416	EAS	0.872118	PLINK2_1KG_DIRECT
RS35351411	RS55835773	EAS	0.858925	PLINK2_1KG_DIRECT
RS35351411	RS55835940	EAS	0.858925	PLINK2_1KG_DIRECT
RS35351411	RS11071614	EAS	0.87654	PLINK2_1KG_DIRECT
RS35351411	RS11632947	EAS	0.877451	PLINK2_1KG_DIRECT
RS35351411	RS12898315	EAS	0.877451	PLINK2_1KG_DIRECT
RS35351411	RS62008395	EAS	0.877451	PLINK2_1KG_DIRECT
RS35351411	RS12903705	EAS	0.886217	PLINK2_1KG_DIRECT
RS35351411	RS12903146	EAS	0.859067	PLINK2_1KG_DIRECT
RS35351411	RS35225048	EAS	0.885972	PLINK2_1KG_DIRECT
RS35351411	RS12905487	EAS	0.86763	PLINK2_1KG_DIRECT
RS35351411	RS12905969	EAS	0.858825	PLINK2_1KG_DIRECT
RS35351411	RS2414716	EAS	0.886507	PLINK2_1KG_DIRECT
RS35351411	RS8042151	EAS	0.908578	PLINK2_1KG_DIRECT
RS35351411	RS8042070	EAS	0.334175	PLINK2_1KG_DIRECT
RS35351411	RS2414718	EAS	0.343861	PLINK2_1KG_DIRECT
RS35351411	RS17270962	EAS	0.343861	PLINK2_1KG_DIRECT
RS35351411	RS12592967	EAS	0.995306	PLINK2_1KG_DIRECT
RS35351411	RS12595508	EAS	0.995306	PLINK2_1KG_DIRECT
RS35351411	RS2899670	EAS	0.985956	PLINK2_1KG_DIRECT
RS35351411	RS12594873	EAS	0.949535	PLINK2_1KG_DIRECT
RS35351411	RS4594198	EAS	0.949535	PLINK2_1KG_DIRECT
RS35351411	RS34366144	EAS	0.876469	PLINK2_1KG_DIRECT
RS35351411	RS62008437	EAS	0.226063	PLINK2_1KG_DIRECT
RS56071379	RS56071379	EUR	1	PLINK2_1KG_DIRECT
RS56071379	RS498541	EUR	0.944495	PLINK2_1KG_DIRECT
RS56071379	RS499260	EUR	0.944495	PLINK2_1KG_DIRECT
RS56071379	RS499472	EUR	0.944495	PLINK2_1KG_DIRECT
RS56071379	RS537962	EUR	0.944495	PLINK2_1KG_DIRECT
RS56071379	RS623546	EUR	0.944495	PLINK2_1KG_DIRECT
RS56071379	RS552957	EUR	0.846853	PLINK2_1KG_DIRECT
RS56071379	RS4799092	EUR	0.940302	PLINK2_1KG_DIRECT
RS56071379	RS56376220	EUR	0.944495	PLINK2_1KG_DIRECT
RS56071379	RS11662248	EUR	0.920278	PLINK2_1KG_DIRECT
RS56071379	RS28865701	EUR	0.924537	PLINK2_1KG_DIRECT
RS56071379	RS28735056	EUR	0.924537	PLINK2_1KG_DIRECT
RS56071379	RS4798922	EUR	0.920543	PLINK2_1KG_DIRECT
RS56071379	RS4798923	EUR	0.920543	PLINK2_1KG_DIRECT
RS56071379	RS72980082	EUR	0.920543	PLINK2_1KG_DIRECT
RS56071379	RS11660941	EUR	0.920543	PLINK2_1KG_DIRECT
RS56071379	RS59183289	EUR	0.916571	PLINK2_1KG_DIRECT
RS56071379	RS61090726	EUR	0.920543	PLINK2_1KG_DIRECT
RS56071379	RS72980085	EUR	0.916571	PLINK2_1KG_DIRECT
RS56071379	RS72980087	EUR	0.920543	PLINK2_1KG_DIRECT
RS56071379	RS8091497	EUR	0.920543	PLINK2_1KG_DIRECT
RS56071379	RS56181785	EUR	0.965753	PLINK2_1KG_DIRECT
RS56071379	RS3826576	EUR	0.953108	PLINK2_1KG_DIRECT
RS56071379	RS56328473	EUR	0.978506	PLINK2_1KG_DIRECT
RS56071379	RS11662267	EUR	0.995686	PLINK2_1KG_DIRECT
RS56071379	RS891491	EUR	0.326559	PLINK2_1KG_DIRECT
RS56071379	RS4799106	EUR	0.496892	PLINK2_1KG_DIRECT
RS56071379	RS4799108	EUR	0.536422	PLINK2_1KG_DIRECT
RS56071379	RS11661195	EUR	0.542653	PLINK2_1KG_DIRECT
RS56071379	RS11661232	EUR	0.476225	PLINK2_1KG_DIRECT
RS56071379	RS12454454	EUR	0.489648	PLINK2_1KG_DIRECT
RS56071379	RS12456484	EUR	0.52857	PLINK2_1KG_DIRECT
RS56071379	RS3744879	EUR	0.470934	PLINK2_1KG_DIRECT
RS56071379	RS12968139	EUR	0.445895	PLINK2_1KG_DIRECT
RS56071379	RS55642704	EUR	0.505254	PLINK2_1KG_DIRECT
RS56071379	RS12455965	EUR	0.448136	PLINK2_1KG_DIRECT
RS56071379	RS2277725	EUR	0.448136	PLINK2_1KG_DIRECT
RS56071379	RS2277724	EUR	0.448136	PLINK2_1KG_DIRECT
RS56071379	RS12458585	EUR	0.323373	PLINK2_1KG_DIRECT
RS56071379	RS56071379	EAS	1	PLINK2_1KG_DIRECT
RS56071379	RS498541	EAS	0.885132	PLINK2_1KG_DIRECT
RS56071379	RS499260	EAS	0.885132	PLINK2_1KG_DIRECT
RS56071379	RS499472	EAS	0.885132	PLINK2_1KG_DIRECT
RS56071379	RS537962	EAS	0.91641	PLINK2_1KG_DIRECT
RS56071379	RS623546	EAS	0.881281	PLINK2_1KG_DIRECT
RS56071379	RS552957	EAS	0.843486	PLINK2_1KG_DIRECT
RS56071379	RS4799092	EAS	0.91641	PLINK2_1KG_DIRECT
RS56071379	RS56376220	EAS	0.885132	PLINK2_1KG_DIRECT
RS56071379	RS11662248	EAS	0.939728	PLINK2_1KG_DIRECT
RS56071379	RS28865701	EAS	0.924032	PLINK2_1KG_DIRECT
RS56071379	RS28735056	EAS	0.924032	PLINK2_1KG_DIRECT
RS56071379	RS4798922	EAS	0.983778	PLINK2_1KG_DIRECT
RS56071379	RS4798923	EAS	0.983778	PLINK2_1KG_DIRECT
RS56071379	RS72980082	EAS	0.927928	PLINK2_1KG_DIRECT
RS56071379	RS11660941	EAS	0.963907	PLINK2_1KG_DIRECT
RS56071379	RS59183289	EAS	0.940666	PLINK2_1KG_DIRECT
RS56071379	RS61090726	EAS	0.983778	PLINK2_1KG_DIRECT
RS56071379	RS72980085	EAS	0.983778	PLINK2_1KG_DIRECT
RS56071379	RS72980087	EAS	0.983778	PLINK2_1KG_DIRECT
RS56071379	RS8091497	EAS	0.983778	PLINK2_1KG_DIRECT
RS56071379	RS56181785	EAS	0.963643	PLINK2_1KG_DIRECT
RS56071379	RS3826576	EAS	0.947661	PLINK2_1KG_DIRECT
RS56071379	RS56328473	EAS	0.975871	PLINK2_1KG_DIRECT
RS56071379	RS11662267	EAS	0.991881	PLINK2_1KG_DIRECT
RS56071379	RS891491	EAS	0.784037	PLINK2_1KG_DIRECT
RS56071379	RS4799106	EAS	0.305736	PLINK2_1KG_DIRECT
RS56071379	RS4799108	EAS	0.305736	PLINK2_1KG_DIRECT
RS56071379	RS11661195	EAS	0.274465	PLINK2_1KG_DIRECT
RS56071379	RS11661232	EAS	0.261022	PLINK2_1KG_DIRECT
RS56071379	RS12454454	EAS	0.288118	PLINK2_1KG_DIRECT
RS56071379	RS12456484	EAS	0.230852	PLINK2_1KG_DIRECT
RS56071379	RS3744879	EAS	0.298753	PLINK2_1KG_DIRECT
RS56071379	RS12968139	EAS	0.258158	PLINK2_1KG_DIRECT
RS56071379	RS55642704	EAS	0.293222	PLINK2_1KG_DIRECT
RS56071379	RS12455965	EAS	0.285961	PLINK2_1KG_DIRECT
RS56071379	RS2277725	EAS	0.285961	PLINK2_1KG_DIRECT
RS56071379	RS2277724	EAS	0.293222	PLINK2_1KG_DIRECT
RS56071379	RS12458585	EAS	0.232197	PLINK2_1KG_DIRECT
RS893949	RS893949	EUR	1	PLINK2_1KG_DIRECT
RS893949	RS733856	EUR	0.897608	PLINK2_1KG_DIRECT
RS893949	RS4937884	EUR	0.897608	PLINK2_1KG_DIRECT
RS893949	RS10750561	EUR	0.879862	PLINK2_1KG_DIRECT
RS893949	RS893949	EAS	1	PLINK2_1KG_DIRECT
RS893949	RS733856	EAS	0.990134	PLINK2_1KG_DIRECT
RS893949	RS4937884	EAS	0.985242	PLINK2_1KG_DIRECT
RS893949	RS10750561	EAS	0.523242	PLINK2_1KG_DIRECT
RS10958683	RS10958683	EUR	1	PLINK2_1KG_DIRECT
RS10958683	RS55736052	EUR	0.819802	PLINK2_1KG_DIRECT
RS10958683	RS76873509	EUR	0.854529	PLINK2_1KG_DIRECT
RS10958683	RS145151767	EUR	0.84472	PLINK2_1KG_DIRECT
RS10958683	RS138824104	EUR	0.84472	PLINK2_1KG_DIRECT
RS10958683	RS16887244	EUR	0.848316	PLINK2_1KG_DIRECT
RS10958683	RS59911155	EUR	0.854529	PLINK2_1KG_DIRECT
RS10958683	RS2270376	EUR	0.868924	PLINK2_1KG_DIRECT
RS10958683	RS55962869	EUR	0.868924	PLINK2_1KG_DIRECT
RS10958683	RS3824288	EUR	0.873488	PLINK2_1KG_DIRECT
RS10958683	RS12681876	EUR	0.873488	PLINK2_1KG_DIRECT
RS10958683	RS11783967	EUR	0.868924	PLINK2_1KG_DIRECT
RS10958683	RS55928150	EUR	0.873488	PLINK2_1KG_DIRECT
RS10958683	RS11774769	EUR	0.873488	PLINK2_1KG_DIRECT
RS10958683	RS7830233	EUR	0.868924	PLINK2_1KG_DIRECT
RS10958683	RS10108757	EUR	0.868924	PLINK2_1KG_DIRECT
RS10958683	RS4537271	EUR	0.868924	PLINK2_1KG_DIRECT
RS10958683	RS112791537	EUR	0.868924	PLINK2_1KG_DIRECT
RS10958683	RS7828832	EUR	0.868924	PLINK2_1KG_DIRECT
RS10958683	RS58780114	EUR	0.868924	PLINK2_1KG_DIRECT
RS10958683	RS11785366	EUR	0.868924	PLINK2_1KG_DIRECT
RS10958683	RS12682626	EUR	0.868924	PLINK2_1KG_DIRECT
RS10958683	RS12674975	EUR	0.873488	PLINK2_1KG_DIRECT
RS10958683	RS74302881	EUR	0.873488	PLINK2_1KG_DIRECT
RS10958683	RS58320990	EUR	0.873488	PLINK2_1KG_DIRECT
RS10958683	RS61076607	EUR	0.873488	PLINK2_1KG_DIRECT
RS10958683	RS10112856	EUR	0.868924	PLINK2_1KG_DIRECT
RS10958683	RS16887258	EUR	0.868924	PLINK2_1KG_DIRECT
RS10958683	RS6982519	EUR	0.868924	PLINK2_1KG_DIRECT
RS10958683	RS7815101	EUR	0.873488	PLINK2_1KG_DIRECT
RS10958683	RS10958541	EUR	0.863546	PLINK2_1KG_DIRECT
RS10958683	RS113407804	EUR	0.868107	PLINK2_1KG_DIRECT
RS10958683	RS4379415	EUR	0.863546	PLINK2_1KG_DIRECT
RS10958683	RS10156283	EUR	0.868107	PLINK2_1KG_DIRECT
RS10958683	RS28864534	EUR	0.873488	PLINK2_1KG_DIRECT
RS10958683	RS7015996	EUR	0.868924	PLINK2_1KG_DIRECT
RS10958683	RS7016434	EUR	0.868924	PLINK2_1KG_DIRECT
RS10958683	RS10216482	EUR	0.868924	PLINK2_1KG_DIRECT
RS10958683	RS55885015	EUR	0.873488	PLINK2_1KG_DIRECT
RS10958683	RS10099466	EUR	0.868924	PLINK2_1KG_DIRECT
RS10958683	RS7836805	EUR	0.868924	PLINK2_1KG_DIRECT
RS10958683	RS11779210	EUR	0.873488	PLINK2_1KG_DIRECT
RS10958683	RS11777969	EUR	0.873488	PLINK2_1KG_DIRECT
RS10958683	RS1043782	EUR	0.868924	PLINK2_1KG_DIRECT
RS10958683	RS60530611	EUR	0.868924	PLINK2_1KG_DIRECT
RS10958683	RS7821119	EUR	0.873488	PLINK2_1KG_DIRECT
RS10958683	RS6999796	EUR	0.864395	PLINK2_1KG_DIRECT
RS10958683	RS7834862	EUR	0.873488	PLINK2_1KG_DIRECT
RS10958683	RS2306899	EUR	0.907686	PLINK2_1KG_DIRECT
RS10958683	RS6992943	EUR	0.907686	PLINK2_1KG_DIRECT
RS10958683	RS10103315	EUR	0.907686	PLINK2_1KG_DIRECT
RS10958683	RS56365338	EUR	0.907686	PLINK2_1KG_DIRECT
RS10958683	RS16887273	EUR	0.907686	PLINK2_1KG_DIRECT
RS10958683	RS16887275	EUR	0.907686	PLINK2_1KG_DIRECT
RS10958683	RS16887277	EUR	0.907686	PLINK2_1KG_DIRECT
RS10958683	RS28867132	EUR	0.907686	PLINK2_1KG_DIRECT
RS10958683	RS56058270	EUR	0.907686	PLINK2_1KG_DIRECT
RS10958683	RS7006757	EUR	0.907686	PLINK2_1KG_DIRECT
RS10958683	RS10105555	EUR	0.907686	PLINK2_1KG_DIRECT
RS10958683	RS10113411	EUR	0.907686	PLINK2_1KG_DIRECT
RS10958683	RS12056698	EUR	0.907686	PLINK2_1KG_DIRECT
RS10958683	RS10958567	EUR	0.907686	PLINK2_1KG_DIRECT
RS10958683	RS2898674	EUR	0.907686	PLINK2_1KG_DIRECT
RS10958683	RS9643870	EUR	0.962506	PLINK2_1KG_DIRECT
RS10958683	RS6981405	EUR	0.962506	PLINK2_1KG_DIRECT
RS10958683	RS9198	EUR	0.898221	PLINK2_1KG_DIRECT
RS10958683	RS7007097	EUR	0.962506	PLINK2_1KG_DIRECT
RS10958683	RS1149	EUR	0.898221	PLINK2_1KG_DIRECT
RS10958683	RS3739252	EUR	0.898221	PLINK2_1KG_DIRECT
RS10958683	RS57984710	EUR	0.888902	PLINK2_1KG_DIRECT
RS10958683	RS1906672	EUR	0.946731	PLINK2_1KG_DIRECT
RS10958683	RS3824289	EUR	0.946027	PLINK2_1KG_DIRECT
RS10958683	RS1488934	EUR	0.967735	PLINK2_1KG_DIRECT
RS10958683	RS1488935	EUR	0.967735	PLINK2_1KG_DIRECT
RS10958683	RS72644720	EUR	0.967735	PLINK2_1KG_DIRECT
RS10958683	RS10100090	EUR	0.967735	PLINK2_1KG_DIRECT
RS10958683	RS7845911	EUR	0.882274	PLINK2_1KG_DIRECT
RS10958683	RS12674515	EUR	0.902935	PLINK2_1KG_DIRECT
RS10958683	RS6984464	EUR	0.902935	PLINK2_1KG_DIRECT
RS10958683	RS7845284	EUR	0.902935	PLINK2_1KG_DIRECT
RS10958683	RS7823681	EUR	0.902935	PLINK2_1KG_DIRECT
RS10958683	RS10100894	EUR	0.902935	PLINK2_1KG_DIRECT
RS10958683	RS10109023	EUR	0.902935	PLINK2_1KG_DIRECT
RS10958683	RS10101145	EUR	0.902935	PLINK2_1KG_DIRECT
RS10958683	RS7837189	EUR	0.967735	PLINK2_1KG_DIRECT
RS10958683	RS10958606	EUR	0.967735	PLINK2_1KG_DIRECT
RS10958683	RS12386976	EUR	0.902935	PLINK2_1KG_DIRECT
RS10958683	RS12386951	EUR	0.962506	PLINK2_1KG_DIRECT
RS10958683	RS55703821	EUR	0.967735	PLINK2_1KG_DIRECT
RS10958683	RS28439472	EUR	0.902935	PLINK2_1KG_DIRECT
RS10958683	RS11985168	EUR	0.967735	PLINK2_1KG_DIRECT
RS10958683	RS10102341	EUR	0.902935	PLINK2_1KG_DIRECT
RS10958683	RS2171616	EUR	0.908373	PLINK2_1KG_DIRECT
RS10958683	RS1599918	EUR	0.967735	PLINK2_1KG_DIRECT
RS10958683	RS12056642	EUR	0.967735	PLINK2_1KG_DIRECT
RS10958683	RS16887324	EUR	0.967735	PLINK2_1KG_DIRECT
RS10958683	RS7841617	EUR	0.967735	PLINK2_1KG_DIRECT
RS10958683	RS16887325	EUR	0.908373	PLINK2_1KG_DIRECT
RS10958683	RS2280847	EUR	0.902935	PLINK2_1KG_DIRECT
RS10958683	RS2234555	EUR	0.967735	PLINK2_1KG_DIRECT
RS10958683	RS56300324	EUR	0.902935	PLINK2_1KG_DIRECT
RS10958683	RS59978327	EUR	0.967735	PLINK2_1KG_DIRECT
RS10958683	RS2234549	EUR	0.902935	PLINK2_1KG_DIRECT
RS10958683	RS55634742	EUR	0.962506	PLINK2_1KG_DIRECT
RS10958683	RS11786625	EUR	0.967735	PLINK2_1KG_DIRECT
RS10958683	RS12114353	EUR	0.902935	PLINK2_1KG_DIRECT
RS10958683	RS10101168	EUR	0.967735	PLINK2_1KG_DIRECT
RS10958683	RS11989357	EUR	0.907686	PLINK2_1KG_DIRECT
RS10958683	RS72630604	EUR	0.902935	PLINK2_1KG_DIRECT
RS10958683	RS28674538	EUR	0.902935	PLINK2_1KG_DIRECT
RS10958683	RS28460372	EUR	0.902935	PLINK2_1KG_DIRECT
RS10958683	RS72630609	EUR	0.967735	PLINK2_1KG_DIRECT
RS10958683	RS12677788	EUR	0.902935	PLINK2_1KG_DIRECT
RS10958683	RS11785041	EUR	0.967735	PLINK2_1KG_DIRECT
RS10958683	RS28634296	EUR	0.902935	PLINK2_1KG_DIRECT
RS10958683	RS10156310	EUR	0.967735	PLINK2_1KG_DIRECT
RS10958683	RS10448063	EUR	0.902935	PLINK2_1KG_DIRECT
RS10958683	RS11774214	EUR	0.902935	PLINK2_1KG_DIRECT
RS10958683	RS58279725	EUR	0.898221	PLINK2_1KG_DIRECT
RS10958683	RS72630614	EUR	0.902935	PLINK2_1KG_DIRECT
RS10958683	RS1488936	EUR	0.902935	PLINK2_1KG_DIRECT
RS10958683	RS6474268	EUR	0.902935	PLINK2_1KG_DIRECT
RS10958683	RS1975132	EUR	0.902935	PLINK2_1KG_DIRECT
RS10958683	RS2130033	EUR	0.902935	PLINK2_1KG_DIRECT
RS10958683	RS11777811	EUR	0.967735	PLINK2_1KG_DIRECT
RS10958683	RS16887340	EUR	0.967735	PLINK2_1KG_DIRECT
RS10958683	RS7821392	EUR	0.967735	PLINK2_1KG_DIRECT
RS10958683	RS16887343	EUR	0.902935	PLINK2_1KG_DIRECT
RS10958683	RS12677360	EUR	0.967735	PLINK2_1KG_DIRECT
RS10958683	RS72630617	EUR	0.902935	PLINK2_1KG_DIRECT
RS10958683	RS10107763	EUR	0.902935	PLINK2_1KG_DIRECT
RS10958683	RS72630620	EUR	0.967735	PLINK2_1KG_DIRECT
RS10958683	RS10099378	EUR	0.967735	PLINK2_1KG_DIRECT
RS10958683	RS12681196	EUR	0.967735	PLINK2_1KG_DIRECT
RS10958683	RS10095753	EUR	0.967735	PLINK2_1KG_DIRECT
RS10958683	RS12678205	EUR	0.898221	PLINK2_1KG_DIRECT
RS10958683	RS72630624	EUR	0.967735	PLINK2_1KG_DIRECT
RS10958683	RS60558877	EUR	0.967735	PLINK2_1KG_DIRECT
RS10958683	RS55796824	EUR	0.902935	PLINK2_1KG_DIRECT
RS10958683	RS56322953	EUR	0.902935	PLINK2_1KG_DIRECT
RS10958683	RS6996860	EUR	0.902935	PLINK2_1KG_DIRECT
RS10958683	RS7012844	EUR	0.922164	PLINK2_1KG_DIRECT
RS10958683	RS112537273	EUR	0.994535	PLINK2_1KG_DIRECT
RS10958683	RS59176647	EUR	0.927067	PLINK2_1KG_DIRECT
RS10958683	RS12681483	EUR	0.927067	PLINK2_1KG_DIRECT
RS10958683	RS12681501	EUR	0.927067	PLINK2_1KG_DIRECT
RS10958683	RS11998709	EUR	0.927067	PLINK2_1KG_DIRECT
RS10958683	RS7816998	EUR	0.994535	PLINK2_1KG_DIRECT
RS10958683	RS10958670	EUR	0.994535	PLINK2_1KG_DIRECT
RS10958683	RS2016875	EUR	0.927067	PLINK2_1KG_DIRECT
RS10958683	RS11986274	EUR	0.927067	PLINK2_1KG_DIRECT
RS10958683	RS59498392	EUR	0.994535	PLINK2_1KG_DIRECT
RS10958683	RS28681082	EUR	0.994535	PLINK2_1KG_DIRECT
RS10958683	RS7001340	EUR	0.994535	PLINK2_1KG_DIRECT
RS10958683	RS12677006	EUR	0.927067	PLINK2_1KG_DIRECT
RS10958683	RS13317	EUR	0.927067	PLINK2_1KG_DIRECT
RS10958683	RS4647905	EUR	0.994535	PLINK2_1KG_DIRECT
RS10958683	RS4647903	EUR	0.994535	PLINK2_1KG_DIRECT
RS10958683	RS10958682	EUR	0.994535	PLINK2_1KG_DIRECT
RS10958683	RS3925	EUR	0.893543	PLINK2_1KG_DIRECT
RS10958683	RS3779921	EUR	0.95732	PLINK2_1KG_DIRECT
RS10958683	RS2293971	EUR	0.95732	PLINK2_1KG_DIRECT
RS10958683	RS6984358	EUR	0.95732	PLINK2_1KG_DIRECT
RS10958683	RS2304000	EUR	0.952176	PLINK2_1KG_DIRECT
RS10958683	RS4647907	EUR	0.952176	PLINK2_1KG_DIRECT
RS10958683	RS7005874	EUR	0.884295	PLINK2_1KG_DIRECT
RS10958683	RS10101096	EUR	0.952176	PLINK2_1KG_DIRECT
RS10958683	RS17175814	EUR	0.952176	PLINK2_1KG_DIRECT
RS10958683	RS2411256	EUR	0.888902	PLINK2_1KG_DIRECT
RS10958683	RS2411257	EUR	0.888902	PLINK2_1KG_DIRECT
RS10958683	RS16887378	EUR	0.874317	PLINK2_1KG_DIRECT
RS10958683	RS9657190	EUR	0.878884	PLINK2_1KG_DIRECT
RS10958683	RS11777067	EUR	0.925095	PLINK2_1KG_DIRECT
RS10958683	RS60527016	EUR	0.914947	PLINK2_1KG_DIRECT
RS10958683	RS10958683	EAS	1	PLINK2_1KG_DIRECT
RS10958683	RS55736052	EAS	0.811197	PLINK2_1KG_DIRECT
RS10958683	RS76873509	EAS	0.811197	PLINK2_1KG_DIRECT
RS10958683	RS145151767	EAS	0.807143	PLINK2_1KG_DIRECT
RS10958683	RS138824104	EAS	0.807143	PLINK2_1KG_DIRECT
RS10958683	RS16887244	EAS	0.799108	PLINK2_1KG_DIRECT
RS10958683	RS59911155	EAS	0.811197	PLINK2_1KG_DIRECT
RS10958683	RS2270376	EAS	0.823511	PLINK2_1KG_DIRECT
RS10958683	RS55962869	EAS	0.823511	PLINK2_1KG_DIRECT
RS10958683	RS3824288	EAS	0.823511	PLINK2_1KG_DIRECT
RS10958683	RS12681876	EAS	0.823511	PLINK2_1KG_DIRECT
RS10958683	RS11783967	EAS	0.823511	PLINK2_1KG_DIRECT
RS10958683	RS55928150	EAS	0.823511	PLINK2_1KG_DIRECT
RS10958683	RS11774769	EAS	0.823511	PLINK2_1KG_DIRECT
RS10958683	RS7830233	EAS	0.823511	PLINK2_1KG_DIRECT
RS10958683	RS10108757	EAS	0.823511	PLINK2_1KG_DIRECT
RS10958683	RS4537271	EAS	0.823511	PLINK2_1KG_DIRECT
RS10958683	RS112791537	EAS	0.823511	PLINK2_1KG_DIRECT
RS10958683	RS7828832	EAS	0.827667	PLINK2_1KG_DIRECT
RS10958683	RS58780114	EAS	0.827667	PLINK2_1KG_DIRECT
RS10958683	RS11785366	EAS	0.827667	PLINK2_1KG_DIRECT
RS10958683	RS12682626	EAS	0.827667	PLINK2_1KG_DIRECT
RS10958683	RS12674975	EAS	0.827667	PLINK2_1KG_DIRECT
RS10958683	RS74302881	EAS	0.823694	PLINK2_1KG_DIRECT
RS10958683	RS58320990	EAS	0.827667	PLINK2_1KG_DIRECT
RS10958683	RS61076607	EAS	0.827667	PLINK2_1KG_DIRECT
RS10958683	RS10112856	EAS	0.807143	PLINK2_1KG_DIRECT
RS10958683	RS16887258	EAS	0.823511	PLINK2_1KG_DIRECT
RS10958683	RS6982519	EAS	0.827667	PLINK2_1KG_DIRECT
RS10958683	RS7815101	EAS	0.823511	PLINK2_1KG_DIRECT
RS10958683	RS10958541	EAS	0.827667	PLINK2_1KG_DIRECT
RS10958683	RS113407804	EAS	0.827667	PLINK2_1KG_DIRECT
RS10958683	RS4379415	EAS	0.827667	PLINK2_1KG_DIRECT
RS10958683	RS10156283	EAS	0.807229	PLINK2_1KG_DIRECT
RS10958683	RS28864534	EAS	0.827667	PLINK2_1KG_DIRECT
RS10958683	RS7015996	EAS	0.827667	PLINK2_1KG_DIRECT
RS10958683	RS7016434	EAS	0.827667	PLINK2_1KG_DIRECT
RS10958683	RS10216482	EAS	0.827667	PLINK2_1KG_DIRECT
RS10958683	RS55885015	EAS	0.827667	PLINK2_1KG_DIRECT
RS10958683	RS10099466	EAS	0.827667	PLINK2_1KG_DIRECT
RS10958683	RS7836805	EAS	0.827667	PLINK2_1KG_DIRECT
RS10958683	RS11779210	EAS	0.827667	PLINK2_1KG_DIRECT
RS10958683	RS11777969	EAS	0.827667	PLINK2_1KG_DIRECT
RS10958683	RS1043782	EAS	0.827667	PLINK2_1KG_DIRECT
RS10958683	RS60530611	EAS	0.827667	PLINK2_1KG_DIRECT
RS10958683	RS7821119	EAS	0.823511	PLINK2_1KG_DIRECT
RS10958683	RS6999796	EAS	0.831652	PLINK2_1KG_DIRECT
RS10958683	RS7834862	EAS	0.827495	PLINK2_1KG_DIRECT
RS10958683	RS2306899	EAS	0.835835	PLINK2_1KG_DIRECT
RS10958683	RS6992943	EAS	0.835835	PLINK2_1KG_DIRECT
RS10958683	RS10103315	EAS	0.831652	PLINK2_1KG_DIRECT
RS10958683	RS56365338	EAS	0.835835	PLINK2_1KG_DIRECT
RS10958683	RS16887273	EAS	0.835835	PLINK2_1KG_DIRECT
RS10958683	RS16887275	EAS	0.835835	PLINK2_1KG_DIRECT
RS10958683	RS16887277	EAS	0.835835	PLINK2_1KG_DIRECT
RS10958683	RS28867132	EAS	0.835835	PLINK2_1KG_DIRECT
RS10958683	RS56058270	EAS	0.835835	PLINK2_1KG_DIRECT
RS10958683	RS7006757	EAS	0.835835	PLINK2_1KG_DIRECT
RS10958683	RS10105555	EAS	0.835835	PLINK2_1KG_DIRECT
RS10958683	RS10113411	EAS	0.835835	PLINK2_1KG_DIRECT
RS10958683	RS12056698	EAS	0.835835	PLINK2_1KG_DIRECT
RS10958683	RS10958567	EAS	0.831652	PLINK2_1KG_DIRECT
RS10958683	RS2898674	EAS	0.831652	PLINK2_1KG_DIRECT
RS10958683	RS9643870	EAS	0.831652	PLINK2_1KG_DIRECT
RS10958683	RS6981405	EAS	0.831652	PLINK2_1KG_DIRECT
RS10958683	RS9198	EAS	0.831652	PLINK2_1KG_DIRECT
RS10958683	RS7007097	EAS	0.831652	PLINK2_1KG_DIRECT
RS10958683	RS1149	EAS	0.811197	PLINK2_1KG_DIRECT
RS10958683	RS3739252	EAS	0.831652	PLINK2_1KG_DIRECT
RS10958683	RS57984710	EAS	0.831652	PLINK2_1KG_DIRECT
RS10958683	RS1906672	EAS	0.764317	PLINK2_1KG_DIRECT
RS10958683	RS3824289	EAS	0.831849	PLINK2_1KG_DIRECT
RS10958683	RS1488934	EAS	0.792615	PLINK2_1KG_DIRECT
RS10958683	RS1488935	EAS	0.839833	PLINK2_1KG_DIRECT
RS10958683	RS72644720	EAS	0.835835	PLINK2_1KG_DIRECT
RS10958683	RS10100090	EAS	0.835835	PLINK2_1KG_DIRECT
RS10958683	RS7845911	EAS	0.835835	PLINK2_1KG_DIRECT
RS10958683	RS12674515	EAS	0.827495	PLINK2_1KG_DIRECT
RS10958683	RS6984464	EAS	0.831652	PLINK2_1KG_DIRECT
RS10958683	RS7845284	EAS	0.831652	PLINK2_1KG_DIRECT
RS10958683	RS7823681	EAS	0.831652	PLINK2_1KG_DIRECT
RS10958683	RS10100894	EAS	0.831652	PLINK2_1KG_DIRECT
RS10958683	RS10109023	EAS	0.831652	PLINK2_1KG_DIRECT
RS10958683	RS10101145	EAS	0.831652	PLINK2_1KG_DIRECT
RS10958683	RS7837189	EAS	0.835835	PLINK2_1KG_DIRECT
RS10958683	RS10958606	EAS	0.835835	PLINK2_1KG_DIRECT
RS10958683	RS12386976	EAS	0.831652	PLINK2_1KG_DIRECT
RS10958683	RS12386951	EAS	0.835835	PLINK2_1KG_DIRECT
RS10958683	RS55703821	EAS	0.835835	PLINK2_1KG_DIRECT
RS10958683	RS28439472	EAS	0.835835	PLINK2_1KG_DIRECT
RS10958683	RS11985168	EAS	0.827874	PLINK2_1KG_DIRECT
RS10958683	RS10102341	EAS	0.835835	PLINK2_1KG_DIRECT
RS10958683	RS2171616	EAS	0.835835	PLINK2_1KG_DIRECT
RS10958683	RS1599918	EAS	0.835835	PLINK2_1KG_DIRECT
RS10958683	RS12056642	EAS	0.835835	PLINK2_1KG_DIRECT
RS10958683	RS16887324	EAS	0.835835	PLINK2_1KG_DIRECT
RS10958683	RS7841617	EAS	0.835835	PLINK2_1KG_DIRECT
RS10958683	RS16887325	EAS	0.835835	PLINK2_1KG_DIRECT
RS10958683	RS2280847	EAS	0.835835	PLINK2_1KG_DIRECT
RS10958683	RS2234555	EAS	0.835835	PLINK2_1KG_DIRECT
RS10958683	RS56300324	EAS	0.835835	PLINK2_1KG_DIRECT
RS10958683	RS59978327	EAS	0.835835	PLINK2_1KG_DIRECT
RS10958683	RS2234549	EAS	0.835835	PLINK2_1KG_DIRECT
RS10958683	RS55634742	EAS	0.835835	PLINK2_1KG_DIRECT
RS10958683	RS11786625	EAS	0.784904	PLINK2_1KG_DIRECT
RS10958683	RS12114353	EAS	0.835835	PLINK2_1KG_DIRECT
RS10958683	RS10101168	EAS	0.835835	PLINK2_1KG_DIRECT
RS10958683	RS11989357	EAS	0.835835	PLINK2_1KG_DIRECT
RS10958683	RS72630604	EAS	0.835835	PLINK2_1KG_DIRECT
RS10958683	RS28674538	EAS	0.835835	PLINK2_1KG_DIRECT
RS10958683	RS28460372	EAS	0.835835	PLINK2_1KG_DIRECT
RS10958683	RS72630609	EAS	0.835835	PLINK2_1KG_DIRECT
RS10958683	RS12677788	EAS	0.835835	PLINK2_1KG_DIRECT
RS10958683	RS11785041	EAS	0.835835	PLINK2_1KG_DIRECT
RS10958683	RS28634296	EAS	0.835835	PLINK2_1KG_DIRECT
RS10958683	RS10156310	EAS	0.835835	PLINK2_1KG_DIRECT
RS10958683	RS10448063	EAS	0.835835	PLINK2_1KG_DIRECT
RS10958683	RS11774214	EAS	0.835835	PLINK2_1KG_DIRECT
RS10958683	RS58279725	EAS	0.835835	PLINK2_1KG_DIRECT
RS10958683	RS72630614	EAS	0.835835	PLINK2_1KG_DIRECT
RS10958683	RS1488936	EAS	0.835835	PLINK2_1KG_DIRECT
RS10958683	RS6474268	EAS	0.835835	PLINK2_1KG_DIRECT
RS10958683	RS1975132	EAS	0.835835	PLINK2_1KG_DIRECT
RS10958683	RS2130033	EAS	0.835835	PLINK2_1KG_DIRECT
RS10958683	RS11777811	EAS	0.835835	PLINK2_1KG_DIRECT
RS10958683	RS16887340	EAS	0.831849	PLINK2_1KG_DIRECT
RS10958683	RS7821392	EAS	0.831849	PLINK2_1KG_DIRECT
RS10958683	RS16887343	EAS	0.831849	PLINK2_1KG_DIRECT
RS10958683	RS12677360	EAS	0.831849	PLINK2_1KG_DIRECT
RS10958683	RS72630617	EAS	0.835835	PLINK2_1KG_DIRECT
RS10958683	RS10107763	EAS	0.835835	PLINK2_1KG_DIRECT
RS10958683	RS72630620	EAS	0.835835	PLINK2_1KG_DIRECT
RS10958683	RS10099378	EAS	0.835835	PLINK2_1KG_DIRECT
RS10958683	RS12681196	EAS	0.835835	PLINK2_1KG_DIRECT
RS10958683	RS10095753	EAS	0.835835	PLINK2_1KG_DIRECT
RS10958683	RS12678205	EAS	0.835835	PLINK2_1KG_DIRECT
RS10958683	RS72630624	EAS	0.835835	PLINK2_1KG_DIRECT
RS10958683	RS60558877	EAS	0.835835	PLINK2_1KG_DIRECT
RS10958683	RS55796824	EAS	0.831652	PLINK2_1KG_DIRECT
RS10958683	RS56322953	EAS	0.835835	PLINK2_1KG_DIRECT
RS10958683	RS6996860	EAS	0.831652	PLINK2_1KG_DIRECT
RS10958683	RS7012844	EAS	0.831652	PLINK2_1KG_DIRECT
RS10958683	RS112537273	EAS	0.831652	PLINK2_1KG_DIRECT
RS10958683	RS59176647	EAS	0.831652	PLINK2_1KG_DIRECT
RS10958683	RS12681483	EAS	0.831652	PLINK2_1KG_DIRECT
RS10958683	RS12681501	EAS	0.831652	PLINK2_1KG_DIRECT
RS10958683	RS11998709	EAS	0.835649	PLINK2_1KG_DIRECT
RS10958683	RS7816998	EAS	0.835835	PLINK2_1KG_DIRECT
RS10958683	RS10958670	EAS	0.836057	PLINK2_1KG_DIRECT
RS10958683	RS2016875	EAS	0.836057	PLINK2_1KG_DIRECT
RS10958683	RS11986274	EAS	0.961249	PLINK2_1KG_DIRECT
RS10958683	RS59498392	EAS	0.840045	PLINK2_1KG_DIRECT
RS10958683	RS28681082	EAS	0.840045	PLINK2_1KG_DIRECT
RS10958683	RS7001340	EAS	0.961086	PLINK2_1KG_DIRECT
RS10958683	RS12677006	EAS	0.961249	PLINK2_1KG_DIRECT
RS10958683	RS13317	EAS	0.961249	PLINK2_1KG_DIRECT
RS10958683	RS4647905	EAS	0.84428	PLINK2_1KG_DIRECT
RS10958683	RS4647903	EAS	0.84428	PLINK2_1KG_DIRECT
RS10958683	RS10958682	EAS	0.84428	PLINK2_1KG_DIRECT
RS10958683	RS3925	EAS	0.807229	PLINK2_1KG_DIRECT
RS10958683	RS3779921	EAS	0.811451	PLINK2_1KG_DIRECT
RS10958683	RS2293971	EAS	0.819539	PLINK2_1KG_DIRECT
RS10958683	RS6984358	EAS	0.807349	PLINK2_1KG_DIRECT
RS10958683	RS2304000	EAS	0.791473	PLINK2_1KG_DIRECT
RS10958683	RS4647907	EAS	0.803765	PLINK2_1KG_DIRECT
RS10958683	RS7005874	EAS	0.803765	PLINK2_1KG_DIRECT
RS10958683	RS10101096	EAS	0.926739	PLINK2_1KG_DIRECT
RS10958683	RS17175814	EAS	0.930921	PLINK2_1KG_DIRECT
RS10958683	RS2411256	EAS	0.725961	PLINK2_1KG_DIRECT
RS10958683	RS2411257	EAS	0.847879	PLINK2_1KG_DIRECT
RS10958683	RS16887378	EAS	0.885889	PLINK2_1KG_DIRECT
RS10958683	RS9657190	EAS	0.885889	PLINK2_1KG_DIRECT
RS10958683	RS11777067	EAS	0.775505	PLINK2_1KG_DIRECT
RS10958683	RS60527016	EAS	0.775505	PLINK2_1KG_DIRECT
RS62057151	RS62057151	EUR	1	PLINK2_1KG_DIRECT
RS62057151	RS56328224	EUR	0.93133	PLINK2_1KG_DIRECT
RS62057151	RS62065453	EUR	0.93133	PLINK2_1KG_DIRECT
RS62057151	RS558887987	EUR	0.714497	PLINK2_1KG_DIRECT
RS62057151	RS1724390	EUR	0.921083	PLINK2_1KG_DIRECT
RS62057151	RS57213017	EUR	0.931351	PLINK2_1KG_DIRECT
RS62057151	RS566002249	EUR	0.910798	PLINK2_1KG_DIRECT
RS62057151	RS531934295	EUR	0.785715	PLINK2_1KG_DIRECT
RS62057151	RS539288087	EUR	0.910591	PLINK2_1KG_DIRECT
RS62057151	RS413519	EUR	0.957553	PLINK2_1KG_DIRECT
RS62057151	RS440778	EUR	0.957553	PLINK2_1KG_DIRECT
RS62057151	RS546997548	EUR	0.947026	PLINK2_1KG_DIRECT
RS62057151	RS382362	EUR	0.952268	PLINK2_1KG_DIRECT
RS62057151	RS611351	EUR	0.957553	PLINK2_1KG_DIRECT
RS62057151	RS541886938	EUR	0.962882	PLINK2_1KG_DIRECT
RS62057151	RS383241	EUR	0.962882	PLINK2_1KG_DIRECT
RS62057151	RS376120	EUR	0.962882	PLINK2_1KG_DIRECT
RS62057151	RS365825	EUR	0.952268	PLINK2_1KG_DIRECT
RS62057151	RS393838	EUR	0.952268	PLINK2_1KG_DIRECT
RS62057151	RS681485	EUR	0.957635	PLINK2_1KG_DIRECT
RS62057151	RS594591	EUR	0.962882	PLINK2_1KG_DIRECT
RS62057151	RS444071	EUR	0.962882	PLINK2_1KG_DIRECT
RS62057151	RS396593	EUR	0.962882	PLINK2_1KG_DIRECT
RS62057151	RS436667	EUR	0.962882	PLINK2_1KG_DIRECT
RS62057151	RS650927	EUR	0.962882	PLINK2_1KG_DIRECT
RS62057151	RS671740	EUR	0.962882	PLINK2_1KG_DIRECT
RS62057151	RS81632	EUR	0.962882	PLINK2_1KG_DIRECT
RS62057151	RS16940633	EUR	0.962882	PLINK2_1KG_DIRECT
RS62057151	RS17686610	EUR	0.962882	PLINK2_1KG_DIRECT
RS62057151	RS2942170	EUR	0.962882	PLINK2_1KG_DIRECT
RS62057151	RS2942169	EUR	0.962882	PLINK2_1KG_DIRECT
RS62057151	RS241045	EUR	0.962882	PLINK2_1KG_DIRECT
RS62057151	RS241044	EUR	0.962882	PLINK2_1KG_DIRECT
RS62057151	RS241042	EUR	0.962882	PLINK2_1KG_DIRECT
RS62057151	RS241041	EUR	0.962882	PLINK2_1KG_DIRECT
RS62057151	RS241039	EUR	0.962882	PLINK2_1KG_DIRECT
RS62057151	RS2942168	EUR	0.962882	PLINK2_1KG_DIRECT
RS62057151	RS2942167	EUR	0.962882	PLINK2_1KG_DIRECT
RS62057151	RS2942166	EUR	0.957553	PLINK2_1KG_DIRECT
RS62057151	RS2942165	EUR	0.962882	PLINK2_1KG_DIRECT
RS62057151	RS117368197	EUR	0.962882	PLINK2_1KG_DIRECT
RS62057151	RS413778	EUR	0.962882	PLINK2_1KG_DIRECT
RS62057151	RS389217	EUR	0.962882	PLINK2_1KG_DIRECT
RS62057151	RS389978	EUR	0.957553	PLINK2_1KG_DIRECT
RS62057151	RS439558	EUR	0.957553	PLINK2_1KG_DIRECT
RS62057151	RS434805	EUR	0.952268	PLINK2_1KG_DIRECT
RS62057151	RS393152	EUR	0.952268	PLINK2_1KG_DIRECT
RS62057151	RS3108317	EUR	0.962882	PLINK2_1KG_DIRECT
RS62057151	RS2942164	EUR	0.962882	PLINK2_1KG_DIRECT
RS62057151	RS1706746	EUR	0.962882	PLINK2_1KG_DIRECT
RS62057151	RS1706748	EUR	0.957553	PLINK2_1KG_DIRECT
RS62057151	RS413917	EUR	0.962882	PLINK2_1KG_DIRECT
RS62057151	RS3418	EUR	0.962882	PLINK2_1KG_DIRECT
RS62057151	RS393675	EUR	0.962882	PLINK2_1KG_DIRECT
RS62057151	RS449501	EUR	0.962882	PLINK2_1KG_DIRECT
RS62057151	RS448830	EUR	0.962882	PLINK2_1KG_DIRECT
RS62057151	RS434428	EUR	0.962882	PLINK2_1KG_DIRECT
RS62057151	RS434598	EUR	0.962882	PLINK2_1KG_DIRECT
RS62057151	RS434971	EUR	0.962882	PLINK2_1KG_DIRECT
RS62057151	RS385691	EUR	0.962882	PLINK2_1KG_DIRECT
RS62057151	RS455028	EUR	0.962882	PLINK2_1KG_DIRECT
RS62057151	RS366858	EUR	0.962882	PLINK2_1KG_DIRECT
RS62057151	RS453997	EUR	0.962882	PLINK2_1KG_DIRECT
RS62057151	RS424243	EUR	0.962882	PLINK2_1KG_DIRECT
RS62057151	RS422112	EUR	0.962882	PLINK2_1KG_DIRECT
RS62057151	RS413844	EUR	0.962882	PLINK2_1KG_DIRECT
RS62057151	RS647483	EUR	0.962882	PLINK2_1KG_DIRECT
RS62057151	RS241038	EUR	0.962882	PLINK2_1KG_DIRECT
RS62057151	RS241037	EUR	0.962882	PLINK2_1KG_DIRECT
RS62057151	RS241036	EUR	0.962882	PLINK2_1KG_DIRECT
RS62057151	RS241035	EUR	0.962882	PLINK2_1KG_DIRECT
RS62057151	RS241034	EUR	0.962882	PLINK2_1KG_DIRECT
RS62057151	RS241033	EUR	0.962882	PLINK2_1KG_DIRECT
RS62057151	RS241032	EUR	0.962882	PLINK2_1KG_DIRECT
RS62057151	RS241031	EUR	0.962882	PLINK2_1KG_DIRECT
RS62057151	RS241030	EUR	0.962882	PLINK2_1KG_DIRECT
RS62057151	RS241029	EUR	0.962882	PLINK2_1KG_DIRECT
RS62057151	RS241028	EUR	0.962882	PLINK2_1KG_DIRECT
RS62057151	RS241027	EUR	0.962882	PLINK2_1KG_DIRECT
RS62057151	RS241026	EUR	0.962882	PLINK2_1KG_DIRECT
RS62057151	RS241024	EUR	0.962882	PLINK2_1KG_DIRECT
RS62057151	RS241023	EUR	0.962882	PLINK2_1KG_DIRECT
RS62057151	RS241022	EUR	0.962882	PLINK2_1KG_DIRECT
RS62057151	RS241021	EUR	0.962882	PLINK2_1KG_DIRECT
RS62057151	RS241020	EUR	0.962882	PLINK2_1KG_DIRECT
RS62057151	RS62053939	EUR	0.962882	PLINK2_1KG_DIRECT
RS62057151	RS111273167	EUR	0.962882	PLINK2_1KG_DIRECT
RS62057151	RS62053940	EUR	0.962882	PLINK2_1KG_DIRECT
RS62057151	RS17760577	EUR	0.962882	PLINK2_1KG_DIRECT
RS62057151	RS17760631	EUR	0.962882	PLINK2_1KG_DIRECT
RS62057151	RS17687462	EUR	0.962882	PLINK2_1KG_DIRECT
RS62057151	RS17760733	EUR	0.957635	PLINK2_1KG_DIRECT
RS62057151	RS79675109	EUR	0.962882	PLINK2_1KG_DIRECT
RS62057151	RS17687504	EUR	0.962882	PLINK2_1KG_DIRECT
RS62057151	RS62053945	EUR	0.962882	PLINK2_1KG_DIRECT
RS62057151	RS62053946	EUR	0.962882	PLINK2_1KG_DIRECT
RS62057151	RS62053947	EUR	0.962882	PLINK2_1KG_DIRECT
RS62057151	RS62053948	EUR	0.962882	PLINK2_1KG_DIRECT
RS62057151	RS62053949	EUR	0.962882	PLINK2_1KG_DIRECT
RS62057151	RS62053950	EUR	0.962882	PLINK2_1KG_DIRECT
RS62057151	RS62053951	EUR	0.962882	PLINK2_1KG_DIRECT
RS62057151	RS62053952	EUR	0.962882	PLINK2_1KG_DIRECT
RS62057151	RS62053953	EUR	0.962882	PLINK2_1KG_DIRECT
RS62057151	RS17687534	EUR	0.962882	PLINK2_1KG_DIRECT
RS62057151	RS62053954	EUR	0.962882	PLINK2_1KG_DIRECT
RS62057151	RS62053955	EUR	0.962882	PLINK2_1KG_DIRECT
RS62057151	RS17687571	EUR	0.962882	PLINK2_1KG_DIRECT
RS62057151	RS17760817	EUR	0.962882	PLINK2_1KG_DIRECT
RS62057151	RS17687625	EUR	0.962882	PLINK2_1KG_DIRECT
RS62057151	RS62053956	EUR	0.962882	PLINK2_1KG_DIRECT
RS62057151	RS62053957	EUR	0.962882	PLINK2_1KG_DIRECT
RS62057151	RS62055661	EUR	0.962882	PLINK2_1KG_DIRECT
RS62057151	RS62055662	EUR	0.962882	PLINK2_1KG_DIRECT
RS62057151	RS62055663	EUR	0.962882	PLINK2_1KG_DIRECT
RS62057151	RS62055664	EUR	0.962882	PLINK2_1KG_DIRECT
RS62057151	RS76717812	EUR	0.962882	PLINK2_1KG_DIRECT
RS62057151	RS17687667	EUR	0.962882	PLINK2_1KG_DIRECT
RS62057151	RS79073784	EUR	0.962882	PLINK2_1KG_DIRECT
RS62057151	RS62055665	EUR	0.962882	PLINK2_1KG_DIRECT
RS62057151	RS62055689	EUR	0.962882	PLINK2_1KG_DIRECT
RS62057151	RS62055690	EUR	0.952306	PLINK2_1KG_DIRECT
RS62057151	RS62055691	EUR	0.962882	PLINK2_1KG_DIRECT
RS62057151	RS74398257	EUR	0.962882	PLINK2_1KG_DIRECT
RS62057151	RS17687740	EUR	0.962882	PLINK2_1KG_DIRECT
RS62057151	RS872972	EUR	0.962882	PLINK2_1KG_DIRECT
RS62057151	RS757503	EUR	0.957553	PLINK2_1KG_DIRECT
RS62057151	RS757502	EUR	0.962882	PLINK2_1KG_DIRECT
RS62057151	RS757501	EUR	0.962882	PLINK2_1KG_DIRECT
RS62057151	RS757500	EUR	0.962882	PLINK2_1KG_DIRECT
RS62057151	RS62055693	EUR	0.957553	PLINK2_1KG_DIRECT
RS62057151	RS78487840	EUR	0.962882	PLINK2_1KG_DIRECT
RS62057151	RS55974014	EUR	0.910819	PLINK2_1KG_DIRECT
RS62057151	RS543716852	EUR	0.962882	PLINK2_1KG_DIRECT
RS62057151	RS562098568	EUR	0.962882	PLINK2_1KG_DIRECT
RS62057151	RS55651627	EUR	0.957553	PLINK2_1KG_DIRECT
RS62057151	RS112155389	EUR	0.962882	PLINK2_1KG_DIRECT
RS62057151	RS62055697	EUR	0.962882	PLINK2_1KG_DIRECT
RS62057151	RS62055698	EUR	0.962882	PLINK2_1KG_DIRECT
RS62057151	RS17761046	EUR	0.962882	PLINK2_1KG_DIRECT
RS62057151	RS62055700	EUR	0.962882	PLINK2_1KG_DIRECT
RS62057151	RS62055701	EUR	0.962882	PLINK2_1KG_DIRECT
RS62057151	RS62055702	EUR	0.962882	PLINK2_1KG_DIRECT
RS62057151	RS112431991	EUR	0.962882	PLINK2_1KG_DIRECT
RS62057151	RS17687838	EUR	0.962882	PLINK2_1KG_DIRECT
RS62057151	RS76333921	EUR	0.962882	PLINK2_1KG_DIRECT
RS62057151	RS76453925	EUR	0.962882	PLINK2_1KG_DIRECT
RS62057151	RS17687849	EUR	0.962882	PLINK2_1KG_DIRECT
RS62057151	RS56400821	EUR	0.947073	PLINK2_1KG_DIRECT
RS62057151	RS112169475	EUR	0.962882	PLINK2_1KG_DIRECT
RS62057151	RS113728380	EUR	0.962882	PLINK2_1KG_DIRECT
RS62057151	RS17761100	EUR	0.962882	PLINK2_1KG_DIRECT
RS62057151	RS17761124	EUR	0.962882	PLINK2_1KG_DIRECT
RS62057151	RS62055704	EUR	0.962882	PLINK2_1KG_DIRECT
RS62057151	RS62055705	EUR	0.962882	PLINK2_1KG_DIRECT
RS62057151	RS62055706	EUR	0.962882	PLINK2_1KG_DIRECT
RS62057151	RS75115093	EUR	0.962882	PLINK2_1KG_DIRECT
RS62057151	RS62055707	EUR	0.962882	PLINK2_1KG_DIRECT
RS62057151	RS2049515	EUR	0.962882	PLINK2_1KG_DIRECT
RS62057151	RS2158474	EUR	0.962882	PLINK2_1KG_DIRECT
RS62057151	RS62055708	EUR	0.962882	PLINK2_1KG_DIRECT
RS62057151	RS17761207	EUR	0.962882	PLINK2_1KG_DIRECT
RS62057151	RS62055709	EUR	0.962882	PLINK2_1KG_DIRECT
RS62057151	RS62055711	EUR	0.962882	PLINK2_1KG_DIRECT
RS62057151	RS17688002	EUR	0.962882	PLINK2_1KG_DIRECT
RS62057151	RS2040846	EUR	0.962882	PLINK2_1KG_DIRECT
RS62057151	RS4486953	EUR	0.962882	PLINK2_1KG_DIRECT
RS62057151	RS17688032	EUR	0.962882	PLINK2_1KG_DIRECT
RS62057151	RS17688056	EUR	0.962882	PLINK2_1KG_DIRECT
RS62057151	RS17688068	EUR	0.962882	PLINK2_1KG_DIRECT
RS62057151	RS77220413	EUR	0.962882	PLINK2_1KG_DIRECT
RS62057151	RS62055712	EUR	0.962882	PLINK2_1KG_DIRECT
RS62057151	RS62055713	EUR	0.962882	PLINK2_1KG_DIRECT
RS62057151	RS62055714	EUR	0.957553	PLINK2_1KG_DIRECT
RS62057151	RS62055715	EUR	0.962882	PLINK2_1KG_DIRECT
RS62057151	RS17688090	EUR	0.962882	PLINK2_1KG_DIRECT
RS62057151	RS17688126	EUR	0.962882	PLINK2_1KG_DIRECT
RS62057151	RS77310586	EUR	0.962882	PLINK2_1KG_DIRECT
RS62057151	RS17761387	EUR	0.962882	PLINK2_1KG_DIRECT
RS62057151	RS62055716	EUR	0.962882	PLINK2_1KG_DIRECT
RS62057151	RS17688205	EUR	0.947022	PLINK2_1KG_DIRECT
RS62057151	RS62055717	EUR	0.957635	PLINK2_1KG_DIRECT
RS62057151	RS62055718	EUR	0.957635	PLINK2_1KG_DIRECT
RS62057151	RS17688249	EUR	0.962882	PLINK2_1KG_DIRECT
RS62057151	RS2040844	EUR	0.962882	PLINK2_1KG_DIRECT
RS62057151	RS62055751	EUR	0.962882	PLINK2_1KG_DIRECT
RS62057151	RS62055752	EUR	0.962882	PLINK2_1KG_DIRECT
RS62057151	RS62055753	EUR	0.962882	PLINK2_1KG_DIRECT
RS62057151	RS17688296	EUR	0.962882	PLINK2_1KG_DIRECT
RS62057151	RS62055754	EUR	0.962882	PLINK2_1KG_DIRECT
RS62057151	RS78471340	EUR	0.962882	PLINK2_1KG_DIRECT
RS62057151	RS78052495	EUR	0.962882	PLINK2_1KG_DIRECT
RS62057151	RS56100013	EUR	0.962882	PLINK2_1KG_DIRECT
RS62057151	RS55980621	EUR	0.962882	PLINK2_1KG_DIRECT
RS62057151	RS55669046	EUR	0.962882	PLINK2_1KG_DIRECT
RS62057151	RS56323832	EUR	0.962882	PLINK2_1KG_DIRECT
RS62057151	RS55972157	EUR	0.962882	PLINK2_1KG_DIRECT
RS62057151	RS56110538	EUR	0.962882	PLINK2_1KG_DIRECT
RS62057151	RS17761581	EUR	0.962882	PLINK2_1KG_DIRECT
RS62057151	RS55840731	EUR	0.962882	PLINK2_1KG_DIRECT
RS62057151	RS56283089	EUR	0.962882	PLINK2_1KG_DIRECT
RS62057151	RS56312737	EUR	0.962882	PLINK2_1KG_DIRECT
RS62057151	RS74765707	EUR	0.962882	PLINK2_1KG_DIRECT
RS62057151	RS62056861	EUR	0.962882	PLINK2_1KG_DIRECT
RS62057151	RS62056862	EUR	0.962882	PLINK2_1KG_DIRECT
RS62057151	RS62056863	EUR	0.962882	PLINK2_1KG_DIRECT
RS62057151	RS62056864	EUR	0.962882	PLINK2_1KG_DIRECT
RS62057151	RS62056865	EUR	0.962882	PLINK2_1KG_DIRECT
RS62057151	RS62056866	EUR	0.962882	PLINK2_1KG_DIRECT
RS62057151	RS62056867	EUR	0.962882	PLINK2_1KG_DIRECT
RS62057151	RS56200760	EUR	0.962882	PLINK2_1KG_DIRECT
RS62057151	RS17688391	EUR	0.962882	PLINK2_1KG_DIRECT
RS62057151	RS17688410	EUR	0.962882	PLINK2_1KG_DIRECT
RS62057151	RS55927630	EUR	0.962882	PLINK2_1KG_DIRECT
RS62057151	RS17688434	EUR	0.962882	PLINK2_1KG_DIRECT
RS62057151	RS17688452	EUR	0.962882	PLINK2_1KG_DIRECT
RS62057151	RS10491144	EUR	0.962882	PLINK2_1KG_DIRECT
RS62057151	RS10491143	EUR	0.962882	PLINK2_1KG_DIRECT
RS62057151	RS62056869	EUR	0.962882	PLINK2_1KG_DIRECT
RS62057151	RS17688511	EUR	0.957553	PLINK2_1KG_DIRECT
RS62057151	RS62056870	EUR	0.962882	PLINK2_1KG_DIRECT
RS62057151	RS17688534	EUR	0.962882	PLINK2_1KG_DIRECT
RS62057151	RS17688558	EUR	0.962882	PLINK2_1KG_DIRECT
RS62057151	RS56162163	EUR	0.962882	PLINK2_1KG_DIRECT
RS62057151	RS56391096	EUR	0.962882	PLINK2_1KG_DIRECT
RS62057151	RS17761838	EUR	0.962882	PLINK2_1KG_DIRECT
RS62057151	RS62056872	EUR	0.962882	PLINK2_1KG_DIRECT
RS62057151	RS12150141	EUR	0.962882	PLINK2_1KG_DIRECT
RS62057151	RS12150608	EUR	0.962882	PLINK2_1KG_DIRECT
RS62057151	RS12150610	EUR	0.962882	PLINK2_1KG_DIRECT
RS62057151	RS12150547	EUR	0.962882	PLINK2_1KG_DIRECT
RS62057151	RS17688682	EUR	0.962882	PLINK2_1KG_DIRECT
RS62057151	RS12150454	EUR	0.962882	PLINK2_1KG_DIRECT
RS62057151	RS12150091	EUR	0.962882	PLINK2_1KG_DIRECT
RS62057151	RS12150464	EUR	0.962882	PLINK2_1KG_DIRECT
RS62057151	RS12150435	EUR	0.962882	PLINK2_1KG_DIRECT
RS62057151	RS76761706	EUR	0.962882	PLINK2_1KG_DIRECT
RS62057151	RS80143279	EUR	0.962882	PLINK2_1KG_DIRECT
RS62057151	RS17761985	EUR	0.962882	PLINK2_1KG_DIRECT
RS62057151	RS62056873	EUR	0.962882	PLINK2_1KG_DIRECT
RS62057151	RS17688767	EUR	0.962882	PLINK2_1KG_DIRECT
RS62057151	RS62056874	EUR	0.962882	PLINK2_1KG_DIRECT
RS62057151	RS17688773	EUR	0.962882	PLINK2_1KG_DIRECT
RS62057151	RS62056875	EUR	0.962882	PLINK2_1KG_DIRECT
RS62057151	RS17688875	EUR	0.962882	PLINK2_1KG_DIRECT
RS62057151	RS17762165	EUR	0.962882	PLINK2_1KG_DIRECT
RS62057151	RS17688916	EUR	0.864907	PLINK2_1KG_DIRECT
RS62057151	RS62056876	EUR	0.957553	PLINK2_1KG_DIRECT
RS62057151	RS62056877	EUR	0.957553	PLINK2_1KG_DIRECT
RS62057151	RS17688922	EUR	0.962882	PLINK2_1KG_DIRECT
RS62057151	RS17688944	EUR	0.962882	PLINK2_1KG_DIRECT
RS62057151	RS1526128	EUR	0.936783	PLINK2_1KG_DIRECT
RS62057151	RS1526129	EUR	0.962882	PLINK2_1KG_DIRECT
RS62057151	RS62056878	EUR	0.962882	PLINK2_1KG_DIRECT
RS62057151	RS17762308	EUR	0.962882	PLINK2_1KG_DIRECT
RS62057151	RS968028	EUR	0.962882	PLINK2_1KG_DIRECT
RS62057151	RS968027	EUR	0.962882	PLINK2_1KG_DIRECT
RS62057151	RS62056879	EUR	0.962882	PLINK2_1KG_DIRECT
RS62057151	RS79892630	EUR	0.962882	PLINK2_1KG_DIRECT
RS62057151	RS17762361	EUR	0.962882	PLINK2_1KG_DIRECT
RS62057151	RS62056880	EUR	0.962882	PLINK2_1KG_DIRECT
RS62057151	RS62056881	EUR	0.962882	PLINK2_1KG_DIRECT
RS62057151	RS17689104	EUR	0.962882	PLINK2_1KG_DIRECT
RS62057151	RS17689116	EUR	0.962882	PLINK2_1KG_DIRECT
RS62057151	RS62056905	EUR	0.952268	PLINK2_1KG_DIRECT
RS62057151	RS62056906	EUR	0.962882	PLINK2_1KG_DIRECT
RS62057151	RS62056909	EUR	0.947182	PLINK2_1KG_DIRECT
RS62057151	RS62056910	EUR	0.962882	PLINK2_1KG_DIRECT
RS62057151	RS62056911	EUR	0.962882	PLINK2_1KG_DIRECT
RS62057151	RS78568882	EUR	0.962882	PLINK2_1KG_DIRECT
RS62057151	RS62056912	EUR	0.962882	PLINK2_1KG_DIRECT
RS62057151	RS62056913	EUR	0.962882	PLINK2_1KG_DIRECT
RS62057151	RS61667602	EUR	0.957553	PLINK2_1KG_DIRECT
RS62057151	RS62056915	EUR	0.962882	PLINK2_1KG_DIRECT
RS62057151	RS17689218	EUR	0.962882	PLINK2_1KG_DIRECT
RS62057151	RS62056916	EUR	0.962882	PLINK2_1KG_DIRECT
RS62057151	RS62056917	EUR	0.962882	PLINK2_1KG_DIRECT
RS62057151	RS62056918	EUR	0.962882	PLINK2_1KG_DIRECT
RS62057151	RS62056919	EUR	0.962882	PLINK2_1KG_DIRECT
RS62057151	RS17762535	EUR	0.962882	PLINK2_1KG_DIRECT
RS62057151	RS62056920	EUR	0.962882	PLINK2_1KG_DIRECT
RS62057151	RS62056921	EUR	0.962882	PLINK2_1KG_DIRECT
RS62057151	RS62056922	EUR	0.947022	PLINK2_1KG_DIRECT
RS62057151	RS56290582	EUR	0.962882	PLINK2_1KG_DIRECT
RS62057151	RS56397077	EUR	0.962882	PLINK2_1KG_DIRECT
RS62057151	RS62056925	EUR	0.962882	PLINK2_1KG_DIRECT
RS62057151	RS62056926	EUR	0.962882	PLINK2_1KG_DIRECT
RS62057151	RS62056927	EUR	0.962882	PLINK2_1KG_DIRECT
RS62057151	RS62056928	EUR	0.962882	PLINK2_1KG_DIRECT
RS62057151	RS62056929	EUR	0.962882	PLINK2_1KG_DIRECT
RS62057151	RS62056930	EUR	0.957553	PLINK2_1KG_DIRECT
RS62057151	RS62056931	EUR	0.947182	PLINK2_1KG_DIRECT
RS62057151	RS62056932	EUR	0.957635	PLINK2_1KG_DIRECT
RS62057151	RS62056933	EUR	0.957635	PLINK2_1KG_DIRECT
RS62057151	RS62056934	EUR	0.957635	PLINK2_1KG_DIRECT
RS62057151	RS79322350	EUR	0.962882	PLINK2_1KG_DIRECT
RS62057151	RS62056935	EUR	0.962882	PLINK2_1KG_DIRECT
RS62057151	RS75076131	EUR	0.962882	PLINK2_1KG_DIRECT
RS62057151	RS62056936	EUR	0.962882	PLINK2_1KG_DIRECT
RS62057151	RS62056937	EUR	0.962882	PLINK2_1KG_DIRECT
RS62057151	RS62056939	EUR	0.962882	PLINK2_1KG_DIRECT
RS62057151	RS62056940	EUR	0.962882	PLINK2_1KG_DIRECT
RS62057151	RS77387379	EUR	0.962882	PLINK2_1KG_DIRECT
RS62057151	RS75990322	EUR	0.962882	PLINK2_1KG_DIRECT
RS62057151	RS113661667	EUR	0.962882	PLINK2_1KG_DIRECT
RS62057151	RS74579538	EUR	0.962882	PLINK2_1KG_DIRECT
RS62057151	RS55973918	EUR	0.962882	PLINK2_1KG_DIRECT
RS62057151	RS56220242	EUR	0.962882	PLINK2_1KG_DIRECT
RS62057151	RS56160448	EUR	0.962882	PLINK2_1KG_DIRECT
RS62057151	RS56167560	EUR	0.962882	PLINK2_1KG_DIRECT
RS62057151	RS55849973	EUR	0.962882	PLINK2_1KG_DIRECT
RS62057151	RS1880749	EUR	0.962882	PLINK2_1KG_DIRECT
RS62057151	RS1568951	EUR	0.962882	PLINK2_1KG_DIRECT
RS62057151	RS1568950	EUR	0.962882	PLINK2_1KG_DIRECT
RS62057151	RS1568949	EUR	0.957553	PLINK2_1KG_DIRECT
RS62057151	RS1105571	EUR	0.962882	PLINK2_1KG_DIRECT
RS62057151	RS1105570	EUR	0.962882	PLINK2_1KG_DIRECT
RS62057151	RS1105569	EUR	0.962882	PLINK2_1KG_DIRECT
RS62057151	RS7502718	EUR	0.962882	PLINK2_1KG_DIRECT
RS62057151	RS7502937	EUR	0.962882	PLINK2_1KG_DIRECT
RS62057151	RS4479288	EUR	0.957553	PLINK2_1KG_DIRECT
RS62057151	RS4479289	EUR	0.962882	PLINK2_1KG_DIRECT
RS62057151	RS4609898	EUR	0.962882	PLINK2_1KG_DIRECT
RS62057151	RS4605208	EUR	0.962882	PLINK2_1KG_DIRECT
RS62057151	RS75310534	EUR	0.962882	PLINK2_1KG_DIRECT
RS62057151	RS76007856	EUR	0.962882	PLINK2_1KG_DIRECT
RS62057151	RS111415173	EUR	0.962882	PLINK2_1KG_DIRECT
RS62057151	RS113991678	EUR	0.957635	PLINK2_1KG_DIRECT
RS62057151	RS112995313	EUR	0.962882	PLINK2_1KG_DIRECT
RS62057151	RS1880750	EUR	0.952306	PLINK2_1KG_DIRECT
RS62057151	RS56167344	EUR	0.962882	PLINK2_1KG_DIRECT
RS62057151	RS56046792	EUR	0.962882	PLINK2_1KG_DIRECT
RS62057151	RS56323722	EUR	0.962882	PLINK2_1KG_DIRECT
RS62057151	RS55989971	EUR	0.962882	PLINK2_1KG_DIRECT
RS62057151	RS62056946	EUR	0.962882	PLINK2_1KG_DIRECT
RS62057151	RS75403953	EUR	0.962882	PLINK2_1KG_DIRECT
RS62057151	RS55838058	EUR	0.962882	PLINK2_1KG_DIRECT
RS62057151	RS56062621	EUR	0.962882	PLINK2_1KG_DIRECT
RS62057151	RS55962674	EUR	0.962882	PLINK2_1KG_DIRECT
RS62057151	RS55896111	EUR	0.962882	PLINK2_1KG_DIRECT
RS62057151	RS55787734	EUR	0.962882	PLINK2_1KG_DIRECT
RS62057151	RS55653963	EUR	0.962882	PLINK2_1KG_DIRECT
RS62057151	RS62054378	EUR	0.962882	PLINK2_1KG_DIRECT
RS62057151	RS77819001	EUR	0.962882	PLINK2_1KG_DIRECT
RS62057151	RS76667867	EUR	0.962882	PLINK2_1KG_DIRECT
RS62057151	RS17563433	EUR	0.962882	PLINK2_1KG_DIRECT
RS62057151	RS77370070	EUR	0.962882	PLINK2_1KG_DIRECT
RS62057151	RS62054380	EUR	0.962882	PLINK2_1KG_DIRECT
RS62057151	RS112570965	EUR	0.962882	PLINK2_1KG_DIRECT
RS62057151	RS62054381	EUR	0.957553	PLINK2_1KG_DIRECT
RS62057151	RS17649019	EUR	0.962882	PLINK2_1KG_DIRECT
RS62057151	RS17563501	EUR	0.962882	PLINK2_1KG_DIRECT
RS62057151	RS62054382	EUR	0.962882	PLINK2_1KG_DIRECT
RS62057151	RS62054383	EUR	0.962882	PLINK2_1KG_DIRECT
RS62057151	RS10514879	EUR	0.962882	PLINK2_1KG_DIRECT
RS62057151	RS56280222	EUR	0.962882	PLINK2_1KG_DIRECT
RS62057151	RS62054384	EUR	0.962882	PLINK2_1KG_DIRECT
RS62057151	RS9897399	EUR	0.957553	PLINK2_1KG_DIRECT
RS62057151	RS56205560	EUR	0.962882	PLINK2_1KG_DIRECT
RS62057151	RS56380663	EUR	0.962882	PLINK2_1KG_DIRECT
RS62057151	RS62054387	EUR	0.962882	PLINK2_1KG_DIRECT
RS62057151	RS62054388	EUR	0.962882	PLINK2_1KG_DIRECT
RS62057151	RS4401083	EUR	0.962882	PLINK2_1KG_DIRECT
RS62057151	RS1880752	EUR	0.962882	PLINK2_1KG_DIRECT
RS62057151	RS4617909	EUR	0.962882	PLINK2_1KG_DIRECT
RS62057151	RS2902662	EUR	0.962882	PLINK2_1KG_DIRECT
RS62057151	RS2864087	EUR	0.962882	PLINK2_1KG_DIRECT
RS62057151	RS2902661	EUR	0.962882	PLINK2_1KG_DIRECT
RS62057151	RS4609899	EUR	0.962882	PLINK2_1KG_DIRECT
RS62057151	RS4471726	EUR	0.962882	PLINK2_1KG_DIRECT
RS62057151	RS79226879	EUR	0.962882	PLINK2_1KG_DIRECT
RS62057151	RS17563599	EUR	0.962882	PLINK2_1KG_DIRECT
RS62057151	RS17649138	EUR	0.962882	PLINK2_1KG_DIRECT
RS62057151	RS62054389	EUR	0.962882	PLINK2_1KG_DIRECT
RS62057151	RS62054390	EUR	0.952306	PLINK2_1KG_DIRECT
RS62057151	RS55947210	EUR	0.962882	PLINK2_1KG_DIRECT
RS62057151	RS62054392	EUR	0.962882	PLINK2_1KG_DIRECT
RS62057151	RS4390635	EUR	0.962882	PLINK2_1KG_DIRECT
RS62057151	RS62054393	EUR	0.962882	PLINK2_1KG_DIRECT
RS62057151	RS75986348	EUR	0.962882	PLINK2_1KG_DIRECT
RS62057151	RS17649162	EUR	0.962882	PLINK2_1KG_DIRECT
RS62057151	RS62054394	EUR	0.962882	PLINK2_1KG_DIRECT
RS62057151	RS113790915	EUR	0.962882	PLINK2_1KG_DIRECT
RS62057151	RS77807457	EUR	0.952306	PLINK2_1KG_DIRECT
RS62057151	RS75022332	EUR	0.962882	PLINK2_1KG_DIRECT
RS62057151	RS77804065	EUR	0.90659	PLINK2_1KG_DIRECT
RS62057151	RS77301847	EUR	0.962882	PLINK2_1KG_DIRECT
RS62057151	RS62054395	EUR	0.962882	PLINK2_1KG_DIRECT
RS62057151	RS17563683	EUR	0.962882	PLINK2_1KG_DIRECT
RS62057151	RS62054396	EUR	0.962882	PLINK2_1KG_DIRECT
RS62057151	RS17563718	EUR	0.962882	PLINK2_1KG_DIRECT
RS62057151	RS62054397	EUR	0.962882	PLINK2_1KG_DIRECT
RS62057151	RS4569335	EUR	0.962882	PLINK2_1KG_DIRECT
RS62057151	RS1526125	EUR	0.962882	PLINK2_1KG_DIRECT
RS62057151	RS1526126	EUR	0.962882	PLINK2_1KG_DIRECT
RS62057151	RS1526127	EUR	0.947022	PLINK2_1KG_DIRECT
RS62057151	RS62054398	EUR	0.962882	PLINK2_1KG_DIRECT
RS62057151	RS62054399	EUR	0.962882	PLINK2_1KG_DIRECT
RS62057151	RS62054400	EUR	0.962882	PLINK2_1KG_DIRECT
RS62057151	RS62054411	EUR	0.962882	PLINK2_1KG_DIRECT
RS62057151	RS62054412	EUR	0.962882	PLINK2_1KG_DIRECT
RS62057151	RS17563787	EUR	0.962882	PLINK2_1KG_DIRECT
RS62057151	RS62054413	EUR	0.962882	PLINK2_1KG_DIRECT
RS62057151	RS62054414	EUR	0.962882	PLINK2_1KG_DIRECT
RS62057151	RS10451283	EUR	0.957553	PLINK2_1KG_DIRECT
RS62057151	RS76421814	EUR	0.962882	PLINK2_1KG_DIRECT
RS62057151	RS56006248	EUR	0.962882	PLINK2_1KG_DIRECT
RS62057151	RS56298110	EUR	0.962882	PLINK2_1KG_DIRECT
RS62057151	RS1608955	EUR	0.962882	PLINK2_1KG_DIRECT
RS62057151	RS1608956	EUR	0.962882	PLINK2_1KG_DIRECT
RS62057151	RS62054417	EUR	0.962882	PLINK2_1KG_DIRECT
RS62057151	RS78440279	EUR	0.957553	PLINK2_1KG_DIRECT
RS62057151	RS75500942	EUR	0.962882	PLINK2_1KG_DIRECT
RS62057151	RS62054418	EUR	0.962882	PLINK2_1KG_DIRECT
RS62057151	RS62054419	EUR	0.962882	PLINK2_1KG_DIRECT
RS62057151	RS62054420	EUR	0.957553	PLINK2_1KG_DIRECT
RS62057151	RS62054421	EUR	0.957553	PLINK2_1KG_DIRECT
RS62057151	RS17563800	EUR	0.962882	PLINK2_1KG_DIRECT
RS62057151	RS56295996	EUR	0.962882	PLINK2_1KG_DIRECT
RS62057151	RS56384960	EUR	0.962882	PLINK2_1KG_DIRECT
RS62057151	RS56178230	EUR	0.962882	PLINK2_1KG_DIRECT
RS62057151	RS80157557	EUR	0.962882	PLINK2_1KG_DIRECT
RS62057151	RS76728632	EUR	0.962882	PLINK2_1KG_DIRECT
RS62057151	RS17563827	EUR	0.962882	PLINK2_1KG_DIRECT
RS62057151	RS80072429	EUR	0.962882	PLINK2_1KG_DIRECT
RS62057151	RS77114624	EUR	0.962882	PLINK2_1KG_DIRECT
RS62057151	RS76311426	EUR	0.962882	PLINK2_1KG_DIRECT
RS62057151	RS17563861	EUR	0.962882	PLINK2_1KG_DIRECT
RS62057151	RS17563889	EUR	0.962882	PLINK2_1KG_DIRECT
RS62057151	RS62054424	EUR	0.962882	PLINK2_1KG_DIRECT
RS62057151	RS17563923	EUR	0.962882	PLINK2_1KG_DIRECT
RS62057151	RS62054425	EUR	0.962882	PLINK2_1KG_DIRECT
RS62057151	RS62054426	EUR	0.952306	PLINK2_1KG_DIRECT
RS62057151	RS62054427	EUR	0.962882	PLINK2_1KG_DIRECT
RS62057151	RS74464991	EUR	0.962882	PLINK2_1KG_DIRECT
RS62057151	RS2004260	EUR	0.962882	PLINK2_1KG_DIRECT
RS62057151	RS62054428	EUR	0.962882	PLINK2_1KG_DIRECT
RS62057151	RS62054429	EUR	0.962882	PLINK2_1KG_DIRECT
RS62057151	RS76171147	EUR	0.962882	PLINK2_1KG_DIRECT
RS62057151	RS75643244	EUR	0.962882	PLINK2_1KG_DIRECT
RS62057151	RS62054431	EUR	0.962882	PLINK2_1KG_DIRECT
RS62057151	RS62054432	EUR	0.962882	PLINK2_1KG_DIRECT
RS62057151	RS111497072	EUR	0.962882	PLINK2_1KG_DIRECT
RS62057151	RS62054433	EUR	0.962882	PLINK2_1KG_DIRECT
RS62057151	RS62054434	EUR	0.962882	PLINK2_1KG_DIRECT
RS62057151	RS12150683	EUR	0.962882	PLINK2_1KG_DIRECT
RS62057151	RS12150332	EUR	0.962882	PLINK2_1KG_DIRECT
RS62057151	RS62054435	EUR	0.962882	PLINK2_1KG_DIRECT
RS62057151	RS75715199	EUR	0.962882	PLINK2_1KG_DIRECT
RS62057151	RS62054436	EUR	0.962882	PLINK2_1KG_DIRECT
RS62057151	RS62054437	EUR	0.957553	PLINK2_1KG_DIRECT
RS62057151	RS62054438	EUR	0.962882	PLINK2_1KG_DIRECT
RS62057151	RS62054439	EUR	0.962882	PLINK2_1KG_DIRECT
RS62057151	RS17334797	EUR	0.962882	PLINK2_1KG_DIRECT
RS62057151	RS12150658	EUR	0.962882	PLINK2_1KG_DIRECT
RS62057151	RS12150363	EUR	0.962882	PLINK2_1KG_DIRECT
RS62057151	RS12150672	EUR	0.962882	PLINK2_1KG_DIRECT
RS62057151	RS17334894	EUR	0.962882	PLINK2_1KG_DIRECT
RS62057151	RS17334923	EUR	0.962882	PLINK2_1KG_DIRECT
RS62057151	RS62054440	EUR	0.962882	PLINK2_1KG_DIRECT
RS62057151	RS12150451	EUR	0.962882	PLINK2_1KG_DIRECT
RS62057151	RS12150048	EUR	0.957635	PLINK2_1KG_DIRECT
RS62057151	RS12150455	EUR	0.962882	PLINK2_1KG_DIRECT
RS62057151	RS12150604	EUR	0.962882	PLINK2_1KG_DIRECT
RS62057151	RS17334944	EUR	0.957553	PLINK2_1KG_DIRECT
RS62057151	RS17426064	EUR	0.962882	PLINK2_1KG_DIRECT
RS62057151	RS17426106	EUR	0.962882	PLINK2_1KG_DIRECT
RS62057151	RS62054442	EUR	0.957553	PLINK2_1KG_DIRECT
RS62057151	RS35879086	EUR	0.962882	PLINK2_1KG_DIRECT
RS62057151	RS62055868	EUR	0.962882	PLINK2_1KG_DIRECT
RS62057151	RS62055869	EUR	0.962882	PLINK2_1KG_DIRECT
RS62057151	RS17426174	EUR	0.962882	PLINK2_1KG_DIRECT
RS62057151	RS62055871	EUR	0.962882	PLINK2_1KG_DIRECT
RS62057151	RS55645418	EUR	0.962882	PLINK2_1KG_DIRECT
RS62057151	RS35631660	EUR	0.962882	PLINK2_1KG_DIRECT
RS62057151	RS17426195	EUR	0.962882	PLINK2_1KG_DIRECT
RS62057151	RS35282504	EUR	0.962882	PLINK2_1KG_DIRECT
RS62057151	RS62055875	EUR	0.962882	PLINK2_1KG_DIRECT
RS62057151	RS62055876	EUR	0.957553	PLINK2_1KG_DIRECT
RS62057151	RS36047693	EUR	0.962882	PLINK2_1KG_DIRECT
RS62057151	RS34195569	EUR	0.962882	PLINK2_1KG_DIRECT
RS62057151	RS34579278	EUR	0.962882	PLINK2_1KG_DIRECT
RS62057151	RS34211253	EUR	0.962882	PLINK2_1KG_DIRECT
RS62057151	RS34008514	EUR	0.962882	PLINK2_1KG_DIRECT
RS62057151	RS12943085	EUR	0.962882	PLINK2_1KG_DIRECT
RS62057151	RS7350923	EUR	0.962882	PLINK2_1KG_DIRECT
RS62057151	RS11079717	EUR	0.962882	PLINK2_1KG_DIRECT
RS62057151	RS62055878	EUR	0.962882	PLINK2_1KG_DIRECT
RS62057151	RS76669427	EUR	0.962882	PLINK2_1KG_DIRECT
RS62057151	RS74514268	EUR	0.962882	PLINK2_1KG_DIRECT
RS62057151	RS12948216	EUR	0.962882	PLINK2_1KG_DIRECT
RS62057151	RS56013908	EUR	0.962882	PLINK2_1KG_DIRECT
RS62057151	RS56214516	EUR	0.758425	PLINK2_1KG_DIRECT
RS62057151	RS56168907	EUR	0.962882	PLINK2_1KG_DIRECT
RS62057151	RS55747440	EUR	0.962882	PLINK2_1KG_DIRECT
RS62057151	RS55801356	EUR	0.962882	PLINK2_1KG_DIRECT
RS62057151	RS62055883	EUR	0.962882	PLINK2_1KG_DIRECT
RS62057151	RS62055884	EUR	0.962882	PLINK2_1KG_DIRECT
RS62057151	RS79882507	EUR	0.962882	PLINK2_1KG_DIRECT
RS62057151	RS62055885	EUR	0.962882	PLINK2_1KG_DIRECT
RS62057151	RS28439278	EUR	0.962882	PLINK2_1KG_DIRECT
RS62057151	RS12150621	EUR	0.962882	PLINK2_1KG_DIRECT
RS62057151	RS62055886	EUR	0.962882	PLINK2_1KG_DIRECT
RS62057151	RS62055887	EUR	0.962882	PLINK2_1KG_DIRECT
RS62057151	RS62055888	EUR	0.947182	PLINK2_1KG_DIRECT
RS62057151	RS62055889	EUR	0.962882	PLINK2_1KG_DIRECT
RS62057151	RS71375313	EUR	0.962882	PLINK2_1KG_DIRECT
RS62057151	RS11079718	EUR	0.941827	PLINK2_1KG_DIRECT
RS62057151	RS11079719	EUR	0.941827	PLINK2_1KG_DIRECT
RS62057151	RS11079720	EUR	0.957635	PLINK2_1KG_DIRECT
RS62057151	RS11079721	EUR	0.962882	PLINK2_1KG_DIRECT
RS62057151	RS62055890	EUR	0.962882	PLINK2_1KG_DIRECT
RS62057151	RS77849344	EUR	0.962882	PLINK2_1KG_DIRECT
RS62057151	RS74918686	EUR	0.962882	PLINK2_1KG_DIRECT
RS62057151	RS79545140	EUR	0.962882	PLINK2_1KG_DIRECT
RS62057151	RS56369036	EUR	0.962882	PLINK2_1KG_DIRECT
RS62057151	RS11079723	EUR	0.957553	PLINK2_1KG_DIRECT
RS62057151	RS11079724	EUR	0.962882	PLINK2_1KG_DIRECT
RS62057151	RS55707339	EUR	0.957553	PLINK2_1KG_DIRECT
RS62057151	RS62055893	EUR	0.962882	PLINK2_1KG_DIRECT
RS62057151	RS75257002	EUR	0.957553	PLINK2_1KG_DIRECT
RS62057151	RS62055894	EUR	0.962882	PLINK2_1KG_DIRECT
RS62057151	RS62055895	EUR	0.962882	PLINK2_1KG_DIRECT
RS62057151	RS62055896	EUR	0.962882	PLINK2_1KG_DIRECT
RS62057151	RS55725840	EUR	0.962882	PLINK2_1KG_DIRECT
RS62057151	RS56194509	EUR	0.962882	PLINK2_1KG_DIRECT
RS62057151	RS55657917	EUR	0.962882	PLINK2_1KG_DIRECT
RS62057151	RS56082319	EUR	0.957553	PLINK2_1KG_DIRECT
RS62057151	RS56109643	EUR	0.962882	PLINK2_1KG_DIRECT
RS62057151	RS62055899	EUR	0.962882	PLINK2_1KG_DIRECT
RS62057151	RS62055900	EUR	0.962882	PLINK2_1KG_DIRECT
RS62057151	RS62055901	EUR	0.962882	PLINK2_1KG_DIRECT
RS62057151	RS62055903	EUR	0.962882	PLINK2_1KG_DIRECT
RS62057151	RS111374028	EUR	0.962882	PLINK2_1KG_DIRECT
RS62057151	RS113934115	EUR	0.962882	PLINK2_1KG_DIRECT
RS62057151	RS62055928	EUR	0.962882	PLINK2_1KG_DIRECT
RS62057151	RS56268325	EUR	0.962882	PLINK2_1KG_DIRECT
RS62057151	RS56070245	EUR	0.962882	PLINK2_1KG_DIRECT
RS62057151	RS56387266	EUR	0.962882	PLINK2_1KG_DIRECT
RS62057151	RS34303488	EUR	0.962882	PLINK2_1KG_DIRECT
RS62057151	RS62055932	EUR	0.962882	PLINK2_1KG_DIRECT
RS62057151	RS62055933	EUR	0.962882	PLINK2_1KG_DIRECT
RS62057151	RS62055935	EUR	0.962882	PLINK2_1KG_DIRECT
RS62057151	RS62055936	EUR	0.957553	PLINK2_1KG_DIRECT
RS62057151	RS62055937	EUR	0.962882	PLINK2_1KG_DIRECT
RS62057151	RS76294809	EUR	0.962882	PLINK2_1KG_DIRECT
RS62057151	RS75916678	EUR	0.962882	PLINK2_1KG_DIRECT
RS62057151	RS79730878	EUR	0.92124	PLINK2_1KG_DIRECT
RS62057151	RS62055938	EUR	0.962882	PLINK2_1KG_DIRECT
RS62057151	RS62055939	EUR	0.962882	PLINK2_1KG_DIRECT
RS62057151	RS62055940	EUR	0.962882	PLINK2_1KG_DIRECT
RS62057151	RS76885724	EUR	0.962882	PLINK2_1KG_DIRECT
RS62057151	RS60814418	EUR	0.941827	PLINK2_1KG_DIRECT
RS62057151	RS62055942	EUR	0.962882	PLINK2_1KG_DIRECT
RS62057151	RS62055943	EUR	0.962882	PLINK2_1KG_DIRECT
RS62057151	RS62055945	EUR	0.962882	PLINK2_1KG_DIRECT
RS62057151	RS62055946	EUR	0.962882	PLINK2_1KG_DIRECT
RS62057151	RS62055947	EUR	0.962882	PLINK2_1KG_DIRECT
RS62057151	RS62055948	EUR	0.962882	PLINK2_1KG_DIRECT
RS62057151	RS113871181	EUR	0.962882	PLINK2_1KG_DIRECT
RS62057151	RS111370985	EUR	0.962882	PLINK2_1KG_DIRECT
RS62057151	RS55787105	EUR	0.962882	PLINK2_1KG_DIRECT
RS62057151	RS62055950	EUR	0.962882	PLINK2_1KG_DIRECT
RS62057151	RS56043078	EUR	0.962882	PLINK2_1KG_DIRECT
RS62057151	RS77965652	EUR	0.962882	PLINK2_1KG_DIRECT
RS62057151	RS55849949	EUR	0.962882	PLINK2_1KG_DIRECT
RS62057151	RS56303031	EUR	0.962882	PLINK2_1KG_DIRECT
RS62057151	RS55991914	EUR	0.962882	PLINK2_1KG_DIRECT
RS62057151	RS62055955	EUR	0.957553	PLINK2_1KG_DIRECT
RS62057151	RS62055956	EUR	0.957553	PLINK2_1KG_DIRECT
RS62057151	RS62055957	EUR	0.957553	PLINK2_1KG_DIRECT
RS62057151	RS34186148	EUR	0.491194	PLINK2_1KG_DIRECT
RS62057151	RS4074462	EUR	0.957553	PLINK2_1KG_DIRECT
RS62057151	RS35076622	EUR	0.493351	PLINK2_1KG_DIRECT
RS62057151	RS62057061	EUR	0.962882	PLINK2_1KG_DIRECT
RS62057151	RS62057062	EUR	0.962882	PLINK2_1KG_DIRECT
RS62057151	RS62057063	EUR	0.962882	PLINK2_1KG_DIRECT
RS62057151	RS62057064	EUR	0.962882	PLINK2_1KG_DIRECT
RS62057151	RS76830096	EUR	0.962882	PLINK2_1KG_DIRECT
RS62057151	RS62057065	EUR	0.962882	PLINK2_1KG_DIRECT
RS62057151	RS62057067	EUR	0.962882	PLINK2_1KG_DIRECT
RS62057151	RS78917495	EUR	0.962882	PLINK2_1KG_DIRECT
RS62057151	RS62057068	EUR	0.962882	PLINK2_1KG_DIRECT
RS62057151	RS62057069	EUR	0.962882	PLINK2_1KG_DIRECT
RS62057151	RS62057070	EUR	0.962882	PLINK2_1KG_DIRECT
RS62057151	RS62057071	EUR	0.962882	PLINK2_1KG_DIRECT
RS62057151	RS62057073	EUR	0.962882	PLINK2_1KG_DIRECT
RS62057151	RS56319902	EUR	0.962882	PLINK2_1KG_DIRECT
RS62057151	RS55943044	EUR	0.962882	PLINK2_1KG_DIRECT
RS62057151	RS80184151	EUR	0.962882	PLINK2_1KG_DIRECT
RS62057151	RS17689378	EUR	0.952306	PLINK2_1KG_DIRECT
RS62057151	RS62057101	EUR	0.962882	PLINK2_1KG_DIRECT
RS62057151	RS62057103	EUR	0.962882	PLINK2_1KG_DIRECT
RS62057151	RS55915917	EUR	0.880264	PLINK2_1KG_DIRECT
RS62057151	RS55668363	EUR	0.885587	PLINK2_1KG_DIRECT
RS62057151	RS17689471	EUR	0.962882	PLINK2_1KG_DIRECT
RS62057151	RS117365970	EUR	0.962882	PLINK2_1KG_DIRECT
RS62057151	RS117646503	EUR	0.962882	PLINK2_1KG_DIRECT
RS62057151	RS17762769	EUR	0.962882	PLINK2_1KG_DIRECT
RS62057151	RS8072451	EUR	0.962882	PLINK2_1KG_DIRECT
RS62057151	RS8073146	EUR	0.962882	PLINK2_1KG_DIRECT
RS62057151	RS28364025	EUR	0.962882	PLINK2_1KG_DIRECT
RS62057151	RS28364023	EUR	0.962882	PLINK2_1KG_DIRECT
RS62057151	RS55779147	EUR	0.962882	PLINK2_1KG_DIRECT
RS62057151	RS56357543	EUR	0.962882	PLINK2_1KG_DIRECT
RS62057151	RS56099546	EUR	0.962882	PLINK2_1KG_DIRECT
RS62057151	RS739645	EUR	0.962882	PLINK2_1KG_DIRECT
RS62057151	RS739644	EUR	0.962882	PLINK2_1KG_DIRECT
RS62057151	RS4564621	EUR	0.962882	PLINK2_1KG_DIRECT
RS62057151	RS2316763	EUR	0.962882	PLINK2_1KG_DIRECT
RS62057151	RS2316764	EUR	0.962882	PLINK2_1KG_DIRECT
RS62057151	RS4277389	EUR	0.962882	PLINK2_1KG_DIRECT
RS62057151	RS4566211	EUR	0.962882	PLINK2_1KG_DIRECT
RS62057151	RS4566212	EUR	0.962882	PLINK2_1KG_DIRECT
RS62057151	RS4309444	EUR	0.962882	PLINK2_1KG_DIRECT
RS62057151	RS62057107	EUR	0.962882	PLINK2_1KG_DIRECT
RS62057151	RS12150390	EUR	0.962882	PLINK2_1KG_DIRECT
RS62057151	RS17689608	EUR	0.962882	PLINK2_1KG_DIRECT
RS62057151	RS62057108	EUR	0.962882	PLINK2_1KG_DIRECT
RS62057151	RS62057109	EUR	0.962882	PLINK2_1KG_DIRECT
RS62057151	RS78074121	EUR	0.962882	PLINK2_1KG_DIRECT
RS62057151	RS62057110	EUR	0.962882	PLINK2_1KG_DIRECT
RS62057151	RS62057111	EUR	0.962882	PLINK2_1KG_DIRECT
RS62057151	RS62057112	EUR	0.962882	PLINK2_1KG_DIRECT
RS62057151	RS78587102	EUR	0.962882	PLINK2_1KG_DIRECT
RS62057151	RS62057113	EUR	0.962882	PLINK2_1KG_DIRECT
RS62057151	RS78506181	EUR	0.962882	PLINK2_1KG_DIRECT
RS62057151	RS79600142	EUR	0.962882	PLINK2_1KG_DIRECT
RS62057151	RS111739681	EUR	0.962882	PLINK2_1KG_DIRECT
RS62057151	RS17762882	EUR	0.962882	PLINK2_1KG_DIRECT
RS62057151	RS17689653	EUR	0.962882	PLINK2_1KG_DIRECT
RS62057151	RS17762912	EUR	0.962882	PLINK2_1KG_DIRECT
RS62057151	RS62057114	EUR	0.962882	PLINK2_1KG_DIRECT
RS62057151	RS62057115	EUR	0.962882	PLINK2_1KG_DIRECT
RS62057151	RS78917479	EUR	0.962882	PLINK2_1KG_DIRECT
RS62057151	RS62057116	EUR	0.962882	PLINK2_1KG_DIRECT
RS62057151	RS62057117	EUR	0.962882	PLINK2_1KG_DIRECT
RS62057151	RS62057118	EUR	0.962882	PLINK2_1KG_DIRECT
RS62057151	RS62057119	EUR	0.962882	PLINK2_1KG_DIRECT
RS62057151	RS17762954	EUR	0.962882	PLINK2_1KG_DIRECT
RS62057151	RS55638417	EUR	0.962882	PLINK2_1KG_DIRECT
RS62057151	RS79501144	EUR	0.962882	PLINK2_1KG_DIRECT
RS62057151	RS112137135	EUR	0.962882	PLINK2_1KG_DIRECT
RS62057151	RS62057122	EUR	0.962882	PLINK2_1KG_DIRECT
RS62057151	RS62057123	EUR	0.962882	PLINK2_1KG_DIRECT
RS62057151	RS62057143	EUR	0.962882	PLINK2_1KG_DIRECT
RS62057151	RS62057144	EUR	0.962882	PLINK2_1KG_DIRECT
RS62057151	RS4335809	EUR	0.962882	PLINK2_1KG_DIRECT
RS62057151	RS4341787	EUR	0.957553	PLINK2_1KG_DIRECT
RS62057151	RS4523962	EUR	0.962882	PLINK2_1KG_DIRECT
RS62057151	RS4327090	EUR	0.782238	PLINK2_1KG_DIRECT
RS62057151	RS3885074	EUR	0.962882	PLINK2_1KG_DIRECT
RS62057151	RS3885075	EUR	0.962882	PLINK2_1KG_DIRECT
RS62057151	RS41280116	EUR	0.962882	PLINK2_1KG_DIRECT
RS62057151	RS34283254	EUR	0.962882	PLINK2_1KG_DIRECT
RS62057151	RS1912151	EUR	0.962882	PLINK2_1KG_DIRECT
RS62057151	RS1396862	EUR	0.962882	PLINK2_1KG_DIRECT
RS62057151	RS41280118	EUR	0.962882	PLINK2_1KG_DIRECT
RS62057151	RS62057146	EUR	0.962882	PLINK2_1KG_DIRECT
RS62057151	RS62057147	EUR	0.962882	PLINK2_1KG_DIRECT
RS62057151	RS17763050	EUR	0.962882	PLINK2_1KG_DIRECT
RS62057151	RS62057148	EUR	0.952306	PLINK2_1KG_DIRECT
RS62057151	RS62057149	EUR	0.962882	PLINK2_1KG_DIRECT
RS62057151	RS62057150	EUR	0.962882	PLINK2_1KG_DIRECT
RS62057151	RS62057152	EUR	0.962882	PLINK2_1KG_DIRECT
RS62057151	RS17689824	EUR	0.962882	PLINK2_1KG_DIRECT
RS62057151	RS62057153	EUR	0.962882	PLINK2_1KG_DIRECT
RS62057151	RS62057154	EUR	0.962882	PLINK2_1KG_DIRECT
RS62057151	RS62057155	EUR	0.962882	PLINK2_1KG_DIRECT
RS62057151	RS62057156	EUR	0.962882	PLINK2_1KG_DIRECT
RS62057151	RS78872653	EUR	0.962882	PLINK2_1KG_DIRECT
RS62057151	RS62057157	EUR	0.962882	PLINK2_1KG_DIRECT
RS62057151	RS17763086	EUR	0.962882	PLINK2_1KG_DIRECT
RS62057151	RS17425752	EUR	0.957635	PLINK2_1KG_DIRECT
RS62057151	RS17689882	EUR	0.957635	PLINK2_1KG_DIRECT
RS62057151	RS62057158	EUR	0.962882	PLINK2_1KG_DIRECT
RS62057151	RS1876831	EUR	0.962882	PLINK2_1KG_DIRECT
RS62057151	RS16940665	EUR	0.962882	PLINK2_1KG_DIRECT
RS62057151	RS16940668	EUR	0.962882	PLINK2_1KG_DIRECT
RS62057151	RS16940671	EUR	0.962882	PLINK2_1KG_DIRECT
RS62057151	RS16940672	EUR	0.962882	PLINK2_1KG_DIRECT
RS62057151	RS55763795	EUR	0.962882	PLINK2_1KG_DIRECT
RS62057151	RS55865707	EUR	0.962882	PLINK2_1KG_DIRECT
RS62057151	RS62054760	EUR	0.947182	PLINK2_1KG_DIRECT
RS62057151	RS62054761	EUR	0.947182	PLINK2_1KG_DIRECT
RS62057151	RS62054762	EUR	0.947182	PLINK2_1KG_DIRECT
RS62057151	RS17689918	EUR	0.962882	PLINK2_1KG_DIRECT
RS62057151	RS17763199	EUR	0.957635	PLINK2_1KG_DIRECT
RS62057151	RS62054763	EUR	0.962882	PLINK2_1KG_DIRECT
RS62057151	RS16940674	EUR	0.962882	PLINK2_1KG_DIRECT
RS62057151	RS16940676	EUR	0.957635	PLINK2_1KG_DIRECT
RS62057151	RS1876830	EUR	0.962882	PLINK2_1KG_DIRECT
RS62057151	RS41457044	EUR	0.952306	PLINK2_1KG_DIRECT
RS62057151	RS1876829	EUR	0.962882	PLINK2_1KG_DIRECT
RS62057151	RS1876828	EUR	0.962882	PLINK2_1KG_DIRECT
RS62057151	RS1876827	EUR	0.962882	PLINK2_1KG_DIRECT
RS62057151	RS16940677	EUR	0.962882	PLINK2_1KG_DIRECT
RS62057151	RS16940681	EUR	0.962882	PLINK2_1KG_DIRECT
RS62057151	RS28364021	EUR	0.962882	PLINK2_1KG_DIRECT
RS62057151	RS2316765	EUR	0.962882	PLINK2_1KG_DIRECT
RS62057151	RS878886	EUR	0.962882	PLINK2_1KG_DIRECT
RS62057151	RS878887	EUR	0.962882	PLINK2_1KG_DIRECT
RS62057151	RS878888	EUR	0.962882	PLINK2_1KG_DIRECT
RS62057151	RS4525537	EUR	0.962882	PLINK2_1KG_DIRECT
RS62057151	RS4640231	EUR	0.962882	PLINK2_1KG_DIRECT
RS62057151	RS4482334	EUR	0.962882	PLINK2_1KG_DIRECT
RS62057151	RS56127111	EUR	0.962882	PLINK2_1KG_DIRECT
RS62057151	RS75104593	EUR	0.952268	PLINK2_1KG_DIRECT
RS62057151	RS74998289	EUR	0.952268	PLINK2_1KG_DIRECT
RS62057151	RS10445362	EUR	0.962882	PLINK2_1KG_DIRECT
RS62057151	RS10445363	EUR	0.962882	PLINK2_1KG_DIRECT
RS62057151	RS62054802	EUR	0.962882	PLINK2_1KG_DIRECT
RS62057151	RS62054803	EUR	0.962882	PLINK2_1KG_DIRECT
RS62057151	RS62054804	EUR	0.962882	PLINK2_1KG_DIRECT
RS62057151	RS62054805	EUR	0.962882	PLINK2_1KG_DIRECT
RS62057151	RS62054806	EUR	0.962882	PLINK2_1KG_DIRECT
RS62057151	RS10445364	EUR	0.962882	PLINK2_1KG_DIRECT
RS62057151	RS10445333	EUR	0.962882	PLINK2_1KG_DIRECT
RS62057151	RS17690176	EUR	0.957553	PLINK2_1KG_DIRECT
RS62057151	RS78328427	EUR	0.962882	PLINK2_1KG_DIRECT
RS62057151	RS77692262	EUR	0.962882	PLINK2_1KG_DIRECT
RS62057151	RS56023973	EUR	0.962882	PLINK2_1KG_DIRECT
RS62057151	RS17763515	EUR	0.962882	PLINK2_1KG_DIRECT
RS62057151	RS17763533	EUR	0.962882	PLINK2_1KG_DIRECT
RS62057151	RS62054809	EUR	0.962882	PLINK2_1KG_DIRECT
RS62057151	RS112583797	EUR	0.962882	PLINK2_1KG_DIRECT
RS62057151	RS74922289	EUR	0.962882	PLINK2_1KG_DIRECT
RS62057151	RS56971664	EUR	0.962882	PLINK2_1KG_DIRECT
RS62057151	RS62054811	EUR	0.962882	PLINK2_1KG_DIRECT
RS62057151	RS2106785	EUR	0.957635	PLINK2_1KG_DIRECT
RS62057151	RS56150806	EUR	0.962882	PLINK2_1KG_DIRECT
RS62057151	RS17690314	EUR	0.962882	PLINK2_1KG_DIRECT
RS62057151	RS56233672	EUR	0.962882	PLINK2_1KG_DIRECT
RS62057151	RS56354807	EUR	0.962882	PLINK2_1KG_DIRECT
RS62057151	RS55718212	EUR	0.962882	PLINK2_1KG_DIRECT
RS62057151	RS17690326	EUR	0.962882	PLINK2_1KG_DIRECT
RS62057151	RS17763596	EUR	0.962882	PLINK2_1KG_DIRECT
RS62057151	RS62054814	EUR	0.962882	PLINK2_1KG_DIRECT
RS62057151	RS17763634	EUR	0.962882	PLINK2_1KG_DIRECT
RS62057151	RS62621252	EUR	0.962882	PLINK2_1KG_DIRECT
RS62057151	RS62054815	EUR	0.962882	PLINK2_1KG_DIRECT
RS62057151	RS12185233	EUR	0.952306	PLINK2_1KG_DIRECT
RS62057151	RS12185268	EUR	0.962882	PLINK2_1KG_DIRECT
RS62057151	RS12185235	EUR	0.962882	PLINK2_1KG_DIRECT
RS62057151	RS11079725	EUR	0.962882	PLINK2_1KG_DIRECT
RS62057151	RS12373123	EUR	0.962882	PLINK2_1KG_DIRECT
RS62057151	RS12373139	EUR	0.962882	PLINK2_1KG_DIRECT
RS62057151	RS12373142	EUR	0.962882	PLINK2_1KG_DIRECT
RS62057151	RS12373124	EUR	0.962882	PLINK2_1KG_DIRECT
RS62057151	RS12373140	EUR	0.962882	PLINK2_1KG_DIRECT
RS62057151	RS12373168	EUR	0.947026	PLINK2_1KG_DIRECT
RS62057151	RS17690661	EUR	0.962882	PLINK2_1KG_DIRECT
RS62057151	RS55943825	EUR	0.962882	PLINK2_1KG_DIRECT
RS62057151	RS17690679	EUR	0.962882	PLINK2_1KG_DIRECT
RS62057151	RS17769490	EUR	0.957553	PLINK2_1KG_DIRECT
RS62057151	RS77063768	EUR	0.957553	PLINK2_1KG_DIRECT
RS62057151	RS62054817	EUR	0.957553	PLINK2_1KG_DIRECT
RS62057151	RS62054818	EUR	0.957553	PLINK2_1KG_DIRECT
RS62057151	RS62054819	EUR	0.957553	PLINK2_1KG_DIRECT
RS62057151	RS62054820	EUR	0.957553	PLINK2_1KG_DIRECT
RS62057151	RS56113217	EUR	0.957553	PLINK2_1KG_DIRECT
RS62057151	RS56269136	EUR	0.957553	PLINK2_1KG_DIRECT
RS62057151	RS56385754	EUR	0.957553	PLINK2_1KG_DIRECT
RS62057151	RS17769552	EUR	0.915958	PLINK2_1KG_DIRECT
RS62057151	RS62054822	EUR	0.957553	PLINK2_1KG_DIRECT
RS62057151	RS885639	EUR	0.957553	PLINK2_1KG_DIRECT
RS62057151	RS62054823	EUR	0.947022	PLINK2_1KG_DIRECT
RS62057151	RS62054824	EUR	0.962882	PLINK2_1KG_DIRECT
RS62057151	RS62054825	EUR	0.957553	PLINK2_1KG_DIRECT
RS62057151	RS79589869	EUR	0.962882	PLINK2_1KG_DIRECT
RS62057151	RS2316769	EUR	0.962882	PLINK2_1KG_DIRECT
RS62057151	RS2873268	EUR	0.962882	PLINK2_1KG_DIRECT
RS62057151	RS4340365	EUR	0.962882	PLINK2_1KG_DIRECT
RS62057151	RS2873269	EUR	0.962882	PLINK2_1KG_DIRECT
RS62057151	RS56026128	EUR	0.962882	PLINK2_1KG_DIRECT
RS62057151	RS56329743	EUR	0.962882	PLINK2_1KG_DIRECT
RS62057151	RS56288604	EUR	0.962882	PLINK2_1KG_DIRECT
RS62057151	RS17690987	EUR	0.962882	PLINK2_1KG_DIRECT
RS62057151	RS56146262	EUR	0.962882	PLINK2_1KG_DIRECT
RS62057151	RS55942528	EUR	0.962882	PLINK2_1KG_DIRECT
RS62057151	RS56254732	EUR	0.962882	PLINK2_1KG_DIRECT
RS62057151	RS56323304	EUR	0.957553	PLINK2_1KG_DIRECT
RS62057151	RS55751924	EUR	0.962882	PLINK2_1KG_DIRECT
RS62057151	RS55660209	EUR	0.870484	PLINK2_1KG_DIRECT
RS62057151	RS113856644	EUR	0.962882	PLINK2_1KG_DIRECT
RS62057151	RS62054831	EUR	0.962882	PLINK2_1KG_DIRECT
RS62057151	RS4627402	EUR	0.952401	PLINK2_1KG_DIRECT
RS62057151	RS7221167	EUR	0.393563	PLINK2_1KG_DIRECT
RS62057151	RS62054832	EUR	0.947182	PLINK2_1KG_DIRECT
RS62057151	RS62054833	EUR	0.957553	PLINK2_1KG_DIRECT
RS62057151	RS76563578	EUR	0.962882	PLINK2_1KG_DIRECT
RS62057151	RS111962225	EUR	0.962882	PLINK2_1KG_DIRECT
RS62057151	RS62054834	EUR	0.962882	PLINK2_1KG_DIRECT
RS62057151	RS62054835	EUR	0.962882	PLINK2_1KG_DIRECT
RS62057151	RS10445369	EUR	0.962882	PLINK2_1KG_DIRECT
RS62057151	RS10445334	EUR	0.962882	PLINK2_1KG_DIRECT
RS62057151	RS10445335	EUR	0.962882	PLINK2_1KG_DIRECT
RS62057151	RS10445336	EUR	0.962882	PLINK2_1KG_DIRECT
RS62057151	RS10445370	EUR	0.962882	PLINK2_1KG_DIRECT
RS62057151	RS55996632	EUR	0.962882	PLINK2_1KG_DIRECT
RS62057151	RS55886302	EUR	0.962882	PLINK2_1KG_DIRECT
RS62057151	RS56136075	EUR	0.962882	PLINK2_1KG_DIRECT
RS62057151	RS62054841	EUR	0.962882	PLINK2_1KG_DIRECT
RS62057151	RS62054842	EUR	0.962882	PLINK2_1KG_DIRECT
RS62057151	RS62054843	EUR	0.962882	PLINK2_1KG_DIRECT
RS62057151	RS62054844	EUR	0.962882	PLINK2_1KG_DIRECT
RS62057151	RS76627340	EUR	0.962882	PLINK2_1KG_DIRECT
RS62057151	RS75945623	EUR	0.962882	PLINK2_1KG_DIRECT
RS62057151	RS79889833	EUR	0.962882	PLINK2_1KG_DIRECT
RS62057151	RS77625338	EUR	0.962882	PLINK2_1KG_DIRECT
RS62057151	RS77489223	EUR	0.962882	PLINK2_1KG_DIRECT
RS62057151	RS55888391	EUR	0.962882	PLINK2_1KG_DIRECT
RS62057151	RS76329216	EUR	0.962882	PLINK2_1KG_DIRECT
RS62057151	RS62054846	EUR	0.962882	PLINK2_1KG_DIRECT
RS62057151	RS55646970	EUR	0.962882	PLINK2_1KG_DIRECT
RS62057151	RS55673092	EUR	0.962882	PLINK2_1KG_DIRECT
RS62057151	RS56347602	EUR	0.962882	PLINK2_1KG_DIRECT
RS62057151	RS56249080	EUR	0.962882	PLINK2_1KG_DIRECT
RS62057151	RS56227067	EUR	0.962882	PLINK2_1KG_DIRECT
RS62057151	RS55719714	EUR	0.962882	PLINK2_1KG_DIRECT
RS62057151	RS56299858	EUR	0.962882	PLINK2_1KG_DIRECT
RS62057151	RS62054857	EUR	0.962882	PLINK2_1KG_DIRECT
RS62057151	RS75210307	EUR	0.962882	PLINK2_1KG_DIRECT
RS62057151	RS74944644	EUR	0.962882	PLINK2_1KG_DIRECT
RS62057151	RS79412431	EUR	0.962882	PLINK2_1KG_DIRECT
RS62057151	RS62054858	EUR	0.962882	PLINK2_1KG_DIRECT
RS62057151	RS79406732	EUR	0.962882	PLINK2_1KG_DIRECT
RS62057151	RS62054859	EUR	0.962882	PLINK2_1KG_DIRECT
RS62057151	RS62055460	EUR	0.962882	PLINK2_1KG_DIRECT
RS62057151	RS62055461	EUR	0.962882	PLINK2_1KG_DIRECT
RS62057151	RS62055462	EUR	0.962882	PLINK2_1KG_DIRECT
RS62057151	RS62055463	EUR	0.962882	PLINK2_1KG_DIRECT
RS62057151	RS77652965	EUR	0.962882	PLINK2_1KG_DIRECT
RS62057151	RS75690239	EUR	0.962882	PLINK2_1KG_DIRECT
RS62057151	RS62055464	EUR	0.962882	PLINK2_1KG_DIRECT
RS62057151	RS62055465	EUR	0.962882	PLINK2_1KG_DIRECT
RS62057151	RS62055466	EUR	0.962882	PLINK2_1KG_DIRECT
RS62057151	RS62055467	EUR	0.962882	PLINK2_1KG_DIRECT
RS62057151	RS62055468	EUR	0.962882	PLINK2_1KG_DIRECT
RS62057151	RS62055469	EUR	0.962882	PLINK2_1KG_DIRECT
RS62057151	RS62055470	EUR	0.962882	PLINK2_1KG_DIRECT
RS62057151	RS62055471	EUR	0.962882	PLINK2_1KG_DIRECT
RS62057151	RS56327054	EUR	0.962882	PLINK2_1KG_DIRECT
RS62057151	RS56036719	EUR	0.962882	PLINK2_1KG_DIRECT
RS62057151	RS55781174	EUR	0.962882	PLINK2_1KG_DIRECT
RS62057151	RS12150223	EUR	0.962882	PLINK2_1KG_DIRECT
RS62057151	RS12150516	EUR	0.962882	PLINK2_1KG_DIRECT
RS62057151	RS62055475	EUR	0.962882	PLINK2_1KG_DIRECT
RS62057151	RS527658313	EUR	0.962882	PLINK2_1KG_DIRECT
RS62057151	RS78637438	EUR	0.962882	PLINK2_1KG_DIRECT
RS62057151	RS2316771	EUR	0.962882	PLINK2_1KG_DIRECT
RS62057151	RS62055478	EUR	0.962882	PLINK2_1KG_DIRECT
RS62057151	RS1078830	EUR	0.962882	PLINK2_1KG_DIRECT
RS62057151	RS753235	EUR	0.941827	PLINK2_1KG_DIRECT
RS62057151	RS753236	EUR	0.952306	PLINK2_1KG_DIRECT
RS62057151	RS2316772	EUR	0.952268	PLINK2_1KG_DIRECT
RS62057151	RS2316773	EUR	0.962882	PLINK2_1KG_DIRECT
RS62057151	RS2316774	EUR	0.962882	PLINK2_1KG_DIRECT
RS62057151	RS739643	EUR	0.962882	PLINK2_1KG_DIRECT
RS62057151	RS739642	EUR	0.962882	PLINK2_1KG_DIRECT
RS62057151	RS757055	EUR	0.962882	PLINK2_1KG_DIRECT
RS62057151	RS56398500	EUR	0.962882	PLINK2_1KG_DIRECT
RS62057151	RS56289364	EUR	0.962882	PLINK2_1KG_DIRECT
RS62057151	RS62055483	EUR	0.962882	PLINK2_1KG_DIRECT
RS62057151	RS78238042	EUR	0.962882	PLINK2_1KG_DIRECT
RS62057151	RS55673340	EUR	0.962882	PLINK2_1KG_DIRECT
RS62057151	RS77092481	EUR	0.962882	PLINK2_1KG_DIRECT
RS62057151	RS62055486	EUR	0.962882	PLINK2_1KG_DIRECT
RS62057151	RS34739559	EUR	0.952306	PLINK2_1KG_DIRECT
RS62057151	RS34097347	EUR	0.962882	PLINK2_1KG_DIRECT
RS62057151	RS2106784	EUR	0.962882	PLINK2_1KG_DIRECT
RS62057151	RS2158072	EUR	0.962882	PLINK2_1KG_DIRECT
RS62057151	RS62055488	EUR	0.962882	PLINK2_1KG_DIRECT
RS62057151	RS62055490	EUR	0.962882	PLINK2_1KG_DIRECT
RS62057151	RS62055491	EUR	0.962882	PLINK2_1KG_DIRECT
RS62057151	RS34416056	EUR	0.962882	PLINK2_1KG_DIRECT
RS62057151	RS62055492	EUR	0.962882	PLINK2_1KG_DIRECT
RS62057151	RS2055794	EUR	0.962882	PLINK2_1KG_DIRECT
RS62057151	RS2055795	EUR	0.962882	PLINK2_1KG_DIRECT
RS62057151	RS2055796	EUR	0.962882	PLINK2_1KG_DIRECT
RS62057151	RS80348388	EUR	0.962882	PLINK2_1KG_DIRECT
RS62057151	RS62055493	EUR	0.957553	PLINK2_1KG_DIRECT
RS62057151	RS62055494	EUR	0.957553	PLINK2_1KG_DIRECT
RS62057151	RS62055495	EUR	0.957553	PLINK2_1KG_DIRECT
RS62057151	RS62055496	EUR	0.962882	PLINK2_1KG_DIRECT
RS62057151	RS62055497	EUR	0.962882	PLINK2_1KG_DIRECT
RS62057151	RS2188888	EUR	0.962882	PLINK2_1KG_DIRECT
RS62057151	RS3919455	EUR	0.962882	PLINK2_1KG_DIRECT
RS62057151	RS2214258	EUR	0.962882	PLINK2_1KG_DIRECT
RS62057151	RS62055498	EUR	0.962882	PLINK2_1KG_DIRECT
RS62057151	RS62055499	EUR	0.962882	PLINK2_1KG_DIRECT
RS62057151	RS62055500	EUR	0.962882	PLINK2_1KG_DIRECT
RS62057151	RS62055501	EUR	0.962882	PLINK2_1KG_DIRECT
RS62057151	RS62055502	EUR	0.962882	PLINK2_1KG_DIRECT
RS62057151	RS916793	EUR	0.962882	PLINK2_1KG_DIRECT
RS62057151	RS4441322	EUR	0.962882	PLINK2_1KG_DIRECT
RS62057151	RS113414067	EUR	0.962882	PLINK2_1KG_DIRECT
RS62057151	RS55905252	EUR	0.962882	PLINK2_1KG_DIRECT
RS62057151	RS17691328	EUR	0.952306	PLINK2_1KG_DIRECT
RS62057151	RS62055515	EUR	0.962882	PLINK2_1KG_DIRECT
RS62057151	RS62055516	EUR	0.962882	PLINK2_1KG_DIRECT
RS62057151	RS62055517	EUR	0.962882	PLINK2_1KG_DIRECT
RS62057151	RS62055518	EUR	0.962882	PLINK2_1KG_DIRECT
RS62057151	RS56364632	EUR	0.962882	PLINK2_1KG_DIRECT
RS62057151	RS55768605	EUR	0.962882	PLINK2_1KG_DIRECT
RS62057151	RS55653657	EUR	0.962882	PLINK2_1KG_DIRECT
RS62057151	RS55894109	EUR	0.962882	PLINK2_1KG_DIRECT
RS62057151	RS56101773	EUR	0.962882	PLINK2_1KG_DIRECT
RS62057151	RS56249780	EUR	0.962882	PLINK2_1KG_DIRECT
RS62057151	RS56040418	EUR	0.957553	PLINK2_1KG_DIRECT
RS62057151	RS55721252	EUR	0.962882	PLINK2_1KG_DIRECT
RS62057151	RS55876817	EUR	0.962882	PLINK2_1KG_DIRECT
RS62057151	RS55944735	EUR	0.962882	PLINK2_1KG_DIRECT
RS62057151	RS62055525	EUR	0.962882	PLINK2_1KG_DIRECT
RS62057151	RS112915466	EUR	0.962882	PLINK2_1KG_DIRECT
RS62057151	RS56343551	EUR	0.962882	PLINK2_1KG_DIRECT
RS62057151	RS55975673	EUR	0.962882	PLINK2_1KG_DIRECT
RS62057151	RS56387391	EUR	0.962882	PLINK2_1KG_DIRECT
RS62057151	RS2019816	EUR	0.962882	PLINK2_1KG_DIRECT
RS62057151	RS2006305	EUR	0.962882	PLINK2_1KG_DIRECT
RS62057151	RS2019822	EUR	0.962882	PLINK2_1KG_DIRECT
RS62057151	RS62055529	EUR	0.962882	PLINK2_1KG_DIRECT
RS62057151	RS79580365	EUR	0.962882	PLINK2_1KG_DIRECT
RS62057151	RS55937610	EUR	0.962882	PLINK2_1KG_DIRECT
RS62057151	RS56365901	EUR	0.962882	PLINK2_1KG_DIRECT
RS62057151	RS55767267	EUR	0.962882	PLINK2_1KG_DIRECT
RS62057151	RS56127309	EUR	0.957553	PLINK2_1KG_DIRECT
RS62057151	RS56194412	EUR	0.962882	PLINK2_1KG_DIRECT
RS62057151	RS56338487	EUR	0.962882	PLINK2_1KG_DIRECT
RS62057151	RS56180212	EUR	0.957553	PLINK2_1KG_DIRECT
RS62057151	RS56301449	EUR	0.962882	PLINK2_1KG_DIRECT
RS62057151	RS62055538	EUR	0.962882	PLINK2_1KG_DIRECT
RS62057151	RS62055539	EUR	0.962882	PLINK2_1KG_DIRECT
RS62057151	RS62055540	EUR	0.962882	PLINK2_1KG_DIRECT
RS62057151	RS17770108	EUR	0.962882	PLINK2_1KG_DIRECT
RS62057151	RS62055541	EUR	0.962882	PLINK2_1KG_DIRECT
RS62057151	RS77426526	EUR	0.962882	PLINK2_1KG_DIRECT
RS62057151	RS77129180	EUR	0.962882	PLINK2_1KG_DIRECT
RS62057151	RS74863825	EUR	0.962882	PLINK2_1KG_DIRECT
RS62057151	RS80254317	EUR	0.962882	PLINK2_1KG_DIRECT
RS62057151	RS112425426	EUR	0.962882	PLINK2_1KG_DIRECT
RS62057151	RS62055542	EUR	0.962882	PLINK2_1KG_DIRECT
RS62057151	RS17770120	EUR	0.962882	PLINK2_1KG_DIRECT
RS62057151	RS17770150	EUR	0.962882	PLINK2_1KG_DIRECT
RS62057151	RS17770186	EUR	0.962882	PLINK2_1KG_DIRECT
RS62057151	RS17691449	EUR	0.962882	PLINK2_1KG_DIRECT
RS62057151	RS62055544	EUR	0.957553	PLINK2_1KG_DIRECT
RS62057151	RS62055545	EUR	0.962882	PLINK2_1KG_DIRECT
RS62057151	RS62055546	EUR	0.962882	PLINK2_1KG_DIRECT
RS62057151	RS62055547	EUR	0.962882	PLINK2_1KG_DIRECT
RS62057151	RS62055548	EUR	0.962882	PLINK2_1KG_DIRECT
RS62057151	RS113327263	EUR	0.962882	PLINK2_1KG_DIRECT
RS62057151	RS62055549	EUR	0.962882	PLINK2_1KG_DIRECT
RS62057151	RS62055550	EUR	0.962882	PLINK2_1KG_DIRECT
RS62057151	RS62055551	EUR	0.962882	PLINK2_1KG_DIRECT
RS62057151	RS62055552	EUR	0.962882	PLINK2_1KG_DIRECT
RS62057151	RS62055553	EUR	0.962882	PLINK2_1KG_DIRECT
RS62057151	RS62055554	EUR	0.962882	PLINK2_1KG_DIRECT
RS62057151	RS62055555	EUR	0.962882	PLINK2_1KG_DIRECT
RS62057151	RS111941646	EUR	0.962882	PLINK2_1KG_DIRECT
RS62057151	RS62055556	EUR	0.962882	PLINK2_1KG_DIRECT
RS62057151	RS62055557	EUR	0.962882	PLINK2_1KG_DIRECT
RS62057151	RS62055558	EUR	0.962882	PLINK2_1KG_DIRECT
RS62057151	RS62055559	EUR	0.962882	PLINK2_1KG_DIRECT
RS62057151	RS79193046	EUR	0.962882	PLINK2_1KG_DIRECT
RS62057151	RS17691466	EUR	0.962882	PLINK2_1KG_DIRECT
RS62057151	RS17691508	EUR	0.962882	PLINK2_1KG_DIRECT
RS62057151	RS62056760	EUR	0.962882	PLINK2_1KG_DIRECT
RS62057151	RS55943606	EUR	0.962882	PLINK2_1KG_DIRECT
RS62057151	RS55895732	EUR	0.962882	PLINK2_1KG_DIRECT
RS62057151	RS55960528	EUR	0.962882	PLINK2_1KG_DIRECT
RS62057151	RS55877243	EUR	0.962882	PLINK2_1KG_DIRECT
RS62057151	RS17770296	EUR	0.962882	PLINK2_1KG_DIRECT
RS62057151	RS17691556	EUR	0.962882	PLINK2_1KG_DIRECT
RS62057151	RS62056761	EUR	0.962882	PLINK2_1KG_DIRECT
RS62057151	RS17770337	EUR	0.962882	PLINK2_1KG_DIRECT
RS62057151	RS62056773	EUR	0.962882	PLINK2_1KG_DIRECT
RS62057151	RS62056774	EUR	0.962882	PLINK2_1KG_DIRECT
RS62057151	RS62056775	EUR	0.962882	PLINK2_1KG_DIRECT
RS62057151	RS62056776	EUR	0.962882	PLINK2_1KG_DIRECT
RS62057151	RS78729125	EUR	0.962882	PLINK2_1KG_DIRECT
RS62057151	RS17770343	EUR	0.962882	PLINK2_1KG_DIRECT
RS62057151	RS62056777	EUR	0.962882	PLINK2_1KG_DIRECT
RS62057151	RS17691610	EUR	0.962882	PLINK2_1KG_DIRECT
RS62057151	RS76594404	EUR	0.962882	PLINK2_1KG_DIRECT
RS62057151	RS80233201	EUR	0.962882	PLINK2_1KG_DIRECT
RS62057151	RS62056778	EUR	0.962882	PLINK2_1KG_DIRECT
RS62057151	RS11575895	EUR	0.962882	PLINK2_1KG_DIRECT
RS62057151	RS62056779	EUR	0.962882	PLINK2_1KG_DIRECT
RS62057151	RS11575896	EUR	0.962882	PLINK2_1KG_DIRECT
RS62057151	RS74457229	EUR	0.962882	PLINK2_1KG_DIRECT
RS62057151	RS74548327	EUR	0.962882	PLINK2_1KG_DIRECT
RS62057151	RS111972148	EUR	0.962882	PLINK2_1KG_DIRECT
RS62057151	RS76324150	EUR	0.962882	PLINK2_1KG_DIRECT
RS62057151	RS113347741	EUR	0.962882	PLINK2_1KG_DIRECT
RS62057151	RS78720789	EUR	0.962882	PLINK2_1KG_DIRECT
RS62057151	RS62056780	EUR	0.962882	PLINK2_1KG_DIRECT
RS62057151	RS62056781	EUR	0.962882	PLINK2_1KG_DIRECT
RS62057151	RS74496580	EUR	0.962882	PLINK2_1KG_DIRECT
RS62057151	RS62056782	EUR	0.962882	PLINK2_1KG_DIRECT
RS62057151	RS80346216	EUR	0.957553	PLINK2_1KG_DIRECT
RS62057151	RS76632685	EUR	0.957553	PLINK2_1KG_DIRECT
RS62057151	RS62056783	EUR	0.962882	PLINK2_1KG_DIRECT
RS62057151	RS62056784	EUR	0.962882	PLINK2_1KG_DIRECT
RS62057151	RS62056785	EUR	0.962882	PLINK2_1KG_DIRECT
RS62057151	RS62056786	EUR	0.962882	PLINK2_1KG_DIRECT
RS62057151	RS62056789	EUR	0.962882	PLINK2_1KG_DIRECT
RS62057151	RS62056790	EUR	0.962882	PLINK2_1KG_DIRECT
RS62057151	RS62056791	EUR	0.962882	PLINK2_1KG_DIRECT
RS62057151	RS77561671	EUR	0.962882	PLINK2_1KG_DIRECT
RS62057151	RS62056792	EUR	0.962882	PLINK2_1KG_DIRECT
RS62057151	RS62056793	EUR	0.962882	PLINK2_1KG_DIRECT
RS62057151	RS62056794	EUR	0.962882	PLINK2_1KG_DIRECT
RS62057151	RS1864324	EUR	0.962882	PLINK2_1KG_DIRECT
RS62057151	RS1864325	EUR	0.962882	PLINK2_1KG_DIRECT
RS62057151	RS62056795	EUR	0.962882	PLINK2_1KG_DIRECT
RS62057151	RS62056796	EUR	0.962882	PLINK2_1KG_DIRECT
RS62057151	RS55691306	EUR	0.962882	PLINK2_1KG_DIRECT
RS62057151	RS55823844	EUR	0.962882	PLINK2_1KG_DIRECT
RS62057151	RS1560310	EUR	0.962882	PLINK2_1KG_DIRECT
RS62057151	RS1467962	EUR	0.962882	PLINK2_1KG_DIRECT
RS62057151	RS1560311	EUR	0.962882	PLINK2_1KG_DIRECT
RS62057151	RS1467963	EUR	0.962882	PLINK2_1KG_DIRECT
RS62057151	RS62056800	EUR	0.962882	PLINK2_1KG_DIRECT
RS62057151	RS62056801	EUR	0.962882	PLINK2_1KG_DIRECT
RS62057151	RS113834264	EUR	0.962882	PLINK2_1KG_DIRECT
RS62057151	RS2099151	EUR	0.962882	PLINK2_1KG_DIRECT
RS62057151	RS2082068	EUR	0.962882	PLINK2_1KG_DIRECT
RS62057151	RS1984937	EUR	0.962882	PLINK2_1KG_DIRECT
RS62057151	RS62056802	EUR	0.962882	PLINK2_1KG_DIRECT
RS62057151	RS113589236	EUR	0.962882	PLINK2_1KG_DIRECT
RS62057151	RS113029914	EUR	0.962882	PLINK2_1KG_DIRECT
RS62057151	RS112275277	EUR	0.962882	PLINK2_1KG_DIRECT
RS62057151	RS62056803	EUR	0.962882	PLINK2_1KG_DIRECT
RS62057151	RS62056804	EUR	0.962882	PLINK2_1KG_DIRECT
RS62057151	RS77084869	EUR	0.962882	PLINK2_1KG_DIRECT
RS62057151	RS74573628	EUR	0.962882	PLINK2_1KG_DIRECT
RS62057151	RS75617973	EUR	0.962882	PLINK2_1KG_DIRECT
RS62057151	RS62056805	EUR	0.962882	PLINK2_1KG_DIRECT
RS62057151	RS62056806	EUR	0.962882	PLINK2_1KG_DIRECT
RS62057151	RS62056807	EUR	0.962882	PLINK2_1KG_DIRECT
RS62057151	RS1467966	EUR	0.962882	PLINK2_1KG_DIRECT
RS62057151	RS62056808	EUR	0.962882	PLINK2_1KG_DIRECT
RS62057151	RS62056809	EUR	0.962882	PLINK2_1KG_DIRECT
RS62057151	RS62056810	EUR	0.962882	PLINK2_1KG_DIRECT
RS62057151	RS79492906	EUR	0.962882	PLINK2_1KG_DIRECT
RS62057151	RS62056811	EUR	0.957553	PLINK2_1KG_DIRECT
RS62057151	RS74509629	EUR	0.962882	PLINK2_1KG_DIRECT
RS62057151	RS79290980	EUR	0.962882	PLINK2_1KG_DIRECT
RS62057151	RS1467968	EUR	0.962882	PLINK2_1KG_DIRECT
RS62057151	RS4371195	EUR	0.962882	PLINK2_1KG_DIRECT
RS62057151	RS12150125	EUR	0.962882	PLINK2_1KG_DIRECT
RS62057151	RS12150527	EUR	0.962882	PLINK2_1KG_DIRECT
RS62057151	RS7502888	EUR	0.962882	PLINK2_1KG_DIRECT
RS62057151	RS62056812	EUR	0.962882	PLINK2_1KG_DIRECT
RS62057151	RS111447859	EUR	0.962882	PLINK2_1KG_DIRECT
RS62057151	RS28439143	EUR	0.962882	PLINK2_1KG_DIRECT
RS62057151	RS56189701	EUR	0.957635	PLINK2_1KG_DIRECT
RS62057151	RS2435204	EUR	0.952268	PLINK2_1KG_DIRECT
RS62057151	RS62056835	EUR	0.957553	PLINK2_1KG_DIRECT
RS62057151	RS62056837	EUR	0.962882	PLINK2_1KG_DIRECT
RS62057151	RS62056838	EUR	0.962882	PLINK2_1KG_DIRECT
RS62057151	RS62056839	EUR	0.962882	PLINK2_1KG_DIRECT
RS62057151	RS62056840	EUR	0.962882	PLINK2_1KG_DIRECT
RS62057151	RS112116311	EUR	0.962882	PLINK2_1KG_DIRECT
RS62057151	RS78209533	EUR	0.962882	PLINK2_1KG_DIRECT
RS62057151	RS62056841	EUR	0.962882	PLINK2_1KG_DIRECT
RS62057151	RS79860128	EUR	0.962882	PLINK2_1KG_DIRECT
RS62057151	RS9944484	EUR	0.962882	PLINK2_1KG_DIRECT
RS62057151	RS17563965	EUR	0.962882	PLINK2_1KG_DIRECT
RS62057151	RS17563986	EUR	0.962882	PLINK2_1KG_DIRECT
RS62057151	RS17564020	EUR	0.962882	PLINK2_1KG_DIRECT
RS62057151	RS55682376	EUR	0.962882	PLINK2_1KG_DIRECT
RS62057151	RS55788678	EUR	0.962882	PLINK2_1KG_DIRECT
RS62057151	RS56042957	EUR	0.962882	PLINK2_1KG_DIRECT
RS62057151	RS55810795	EUR	0.962882	PLINK2_1KG_DIRECT
RS62057151	RS55933304	EUR	0.962882	PLINK2_1KG_DIRECT
RS62057151	RS62056848	EUR	0.962882	PLINK2_1KG_DIRECT
RS62057151	RS62056849	EUR	0.962882	PLINK2_1KG_DIRECT
RS62057151	RS62056850	EUR	0.957553	PLINK2_1KG_DIRECT
RS62057151	RS62056851	EUR	0.962882	PLINK2_1KG_DIRECT
RS62057151	RS77926909	EUR	0.957553	PLINK2_1KG_DIRECT
RS62057151	RS111541901	EUR	0.962882	PLINK2_1KG_DIRECT
RS62057151	RS17649518	EUR	0.962882	PLINK2_1KG_DIRECT
RS62057151	RS62056859	EUR	0.962882	PLINK2_1KG_DIRECT
RS62057151	RS112647192	EUR	0.962882	PLINK2_1KG_DIRECT
RS62057151	RS17649553	EUR	0.957553	PLINK2_1KG_DIRECT
RS62057151	RS17649571	EUR	0.962882	PLINK2_1KG_DIRECT
RS62057151	RS17564153	EUR	0.962882	PLINK2_1KG_DIRECT
RS62057151	RS17649635	EUR	0.962882	PLINK2_1KG_DIRECT
RS62057151	RS55760800	EUR	0.962882	PLINK2_1KG_DIRECT
RS62057151	RS56303672	EUR	0.962882	PLINK2_1KG_DIRECT
RS62057151	RS17649641	EUR	0.962882	PLINK2_1KG_DIRECT
RS62057151	RS75046472	EUR	0.962882	PLINK2_1KG_DIRECT
RS62057151	RS17564223	EUR	0.957553	PLINK2_1KG_DIRECT
RS62057151	RS17649700	EUR	0.957553	PLINK2_1KG_DIRECT
RS62057151	RS62058962	EUR	0.962882	PLINK2_1KG_DIRECT
RS62057151	RS1467969	EUR	0.962882	PLINK2_1KG_DIRECT
RS62057151	RS1467970	EUR	0.962882	PLINK2_1KG_DIRECT
RS62057151	RS767058	EUR	0.962882	PLINK2_1KG_DIRECT
RS62057151	RS767057	EUR	0.962882	PLINK2_1KG_DIRECT
RS62057151	RS767056	EUR	0.962882	PLINK2_1KG_DIRECT
RS62057151	RS62058964	EUR	0.957553	PLINK2_1KG_DIRECT
RS62057151	RS62058965	EUR	0.962882	PLINK2_1KG_DIRECT
RS62057151	RS1967981	EUR	0.962882	PLINK2_1KG_DIRECT
RS62057151	RS1476127	EUR	0.962882	PLINK2_1KG_DIRECT
RS62057151	RS55929431	EUR	0.962882	PLINK2_1KG_DIRECT
RS62057151	RS8079501	EUR	0.962882	PLINK2_1KG_DIRECT
RS62057151	RS56002706	EUR	0.962882	PLINK2_1KG_DIRECT
RS62057151	RS8078495	EUR	0.962882	PLINK2_1KG_DIRECT
RS62057151	RS17649866	EUR	0.962882	PLINK2_1KG_DIRECT
RS62057151	RS62058968	EUR	0.962882	PLINK2_1KG_DIRECT
RS62057151	RS17564493	EUR	0.962882	PLINK2_1KG_DIRECT
RS62057151	RS17649918	EUR	0.962882	PLINK2_1KG_DIRECT
RS62057151	RS17649954	EUR	0.962882	PLINK2_1KG_DIRECT
RS62057151	RS55685451	EUR	0.962882	PLINK2_1KG_DIRECT
RS62057151	RS17564591	EUR	0.962882	PLINK2_1KG_DIRECT
RS62057151	RS17564619	EUR	0.962882	PLINK2_1KG_DIRECT
RS62057151	RS62059003	EUR	0.962882	PLINK2_1KG_DIRECT
RS62057151	RS17650063	EUR	0.962882	PLINK2_1KG_DIRECT
RS62057151	RS17564703	EUR	0.962882	PLINK2_1KG_DIRECT
RS62057151	RS76090253	EUR	0.962882	PLINK2_1KG_DIRECT
RS62057151	RS55788597	EUR	0.962882	PLINK2_1KG_DIRECT
RS62057151	RS56197117	EUR	0.962882	PLINK2_1KG_DIRECT
RS62057151	RS56249311	EUR	0.962882	PLINK2_1KG_DIRECT
RS62057151	RS62059004	EUR	0.962882	PLINK2_1KG_DIRECT
RS62057151	RS76500077	EUR	0.962882	PLINK2_1KG_DIRECT
RS62057151	RS62059005	EUR	0.962882	PLINK2_1KG_DIRECT
RS62057151	RS113796169	EUR	0.957553	PLINK2_1KG_DIRECT
RS62057151	RS112454267	EUR	0.957553	PLINK2_1KG_DIRECT
RS62057151	RS17564780	EUR	0.957553	PLINK2_1KG_DIRECT
RS62057151	RS62059007	EUR	0.962882	PLINK2_1KG_DIRECT
RS62057151	RS62059008	EUR	0.962882	PLINK2_1KG_DIRECT
RS62057151	RS62059009	EUR	0.962882	PLINK2_1KG_DIRECT
RS62057151	RS62061705	EUR	0.962882	PLINK2_1KG_DIRECT
RS62057151	RS17564829	EUR	0.962882	PLINK2_1KG_DIRECT
RS62057151	RS62061706	EUR	0.962882	PLINK2_1KG_DIRECT
RS62057151	RS62061707	EUR	0.962882	PLINK2_1KG_DIRECT
RS62057151	RS62061708	EUR	0.962882	PLINK2_1KG_DIRECT
RS62057151	RS62061709	EUR	0.962882	PLINK2_1KG_DIRECT
RS62057151	RS62061712	EUR	0.962882	PLINK2_1KG_DIRECT
RS62057151	RS7501759	EUR	0.962882	PLINK2_1KG_DIRECT
RS62057151	RS2316782	EUR	0.962882	PLINK2_1KG_DIRECT
RS62057151	RS2316783	EUR	0.962882	PLINK2_1KG_DIRECT
RS62057151	RS4255816	EUR	0.962882	PLINK2_1KG_DIRECT
RS62057151	RS62061713	EUR	0.962882	PLINK2_1KG_DIRECT
RS62057151	RS62061714	EUR	0.962882	PLINK2_1KG_DIRECT
RS62057151	RS113952577	EUR	0.962882	PLINK2_1KG_DIRECT
RS62057151	RS78077519	EUR	0.962882	PLINK2_1KG_DIRECT
RS62057151	RS17564871	EUR	0.962882	PLINK2_1KG_DIRECT
RS62057151	RS17650258	EUR	0.962882	PLINK2_1KG_DIRECT
RS62057151	RS62061715	EUR	0.962882	PLINK2_1KG_DIRECT
RS62057151	RS17564948	EUR	0.962882	PLINK2_1KG_DIRECT
RS62057151	RS17564983	EUR	0.962882	PLINK2_1KG_DIRECT
RS62057151	RS62061716	EUR	0.962882	PLINK2_1KG_DIRECT
RS62057151	RS17650335	EUR	0.962882	PLINK2_1KG_DIRECT
RS62057151	RS17565025	EUR	0.957553	PLINK2_1KG_DIRECT
RS62057151	RS77924424	EUR	0.962882	PLINK2_1KG_DIRECT
RS62057151	RS62061719	EUR	0.962882	PLINK2_1KG_DIRECT
RS62057151	RS17650381	EUR	0.962882	PLINK2_1KG_DIRECT
RS62057151	RS17650417	EUR	0.962882	PLINK2_1KG_DIRECT
RS62057151	RS62061720	EUR	0.962882	PLINK2_1KG_DIRECT
RS62057151	RS62061721	EUR	0.962882	PLINK2_1KG_DIRECT
RS62057151	RS79857651	EUR	0.962882	PLINK2_1KG_DIRECT
RS62057151	RS113756354	EUR	0.962882	PLINK2_1KG_DIRECT
RS62057151	RS12150111	EUR	0.962882	PLINK2_1KG_DIRECT
RS62057151	RS12150460	EUR	0.962882	PLINK2_1KG_DIRECT
RS62057151	RS12150195	EUR	0.962882	PLINK2_1KG_DIRECT
RS62057151	RS55874169	EUR	0.962882	PLINK2_1KG_DIRECT
RS62057151	RS12150229	EUR	0.962882	PLINK2_1KG_DIRECT
RS62057151	RS12150230	EUR	0.962882	PLINK2_1KG_DIRECT
RS62057151	RS12150576	EUR	0.962882	PLINK2_1KG_DIRECT
RS62057151	RS12150235	EUR	0.962882	PLINK2_1KG_DIRECT
RS62057151	RS12150242	EUR	0.962882	PLINK2_1KG_DIRECT
RS62057151	RS12150104	EUR	0.962882	PLINK2_1KG_DIRECT
RS62057151	RS62061725	EUR	0.962882	PLINK2_1KG_DIRECT
RS62057151	RS62061726	EUR	0.962882	PLINK2_1KG_DIRECT
RS62057151	RS113537106	EUR	0.962882	PLINK2_1KG_DIRECT
RS62057151	RS62061727	EUR	0.962882	PLINK2_1KG_DIRECT
RS62057151	RS62061728	EUR	0.962882	PLINK2_1KG_DIRECT
RS62057151	RS62061729	EUR	0.962882	PLINK2_1KG_DIRECT
RS62057151	RS62061730	EUR	0.962882	PLINK2_1KG_DIRECT
RS62057151	RS62061731	EUR	0.952306	PLINK2_1KG_DIRECT
RS62057151	RS62061732	EUR	0.952306	PLINK2_1KG_DIRECT
RS62057151	RS62061733	EUR	0.94178	PLINK2_1KG_DIRECT
RS62057151	RS7210219	EUR	0.885055	PLINK2_1KG_DIRECT
RS62057151	RS62062768	EUR	0.952306	PLINK2_1KG_DIRECT
RS62057151	RS62062769	EUR	0.952306	PLINK2_1KG_DIRECT
RS62057151	RS62062770	EUR	0.952306	PLINK2_1KG_DIRECT
RS62057151	RS62062771	EUR	0.952306	PLINK2_1KG_DIRECT
RS62057151	RS62062772	EUR	0.952306	PLINK2_1KG_DIRECT
RS62057151	RS62062773	EUR	0.952306	PLINK2_1KG_DIRECT
RS62057151	RS79115768	EUR	0.952306	PLINK2_1KG_DIRECT
RS62057151	RS28416808	EUR	0.947022	PLINK2_1KG_DIRECT
RS62057151	RS62062774	EUR	0.952306	PLINK2_1KG_DIRECT
RS62057151	RS2316784	EUR	0.952306	PLINK2_1KG_DIRECT
RS62057151	RS4327091	EUR	0.952306	PLINK2_1KG_DIRECT
RS62057151	RS4479290	EUR	0.952306	PLINK2_1KG_DIRECT
RS62057151	RS62062776	EUR	0.952306	PLINK2_1KG_DIRECT
RS62057151	RS62062777	EUR	0.952306	PLINK2_1KG_DIRECT
RS62057151	RS75839508	EUR	0.952306	PLINK2_1KG_DIRECT
RS62057151	RS75686108	EUR	0.952306	PLINK2_1KG_DIRECT
RS62057151	RS79765413	EUR	0.952306	PLINK2_1KG_DIRECT
RS62057151	RS78834738	EUR	0.952306	PLINK2_1KG_DIRECT
RS62057151	RS62062778	EUR	0.952306	PLINK2_1KG_DIRECT
RS62057151	RS62062779	EUR	0.952306	PLINK2_1KG_DIRECT
RS62057151	RS62062780	EUR	0.952306	PLINK2_1KG_DIRECT
RS62057151	RS62062781	EUR	0.952306	PLINK2_1KG_DIRECT
RS62057151	RS62062782	EUR	0.952306	PLINK2_1KG_DIRECT
RS62057151	RS62062783	EUR	0.952306	PLINK2_1KG_DIRECT
RS62057151	RS62062784	EUR	0.952306	PLINK2_1KG_DIRECT
RS62057151	RS62062785	EUR	0.952306	PLINK2_1KG_DIRECT
RS62057151	RS62062786	EUR	0.947022	PLINK2_1KG_DIRECT
RS62057151	RS62062787	EUR	0.952306	PLINK2_1KG_DIRECT
RS62057151	RS62062788	EUR	0.952306	PLINK2_1KG_DIRECT
RS62057151	RS62062789	EUR	0.952306	PLINK2_1KG_DIRECT
RS62057151	RS62062790	EUR	0.952306	PLINK2_1KG_DIRECT
RS62057151	RS62062791	EUR	0.952306	PLINK2_1KG_DIRECT
RS62057151	RS62062792	EUR	0.952306	PLINK2_1KG_DIRECT
RS62057151	RS78026984	EUR	0.952306	PLINK2_1KG_DIRECT
RS62057151	RS113395365	EUR	0.952306	PLINK2_1KG_DIRECT
RS62057151	RS242559	EUR	0.90659	PLINK2_1KG_DIRECT
RS62057151	RS62062793	EUR	0.952306	PLINK2_1KG_DIRECT
RS62057151	RS62062794	EUR	0.952306	PLINK2_1KG_DIRECT
RS62057151	RS78556223	EUR	0.941853	PLINK2_1KG_DIRECT
RS62057151	RS242561	EUR	0.952306	PLINK2_1KG_DIRECT
RS62057151	RS62062795	EUR	0.952306	PLINK2_1KG_DIRECT
RS62057151	RS62062796	EUR	0.952306	PLINK2_1KG_DIRECT
RS62057151	RS62062797	EUR	0.952306	PLINK2_1KG_DIRECT
RS62057151	RS62062798	EUR	0.952306	PLINK2_1KG_DIRECT
RS62057151	RS62062799	EUR	0.952306	PLINK2_1KG_DIRECT
RS62057151	RS62062800	EUR	0.952306	PLINK2_1KG_DIRECT
RS62057151	RS62062801	EUR	0.952306	PLINK2_1KG_DIRECT
RS62057151	RS62062802	EUR	0.952306	PLINK2_1KG_DIRECT
RS62057151	RS62062803	EUR	0.952306	PLINK2_1KG_DIRECT
RS62057151	RS74903707	EUR	0.952306	PLINK2_1KG_DIRECT
RS62057151	RS77017444	EUR	0.952306	PLINK2_1KG_DIRECT
RS62057151	RS76839282	EUR	0.952306	PLINK2_1KG_DIRECT
RS62057151	RS17650579	EUR	0.952306	PLINK2_1KG_DIRECT
RS62057151	RS17650597	EUR	0.952306	PLINK2_1KG_DIRECT
RS62057151	RS17650633	EUR	0.952306	PLINK2_1KG_DIRECT
RS62057151	RS17650651	EUR	0.952306	PLINK2_1KG_DIRECT
RS62057151	RS62062805	EUR	0.952306	PLINK2_1KG_DIRECT
RS62057151	RS62062806	EUR	0.952306	PLINK2_1KG_DIRECT
RS62057151	RS55978005	EUR	0.952306	PLINK2_1KG_DIRECT
RS62057151	RS55946323	EUR	0.947073	PLINK2_1KG_DIRECT
RS62057151	RS56317731	EUR	0.952306	PLINK2_1KG_DIRECT
RS62057151	RS55821155	EUR	0.952306	PLINK2_1KG_DIRECT
RS62057151	RS56080482	EUR	0.952306	PLINK2_1KG_DIRECT
RS62057151	RS17571718	EUR	0.952306	PLINK2_1KG_DIRECT
RS62057151	RS78555354	EUR	0.952306	PLINK2_1KG_DIRECT
RS62057151	RS17571739	EUR	0.952306	PLINK2_1KG_DIRECT
RS62057151	RS62062813	EUR	0.952306	PLINK2_1KG_DIRECT
RS62057151	RS62063262	EUR	0.952306	PLINK2_1KG_DIRECT
RS62057151	RS113520245	EUR	0.952306	PLINK2_1KG_DIRECT
RS62057151	RS113277432	EUR	0.952306	PLINK2_1KG_DIRECT
RS62057151	RS112950348	EUR	0.952306	PLINK2_1KG_DIRECT
RS62057151	RS62063263	EUR	0.952306	PLINK2_1KG_DIRECT
RS62057151	RS62063264	EUR	0.952306	PLINK2_1KG_DIRECT
RS62057151	RS62063265	EUR	0.952306	PLINK2_1KG_DIRECT
RS62057151	RS62063266	EUR	0.952306	PLINK2_1KG_DIRECT
RS62057151	RS17571781	EUR	0.952306	PLINK2_1KG_DIRECT
RS62057151	RS62063269	EUR	0.952306	PLINK2_1KG_DIRECT
RS62057151	RS17571809	EUR	0.952306	PLINK2_1KG_DIRECT
RS62057151	RS17650771	EUR	0.952306	PLINK2_1KG_DIRECT
RS62057151	RS77555455	EUR	0.952306	PLINK2_1KG_DIRECT
RS62057151	RS17571857	EUR	0.952306	PLINK2_1KG_DIRECT
RS62057151	RS62063271	EUR	0.952306	PLINK2_1KG_DIRECT
RS62057151	RS572616442	EUR	0.952306	PLINK2_1KG_DIRECT
RS62057151	RS62063275	EUR	0.952306	PLINK2_1KG_DIRECT
RS62057151	RS62063276	EUR	0.947022	PLINK2_1KG_DIRECT
RS62057151	RS62063277	EUR	0.952306	PLINK2_1KG_DIRECT
RS62057151	RS17650818	EUR	0.952306	PLINK2_1KG_DIRECT
RS62057151	RS62063278	EUR	0.952306	PLINK2_1KG_DIRECT
RS62057151	RS62063279	EUR	0.952306	PLINK2_1KG_DIRECT
RS62057151	RS113793114	EUR	0.952306	PLINK2_1KG_DIRECT
RS62057151	RS62063280	EUR	0.952306	PLINK2_1KG_DIRECT
RS62057151	RS17650842	EUR	0.952306	PLINK2_1KG_DIRECT
RS62057151	RS62063281	EUR	0.931351	PLINK2_1KG_DIRECT
RS62057151	RS17650860	EUR	0.947022	PLINK2_1KG_DIRECT
RS62057151	RS62063282	EUR	0.947022	PLINK2_1KG_DIRECT
RS62057151	RS111520035	EUR	0.94178	PLINK2_1KG_DIRECT
RS62057151	RS17650872	EUR	0.947022	PLINK2_1KG_DIRECT
RS62057151	RS17650901	EUR	0.947022	PLINK2_1KG_DIRECT
RS62057151	RS55780945	EUR	0.947022	PLINK2_1KG_DIRECT
RS62057151	RS55711941	EUR	0.947022	PLINK2_1KG_DIRECT
RS62057151	RS55709241	EUR	0.947022	PLINK2_1KG_DIRECT
RS62057151	RS56280951	EUR	0.947022	PLINK2_1KG_DIRECT
RS62057151	RS112058117	EUR	0.947022	PLINK2_1KG_DIRECT
RS62057151	RS112206871	EUR	0.947022	PLINK2_1KG_DIRECT
RS62057151	RS56166491	EUR	0.947022	PLINK2_1KG_DIRECT
RS62057151	RS56226437	EUR	0.947022	PLINK2_1KG_DIRECT
RS62057151	RS55907036	EUR	0.947022	PLINK2_1KG_DIRECT
RS62057151	RS56294117	EUR	0.947022	PLINK2_1KG_DIRECT
RS62057151	RS112415880	EUR	0.947022	PLINK2_1KG_DIRECT
RS62057151	RS62063291	EUR	0.947022	PLINK2_1KG_DIRECT
RS62057151	RS62063292	EUR	0.947022	PLINK2_1KG_DIRECT
RS62057151	RS62063293	EUR	0.947022	PLINK2_1KG_DIRECT
RS62057151	RS62063294	EUR	0.94178	PLINK2_1KG_DIRECT
RS62057151	RS17650973	EUR	0.947022	PLINK2_1KG_DIRECT
RS62057151	RS62063295	EUR	0.947022	PLINK2_1KG_DIRECT
RS62057151	RS17650991	EUR	0.947022	PLINK2_1KG_DIRECT
RS62057151	RS75145092	EUR	0.947022	PLINK2_1KG_DIRECT
RS62057151	RS113857334	EUR	0.947022	PLINK2_1KG_DIRECT
RS62057151	RS17572147	EUR	0.947022	PLINK2_1KG_DIRECT
RS62057151	RS77513497	EUR	0.947022	PLINK2_1KG_DIRECT
RS62057151	RS17572169	EUR	0.947022	PLINK2_1KG_DIRECT
RS62057151	RS62063296	EUR	0.947022	PLINK2_1KG_DIRECT
RS62057151	RS62641967	EUR	0.947022	PLINK2_1KG_DIRECT
RS62057151	RS74373419	EUR	0.947022	PLINK2_1KG_DIRECT
RS62057151	RS62063297	EUR	0.947022	PLINK2_1KG_DIRECT
RS62057151	RS62063298	EUR	0.947022	PLINK2_1KG_DIRECT
RS62057151	RS62063299	EUR	0.947022	PLINK2_1KG_DIRECT
RS62057151	RS62063300	EUR	0.947022	PLINK2_1KG_DIRECT
RS62057151	RS62063303	EUR	0.947022	PLINK2_1KG_DIRECT
RS62057151	RS75242405	EUR	0.947022	PLINK2_1KG_DIRECT
RS62057151	RS17651093	EUR	0.947022	PLINK2_1KG_DIRECT
RS62057151	RS17572248	EUR	0.947022	PLINK2_1KG_DIRECT
RS62057151	RS62063304	EUR	0.947022	PLINK2_1KG_DIRECT
RS62057151	RS62063305	EUR	0.947022	PLINK2_1KG_DIRECT
RS62057151	RS17651134	EUR	0.947022	PLINK2_1KG_DIRECT
RS62057151	RS62063306	EUR	0.947022	PLINK2_1KG_DIRECT
RS62057151	RS62063774	EUR	0.947022	PLINK2_1KG_DIRECT
RS62057151	RS62063775	EUR	0.947022	PLINK2_1KG_DIRECT
RS62057151	RS62063776	EUR	0.947022	PLINK2_1KG_DIRECT
RS62057151	RS117124984	EUR	0.947022	PLINK2_1KG_DIRECT
RS62057151	RS118087478	EUR	0.947022	PLINK2_1KG_DIRECT
RS62057151	RS77875796	EUR	0.947022	PLINK2_1KG_DIRECT
RS62057151	RS1800547	EUR	0.947022	PLINK2_1KG_DIRECT
RS62057151	RS17651213	EUR	0.947022	PLINK2_1KG_DIRECT
RS62057151	RS17572361	EUR	0.947022	PLINK2_1KG_DIRECT
RS62057151	RS17651243	EUR	0.947022	PLINK2_1KG_DIRECT
RS62057151	RS78104015	EUR	0.947022	PLINK2_1KG_DIRECT
RS62057151	RS62063777	EUR	0.947022	PLINK2_1KG_DIRECT
RS62057151	RS2217394	EUR	0.947022	PLINK2_1KG_DIRECT
RS62057151	RS62063778	EUR	0.947022	PLINK2_1KG_DIRECT
RS62057151	RS17651285	EUR	0.947022	PLINK2_1KG_DIRECT
RS62057151	RS17572467	EUR	0.947022	PLINK2_1KG_DIRECT
RS62057151	RS17572495	EUR	0.947022	PLINK2_1KG_DIRECT
RS62057151	RS62063779	EUR	0.947022	PLINK2_1KG_DIRECT
RS62057151	RS754513	EUR	0.947022	PLINK2_1KG_DIRECT
RS62057151	RS754512	EUR	0.947022	PLINK2_1KG_DIRECT
RS62057151	RS62063780	EUR	0.947022	PLINK2_1KG_DIRECT
RS62057151	RS2163129	EUR	0.947022	PLINK2_1KG_DIRECT
RS62057151	RS2163130	EUR	0.947022	PLINK2_1KG_DIRECT
RS62057151	RS1981997	EUR	0.947022	PLINK2_1KG_DIRECT
RS62057151	RS1981998	EUR	0.947022	PLINK2_1KG_DIRECT
RS62057151	RS17572613	EUR	0.947022	PLINK2_1KG_DIRECT
RS62057151	RS77527347	EUR	0.94178	PLINK2_1KG_DIRECT
RS62057151	RS17572627	EUR	0.94178	PLINK2_1KG_DIRECT
RS62057151	RS17651483	EUR	0.947022	PLINK2_1KG_DIRECT
RS62057151	RS62063783	EUR	0.947022	PLINK2_1KG_DIRECT
RS62057151	RS62063784	EUR	0.947022	PLINK2_1KG_DIRECT
RS62057151	RS56234850	EUR	0.947022	PLINK2_1KG_DIRECT
RS62057151	RS63750417	EUR	0.947022	PLINK2_1KG_DIRECT
RS62057151	RS62063786	EUR	0.947022	PLINK2_1KG_DIRECT
RS62057151	RS62063787	EUR	0.947022	PLINK2_1KG_DIRECT
RS62057151	RS17651549	EUR	0.947022	PLINK2_1KG_DIRECT
RS62057151	RS538726790	EUR	0.947022	PLINK2_1KG_DIRECT
RS62057151	RS554819069	EUR	0.947022	PLINK2_1KG_DIRECT
RS62057151	RS576389326	EUR	0.947022	PLINK2_1KG_DIRECT
RS62057151	RS541425496	EUR	0.931426	PLINK2_1KG_DIRECT
RS62057151	RS559376136	EUR	0.947022	PLINK2_1KG_DIRECT
RS62057151	RS530157802	EUR	0.947022	PLINK2_1KG_DIRECT
RS62057151	RS541986174	EUR	0.947022	PLINK2_1KG_DIRECT
RS62057151	RS531217003	EUR	0.947022	PLINK2_1KG_DIRECT
RS62057151	RS571131167	EUR	0.947022	PLINK2_1KG_DIRECT
RS62057151	RS547435395	EUR	0.947022	PLINK2_1KG_DIRECT
RS62057151	RS565744479	EUR	0.947022	PLINK2_1KG_DIRECT
RS62057151	RS537342897	EUR	0.947022	PLINK2_1KG_DIRECT
RS62057151	RS577071575	EUR	0.947022	PLINK2_1KG_DIRECT
RS62057151	RS552965964	EUR	0.947022	PLINK2_1KG_DIRECT
RS62057151	RS10445371	EUR	0.947022	PLINK2_1KG_DIRECT
RS62057151	RS919461	EUR	0.947022	PLINK2_1KG_DIRECT
RS62057151	RS919462	EUR	0.947022	PLINK2_1KG_DIRECT
RS62057151	RS919464	EUR	0.947022	PLINK2_1KG_DIRECT
RS62057151	RS62063794	EUR	0.947022	PLINK2_1KG_DIRECT
RS62057151	RS112385572	EUR	0.947022	PLINK2_1KG_DIRECT
RS62057151	RS17651700	EUR	0.947022	PLINK2_1KG_DIRECT
RS62057151	RS113134013	EUR	0.947022	PLINK2_1KG_DIRECT
RS62057151	RS76357066	EUR	0.947022	PLINK2_1KG_DIRECT
RS62057151	RS10445337	EUR	0.947022	PLINK2_1KG_DIRECT
RS62057151	RS79447161	EUR	0.947022	PLINK2_1KG_DIRECT
RS62057151	RS17651754	EUR	0.947022	PLINK2_1KG_DIRECT
RS62057151	RS10445338	EUR	0.947022	PLINK2_1KG_DIRECT
RS62057151	RS111652694	EUR	0.947022	PLINK2_1KG_DIRECT
RS62057151	RS75743061	EUR	0.931351	PLINK2_1KG_DIRECT
RS62057151	RS62063795	EUR	0.94178	PLINK2_1KG_DIRECT
RS62057151	RS62063796	EUR	0.94178	PLINK2_1KG_DIRECT
RS62057151	RS62063797	EUR	0.94178	PLINK2_1KG_DIRECT
RS62057151	RS77290642	EUR	0.947022	PLINK2_1KG_DIRECT
RS62057151	RS76618565	EUR	0.947022	PLINK2_1KG_DIRECT
RS62057151	RS62063798	EUR	0.947022	PLINK2_1KG_DIRECT
RS62057151	RS1052551	EUR	0.947022	PLINK2_1KG_DIRECT
RS62057151	RS62063799	EUR	0.947022	PLINK2_1KG_DIRECT
RS62057151	RS62063800	EUR	0.947022	PLINK2_1KG_DIRECT
RS62057151	RS17651857	EUR	0.947022	PLINK2_1KG_DIRECT
RS62057151	RS74759276	EUR	0.947022	PLINK2_1KG_DIRECT
RS62057151	RS17651887	EUR	0.947022	PLINK2_1KG_DIRECT
RS62057151	RS78599197	EUR	0.947022	PLINK2_1KG_DIRECT
RS62057151	RS62063842	EUR	0.947022	PLINK2_1KG_DIRECT
RS62057151	RS55662347	EUR	0.947022	PLINK2_1KG_DIRECT
RS62057151	RS55913645	EUR	0.947022	PLINK2_1KG_DIRECT
RS62057151	RS17573175	EUR	0.947022	PLINK2_1KG_DIRECT
RS62057151	RS62063845	EUR	0.947022	PLINK2_1KG_DIRECT
RS62057151	RS62063846	EUR	0.947022	PLINK2_1KG_DIRECT
RS62057151	RS55736025	EUR	0.947022	PLINK2_1KG_DIRECT
RS62057151	RS55886080	EUR	0.947022	PLINK2_1KG_DIRECT
RS62057151	RS75944932	EUR	0.947022	PLINK2_1KG_DIRECT
RS62057151	RS17573245	EUR	0.94178	PLINK2_1KG_DIRECT
RS62057151	RS17573266	EUR	0.947022	PLINK2_1KG_DIRECT
RS62057151	RS112572874	EUR	0.947022	PLINK2_1KG_DIRECT
RS62057151	RS17652036	EUR	0.947022	PLINK2_1KG_DIRECT
RS62057151	RS62063849	EUR	0.947022	PLINK2_1KG_DIRECT
RS62057151	RS17652066	EUR	0.947022	PLINK2_1KG_DIRECT
RS62057151	RS62063850	EUR	0.94178	PLINK2_1KG_DIRECT
RS62057151	RS1052553	EUR	0.94178	PLINK2_1KG_DIRECT
RS62057151	RS17652121	EUR	0.947022	PLINK2_1KG_DIRECT
RS62057151	RS62063851	EUR	0.947022	PLINK2_1KG_DIRECT
RS62057151	RS62063852	EUR	0.947022	PLINK2_1KG_DIRECT
RS62057151	RS62063853	EUR	0.947022	PLINK2_1KG_DIRECT
RS62057151	RS62063854	EUR	0.947022	PLINK2_1KG_DIRECT
RS62057151	RS2004673	EUR	0.947022	PLINK2_1KG_DIRECT
RS62057151	RS2004674	EUR	0.947022	PLINK2_1KG_DIRECT
RS62057151	RS62063855	EUR	0.947022	PLINK2_1KG_DIRECT
RS62057151	RS1078269	EUR	0.947022	PLINK2_1KG_DIRECT
RS62057151	RS1078268	EUR	0.947022	PLINK2_1KG_DIRECT
RS62057151	RS62063856	EUR	0.947022	PLINK2_1KG_DIRECT
RS62057151	RS62063857	EUR	0.947022	PLINK2_1KG_DIRECT
RS62057151	RS79959255	EUR	0.947022	PLINK2_1KG_DIRECT
RS62057151	RS56301633	EUR	0.947022	PLINK2_1KG_DIRECT
RS62057151	RS56108300	EUR	0.947022	PLINK2_1KG_DIRECT
RS62057151	RS62063859	EUR	0.947022	PLINK2_1KG_DIRECT
RS62057151	RS62064660	EUR	0.94178	PLINK2_1KG_DIRECT
RS62057151	RS62064661	EUR	0.947022	PLINK2_1KG_DIRECT
RS62057151	RS17573447	EUR	0.936582	PLINK2_1KG_DIRECT
RS62057151	RS62064662	EUR	0.947022	PLINK2_1KG_DIRECT
RS62057151	RS62064663	EUR	0.947022	PLINK2_1KG_DIRECT
RS62057151	RS8070723	EUR	0.947022	PLINK2_1KG_DIRECT
RS62057151	RS17573509	EUR	0.947022	PLINK2_1KG_DIRECT
RS62057151	RS62064664	EUR	0.947022	PLINK2_1KG_DIRECT
RS62057151	RS62064665	EUR	0.947022	PLINK2_1KG_DIRECT
RS62057151	RS111324579	EUR	0.947022	PLINK2_1KG_DIRECT
RS62057151	RS113201171	EUR	0.947022	PLINK2_1KG_DIRECT
RS62057151	RS62064666	EUR	0.947022	PLINK2_1KG_DIRECT
RS62057151	RS62064667	EUR	0.947022	PLINK2_1KG_DIRECT
RS62057151	RS17573593	EUR	0.947022	PLINK2_1KG_DIRECT
RS62057151	RS62064668	EUR	0.947022	PLINK2_1KG_DIRECT
RS62057151	RS17573607	EUR	0.941789	PLINK2_1KG_DIRECT
RS62057151	RS17652337	EUR	0.931351	PLINK2_1KG_DIRECT
RS62057151	RS1991556	EUR	0.926196	PLINK2_1KG_DIRECT
RS62057151	RS74829364	EUR	0.947022	PLINK2_1KG_DIRECT
RS62057151	RS62064669	EUR	0.947022	PLINK2_1KG_DIRECT
RS62057151	RS78962882	EUR	0.947022	PLINK2_1KG_DIRECT
RS62057151	RS62064670	EUR	0.947022	PLINK2_1KG_DIRECT
RS62057151	RS62064671	EUR	0.947022	PLINK2_1KG_DIRECT
RS62057151	RS62064672	EUR	0.947022	PLINK2_1KG_DIRECT
RS62057151	RS62064674	EUR	0.947022	PLINK2_1KG_DIRECT
RS62057151	RS62064675	EUR	0.947022	PLINK2_1KG_DIRECT
RS62057151	RS17652449	EUR	0.947022	PLINK2_1KG_DIRECT
RS62057151	RS76723223	EUR	0.936582	PLINK2_1KG_DIRECT
RS62057151	RS733966	EUR	0.947022	PLINK2_1KG_DIRECT
RS62057151	RS733967	EUR	0.947022	PLINK2_1KG_DIRECT
RS62057151	RS733968	EUR	0.947022	PLINK2_1KG_DIRECT
RS62057151	RS733969	EUR	0.947022	PLINK2_1KG_DIRECT
RS62057151	RS4283261	EUR	0.94178	PLINK2_1KG_DIRECT
RS62057151	RS62062265	EUR	0.947022	PLINK2_1KG_DIRECT
RS62057151	RS75666751	EUR	0.947022	PLINK2_1KG_DIRECT
RS62057151	RS4306559	EUR	0.947022	PLINK2_1KG_DIRECT
RS62057151	RS747152	EUR	0.947022	PLINK2_1KG_DIRECT
RS62057151	RS12150254	EUR	0.947022	PLINK2_1KG_DIRECT
RS62057151	RS551853349	EUR	0.947022	PLINK2_1KG_DIRECT
RS62057151	RS12150170	EUR	0.947022	PLINK2_1KG_DIRECT
RS62057151	RS12150515	EUR	0.947022	PLINK2_1KG_DIRECT
RS62057151	RS62062266	EUR	0.947022	PLINK2_1KG_DIRECT
RS62057151	RS17573858	EUR	0.947022	PLINK2_1KG_DIRECT
RS62057151	RS62062267	EUR	0.947022	PLINK2_1KG_DIRECT
RS62057151	RS62062268	EUR	0.947022	PLINK2_1KG_DIRECT
RS62057151	RS62062269	EUR	0.947022	PLINK2_1KG_DIRECT
RS62057151	RS62062270	EUR	0.947022	PLINK2_1KG_DIRECT
RS62057151	RS75534191	EUR	0.947022	PLINK2_1KG_DIRECT
RS62057151	RS9891103	EUR	0.916209	PLINK2_1KG_DIRECT
RS62057151	RS12150469	EUR	0.947022	PLINK2_1KG_DIRECT
RS62057151	RS12149995	EUR	0.947022	PLINK2_1KG_DIRECT
RS62057151	RS62062274	EUR	0.947022	PLINK2_1KG_DIRECT
RS62057151	RS62062275	EUR	0.947022	PLINK2_1KG_DIRECT
RS62057151	RS62062276	EUR	0.947022	PLINK2_1KG_DIRECT
RS62057151	RS62062278	EUR	0.947022	PLINK2_1KG_DIRECT
RS62057151	RS62062281	EUR	0.947022	PLINK2_1KG_DIRECT
RS62057151	RS62062282	EUR	0.947022	PLINK2_1KG_DIRECT
RS62057151	RS17652502	EUR	0.94178	PLINK2_1KG_DIRECT
RS62057151	RS2316948	EUR	0.947022	PLINK2_1KG_DIRECT
RS62057151	RS62062283	EUR	0.947022	PLINK2_1KG_DIRECT
RS62057151	RS111976319	EUR	0.947022	PLINK2_1KG_DIRECT
RS62057151	RS58879558	EUR	0.896482	PLINK2_1KG_DIRECT
RS62057151	RS62062284	EUR	0.947022	PLINK2_1KG_DIRECT
RS62057151	RS62062285	EUR	0.936548	PLINK2_1KG_DIRECT
RS62057151	RS62062286	EUR	0.947022	PLINK2_1KG_DIRECT
RS62057151	RS62062288	EUR	0.8951	PLINK2_1KG_DIRECT
RS62057151	RS62062289	EUR	0.947022	PLINK2_1KG_DIRECT
RS62057151	RS542241702	EUR	0.93657	PLINK2_1KG_DIRECT
RS62057151	RS17652520	EUR	0.931426	PLINK2_1KG_DIRECT
RS62057151	RS17573907	EUR	0.947022	PLINK2_1KG_DIRECT
RS62057151	RS62062290	EUR	0.941789	PLINK2_1KG_DIRECT
RS62057151	RS55726761	EUR	0.947022	PLINK2_1KG_DIRECT
RS62057151	RS62062292	EUR	0.947022	PLINK2_1KG_DIRECT
RS62057151	RS77747656	EUR	0.947022	PLINK2_1KG_DIRECT
RS62057151	RS62062293	EUR	0.947022	PLINK2_1KG_DIRECT
RS62057151	RS62062294	EUR	0.94178	PLINK2_1KG_DIRECT
RS62057151	RS62062295	EUR	0.947022	PLINK2_1KG_DIRECT
RS62057151	RS62062296	EUR	0.947022	PLINK2_1KG_DIRECT
RS62057151	RS62062297	EUR	0.947022	PLINK2_1KG_DIRECT
RS62057151	RS9468	EUR	0.94178	PLINK2_1KG_DIRECT
RS62057151	RS8712	EUR	0.94178	PLINK2_1KG_DIRECT
RS62057151	RS1052587	EUR	0.947022	PLINK2_1KG_DIRECT
RS62057151	RS1052590	EUR	0.947022	PLINK2_1KG_DIRECT
RS62057151	RS1052594	EUR	0.936548	PLINK2_1KG_DIRECT
RS62057151	RS17574040	EUR	0.947022	PLINK2_1KG_DIRECT
RS62057151	RS16940799	EUR	0.947022	PLINK2_1KG_DIRECT
RS62057151	RS7687	EUR	0.947022	PLINK2_1KG_DIRECT
RS62057151	RS17652748	EUR	0.947022	PLINK2_1KG_DIRECT
RS62057151	RS75010486	EUR	0.947022	PLINK2_1KG_DIRECT
RS62057151	RS16940806	EUR	0.947022	PLINK2_1KG_DIRECT
RS62057151	RS2158257	EUR	0.947022	PLINK2_1KG_DIRECT
RS62057151	RS17574228	EUR	0.947022	PLINK2_1KG_DIRECT
RS62057151	RS78681971	EUR	0.947022	PLINK2_1KG_DIRECT
RS62057151	RS79772576	EUR	0.94178	PLINK2_1KG_DIRECT
RS62057151	RS78229689	EUR	0.947022	PLINK2_1KG_DIRECT
RS62057151	RS7350928	EUR	0.947022	PLINK2_1KG_DIRECT
RS62057151	RS17574361	EUR	0.947022	PLINK2_1KG_DIRECT
RS62057151	RS17652961	EUR	0.947022	PLINK2_1KG_DIRECT
RS62057151	RS34579536	EUR	0.947022	PLINK2_1KG_DIRECT
RS62057151	RS17574425	EUR	0.947022	PLINK2_1KG_DIRECT
RS62057151	RS55881134	EUR	0.947022	PLINK2_1KG_DIRECT
RS62057151	RS1076222	EUR	0.947022	PLINK2_1KG_DIRECT
RS62057151	RS7350980	EUR	0.916209	PLINK2_1KG_DIRECT
RS62057151	RS36076725	EUR	0.947022	PLINK2_1KG_DIRECT
RS62057151	RS35833914	EUR	0.947022	PLINK2_1KG_DIRECT
RS62057151	RS4597358	EUR	0.916209	PLINK2_1KG_DIRECT
RS62057151	RS77009866	EUR	0.947022	PLINK2_1KG_DIRECT
RS62057151	RS62062321	EUR	0.947022	PLINK2_1KG_DIRECT
RS62057151	RS17574604	EUR	0.947022	PLINK2_1KG_DIRECT
RS62057151	RS17653162	EUR	0.947022	PLINK2_1KG_DIRECT
RS62057151	RS62062322	EUR	0.947022	PLINK2_1KG_DIRECT
RS62057151	RS17653193	EUR	0.947022	PLINK2_1KG_DIRECT
RS62057151	RS17653211	EUR	0.947022	PLINK2_1KG_DIRECT
RS62057151	RS17653255	EUR	0.947022	PLINK2_1KG_DIRECT
RS62057151	RS4608377	EUR	0.947022	PLINK2_1KG_DIRECT
RS62057151	RS12185225	EUR	0.947022	PLINK2_1KG_DIRECT
RS62057151	RS12150438	EUR	0.947022	PLINK2_1KG_DIRECT
RS62057151	RS12150162	EUR	0.947022	PLINK2_1KG_DIRECT
RS62057151	RS62062134	EUR	0.947022	PLINK2_1KG_DIRECT
RS62057151	RS17574796	EUR	0.947022	PLINK2_1KG_DIRECT
RS62057151	RS17574824	EUR	0.947022	PLINK2_1KG_DIRECT
RS62057151	RS12185243	EUR	0.947022	PLINK2_1KG_DIRECT
RS62057151	RS8077487	EUR	0.916209	PLINK2_1KG_DIRECT
RS62057151	RS11079729	EUR	0.947022	PLINK2_1KG_DIRECT
RS62057151	RS12150542	EUR	0.947022	PLINK2_1KG_DIRECT
RS62057151	RS12150090	EUR	0.947022	PLINK2_1KG_DIRECT
RS62057151	RS41437445	EUR	0.947022	PLINK2_1KG_DIRECT
RS62057151	RS62062136	EUR	0.947022	PLINK2_1KG_DIRECT
RS62057151	RS7221390	EUR	0.916209	PLINK2_1KG_DIRECT
RS62057151	RS34043286	EUR	0.947022	PLINK2_1KG_DIRECT
RS62057151	RS10514897	EUR	0.947022	PLINK2_1KG_DIRECT
RS62057151	RS62062137	EUR	0.947022	PLINK2_1KG_DIRECT
RS62057151	RS41382552	EUR	0.947022	PLINK2_1KG_DIRECT
RS62057151	RS55893711	EUR	0.947022	PLINK2_1KG_DIRECT
RS62057151	RS10514898	EUR	0.947022	PLINK2_1KG_DIRECT
RS62057151	RS41374248	EUR	0.947022	PLINK2_1KG_DIRECT
RS62057151	RS79252344	EUR	0.947022	PLINK2_1KG_DIRECT
RS62057151	RS569670697	EUR	0.947022	PLINK2_1KG_DIRECT
RS62057151	RS575200428	EUR	0.947022	PLINK2_1KG_DIRECT
RS62057151	RS529844822	EUR	0.947022	PLINK2_1KG_DIRECT
RS62057151	RS62063670	EUR	0.947022	PLINK2_1KG_DIRECT
RS62057151	RS74571696	EUR	0.947022	PLINK2_1KG_DIRECT
RS62057151	RS79698033	EUR	0.947022	PLINK2_1KG_DIRECT
RS62057151	RS79065019	EUR	0.947022	PLINK2_1KG_DIRECT
RS62057151	RS62063671	EUR	0.947022	PLINK2_1KG_DIRECT
RS62057151	RS112578465	EUR	0.947022	PLINK2_1KG_DIRECT
RS62057151	RS62063673	EUR	0.947022	PLINK2_1KG_DIRECT
RS62057151	RS12150336	EUR	0.947022	PLINK2_1KG_DIRECT
RS62057151	RS12150570	EUR	0.947022	PLINK2_1KG_DIRECT
RS62057151	RS7218319	EUR	0.916209	PLINK2_1KG_DIRECT
RS62057151	RS112746008	EUR	0.947022	PLINK2_1KG_DIRECT
RS62057151	RS112333322	EUR	0.947022	PLINK2_1KG_DIRECT
RS62057151	RS111327992	EUR	0.947022	PLINK2_1KG_DIRECT
RS62057151	RS113434679	EUR	0.767369	PLINK2_1KG_DIRECT
RS62057151	RS74977736	EUR	0.947022	PLINK2_1KG_DIRECT
RS62057151	RS12150447	EUR	0.947022	PLINK2_1KG_DIRECT
RS62057151	RS12150064	EUR	0.947022	PLINK2_1KG_DIRECT
RS62057151	RS17653836	EUR	0.947022	PLINK2_1KG_DIRECT
RS62057151	RS17575423	EUR	0.947022	PLINK2_1KG_DIRECT
RS62057151	RS62063676	EUR	0.947022	PLINK2_1KG_DIRECT
RS62057151	RS62063677	EUR	0.947022	PLINK2_1KG_DIRECT
RS62057151	RS62063678	EUR	0.947022	PLINK2_1KG_DIRECT
RS62057151	RS79649865	EUR	0.947022	PLINK2_1KG_DIRECT
RS62057151	RS111853996	EUR	0.947022	PLINK2_1KG_DIRECT
RS62057151	RS112674766	EUR	0.947022	PLINK2_1KG_DIRECT
RS62057151	RS112074397	EUR	0.947022	PLINK2_1KG_DIRECT
RS62057151	RS62063680	EUR	0.947022	PLINK2_1KG_DIRECT
RS62057151	RS62063681	EUR	0.947022	PLINK2_1KG_DIRECT
RS62057151	RS62063682	EUR	0.947022	PLINK2_1KG_DIRECT
RS62057151	RS62063683	EUR	0.947022	PLINK2_1KG_DIRECT
RS62057151	RS79180862	EUR	0.947022	PLINK2_1KG_DIRECT
RS62057151	RS62063684	EUR	0.947022	PLINK2_1KG_DIRECT
RS62057151	RS545434959	EUR	0.947022	PLINK2_1KG_DIRECT
RS62057151	RS62063687	EUR	0.947022	PLINK2_1KG_DIRECT
RS62057151	RS62060760	EUR	0.947022	PLINK2_1KG_DIRECT
RS62057151	RS17575437	EUR	0.947022	PLINK2_1KG_DIRECT
RS62057151	RS17653889	EUR	0.947022	PLINK2_1KG_DIRECT
RS62057151	RS17653906	EUR	0.947022	PLINK2_1KG_DIRECT
RS62057151	RS62060761	EUR	0.947022	PLINK2_1KG_DIRECT
RS62057151	RS62060762	EUR	0.947022	PLINK2_1KG_DIRECT
RS62057151	RS62060763	EUR	0.947022	PLINK2_1KG_DIRECT
RS62057151	RS111259120	EUR	0.947022	PLINK2_1KG_DIRECT
RS62057151	RS62060764	EUR	0.947022	PLINK2_1KG_DIRECT
RS62057151	RS62060765	EUR	0.947022	PLINK2_1KG_DIRECT
RS62057151	RS17575507	EUR	0.947022	PLINK2_1KG_DIRECT
RS62057151	RS876944	EUR	0.947022	PLINK2_1KG_DIRECT
RS62057151	RS62060767	EUR	0.947022	PLINK2_1KG_DIRECT
RS62057151	RS62060768	EUR	0.947022	PLINK2_1KG_DIRECT
RS62057151	RS62060769	EUR	0.947022	PLINK2_1KG_DIRECT
RS62057151	RS1107820	EUR	0.947022	PLINK2_1KG_DIRECT
RS62057151	RS17575556	EUR	0.94178	PLINK2_1KG_DIRECT
RS62057151	RS17653998	EUR	0.947022	PLINK2_1KG_DIRECT
RS62057151	RS111372048	EUR	0.947022	PLINK2_1KG_DIRECT
RS62057151	RS62060785	EUR	0.947022	PLINK2_1KG_DIRECT
RS62057151	RS62060786	EUR	0.947022	PLINK2_1KG_DIRECT
RS62057151	RS62060787	EUR	0.947022	PLINK2_1KG_DIRECT
RS62057151	RS41384744	EUR	0.947022	PLINK2_1KG_DIRECT
RS62057151	RS55714296	EUR	0.947022	PLINK2_1KG_DIRECT
RS62057151	RS55690782	EUR	0.947022	PLINK2_1KG_DIRECT
RS62057151	RS17654016	EUR	0.947022	PLINK2_1KG_DIRECT
RS62057151	RS7220752	EUR	0.916209	PLINK2_1KG_DIRECT
RS62057151	RS2316951	EUR	0.94178	PLINK2_1KG_DIRECT
RS62057151	RS2316952	EUR	0.947022	PLINK2_1KG_DIRECT
RS62057151	RS17575683	EUR	0.947022	PLINK2_1KG_DIRECT
RS62057151	RS112411928	EUR	0.947022	PLINK2_1KG_DIRECT
RS62057151	RS2316953	EUR	0.947022	PLINK2_1KG_DIRECT
RS62057151	RS2838	EUR	0.947022	PLINK2_1KG_DIRECT
RS62057151	RS12150127	EUR	0.947022	PLINK2_1KG_DIRECT
RS62057151	RS62060792	EUR	0.947022	PLINK2_1KG_DIRECT
RS62057151	RS76307183	EUR	0.947022	PLINK2_1KG_DIRECT
RS62057151	RS62060793	EUR	0.947022	PLINK2_1KG_DIRECT
RS62057151	RS62060794	EUR	0.947022	PLINK2_1KG_DIRECT
RS62057151	RS62060795	EUR	0.947022	PLINK2_1KG_DIRECT
RS62057151	RS17575773	EUR	0.947022	PLINK2_1KG_DIRECT
RS62057151	RS62060797	EUR	0.947022	PLINK2_1KG_DIRECT
RS62057151	RS12150344	EUR	0.947022	PLINK2_1KG_DIRECT
RS62057151	RS62060798	EUR	0.936548	PLINK2_1KG_DIRECT
RS62057151	RS62060799	EUR	0.936548	PLINK2_1KG_DIRECT
RS62057151	RS17575822	EUR	0.947022	PLINK2_1KG_DIRECT
RS62057151	RS17575850	EUR	0.947022	PLINK2_1KG_DIRECT
RS62057151	RS17659731	EUR	0.947022	PLINK2_1KG_DIRECT
RS62057151	RS75641221	EUR	0.947022	PLINK2_1KG_DIRECT
RS62057151	RS62060800	EUR	0.947022	PLINK2_1KG_DIRECT
RS62057151	RS62060801	EUR	0.947022	PLINK2_1KG_DIRECT
RS62057151	RS17659743	EUR	0.947022	PLINK2_1KG_DIRECT
RS62057151	RS62060802	EUR	0.947022	PLINK2_1KG_DIRECT
RS62057151	RS75975083	EUR	0.947022	PLINK2_1KG_DIRECT
RS62057151	RS77950913	EUR	0.947022	PLINK2_1KG_DIRECT
RS62057151	RS79782347	EUR	0.947022	PLINK2_1KG_DIRECT
RS62057151	RS56318865	EUR	0.947022	PLINK2_1KG_DIRECT
RS62057151	RS56041778	EUR	0.947022	PLINK2_1KG_DIRECT
RS62057151	RS55947022	EUR	0.947022	PLINK2_1KG_DIRECT
RS62057151	RS55929190	EUR	0.947022	PLINK2_1KG_DIRECT
RS62057151	RS56323408	EUR	0.947022	PLINK2_1KG_DIRECT
RS62057151	RS55831516	EUR	0.94178	PLINK2_1KG_DIRECT
RS62057151	RS62060809	EUR	0.94178	PLINK2_1KG_DIRECT
RS62057151	RS62060810	EUR	0.94178	PLINK2_1KG_DIRECT
RS62057151	RS1117253	EUR	0.947022	PLINK2_1KG_DIRECT
RS62057151	RS12150625	EUR	0.947022	PLINK2_1KG_DIRECT
RS62057151	RS12150627	EUR	0.947022	PLINK2_1KG_DIRECT
RS62057151	RS12150628	EUR	0.947022	PLINK2_1KG_DIRECT
RS62057151	RS12150611	EUR	0.947022	PLINK2_1KG_DIRECT
RS62057151	RS74850776	EUR	0.947022	PLINK2_1KG_DIRECT
RS62057151	RS974295	EUR	0.947022	PLINK2_1KG_DIRECT
RS62057151	RS974293	EUR	0.947022	PLINK2_1KG_DIRECT
RS62057151	RS974292	EUR	0.947022	PLINK2_1KG_DIRECT
RS62057151	RS974291	EUR	0.947022	PLINK2_1KG_DIRECT
RS62057151	RS12150551	EUR	0.947022	PLINK2_1KG_DIRECT
RS62057151	RS12150558	EUR	0.947022	PLINK2_1KG_DIRECT
RS62057151	RS9907738	EUR	0.916209	PLINK2_1KG_DIRECT
RS62057151	RS62060812	EUR	0.947022	PLINK2_1KG_DIRECT
RS62057151	RS62060834	EUR	0.947022	PLINK2_1KG_DIRECT
RS62057151	RS62060835	EUR	0.947022	PLINK2_1KG_DIRECT
RS62057151	RS62060836	EUR	0.947022	PLINK2_1KG_DIRECT
RS62057151	RS62060838	EUR	0.947022	PLINK2_1KG_DIRECT
RS62057151	RS62060839	EUR	0.947022	PLINK2_1KG_DIRECT
RS62057151	RS62060840	EUR	0.947022	PLINK2_1KG_DIRECT
RS62057151	RS62060841	EUR	0.947022	PLINK2_1KG_DIRECT
RS62057151	RS62060842	EUR	0.941789	PLINK2_1KG_DIRECT
RS62057151	RS62060843	EUR	0.947022	PLINK2_1KG_DIRECT
RS62057151	RS112197756	EUR	0.947022	PLINK2_1KG_DIRECT
RS62057151	RS62060845	EUR	0.947022	PLINK2_1KG_DIRECT
RS62057151	RS62060846	EUR	0.947022	PLINK2_1KG_DIRECT
RS62057151	RS74481389	EUR	0.947022	PLINK2_1KG_DIRECT
RS62057151	RS62060847	EUR	0.947022	PLINK2_1KG_DIRECT
RS62057151	RS56100031	EUR	0.947022	PLINK2_1KG_DIRECT
RS62057151	RS55972730	EUR	0.947022	PLINK2_1KG_DIRECT
RS62057151	RS2066899	EUR	0.916209	PLINK2_1KG_DIRECT
RS62057151	RS17659881	EUR	0.947022	PLINK2_1KG_DIRECT
RS62057151	RS78938131	EUR	0.947022	PLINK2_1KG_DIRECT
RS62057151	RS62060850	EUR	0.947022	PLINK2_1KG_DIRECT
RS62057151	RS62060851	EUR	0.947022	PLINK2_1KG_DIRECT
RS62057151	RS1476554	EUR	0.947022	PLINK2_1KG_DIRECT
RS62057151	RS77138434	EUR	0.947022	PLINK2_1KG_DIRECT
RS62057151	RS111913701	EUR	0.947022	PLINK2_1KG_DIRECT
RS62057151	RS111519055	EUR	0.947022	PLINK2_1KG_DIRECT
RS62057151	RS77925835	EUR	0.947022	PLINK2_1KG_DIRECT
RS62057151	RS17659953	EUR	0.947022	PLINK2_1KG_DIRECT
RS62057151	RS17576165	EUR	0.947022	PLINK2_1KG_DIRECT
RS62057151	RS17576200	EUR	0.947022	PLINK2_1KG_DIRECT
RS62057151	RS62060852	EUR	0.947022	PLINK2_1KG_DIRECT
RS62057151	RS62060853	EUR	0.947022	PLINK2_1KG_DIRECT
RS62057151	RS17660017	EUR	0.947022	PLINK2_1KG_DIRECT
RS62057151	RS113788190	EUR	0.947022	PLINK2_1KG_DIRECT
RS62057151	RS112364920	EUR	0.941789	PLINK2_1KG_DIRECT
RS62057151	RS80028338	EUR	0.947022	PLINK2_1KG_DIRECT
RS62057151	RS62060855	EUR	0.947022	PLINK2_1KG_DIRECT
RS62057151	RS62060856	EUR	0.947022	PLINK2_1KG_DIRECT
RS62057151	RS2316955	EUR	0.947022	PLINK2_1KG_DIRECT
RS62057151	RS17660065	EUR	0.947022	PLINK2_1KG_DIRECT
RS62057151	RS8080583	EUR	0.916209	PLINK2_1KG_DIRECT
RS62057151	RS55864131	EUR	0.947022	PLINK2_1KG_DIRECT
RS62057151	RS62060858	EUR	0.947022	PLINK2_1KG_DIRECT
RS62057151	RS62060859	EUR	0.947022	PLINK2_1KG_DIRECT
RS62057151	RS55692232	EUR	0.947022	PLINK2_1KG_DIRECT
RS62057151	RS3912063	EUR	0.947022	PLINK2_1KG_DIRECT
RS62057151	RS3912062	EUR	0.947022	PLINK2_1KG_DIRECT
RS62057151	RS3912061	EUR	0.947022	PLINK2_1KG_DIRECT
RS62057151	RS3912060	EUR	0.941789	PLINK2_1KG_DIRECT
RS62057151	RS17660132	EUR	0.947022	PLINK2_1KG_DIRECT
RS62057151	RS74348235	EUR	0.947022	PLINK2_1KG_DIRECT
RS62057151	RS62061764	EUR	0.947022	PLINK2_1KG_DIRECT
RS62057151	RS17660167	EUR	0.947022	PLINK2_1KG_DIRECT
RS62057151	RS17660228	EUR	0.947022	PLINK2_1KG_DIRECT
RS62057151	RS17660251	EUR	0.947022	PLINK2_1KG_DIRECT
RS62057151	RS17660294	EUR	0.947022	PLINK2_1KG_DIRECT
RS62057151	RS62061766	EUR	0.947022	PLINK2_1KG_DIRECT
RS62057151	RS79923630	EUR	0.947022	PLINK2_1KG_DIRECT
RS62057151	RS62061767	EUR	0.947022	PLINK2_1KG_DIRECT
RS62057151	RS111364350	EUR	0.947022	PLINK2_1KG_DIRECT
RS62057151	RS2097760	EUR	0.916209	PLINK2_1KG_DIRECT
RS62057151	RS62061770	EUR	0.947022	PLINK2_1KG_DIRECT
RS62057151	RS62061771	EUR	0.947022	PLINK2_1KG_DIRECT
RS62057151	RS62061772	EUR	0.947022	PLINK2_1KG_DIRECT
RS62057151	RS111970616	EUR	0.947022	PLINK2_1KG_DIRECT
RS62057151	RS17660337	EUR	0.947022	PLINK2_1KG_DIRECT
RS62057151	RS62061788	EUR	0.947022	PLINK2_1KG_DIRECT
RS62057151	RS62061789	EUR	0.947022	PLINK2_1KG_DIRECT
RS62057151	RS17576631	EUR	0.947022	PLINK2_1KG_DIRECT
RS62057151	RS112596352	EUR	0.947022	PLINK2_1KG_DIRECT
RS62057151	RS62061790	EUR	0.947022	PLINK2_1KG_DIRECT
RS62057151	RS17660398	EUR	0.947022	PLINK2_1KG_DIRECT
RS62057151	RS62061791	EUR	0.947022	PLINK2_1KG_DIRECT
RS62057151	RS62061792	EUR	0.947022	PLINK2_1KG_DIRECT
RS62057151	RS62061793	EUR	0.947022	PLINK2_1KG_DIRECT
RS62057151	RS17576695	EUR	0.947022	PLINK2_1KG_DIRECT
RS62057151	RS80020809	EUR	0.947022	PLINK2_1KG_DIRECT
RS62057151	RS77044307	EUR	0.947022	PLINK2_1KG_DIRECT
RS62057151	RS79348289	EUR	0.947022	PLINK2_1KG_DIRECT
RS62057151	RS75412750	EUR	0.947022	PLINK2_1KG_DIRECT
RS62057151	RS62061795	EUR	0.947022	PLINK2_1KG_DIRECT
RS62057151	RS17576709	EUR	0.947022	PLINK2_1KG_DIRECT
RS62057151	RS62061796	EUR	0.947022	PLINK2_1KG_DIRECT
RS62057151	RS62061802	EUR	0.947022	PLINK2_1KG_DIRECT
RS62057151	RS62061803	EUR	0.941789	PLINK2_1KG_DIRECT
RS62057151	RS55900347	EUR	0.947022	PLINK2_1KG_DIRECT
RS62057151	RS56240678	EUR	0.947022	PLINK2_1KG_DIRECT
RS62057151	RS62061808	EUR	0.947022	PLINK2_1KG_DIRECT
RS62057151	RS77604208	EUR	0.947022	PLINK2_1KG_DIRECT
RS62057151	RS80120913	EUR	0.947022	PLINK2_1KG_DIRECT
RS62057151	RS17660464	EUR	0.947022	PLINK2_1KG_DIRECT
RS62057151	RS17576779	EUR	0.947022	PLINK2_1KG_DIRECT
RS62057151	RS17660488	EUR	0.947022	PLINK2_1KG_DIRECT
RS62057151	RS62061809	EUR	0.947022	PLINK2_1KG_DIRECT
RS62057151	RS62061810	EUR	0.947022	PLINK2_1KG_DIRECT
RS62057151	RS112102887	EUR	0.947022	PLINK2_1KG_DIRECT
RS62057151	RS112893440	EUR	0.947022	PLINK2_1KG_DIRECT
RS62057151	RS17576842	EUR	0.947022	PLINK2_1KG_DIRECT
RS62057151	RS62061811	EUR	0.947022	PLINK2_1KG_DIRECT
RS62057151	RS17576870	EUR	0.947022	PLINK2_1KG_DIRECT
RS62057151	RS17660595	EUR	0.947022	PLINK2_1KG_DIRECT
RS62057151	RS62061812	EUR	0.947022	PLINK2_1KG_DIRECT
RS62057151	RS546325422	EUR	0.947022	PLINK2_1KG_DIRECT
RS62057151	RS111952388	EUR	0.947022	PLINK2_1KG_DIRECT
RS62057151	RS62061814	EUR	0.947022	PLINK2_1KG_DIRECT
RS62057151	RS62061815	EUR	0.947022	PLINK2_1KG_DIRECT
RS62057151	RS17576954	EUR	0.941789	PLINK2_1KG_DIRECT
RS62057151	RS77924366	EUR	0.947022	PLINK2_1KG_DIRECT
RS62057151	RS62061816	EUR	0.947022	PLINK2_1KG_DIRECT
RS62057151	RS62061817	EUR	0.947022	PLINK2_1KG_DIRECT
RS62057151	RS62061818	EUR	0.93657	PLINK2_1KG_DIRECT
RS62057151	RS111676341	EUR	0.947022	PLINK2_1KG_DIRECT
RS62057151	RS17576989	EUR	0.947022	PLINK2_1KG_DIRECT
RS62057151	RS79923708	EUR	0.947022	PLINK2_1KG_DIRECT
RS62057151	RS79346219	EUR	0.947022	PLINK2_1KG_DIRECT
RS62057151	RS73984689	EUR	0.947022	PLINK2_1KG_DIRECT
RS62057151	RS111295615	EUR	0.947022	PLINK2_1KG_DIRECT
RS62057151	RS76761511	EUR	0.947022	PLINK2_1KG_DIRECT
RS62057151	RS62061821	EUR	0.947022	PLINK2_1KG_DIRECT
RS62057151	RS16940904	EUR	0.916209	PLINK2_1KG_DIRECT
RS62057151	RS17577024	EUR	0.947022	PLINK2_1KG_DIRECT
RS62057151	RS17577052	EUR	0.947022	PLINK2_1KG_DIRECT
RS62057151	RS77635460	EUR	0.947022	PLINK2_1KG_DIRECT
RS62057151	RS62061822	EUR	0.94178	PLINK2_1KG_DIRECT
RS62057151	RS9303525	EUR	0.916209	PLINK2_1KG_DIRECT
RS62057151	RS17577094	EUR	0.947022	PLINK2_1KG_DIRECT
RS62057151	RS17577159	EUR	0.947022	PLINK2_1KG_DIRECT
RS62057151	RS62061823	EUR	0.947022	PLINK2_1KG_DIRECT
RS62057151	RS62061824	EUR	0.947022	PLINK2_1KG_DIRECT
RS62057151	RS55794067	EUR	0.947022	PLINK2_1KG_DIRECT
RS62057151	RS17660847	EUR	0.947022	PLINK2_1KG_DIRECT
RS62057151	RS17660865	EUR	0.947022	PLINK2_1KG_DIRECT
RS62057151	RS79772780	EUR	0.890204	PLINK2_1KG_DIRECT
RS62057151	RS76640332	EUR	0.890204	PLINK2_1KG_DIRECT
RS62057151	RS78929339	EUR	0.941789	PLINK2_1KG_DIRECT
RS62057151	RS17660907	EUR	0.947022	PLINK2_1KG_DIRECT
RS62057151	RS17660936	EUR	0.947022	PLINK2_1KG_DIRECT
RS62057151	RS62061847	EUR	0.947022	PLINK2_1KG_DIRECT
RS62057151	RS17577313	EUR	0.947022	PLINK2_1KG_DIRECT
RS62057151	RS4548919	EUR	0.947022	PLINK2_1KG_DIRECT
RS62057151	RS4630591	EUR	0.791357	PLINK2_1KG_DIRECT
RS62057151	RS4606752	EUR	0.941789	PLINK2_1KG_DIRECT
RS62057151	RS17577369	EUR	0.947022	PLINK2_1KG_DIRECT
RS62057151	RS62061848	EUR	0.947022	PLINK2_1KG_DIRECT
RS62057151	RS17661015	EUR	0.947022	PLINK2_1KG_DIRECT
RS62057151	RS17661027	EUR	0.947022	PLINK2_1KG_DIRECT
RS62057151	RS62061849	EUR	0.947022	PLINK2_1KG_DIRECT
RS62057151	RS17661045	EUR	0.947022	PLINK2_1KG_DIRECT
RS62057151	RS17577447	EUR	0.947022	PLINK2_1KG_DIRECT
RS62057151	RS62061850	EUR	0.947022	PLINK2_1KG_DIRECT
RS62057151	RS111880194	EUR	0.947022	PLINK2_1KG_DIRECT
RS62057151	RS10514901	EUR	0.947022	PLINK2_1KG_DIRECT
RS62057151	RS17577496	EUR	0.947022	PLINK2_1KG_DIRECT
RS62057151	RS62061851	EUR	0.947022	PLINK2_1KG_DIRECT
RS62057151	RS62061852	EUR	0.947022	PLINK2_1KG_DIRECT
RS62057151	RS727425	EUR	0.947022	PLINK2_1KG_DIRECT
RS62057151	RS17661141	EUR	0.941789	PLINK2_1KG_DIRECT
RS62057151	RS62061853	EUR	0.947022	PLINK2_1KG_DIRECT
RS62057151	RS1468241	EUR	0.947022	PLINK2_1KG_DIRECT
RS62057151	RS1468240	EUR	0.93133	PLINK2_1KG_DIRECT
RS62057151	RS75229280	EUR	0.947022	PLINK2_1KG_DIRECT
RS62057151	RS112813897	EUR	0.947022	PLINK2_1KG_DIRECT
RS62057151	RS113909426	EUR	0.947022	PLINK2_1KG_DIRECT
RS62057151	RS111678697	EUR	0.947022	PLINK2_1KG_DIRECT
RS62057151	RS4383188	EUR	0.947022	PLINK2_1KG_DIRECT
RS62057151	RS1966345	EUR	0.947022	PLINK2_1KG_DIRECT
RS62057151	RS62061854	EUR	0.947022	PLINK2_1KG_DIRECT
RS62057151	RS3087534	EUR	0.947022	PLINK2_1KG_DIRECT
RS62057151	RS76924476	EUR	0.94178	PLINK2_1KG_DIRECT
RS62057151	RS112560196	EUR	0.947022	PLINK2_1KG_DIRECT
RS62057151	RS75652502	EUR	0.947022	PLINK2_1KG_DIRECT
RS62057151	RS62061859	EUR	0.94178	PLINK2_1KG_DIRECT
RS62057151	RS55802590	EUR	0.947022	PLINK2_1KG_DIRECT
RS62057151	RS56257094	EUR	0.947022	PLINK2_1KG_DIRECT
RS62057151	RS55672516	EUR	0.947022	PLINK2_1KG_DIRECT
RS62057151	RS112073200	EUR	0.947022	PLINK2_1KG_DIRECT
RS62057151	RS62063163	EUR	0.931364	PLINK2_1KG_DIRECT
RS62057151	RS62063164	EUR	0.931364	PLINK2_1KG_DIRECT
RS62057151	RS62063165	EUR	0.947022	PLINK2_1KG_DIRECT
RS62057151	RS62063166	EUR	0.947022	PLINK2_1KG_DIRECT
RS62057151	RS55669501	EUR	0.947022	PLINK2_1KG_DIRECT
RS62057151	RS55686102	EUR	0.947022	PLINK2_1KG_DIRECT
RS62057151	RS55885063	EUR	0.947022	PLINK2_1KG_DIRECT
RS62057151	RS56273589	EUR	0.952268	PLINK2_1KG_DIRECT
RS62057151	RS62063171	EUR	0.952268	PLINK2_1KG_DIRECT
RS62057151	RS62063172	EUR	0.952268	PLINK2_1KG_DIRECT
RS62057151	RS76380490	EUR	0.952268	PLINK2_1KG_DIRECT
RS62057151	RS113120855	EUR	0.952268	PLINK2_1KG_DIRECT
RS62057151	RS77095128	EUR	0.947022	PLINK2_1KG_DIRECT
RS62057151	RS4581739	EUR	0.947022	PLINK2_1KG_DIRECT
RS62057151	RS113638513	EUR	0.947022	PLINK2_1KG_DIRECT
RS62057151	RS62063174	EUR	0.947022	PLINK2_1KG_DIRECT
RS62057151	RS17577650	EUR	0.947022	PLINK2_1KG_DIRECT
RS62057151	RS4471723	EUR	0.916209	PLINK2_1KG_DIRECT
RS62057151	RS1122381	EUR	0.947022	PLINK2_1KG_DIRECT
RS62057151	RS1122380	EUR	0.947022	PLINK2_1KG_DIRECT
RS62057151	RS62063200	EUR	0.947022	PLINK2_1KG_DIRECT
RS62057151	RS10514903	EUR	0.947022	PLINK2_1KG_DIRECT
RS62057151	RS17661348	EUR	0.947022	PLINK2_1KG_DIRECT
RS62057151	RS17661385	EUR	0.947022	PLINK2_1KG_DIRECT
RS62057151	RS10514904	EUR	0.947022	PLINK2_1KG_DIRECT
RS62057151	RS79301522	EUR	0.947022	PLINK2_1KG_DIRECT
RS62057151	RS17661428	EUR	0.941789	PLINK2_1KG_DIRECT
RS62057151	RS17577877	EUR	0.941789	PLINK2_1KG_DIRECT
RS62057151	RS6503457	EUR	0.900781	PLINK2_1KG_DIRECT
RS62057151	RS8070942	EUR	0.916209	PLINK2_1KG_DIRECT
RS62057151	RS62063202	EUR	0.947022	PLINK2_1KG_DIRECT
RS62057151	RS62063203	EUR	0.947022	PLINK2_1KG_DIRECT
RS62057151	RS111724389	EUR	0.947022	PLINK2_1KG_DIRECT
RS62057151	RS112401617	EUR	0.947022	PLINK2_1KG_DIRECT
RS62057151	RS17577954	EUR	0.947022	PLINK2_1KG_DIRECT
RS62057151	RS55780786	EUR	0.947022	PLINK2_1KG_DIRECT
RS62057151	RS3089	EUR	0.947022	PLINK2_1KG_DIRECT
RS62057151	RS55909047	EUR	0.947022	PLINK2_1KG_DIRECT
RS62057151	RS56119705	EUR	0.941789	PLINK2_1KG_DIRECT
RS62057151	RS17577975	EUR	0.941789	PLINK2_1KG_DIRECT
RS62057151	RS7207582	EUR	0.916209	PLINK2_1KG_DIRECT
RS62057151	RS12150087	EUR	0.947022	PLINK2_1KG_DIRECT
RS62057151	RS111424940	EUR	0.947022	PLINK2_1KG_DIRECT
RS62057151	RS62063207	EUR	0.947022	PLINK2_1KG_DIRECT
RS62057151	RS62063208	EUR	0.947022	PLINK2_1KG_DIRECT
RS62057151	RS10221243	EUR	0.916209	PLINK2_1KG_DIRECT
RS62057151	RS9915547	EUR	0.911217	PLINK2_1KG_DIRECT
RS62057151	RS542524111	EUR	0.947022	PLINK2_1KG_DIRECT
RS62057151	RS564905548	EUR	0.947022	PLINK2_1KG_DIRECT
RS62057151	RS536077496	EUR	0.947022	PLINK2_1KG_DIRECT
RS62057151	RS570877560	EUR	0.947022	PLINK2_1KG_DIRECT
RS62057151	RS575074983	EUR	0.805499	PLINK2_1KG_DIRECT
RS62057151	RS557534113	EUR	0.94178	PLINK2_1KG_DIRECT
RS62057151	RS552471054	EUR	0.94178	PLINK2_1KG_DIRECT
RS62057151	RS568519571	EUR	0.80063	PLINK2_1KG_DIRECT
RS62057151	RS575816835	EUR	0.94178	PLINK2_1KG_DIRECT
RS62057151	RS563314190	EUR	0.947022	PLINK2_1KG_DIRECT
RS62057151	RS552177258	EUR	0.947022	PLINK2_1KG_DIRECT
RS62057151	RS528392906	EUR	0.94178	PLINK2_1KG_DIRECT
RS62057151	RS534210380	EUR	0.947022	PLINK2_1KG_DIRECT
RS62057151	RS1819040	EUR	0.94178	PLINK2_1KG_DIRECT
RS62057151	RS564301026	EUR	0.931351	PLINK2_1KG_DIRECT
RS62057151	RS550997647	EUR	0.947022	PLINK2_1KG_DIRECT
RS62057151	RS2532307	EUR	0.947022	PLINK2_1KG_DIRECT
RS62057151	RS538148047	EUR	0.94178	PLINK2_1KG_DIRECT
RS62057151	RS556952432	EUR	0.80063	PLINK2_1KG_DIRECT
RS62057151	RS386477606	EUR	0.80063	PLINK2_1KG_DIRECT
RS62057151	RS573082572	EUR	0.947022	PLINK2_1KG_DIRECT
RS62057151	RS544161107	EUR	0.94178	PLINK2_1KG_DIRECT
RS62057151	RS533125554	EUR	0.936582	PLINK2_1KG_DIRECT
RS62057151	RS527778993	EUR	0.947022	PLINK2_1KG_DIRECT
RS62057151	RS567744882	EUR	0.947022	PLINK2_1KG_DIRECT
RS62057151	RS568850733	EUR	0.947022	PLINK2_1KG_DIRECT
RS62057151	RS577620178	EUR	0.94178	PLINK2_1KG_DIRECT
RS62057151	RS566458560	EUR	0.947022	PLINK2_1KG_DIRECT
RS62057151	RS556323004	EUR	0.94178	PLINK2_1KG_DIRECT
RS62057151	RS538530693	EUR	0.805499	PLINK2_1KG_DIRECT
RS62057151	RS553779720	EUR	0.947022	PLINK2_1KG_DIRECT
RS62057151	RS543124303	EUR	0.947022	PLINK2_1KG_DIRECT
RS62057151	RS567299266	EUR	0.80063	PLINK2_1KG_DIRECT
RS62057151	RS576500756	EUR	0.906266	PLINK2_1KG_DIRECT
RS62057151	RS577482939	EUR	0.931351	PLINK2_1KG_DIRECT
RS62057151	RS541759959	EUR	0.947022	PLINK2_1KG_DIRECT
RS62057151	RS542300723	EUR	0.947022	PLINK2_1KG_DIRECT
RS62057151	RS560926498	EUR	0.94178	PLINK2_1KG_DIRECT
RS62057151	RS577520390	EUR	0.947022	PLINK2_1KG_DIRECT
RS62057151	RS564591344	EUR	0.947022	PLINK2_1KG_DIRECT
RS62057151	RS529970690	EUR	0.947022	PLINK2_1KG_DIRECT
RS62057151	RS569963579	EUR	0.94178	PLINK2_1KG_DIRECT
RS62057151	RS537399285	EUR	0.94178	PLINK2_1KG_DIRECT
RS62057151	RS553321776	EUR	0.947022	PLINK2_1KG_DIRECT
RS62057151	RS540702737	EUR	0.805499	PLINK2_1KG_DIRECT
RS62057151	RS530819145	EUR	0.94178	PLINK2_1KG_DIRECT
RS62057151	RS535998558	EUR	0.936582	PLINK2_1KG_DIRECT
RS62057151	RS575572584	EUR	0.947022	PLINK2_1KG_DIRECT
RS62057151	RS576400151	EUR	0.94178	PLINK2_1KG_DIRECT
RS62057151	RS540782647	EUR	0.94178	PLINK2_1KG_DIRECT
RS62057151	RS542050069	EUR	0.947022	PLINK2_1KG_DIRECT
RS62057151	RS552475563	EUR	0.94178	PLINK2_1KG_DIRECT
RS62057151	RS534560878	EUR	0.94178	PLINK2_1KG_DIRECT
RS62057151	RS564325593	EUR	0.947022	PLINK2_1KG_DIRECT
RS62057151	RS540664392	EUR	0.94178	PLINK2_1KG_DIRECT
RS62057151	RS533307115	EUR	0.947022	PLINK2_1KG_DIRECT
RS62057151	RS557054045	EUR	0.947022	PLINK2_1KG_DIRECT
RS62057151	RS562593126	EUR	0.94178	PLINK2_1KG_DIRECT
RS62057151	RS566704864	EUR	0.916209	PLINK2_1KG_DIRECT
RS62057151	RS568059837	EUR	0.926313	PLINK2_1KG_DIRECT
RS62057151	RS535060999	EUR	0.926313	PLINK2_1KG_DIRECT
RS62057151	RS544243747	EUR	0.94178	PLINK2_1KG_DIRECT
RS62057151	RS562531663	EUR	0.947022	PLINK2_1KG_DIRECT
RS62057151	RS386558525	EUR	0.947022	PLINK2_1KG_DIRECT
RS62057151	RS539559479	EUR	0.947022	PLINK2_1KG_DIRECT
RS62057151	RS533699804	EUR	0.94178	PLINK2_1KG_DIRECT
RS62057151	RS562481792	EUR	0.947022	PLINK2_1KG_DIRECT
RS62057151	RS566489145	EUR	0.94178	PLINK2_1KG_DIRECT
RS62057151	RS567428298	EUR	0.947022	PLINK2_1KG_DIRECT
RS62057151	RS543087623	EUR	0.947022	PLINK2_1KG_DIRECT
RS62057151	RS565531740	EUR	0.94178	PLINK2_1KG_DIRECT
RS62057151	RS544717127	EUR	0.947022	PLINK2_1KG_DIRECT
RS62057151	RS531360085	EUR	0.947022	PLINK2_1KG_DIRECT
RS62057151	RS386477048	EUR	0.80063	PLINK2_1KG_DIRECT
RS62057151	RS566037900	EUR	0.947022	PLINK2_1KG_DIRECT
RS62057151	RS555006557	EUR	0.947022	PLINK2_1KG_DIRECT
RS62057151	RS544076796	EUR	0.931351	PLINK2_1KG_DIRECT
RS62057151	RS2532276	EUR	0.926196	PLINK2_1KG_DIRECT
RS62057151	RS542364049	EUR	0.947022	PLINK2_1KG_DIRECT
RS62057151	RS549599956	EUR	0.916209	PLINK2_1KG_DIRECT
RS62057151	RS564717292	EUR	0.94178	PLINK2_1KG_DIRECT
RS62057151	RS565948451	EUR	0.94178	PLINK2_1KG_DIRECT
RS62057151	RS570200944	EUR	0.947022	PLINK2_1KG_DIRECT
RS62057151	RS566672630	EUR	0.947022	PLINK2_1KG_DIRECT
RS62057151	RS535019273	EUR	0.947022	PLINK2_1KG_DIRECT
RS62057151	RS553586616	EUR	0.743141	PLINK2_1KG_DIRECT
RS62057151	RS564755460	EUR	0.947022	PLINK2_1KG_DIRECT
RS62057151	RS532291518	EUR	0.947022	PLINK2_1KG_DIRECT
RS62057151	RS546433642	EUR	0.947022	PLINK2_1KG_DIRECT
RS62057151	RS535725934	EUR	0.947022	PLINK2_1KG_DIRECT
RS62057151	RS541260793	EUR	0.947022	PLINK2_1KG_DIRECT
RS62057151	RS530881963	EUR	0.947022	PLINK2_1KG_DIRECT
RS62057151	RS570968715	EUR	0.947022	PLINK2_1KG_DIRECT
RS62057151	RS547200563	EUR	0.947022	PLINK2_1KG_DIRECT
RS62057151	RS568534287	EUR	0.947022	PLINK2_1KG_DIRECT
RS62057151	RS569311806	EUR	0.947022	PLINK2_1KG_DIRECT
RS62057151	RS536694159	EUR	0.947022	PLINK2_1KG_DIRECT
RS62057151	RS576904891	EUR	0.696527	PLINK2_1KG_DIRECT
RS62057151	RS563621837	EUR	0.94178	PLINK2_1KG_DIRECT
RS62057151	RS550757212	EUR	0.947022	PLINK2_1KG_DIRECT
RS62057151	RS569247938	EUR	0.94178	PLINK2_1KG_DIRECT
RS62057151	RS570324382	EUR	0.926313	PLINK2_1KG_DIRECT
RS62057151	RS533467502	EUR	0.947022	PLINK2_1KG_DIRECT
RS62057151	RS534369494	EUR	0.947022	PLINK2_1KG_DIRECT
RS62057151	RS575478168	EUR	0.771669	PLINK2_1KG_DIRECT
RS62057151	RS573087564	EUR	0.766885	PLINK2_1KG_DIRECT
RS62057151	RS539303688	EUR	0.947022	PLINK2_1KG_DIRECT
RS62057151	RS557923371	EUR	0.947022	PLINK2_1KG_DIRECT
RS62057151	RS573087816	EUR	0.94178	PLINK2_1KG_DIRECT
RS62057151	RS578046020	EUR	0.947022	PLINK2_1KG_DIRECT
RS62057151	RS560714845	EUR	0.94178	PLINK2_1KG_DIRECT
RS62057151	RS567324860	EUR	0.94178	PLINK2_1KG_DIRECT
RS62057151	RS537893623	EUR	0.786095	PLINK2_1KG_DIRECT
RS62057151	RS578055951	EUR	0.947022	PLINK2_1KG_DIRECT
RS62057151	RS532904601	EUR	0.947022	PLINK2_1KG_DIRECT
RS62057151	RS548762783	EUR	0.94178	PLINK2_1KG_DIRECT
RS62057151	RS544098746	EUR	0.947022	PLINK2_1KG_DIRECT
RS62057151	RS562357125	EUR	0.947022	PLINK2_1KG_DIRECT
RS62057151	RS544780187	EUR	0.795773	PLINK2_1KG_DIRECT
RS62057151	RS527375859	EUR	0.94178	PLINK2_1KG_DIRECT
RS62057151	RS539179202	EUR	0.947022	PLINK2_1KG_DIRECT
RS62057151	RS539073154	EUR	0.947022	PLINK2_1KG_DIRECT
RS62057151	RS566214080	EUR	0.947022	PLINK2_1KG_DIRECT
RS62057151	RS576672302	EUR	0.947022	PLINK2_1KG_DIRECT
RS62057151	RS563972143	EUR	0.947022	PLINK2_1KG_DIRECT
RS62057151	RS549710507	EUR	0.947022	PLINK2_1KG_DIRECT
RS62057151	RS2696566	EUR	0.947022	PLINK2_1KG_DIRECT
RS62057151	RS564912328	EUR	0.931426	PLINK2_1KG_DIRECT
RS62057151	RS559790424	EUR	0.931426	PLINK2_1KG_DIRECT
RS62057151	RS570203120	EUR	0.926196	PLINK2_1KG_DIRECT
RS62057151	RS530892614	EUR	0.931426	PLINK2_1KG_DIRECT
RS62057151	RS2141298	EUR	0.94178	PLINK2_1KG_DIRECT
RS62057151	RS547806751	EUR	0.941789	PLINK2_1KG_DIRECT
RS62057151	RS11079733	EUR	0.94178	PLINK2_1KG_DIRECT
RS62057151	RS2696633	EUR	0.94178	PLINK2_1KG_DIRECT
RS62057151	RS546821167	EUR	0.936582	PLINK2_1KG_DIRECT
RS62057151	RS569635106	EUR	0.936548	PLINK2_1KG_DIRECT
RS62057151	RS570486150	EUR	0.94178	PLINK2_1KG_DIRECT
RS62057151	RS553226241	EUR	0.931426	PLINK2_1KG_DIRECT
RS62057151	RS574644730	EUR	0.94178	PLINK2_1KG_DIRECT
RS62057151	RS535751452	EUR	0.94178	PLINK2_1KG_DIRECT
RS62057151	RS2532233	EUR	0.936582	PLINK2_1KG_DIRECT
RS62057151	RS545914867	EUR	0.94178	PLINK2_1KG_DIRECT
RS62057151	RS570399582	EUR	0.94178	PLINK2_1KG_DIRECT
RS62057151	RS569087361	EUR	0.947022	PLINK2_1KG_DIRECT
RS62057151	RS563074118	EUR	0.947022	PLINK2_1KG_DIRECT
RS62057151	RS545648705	EUR	0.936582	PLINK2_1KG_DIRECT
RS62057151	RS539364020	EUR	0.94178	PLINK2_1KG_DIRECT
RS62057151	RS2532229	EUR	0.94178	PLINK2_1KG_DIRECT
RS62057151	RS556496186	EUR	0.947022	PLINK2_1KG_DIRECT
RS62057151	RS545270044	EUR	0.936582	PLINK2_1KG_DIRECT
RS62057151	RS572762545	EUR	0.931426	PLINK2_1KG_DIRECT
RS62057151	RS540260849	EUR	0.936582	PLINK2_1KG_DIRECT
RS62057151	RS17664048	EUR	0.947022	PLINK2_1KG_DIRECT
RS62057151	RS1918786	EUR	0.947022	PLINK2_1KG_DIRECT
RS62057151	RS1918787	EUR	0.947022	PLINK2_1KG_DIRECT
RS62057151	RS573536609	EUR	0.947022	PLINK2_1KG_DIRECT
RS62057151	RS562641029	EUR	0.790928	PLINK2_1KG_DIRECT
RS62057151	RS551188913	EUR	0.947022	PLINK2_1KG_DIRECT
RS62057151	RS559886250	EUR	0.947022	PLINK2_1KG_DIRECT
RS62057151	RS571742017	EUR	0.795773	PLINK2_1KG_DIRECT
RS62057151	RS554424146	EUR	0.947022	PLINK2_1KG_DIRECT
RS62057151	RS555346866	EUR	0.936582	PLINK2_1KG_DIRECT
RS62057151	RS544227999	EUR	0.947022	PLINK2_1KG_DIRECT
RS62057151	RS544669576	EUR	0.947022	PLINK2_1KG_DIRECT
RS62057151	RS571792649	EUR	0.931426	PLINK2_1KG_DIRECT
RS62057151	RS542442671	EUR	0.931426	PLINK2_1KG_DIRECT
RS62057151	RS547806241	EUR	0.795773	PLINK2_1KG_DIRECT
RS62057151	RS548785130	EUR	0.92124	PLINK2_1KG_DIRECT
RS62057151	RS559754274	EUR	0.947022	PLINK2_1KG_DIRECT
RS62057151	RS547005230	EUR	0.911217	PLINK2_1KG_DIRECT
RS62057151	RS531013081	EUR	0.94178	PLINK2_1KG_DIRECT
RS62057151	RS2732628	EUR	0.80063	PLINK2_1KG_DIRECT
RS62057151	RS2532418	EUR	0.94178	PLINK2_1KG_DIRECT
RS62057151	RS2732629	EUR	0.931426	PLINK2_1KG_DIRECT
RS62057151	RS2668670	EUR	0.94178	PLINK2_1KG_DIRECT
RS62057151	RS2668665	EUR	0.94178	PLINK2_1KG_DIRECT
RS62057151	RS2668662	EUR	0.947022	PLINK2_1KG_DIRECT
RS62057151	RS2732606	EUR	0.947022	PLINK2_1KG_DIRECT
RS62057151	RS2732605	EUR	0.936548	PLINK2_1KG_DIRECT
RS62057151	RS2732601	EUR	0.947022	PLINK2_1KG_DIRECT
RS62057151	RS2696610	EUR	0.947022	PLINK2_1KG_DIRECT
RS62057151	RS2668695	EUR	0.947022	PLINK2_1KG_DIRECT
RS62057151	RS2668694	EUR	0.94178	PLINK2_1KG_DIRECT
RS62057151	RS2668692	EUR	0.936582	PLINK2_1KG_DIRECT
RS62057151	RS2696609	EUR	0.906266	PLINK2_1KG_DIRECT
RS62057151	RS2696608	EUR	0.780883	PLINK2_1KG_DIRECT
RS62057151	RS560050580	EUR	0.936582	PLINK2_1KG_DIRECT
RS62057151	RS555719522	EUR	0.936582	PLINK2_1KG_DIRECT
RS62057151	RS552419936	EUR	0.94178	PLINK2_1KG_DIRECT
RS62057151	RS55653937	EUR	0.936582	PLINK2_1KG_DIRECT
RS62057151	RS62073098	EUR	0.926196	PLINK2_1KG_DIRECT
RS62057151	RS566979023	EUR	0.921083	PLINK2_1KG_DIRECT
RS62057151	RS2668632	EUR	0.920979	PLINK2_1KG_DIRECT
RS62057151	RS578109777	EUR	0.920979	PLINK2_1KG_DIRECT
RS62057151	RS199926341	EUR	0.775721	PLINK2_1KG_DIRECT
RS62057151	RS554899842	EUR	0.874638	PLINK2_1KG_DIRECT
RS62057151	RS2532363	EUR	0.915776	PLINK2_1KG_DIRECT
RS62057151	RS62073157	EUR	0.920979	PLINK2_1KG_DIRECT
RS62057151	RS569025098	EUR	0.826933	PLINK2_1KG_DIRECT
RS62057151	RS561504284	EUR	0.886057	PLINK2_1KG_DIRECT
RS62057151	RS530676870	EUR	0.895142	PLINK2_1KG_DIRECT
RS62057151	RS2532329	EUR	0.842157	PLINK2_1KG_DIRECT
RS62057151	RS2732711	EUR	0.717101	PLINK2_1KG_DIRECT
RS62057151	RS562855425	EUR	0.885055	PLINK2_1KG_DIRECT
RS62057151	RS533425051	EUR	0.741347	PLINK2_1KG_DIRECT
RS62057151	RS2732708	EUR	0.875133	PLINK2_1KG_DIRECT
RS62057151	RS2732706	EUR	0.885456	PLINK2_1KG_DIRECT
RS62057151	RS2696541	EUR	0.755925	PLINK2_1KG_DIRECT
RS62057151	RS2732705	EUR	0.880288	PLINK2_1KG_DIRECT
RS62057151	RS2668622	EUR	0.842157	PLINK2_1KG_DIRECT
RS62057151	RS568873066	EUR	0.874931	PLINK2_1KG_DIRECT
RS62057151	RS111198951	EUR	0.865373	PLINK2_1KG_DIRECT
RS62057151	RS566238830	EUR	0.813754	PLINK2_1KG_DIRECT
RS62057151	RS2696532	EUR	0.864557	PLINK2_1KG_DIRECT
RS62057151	RS2696524	EUR	0.874779	PLINK2_1KG_DIRECT
RS62057151	RS571516577	EUR	0.874779	PLINK2_1KG_DIRECT
RS62057151	RS17665188	EUR	0.874779	PLINK2_1KG_DIRECT
RS62057151	RS36123991	EUR	0.760373	PLINK2_1KG_DIRECT
RS62057151	RS558980400	EUR	0.741347	PLINK2_1KG_DIRECT
RS62057151	RS567135833	EUR	0.859969	PLINK2_1KG_DIRECT
RS62057151	RS564007266	EUR	0.712699	PLINK2_1KG_DIRECT
RS62057151	RS535576035	EUR	0.845521	PLINK2_1KG_DIRECT
RS62057151	RS151172887	EUR	0.504989	PLINK2_1KG_DIRECT
RS62057151	RS117300236	EUR	0.545861	PLINK2_1KG_DIRECT
RS62057151	RS199441	EUR	0.804474	PLINK2_1KG_DIRECT
RS62057151	RS1378358	EUR	0.844471	PLINK2_1KG_DIRECT
RS62057151	RS538628	EUR	0.844471	PLINK2_1KG_DIRECT
RS62057151	RS169201	EUR	0.844471	PLINK2_1KG_DIRECT
RS62057151	RS199439	EUR	0.844471	PLINK2_1KG_DIRECT
RS62057151	RS199457	EUR	0.844471	PLINK2_1KG_DIRECT
RS62057151	RS199456	EUR	0.844471	PLINK2_1KG_DIRECT
RS62057151	RS199451	EUR	0.834499	PLINK2_1KG_DIRECT
RS62057151	RS199448	EUR	0.834499	PLINK2_1KG_DIRECT
RS62057151	RS199447	EUR	0.824401	PLINK2_1KG_DIRECT
RS62057151	RS199445	EUR	0.834499	PLINK2_1KG_DIRECT
RS62057151	RS199443	EUR	0.834499	PLINK2_1KG_DIRECT
RS62057151	RS199535	EUR	0.834499	PLINK2_1KG_DIRECT
RS62057151	RS199534	EUR	0.834499	PLINK2_1KG_DIRECT
RS62057151	RS199533	EUR	0.834499	PLINK2_1KG_DIRECT
RS62057151	RS62057151	EAS	1	PLINK2_1KG_DIRECT
RS62057151	RS56328224	EAS	1	PLINK2_1KG_DIRECT
RS62057151	RS62065453	EAS	1	PLINK2_1KG_DIRECT
RS62057151	RS558887987	EAS	1	PLINK2_1KG_DIRECT
RS62057151	RS1724390	EAS	1	PLINK2_1KG_DIRECT
RS62057151	RS57213017	EAS	1	PLINK2_1KG_DIRECT
RS62057151	RS566002249	EAS	1	PLINK2_1KG_DIRECT
RS62057151	RS531934295	EAS	1	PLINK2_1KG_DIRECT
RS62057151	RS539288087	EAS	1	PLINK2_1KG_DIRECT
RS62057151	RS413519	EAS	1	PLINK2_1KG_DIRECT
RS62057151	RS440778	EAS	1	PLINK2_1KG_DIRECT
RS62057151	RS546997548	EAS	0.499503	PLINK2_1KG_DIRECT
RS62057151	RS382362	EAS	1	PLINK2_1KG_DIRECT
RS62057151	RS611351	EAS	1	PLINK2_1KG_DIRECT
RS62057151	RS541886938	EAS	1	PLINK2_1KG_DIRECT
RS62057151	RS383241	EAS	1	PLINK2_1KG_DIRECT
RS62057151	RS376120	EAS	1	PLINK2_1KG_DIRECT
RS62057151	RS365825	EAS	1	PLINK2_1KG_DIRECT
RS62057151	RS393838	EAS	1	PLINK2_1KG_DIRECT
RS62057151	RS681485	EAS	1	PLINK2_1KG_DIRECT
RS62057151	RS594591	EAS	1	PLINK2_1KG_DIRECT
RS62057151	RS444071	EAS	1	PLINK2_1KG_DIRECT
RS62057151	RS396593	EAS	1	PLINK2_1KG_DIRECT
RS62057151	RS436667	EAS	1	PLINK2_1KG_DIRECT
RS62057151	RS650927	EAS	1	PLINK2_1KG_DIRECT
RS62057151	RS671740	EAS	1	PLINK2_1KG_DIRECT
RS62057151	RS81632	EAS	1	PLINK2_1KG_DIRECT
RS62057151	RS16940633	EAS	1	PLINK2_1KG_DIRECT
RS62057151	RS17686610	EAS	1	PLINK2_1KG_DIRECT
RS62057151	RS2942170	EAS	1	PLINK2_1KG_DIRECT
RS62057151	RS2942169	EAS	1	PLINK2_1KG_DIRECT
RS62057151	RS241045	EAS	1	PLINK2_1KG_DIRECT
RS62057151	RS241044	EAS	1	PLINK2_1KG_DIRECT
RS62057151	RS241042	EAS	1	PLINK2_1KG_DIRECT
RS62057151	RS241041	EAS	1	PLINK2_1KG_DIRECT
RS62057151	RS241039	EAS	1	PLINK2_1KG_DIRECT
RS62057151	RS2942168	EAS	1	PLINK2_1KG_DIRECT
RS62057151	RS2942167	EAS	1	PLINK2_1KG_DIRECT
RS62057151	RS2942166	EAS	1	PLINK2_1KG_DIRECT
RS62057151	RS2942165	EAS	1	PLINK2_1KG_DIRECT
RS62057151	RS117368197	EAS	1	PLINK2_1KG_DIRECT
RS62057151	RS413778	EAS	1	PLINK2_1KG_DIRECT
RS62057151	RS389217	EAS	1	PLINK2_1KG_DIRECT
RS62057151	RS389978	EAS	1	PLINK2_1KG_DIRECT
RS62057151	RS439558	EAS	1	PLINK2_1KG_DIRECT
RS62057151	RS434805	EAS	1	PLINK2_1KG_DIRECT
RS62057151	RS393152	EAS	1	PLINK2_1KG_DIRECT
RS62057151	RS3108317	EAS	1	PLINK2_1KG_DIRECT
RS62057151	RS2942164	EAS	1	PLINK2_1KG_DIRECT
RS62057151	RS1706746	EAS	1	PLINK2_1KG_DIRECT
RS62057151	RS1706748	EAS	1	PLINK2_1KG_DIRECT
RS62057151	RS413917	EAS	1	PLINK2_1KG_DIRECT
RS62057151	RS3418	EAS	1	PLINK2_1KG_DIRECT
RS62057151	RS393675	EAS	1	PLINK2_1KG_DIRECT
RS62057151	RS449501	EAS	0.499503	PLINK2_1KG_DIRECT
RS62057151	RS448830	EAS	1	PLINK2_1KG_DIRECT
RS62057151	RS434428	EAS	1	PLINK2_1KG_DIRECT
RS62057151	RS434598	EAS	1	PLINK2_1KG_DIRECT
RS62057151	RS434971	EAS	1	PLINK2_1KG_DIRECT
RS62057151	RS385691	EAS	1	PLINK2_1KG_DIRECT
RS62057151	RS455028	EAS	1	PLINK2_1KG_DIRECT
RS62057151	RS366858	EAS	1	PLINK2_1KG_DIRECT
RS62057151	RS453997	EAS	1	PLINK2_1KG_DIRECT
RS62057151	RS424243	EAS	1	PLINK2_1KG_DIRECT
RS62057151	RS422112	EAS	0.499503	PLINK2_1KG_DIRECT
RS62057151	RS413844	EAS	1	PLINK2_1KG_DIRECT
RS62057151	RS647483	EAS	1	PLINK2_1KG_DIRECT
RS62057151	RS241038	EAS	1	PLINK2_1KG_DIRECT
RS62057151	RS241037	EAS	1	PLINK2_1KG_DIRECT
RS62057151	RS241036	EAS	1	PLINK2_1KG_DIRECT
RS62057151	RS241035	EAS	1	PLINK2_1KG_DIRECT
RS62057151	RS241034	EAS	1	PLINK2_1KG_DIRECT
RS62057151	RS241033	EAS	1	PLINK2_1KG_DIRECT
RS62057151	RS241032	EAS	1	PLINK2_1KG_DIRECT
RS62057151	RS241031	EAS	1	PLINK2_1KG_DIRECT
RS62057151	RS241030	EAS	1	PLINK2_1KG_DIRECT
RS62057151	RS241029	EAS	1	PLINK2_1KG_DIRECT
RS62057151	RS241028	EAS	1	PLINK2_1KG_DIRECT
RS62057151	RS241027	EAS	1	PLINK2_1KG_DIRECT
RS62057151	RS241026	EAS	1	PLINK2_1KG_DIRECT
RS62057151	RS241024	EAS	1	PLINK2_1KG_DIRECT
RS62057151	RS241023	EAS	1	PLINK2_1KG_DIRECT
RS62057151	RS241022	EAS	1	PLINK2_1KG_DIRECT
RS62057151	RS241021	EAS	1	PLINK2_1KG_DIRECT
RS62057151	RS241020	EAS	1	PLINK2_1KG_DIRECT
RS62057151	RS62053939	EAS	1	PLINK2_1KG_DIRECT
RS62057151	RS111273167	EAS	1	PLINK2_1KG_DIRECT
RS62057151	RS62053940	EAS	1	PLINK2_1KG_DIRECT
RS62057151	RS17760577	EAS	1	PLINK2_1KG_DIRECT
RS62057151	RS17760631	EAS	1	PLINK2_1KG_DIRECT
RS62057151	RS17687462	EAS	1	PLINK2_1KG_DIRECT
RS62057151	RS17760733	EAS	1	PLINK2_1KG_DIRECT
RS62057151	RS79675109	EAS	1	PLINK2_1KG_DIRECT
RS62057151	RS17687504	EAS	1	PLINK2_1KG_DIRECT
RS62057151	RS62053945	EAS	1	PLINK2_1KG_DIRECT
RS62057151	RS62053946	EAS	1	PLINK2_1KG_DIRECT
RS62057151	RS62053947	EAS	1	PLINK2_1KG_DIRECT
RS62057151	RS62053948	EAS	1	PLINK2_1KG_DIRECT
RS62057151	RS62053949	EAS	1	PLINK2_1KG_DIRECT
RS62057151	RS62053950	EAS	1	PLINK2_1KG_DIRECT
RS62057151	RS62053951	EAS	1	PLINK2_1KG_DIRECT
RS62057151	RS62053952	EAS	0.499503	PLINK2_1KG_DIRECT
RS62057151	RS62053953	EAS	1	PLINK2_1KG_DIRECT
RS62057151	RS17687534	EAS	1	PLINK2_1KG_DIRECT
RS62057151	RS62053954	EAS	1	PLINK2_1KG_DIRECT
RS62057151	RS62053955	EAS	1	PLINK2_1KG_DIRECT
RS62057151	RS17687571	EAS	1	PLINK2_1KG_DIRECT
RS62057151	RS17760817	EAS	1	PLINK2_1KG_DIRECT
RS62057151	RS17687625	EAS	1	PLINK2_1KG_DIRECT
RS62057151	RS62053956	EAS	1	PLINK2_1KG_DIRECT
RS62057151	RS62053957	EAS	1	PLINK2_1KG_DIRECT
RS62057151	RS62055661	EAS	1	PLINK2_1KG_DIRECT
RS62057151	RS62055662	EAS	1	PLINK2_1KG_DIRECT
RS62057151	RS62055663	EAS	1	PLINK2_1KG_DIRECT
RS62057151	RS62055664	EAS	1	PLINK2_1KG_DIRECT
RS62057151	RS76717812	EAS	1	PLINK2_1KG_DIRECT
RS62057151	RS17687667	EAS	1	PLINK2_1KG_DIRECT
RS62057151	RS79073784	EAS	1	PLINK2_1KG_DIRECT
RS62057151	RS62055665	EAS	1	PLINK2_1KG_DIRECT
RS62057151	RS62055689	EAS	1	PLINK2_1KG_DIRECT
RS62057151	RS62055690	EAS	1	PLINK2_1KG_DIRECT
RS62057151	RS62055691	EAS	1	PLINK2_1KG_DIRECT
RS62057151	RS74398257	EAS	1	PLINK2_1KG_DIRECT
RS62057151	RS17687740	EAS	1	PLINK2_1KG_DIRECT
RS62057151	RS872972	EAS	1	PLINK2_1KG_DIRECT
RS62057151	RS757503	EAS	1	PLINK2_1KG_DIRECT
RS62057151	RS757502	EAS	1	PLINK2_1KG_DIRECT
RS62057151	RS757501	EAS	1	PLINK2_1KG_DIRECT
RS62057151	RS757500	EAS	1	PLINK2_1KG_DIRECT
RS62057151	RS62055693	EAS	1	PLINK2_1KG_DIRECT
RS62057151	RS78487840	EAS	1	PLINK2_1KG_DIRECT
RS62057151	RS55974014	EAS	1	PLINK2_1KG_DIRECT
RS62057151	RS543716852	EAS	1	PLINK2_1KG_DIRECT
RS62057151	RS562098568	EAS	1	PLINK2_1KG_DIRECT
RS62057151	RS55651627	EAS	1	PLINK2_1KG_DIRECT
RS62057151	RS112155389	EAS	1	PLINK2_1KG_DIRECT
RS62057151	RS62055697	EAS	1	PLINK2_1KG_DIRECT
RS62057151	RS62055698	EAS	1	PLINK2_1KG_DIRECT
RS62057151	RS17761046	EAS	1	PLINK2_1KG_DIRECT
RS62057151	RS62055700	EAS	1	PLINK2_1KG_DIRECT
RS62057151	RS62055701	EAS	1	PLINK2_1KG_DIRECT
RS62057151	RS62055702	EAS	1	PLINK2_1KG_DIRECT
RS62057151	RS112431991	EAS	1	PLINK2_1KG_DIRECT
RS62057151	RS17687838	EAS	1	PLINK2_1KG_DIRECT
RS62057151	RS76333921	EAS	1	PLINK2_1KG_DIRECT
RS62057151	RS76453925	EAS	1	PLINK2_1KG_DIRECT
RS62057151	RS17687849	EAS	1	PLINK2_1KG_DIRECT
RS62057151	RS56400821	EAS	0.332671	PLINK2_1KG_DIRECT
RS62057151	RS112169475	EAS	1	PLINK2_1KG_DIRECT
RS62057151	RS113728380	EAS	0.249255	PLINK2_1KG_DIRECT
RS62057151	RS17761100	EAS	1	PLINK2_1KG_DIRECT
RS62057151	RS17761124	EAS	1	PLINK2_1KG_DIRECT
RS62057151	RS62055704	EAS	1	PLINK2_1KG_DIRECT
RS62057151	RS62055705	EAS	1	PLINK2_1KG_DIRECT
RS62057151	RS62055706	EAS	1	PLINK2_1KG_DIRECT
RS62057151	RS75115093	EAS	1	PLINK2_1KG_DIRECT
RS62057151	RS62055707	EAS	1	PLINK2_1KG_DIRECT
RS62057151	RS2049515	EAS	1	PLINK2_1KG_DIRECT
RS62057151	RS2158474	EAS	1	PLINK2_1KG_DIRECT
RS62057151	RS62055708	EAS	1	PLINK2_1KG_DIRECT
RS62057151	RS17761207	EAS	1	PLINK2_1KG_DIRECT
RS62057151	RS62055709	EAS	1	PLINK2_1KG_DIRECT
RS62057151	RS62055711	EAS	1	PLINK2_1KG_DIRECT
RS62057151	RS17688002	EAS	1	PLINK2_1KG_DIRECT
RS62057151	RS2040846	EAS	1	PLINK2_1KG_DIRECT
RS62057151	RS4486953	EAS	1	PLINK2_1KG_DIRECT
RS62057151	RS17688032	EAS	1	PLINK2_1KG_DIRECT
RS62057151	RS17688056	EAS	1	PLINK2_1KG_DIRECT
RS62057151	RS17688068	EAS	1	PLINK2_1KG_DIRECT
RS62057151	RS77220413	EAS	1	PLINK2_1KG_DIRECT
RS62057151	RS62055712	EAS	1	PLINK2_1KG_DIRECT
RS62057151	RS62055713	EAS	1	PLINK2_1KG_DIRECT
RS62057151	RS62055714	EAS	1	PLINK2_1KG_DIRECT
RS62057151	RS62055715	EAS	1	PLINK2_1KG_DIRECT
RS62057151	RS17688090	EAS	1	PLINK2_1KG_DIRECT
RS62057151	RS17688126	EAS	1	PLINK2_1KG_DIRECT
RS62057151	RS77310586	EAS	1	PLINK2_1KG_DIRECT
RS62057151	RS17761387	EAS	1	PLINK2_1KG_DIRECT
RS62057151	RS62055716	EAS	1	PLINK2_1KG_DIRECT
RS62057151	RS17688205	EAS	1	PLINK2_1KG_DIRECT
RS62057151	RS62055717	EAS	1	PLINK2_1KG_DIRECT
RS62057151	RS62055718	EAS	1	PLINK2_1KG_DIRECT
RS62057151	RS17688249	EAS	1	PLINK2_1KG_DIRECT
RS62057151	RS2040844	EAS	1	PLINK2_1KG_DIRECT
RS62057151	RS62055751	EAS	1	PLINK2_1KG_DIRECT
RS62057151	RS62055752	EAS	0.332671	PLINK2_1KG_DIRECT
RS62057151	RS62055753	EAS	1	PLINK2_1KG_DIRECT
RS62057151	RS17688296	EAS	1	PLINK2_1KG_DIRECT
RS62057151	RS62055754	EAS	1	PLINK2_1KG_DIRECT
RS62057151	RS78471340	EAS	1	PLINK2_1KG_DIRECT
RS62057151	RS78052495	EAS	1	PLINK2_1KG_DIRECT
RS62057151	RS56100013	EAS	1	PLINK2_1KG_DIRECT
RS62057151	RS55980621	EAS	1	PLINK2_1KG_DIRECT
RS62057151	RS55669046	EAS	1	PLINK2_1KG_DIRECT
RS62057151	RS56323832	EAS	1	PLINK2_1KG_DIRECT
RS62057151	RS55972157	EAS	1	PLINK2_1KG_DIRECT
RS62057151	RS56110538	EAS	1	PLINK2_1KG_DIRECT
RS62057151	RS17761581	EAS	1	PLINK2_1KG_DIRECT
RS62057151	RS55840731	EAS	1	PLINK2_1KG_DIRECT
RS62057151	RS56283089	EAS	1	PLINK2_1KG_DIRECT
RS62057151	RS56312737	EAS	1	PLINK2_1KG_DIRECT
RS62057151	RS74765707	EAS	1	PLINK2_1KG_DIRECT
RS62057151	RS62056861	EAS	1	PLINK2_1KG_DIRECT
RS62057151	RS62056862	EAS	1	PLINK2_1KG_DIRECT
RS62057151	RS62056863	EAS	1	PLINK2_1KG_DIRECT
RS62057151	RS62056864	EAS	1	PLINK2_1KG_DIRECT
RS62057151	RS62056865	EAS	1	PLINK2_1KG_DIRECT
RS62057151	RS62056866	EAS	1	PLINK2_1KG_DIRECT
RS62057151	RS62056867	EAS	1	PLINK2_1KG_DIRECT
RS62057151	RS56200760	EAS	1	PLINK2_1KG_DIRECT
RS62057151	RS17688391	EAS	1	PLINK2_1KG_DIRECT
RS62057151	RS17688410	EAS	1	PLINK2_1KG_DIRECT
RS62057151	RS55927630	EAS	1	PLINK2_1KG_DIRECT
RS62057151	RS17688434	EAS	1	PLINK2_1KG_DIRECT
RS62057151	RS17688452	EAS	1	PLINK2_1KG_DIRECT
RS62057151	RS10491144	EAS	1	PLINK2_1KG_DIRECT
RS62057151	RS10491143	EAS	1	PLINK2_1KG_DIRECT
RS62057151	RS62056869	EAS	1	PLINK2_1KG_DIRECT
RS62057151	RS17688511	EAS	1	PLINK2_1KG_DIRECT
RS62057151	RS62056870	EAS	1	PLINK2_1KG_DIRECT
RS62057151	RS17688534	EAS	1	PLINK2_1KG_DIRECT
RS62057151	RS17688558	EAS	1	PLINK2_1KG_DIRECT
RS62057151	RS56162163	EAS	1	PLINK2_1KG_DIRECT
RS62057151	RS56391096	EAS	1	PLINK2_1KG_DIRECT
RS62057151	RS17761838	EAS	1	PLINK2_1KG_DIRECT
RS62057151	RS62056872	EAS	1	PLINK2_1KG_DIRECT
RS62057151	RS12150141	EAS	1	PLINK2_1KG_DIRECT
RS62057151	RS12150608	EAS	1	PLINK2_1KG_DIRECT
RS62057151	RS12150610	EAS	1	PLINK2_1KG_DIRECT
RS62057151	RS12150547	EAS	1	PLINK2_1KG_DIRECT
RS62057151	RS17688682	EAS	1	PLINK2_1KG_DIRECT
RS62057151	RS12150454	EAS	1	PLINK2_1KG_DIRECT
RS62057151	RS12150091	EAS	1	PLINK2_1KG_DIRECT
RS62057151	RS12150464	EAS	1	PLINK2_1KG_DIRECT
RS62057151	RS12150435	EAS	1	PLINK2_1KG_DIRECT
RS62057151	RS76761706	EAS	1	PLINK2_1KG_DIRECT
RS62057151	RS80143279	EAS	1	PLINK2_1KG_DIRECT
RS62057151	RS17761985	EAS	1	PLINK2_1KG_DIRECT
RS62057151	RS62056873	EAS	1	PLINK2_1KG_DIRECT
RS62057151	RS17688767	EAS	1	PLINK2_1KG_DIRECT
RS62057151	RS62056874	EAS	1	PLINK2_1KG_DIRECT
RS62057151	RS17688773	EAS	1	PLINK2_1KG_DIRECT
RS62057151	RS62056875	EAS	1	PLINK2_1KG_DIRECT
RS62057151	RS17688875	EAS	1	PLINK2_1KG_DIRECT
RS62057151	RS17762165	EAS	1	PLINK2_1KG_DIRECT
RS62057151	RS17688916	EAS	1	PLINK2_1KG_DIRECT
RS62057151	RS62056876	EAS	1	PLINK2_1KG_DIRECT
RS62057151	RS62056877	EAS	1	PLINK2_1KG_DIRECT
RS62057151	RS17688922	EAS	1	PLINK2_1KG_DIRECT
RS62057151	RS17688944	EAS	1	PLINK2_1KG_DIRECT
RS62057151	RS1526128	EAS	1	PLINK2_1KG_DIRECT
RS62057151	RS1526129	EAS	1	PLINK2_1KG_DIRECT
RS62057151	RS62056878	EAS	1	PLINK2_1KG_DIRECT
RS62057151	RS17762308	EAS	1	PLINK2_1KG_DIRECT
RS62057151	RS968028	EAS	1	PLINK2_1KG_DIRECT
RS62057151	RS968027	EAS	1	PLINK2_1KG_DIRECT
RS62057151	RS62056879	EAS	1	PLINK2_1KG_DIRECT
RS62057151	RS79892630	EAS	1	PLINK2_1KG_DIRECT
RS62057151	RS17762361	EAS	1	PLINK2_1KG_DIRECT
RS62057151	RS62056880	EAS	1	PLINK2_1KG_DIRECT
RS62057151	RS62056881	EAS	1	PLINK2_1KG_DIRECT
RS62057151	RS17689104	EAS	1	PLINK2_1KG_DIRECT
RS62057151	RS17689116	EAS	1	PLINK2_1KG_DIRECT
RS62057151	RS62056905	EAS	1	PLINK2_1KG_DIRECT
RS62057151	RS62056906	EAS	1	PLINK2_1KG_DIRECT
RS62057151	RS62056909	EAS	1	PLINK2_1KG_DIRECT
RS62057151	RS62056910	EAS	1	PLINK2_1KG_DIRECT
RS62057151	RS62056911	EAS	1	PLINK2_1KG_DIRECT
RS62057151	RS62056913	EAS	1	PLINK2_1KG_DIRECT
RS62057151	RS61667602	EAS	1	PLINK2_1KG_DIRECT
RS62057151	RS62056915	EAS	1	PLINK2_1KG_DIRECT
RS62057151	RS17689218	EAS	1	PLINK2_1KG_DIRECT
RS62057151	RS62056916	EAS	1	PLINK2_1KG_DIRECT
RS62057151	RS62056917	EAS	1	PLINK2_1KG_DIRECT
RS62057151	RS62056918	EAS	1	PLINK2_1KG_DIRECT
RS62057151	RS62056919	EAS	1	PLINK2_1KG_DIRECT
RS62057151	RS17762535	EAS	1	PLINK2_1KG_DIRECT
RS62057151	RS62056920	EAS	1	PLINK2_1KG_DIRECT
RS62057151	RS62056921	EAS	1	PLINK2_1KG_DIRECT
RS62057151	RS62056922	EAS	1	PLINK2_1KG_DIRECT
RS62057151	RS56290582	EAS	0.499503	PLINK2_1KG_DIRECT
RS62057151	RS56397077	EAS	1	PLINK2_1KG_DIRECT
RS62057151	RS62056925	EAS	1	PLINK2_1KG_DIRECT
RS62057151	RS62056926	EAS	1	PLINK2_1KG_DIRECT
RS62057151	RS62056927	EAS	1	PLINK2_1KG_DIRECT
RS62057151	RS62056928	EAS	1	PLINK2_1KG_DIRECT
RS62057151	RS62056929	EAS	1	PLINK2_1KG_DIRECT
RS62057151	RS62056930	EAS	1	PLINK2_1KG_DIRECT
RS62057151	RS62056931	EAS	1	PLINK2_1KG_DIRECT
RS62057151	RS62056932	EAS	1	PLINK2_1KG_DIRECT
RS62057151	RS62056933	EAS	1	PLINK2_1KG_DIRECT
RS62057151	RS62056934	EAS	1	PLINK2_1KG_DIRECT
RS62057151	RS79322350	EAS	1	PLINK2_1KG_DIRECT
RS62057151	RS62056935	EAS	1	PLINK2_1KG_DIRECT
RS62057151	RS75076131	EAS	1	PLINK2_1KG_DIRECT
RS62057151	RS62056936	EAS	1	PLINK2_1KG_DIRECT
RS62057151	RS62056937	EAS	1	PLINK2_1KG_DIRECT
RS62057151	RS62056939	EAS	1	PLINK2_1KG_DIRECT
RS62057151	RS62056940	EAS	1	PLINK2_1KG_DIRECT
RS62057151	RS77387379	EAS	1	PLINK2_1KG_DIRECT
RS62057151	RS75990322	EAS	1	PLINK2_1KG_DIRECT
RS62057151	RS113661667	EAS	1	PLINK2_1KG_DIRECT
RS62057151	RS74579538	EAS	1	PLINK2_1KG_DIRECT
RS62057151	RS55973918	EAS	1	PLINK2_1KG_DIRECT
RS62057151	RS56220242	EAS	0.499503	PLINK2_1KG_DIRECT
RS62057151	RS56160448	EAS	1	PLINK2_1KG_DIRECT
RS62057151	RS56167560	EAS	1	PLINK2_1KG_DIRECT
RS62057151	RS55849973	EAS	1	PLINK2_1KG_DIRECT
RS62057151	RS1880749	EAS	1	PLINK2_1KG_DIRECT
RS62057151	RS1568951	EAS	1	PLINK2_1KG_DIRECT
RS62057151	RS1568950	EAS	1	PLINK2_1KG_DIRECT
RS62057151	RS1568949	EAS	1	PLINK2_1KG_DIRECT
RS62057151	RS1105571	EAS	1	PLINK2_1KG_DIRECT
RS62057151	RS1105570	EAS	1	PLINK2_1KG_DIRECT
RS62057151	RS1105569	EAS	1	PLINK2_1KG_DIRECT
RS62057151	RS7502718	EAS	1	PLINK2_1KG_DIRECT
RS62057151	RS7502937	EAS	1	PLINK2_1KG_DIRECT
RS62057151	RS4479288	EAS	1	PLINK2_1KG_DIRECT
RS62057151	RS4479289	EAS	1	PLINK2_1KG_DIRECT
RS62057151	RS4609898	EAS	1	PLINK2_1KG_DIRECT
RS62057151	RS4605208	EAS	1	PLINK2_1KG_DIRECT
RS62057151	RS75310534	EAS	1	PLINK2_1KG_DIRECT
RS62057151	RS76007856	EAS	1	PLINK2_1KG_DIRECT
RS62057151	RS111415173	EAS	1	PLINK2_1KG_DIRECT
RS62057151	RS113991678	EAS	1	PLINK2_1KG_DIRECT
RS62057151	RS112995313	EAS	1	PLINK2_1KG_DIRECT
RS62057151	RS1880750	EAS	1	PLINK2_1KG_DIRECT
RS62057151	RS56167344	EAS	1	PLINK2_1KG_DIRECT
RS62057151	RS56046792	EAS	1	PLINK2_1KG_DIRECT
RS62057151	RS56323722	EAS	1	PLINK2_1KG_DIRECT
RS62057151	RS55989971	EAS	1	PLINK2_1KG_DIRECT
RS62057151	RS62056946	EAS	1	PLINK2_1KG_DIRECT
RS62057151	RS75403953	EAS	1	PLINK2_1KG_DIRECT
RS62057151	RS55838058	EAS	1	PLINK2_1KG_DIRECT
RS62057151	RS56062621	EAS	1	PLINK2_1KG_DIRECT
RS62057151	RS55962674	EAS	1	PLINK2_1KG_DIRECT
RS62057151	RS55896111	EAS	1	PLINK2_1KG_DIRECT
RS62057151	RS55787734	EAS	1	PLINK2_1KG_DIRECT
RS62057151	RS55653963	EAS	1	PLINK2_1KG_DIRECT
RS62057151	RS62054378	EAS	1	PLINK2_1KG_DIRECT
RS62057151	RS77819001	EAS	1	PLINK2_1KG_DIRECT
RS62057151	RS76667867	EAS	1	PLINK2_1KG_DIRECT
RS62057151	RS17563433	EAS	1	PLINK2_1KG_DIRECT
RS62057151	RS77370070	EAS	1	PLINK2_1KG_DIRECT
RS62057151	RS62054380	EAS	1	PLINK2_1KG_DIRECT
RS62057151	RS112570965	EAS	1	PLINK2_1KG_DIRECT
RS62057151	RS62054381	EAS	1	PLINK2_1KG_DIRECT
RS62057151	RS17649019	EAS	1	PLINK2_1KG_DIRECT
RS62057151	RS17563501	EAS	1	PLINK2_1KG_DIRECT
RS62057151	RS62054382	EAS	1	PLINK2_1KG_DIRECT
RS62057151	RS62054383	EAS	1	PLINK2_1KG_DIRECT
RS62057151	RS10514879	EAS	1	PLINK2_1KG_DIRECT
RS62057151	RS56280222	EAS	1	PLINK2_1KG_DIRECT
RS62057151	RS62054384	EAS	1	PLINK2_1KG_DIRECT
RS62057151	RS9897399	EAS	1	PLINK2_1KG_DIRECT
RS62057151	RS56205560	EAS	1	PLINK2_1KG_DIRECT
RS62057151	RS56380663	EAS	1	PLINK2_1KG_DIRECT
RS62057151	RS62054387	EAS	1	PLINK2_1KG_DIRECT
RS62057151	RS62054388	EAS	1	PLINK2_1KG_DIRECT
RS62057151	RS4401083	EAS	0.332671	PLINK2_1KG_DIRECT
RS62057151	RS1880752	EAS	1	PLINK2_1KG_DIRECT
RS62057151	RS4617909	EAS	1	PLINK2_1KG_DIRECT
RS62057151	RS2902662	EAS	1	PLINK2_1KG_DIRECT
RS62057151	RS2864087	EAS	1	PLINK2_1KG_DIRECT
RS62057151	RS2902661	EAS	1	PLINK2_1KG_DIRECT
RS62057151	RS4609899	EAS	1	PLINK2_1KG_DIRECT
RS62057151	RS4471726	EAS	1	PLINK2_1KG_DIRECT
RS62057151	RS79226879	EAS	1	PLINK2_1KG_DIRECT
RS62057151	RS17563599	EAS	1	PLINK2_1KG_DIRECT
RS62057151	RS17649138	EAS	1	PLINK2_1KG_DIRECT
RS62057151	RS62054389	EAS	1	PLINK2_1KG_DIRECT
RS62057151	RS62054390	EAS	1	PLINK2_1KG_DIRECT
RS62057151	RS55947210	EAS	1	PLINK2_1KG_DIRECT
RS62057151	RS62054392	EAS	1	PLINK2_1KG_DIRECT
RS62057151	RS4390635	EAS	1	PLINK2_1KG_DIRECT
RS62057151	RS62054393	EAS	1	PLINK2_1KG_DIRECT
RS62057151	RS75986348	EAS	1	PLINK2_1KG_DIRECT
RS62057151	RS17649162	EAS	1	PLINK2_1KG_DIRECT
RS62057151	RS62054394	EAS	1	PLINK2_1KG_DIRECT
RS62057151	RS113790915	EAS	1	PLINK2_1KG_DIRECT
RS62057151	RS77807457	EAS	1	PLINK2_1KG_DIRECT
RS62057151	RS75022332	EAS	1	PLINK2_1KG_DIRECT
RS62057151	RS77804065	EAS	1	PLINK2_1KG_DIRECT
RS62057151	RS77301847	EAS	1	PLINK2_1KG_DIRECT
RS62057151	RS62054395	EAS	1	PLINK2_1KG_DIRECT
RS62057151	RS17563683	EAS	1	PLINK2_1KG_DIRECT
RS62057151	RS62054396	EAS	1	PLINK2_1KG_DIRECT
RS62057151	RS17563718	EAS	1	PLINK2_1KG_DIRECT
RS62057151	RS62054397	EAS	1	PLINK2_1KG_DIRECT
RS62057151	RS4569335	EAS	1	PLINK2_1KG_DIRECT
RS62057151	RS1526125	EAS	1	PLINK2_1KG_DIRECT
RS62057151	RS1526126	EAS	1	PLINK2_1KG_DIRECT
RS62057151	RS1526127	EAS	1	PLINK2_1KG_DIRECT
RS62057151	RS62054398	EAS	1	PLINK2_1KG_DIRECT
RS62057151	RS62054399	EAS	1	PLINK2_1KG_DIRECT
RS62057151	RS62054400	EAS	1	PLINK2_1KG_DIRECT
RS62057151	RS62054411	EAS	1	PLINK2_1KG_DIRECT
RS62057151	RS62054412	EAS	1	PLINK2_1KG_DIRECT
RS62057151	RS17563787	EAS	1	PLINK2_1KG_DIRECT
RS62057151	RS62054413	EAS	1	PLINK2_1KG_DIRECT
RS62057151	RS62054414	EAS	1	PLINK2_1KG_DIRECT
RS62057151	RS10451283	EAS	1	PLINK2_1KG_DIRECT
RS62057151	RS76421814	EAS	1	PLINK2_1KG_DIRECT
RS62057151	RS56006248	EAS	1	PLINK2_1KG_DIRECT
RS62057151	RS56298110	EAS	1	PLINK2_1KG_DIRECT
RS62057151	RS1608955	EAS	1	PLINK2_1KG_DIRECT
RS62057151	RS1608956	EAS	1	PLINK2_1KG_DIRECT
RS62057151	RS62054417	EAS	1	PLINK2_1KG_DIRECT
RS62057151	RS78440279	EAS	1	PLINK2_1KG_DIRECT
RS62057151	RS75500942	EAS	1	PLINK2_1KG_DIRECT
RS62057151	RS62054418	EAS	1	PLINK2_1KG_DIRECT
RS62057151	RS62054419	EAS	1	PLINK2_1KG_DIRECT
RS62057151	RS62054420	EAS	1	PLINK2_1KG_DIRECT
RS62057151	RS62054421	EAS	1	PLINK2_1KG_DIRECT
RS62057151	RS17563800	EAS	1	PLINK2_1KG_DIRECT
RS62057151	RS56295996	EAS	1	PLINK2_1KG_DIRECT
RS62057151	RS56384960	EAS	1	PLINK2_1KG_DIRECT
RS62057151	RS56178230	EAS	1	PLINK2_1KG_DIRECT
RS62057151	RS80157557	EAS	1	PLINK2_1KG_DIRECT
RS62057151	RS76728632	EAS	1	PLINK2_1KG_DIRECT
RS62057151	RS17563827	EAS	1	PLINK2_1KG_DIRECT
RS62057151	RS80072429	EAS	1	PLINK2_1KG_DIRECT
RS62057151	RS77114624	EAS	1	PLINK2_1KG_DIRECT
RS62057151	RS76311426	EAS	1	PLINK2_1KG_DIRECT
RS62057151	RS17563861	EAS	1	PLINK2_1KG_DIRECT
RS62057151	RS17563889	EAS	0.499503	PLINK2_1KG_DIRECT
RS62057151	RS62054424	EAS	1	PLINK2_1KG_DIRECT
RS62057151	RS17563923	EAS	1	PLINK2_1KG_DIRECT
RS62057151	RS62054425	EAS	1	PLINK2_1KG_DIRECT
RS62057151	RS62054426	EAS	1	PLINK2_1KG_DIRECT
RS62057151	RS62054427	EAS	1	PLINK2_1KG_DIRECT
RS62057151	RS74464991	EAS	1	PLINK2_1KG_DIRECT
RS62057151	RS2004260	EAS	1	PLINK2_1KG_DIRECT
RS62057151	RS62054428	EAS	1	PLINK2_1KG_DIRECT
RS62057151	RS62054429	EAS	1	PLINK2_1KG_DIRECT
RS62057151	RS76171147	EAS	1	PLINK2_1KG_DIRECT
RS62057151	RS75643244	EAS	1	PLINK2_1KG_DIRECT
RS62057151	RS62054431	EAS	1	PLINK2_1KG_DIRECT
RS62057151	RS62054432	EAS	1	PLINK2_1KG_DIRECT
RS62057151	RS111497072	EAS	1	PLINK2_1KG_DIRECT
RS62057151	RS62054433	EAS	1	PLINK2_1KG_DIRECT
RS62057151	RS62054434	EAS	1	PLINK2_1KG_DIRECT
RS62057151	RS12150683	EAS	1	PLINK2_1KG_DIRECT
RS62057151	RS12150332	EAS	1	PLINK2_1KG_DIRECT
RS62057151	RS62054435	EAS	1	PLINK2_1KG_DIRECT
RS62057151	RS75715199	EAS	1	PLINK2_1KG_DIRECT
RS62057151	RS62054436	EAS	1	PLINK2_1KG_DIRECT
RS62057151	RS62054437	EAS	1	PLINK2_1KG_DIRECT
RS62057151	RS62054438	EAS	1	PLINK2_1KG_DIRECT
RS62057151	RS62054439	EAS	1	PLINK2_1KG_DIRECT
RS62057151	RS17334797	EAS	0.499503	PLINK2_1KG_DIRECT
RS62057151	RS12150658	EAS	1	PLINK2_1KG_DIRECT
RS62057151	RS12150363	EAS	1	PLINK2_1KG_DIRECT
RS62057151	RS12150672	EAS	1	PLINK2_1KG_DIRECT
RS62057151	RS17334894	EAS	1	PLINK2_1KG_DIRECT
RS62057151	RS17334923	EAS	1	PLINK2_1KG_DIRECT
RS62057151	RS62054440	EAS	1	PLINK2_1KG_DIRECT
RS62057151	RS12150451	EAS	1	PLINK2_1KG_DIRECT
RS62057151	RS12150048	EAS	1	PLINK2_1KG_DIRECT
RS62057151	RS12150455	EAS	1	PLINK2_1KG_DIRECT
RS62057151	RS12150604	EAS	1	PLINK2_1KG_DIRECT
RS62057151	RS17334944	EAS	1	PLINK2_1KG_DIRECT
RS62057151	RS17426064	EAS	1	PLINK2_1KG_DIRECT
RS62057151	RS17426106	EAS	1	PLINK2_1KG_DIRECT
RS62057151	RS62054442	EAS	1	PLINK2_1KG_DIRECT
RS62057151	RS35879086	EAS	1	PLINK2_1KG_DIRECT
RS62057151	RS62055868	EAS	0.249255	PLINK2_1KG_DIRECT
RS62057151	RS62055869	EAS	1	PLINK2_1KG_DIRECT
RS62057151	RS17426174	EAS	1	PLINK2_1KG_DIRECT
RS62057151	RS62055871	EAS	1	PLINK2_1KG_DIRECT
RS62057151	RS55645418	EAS	1	PLINK2_1KG_DIRECT
RS62057151	RS35631660	EAS	1	PLINK2_1KG_DIRECT
RS62057151	RS17426195	EAS	0.499503	PLINK2_1KG_DIRECT
RS62057151	RS35282504	EAS	1	PLINK2_1KG_DIRECT
RS62057151	RS62055875	EAS	1	PLINK2_1KG_DIRECT
RS62057151	RS62055876	EAS	1	PLINK2_1KG_DIRECT
RS62057151	RS36047693	EAS	1	PLINK2_1KG_DIRECT
RS62057151	RS34195569	EAS	1	PLINK2_1KG_DIRECT
RS62057151	RS34579278	EAS	1	PLINK2_1KG_DIRECT
RS62057151	RS34211253	EAS	1	PLINK2_1KG_DIRECT
RS62057151	RS34008514	EAS	1	PLINK2_1KG_DIRECT
RS62057151	RS12943085	EAS	1	PLINK2_1KG_DIRECT
RS62057151	RS7350923	EAS	1	PLINK2_1KG_DIRECT
RS62057151	RS11079717	EAS	1	PLINK2_1KG_DIRECT
RS62057151	RS62055878	EAS	1	PLINK2_1KG_DIRECT
RS62057151	RS74514268	EAS	1	PLINK2_1KG_DIRECT
RS62057151	RS12948216	EAS	1	PLINK2_1KG_DIRECT
RS62057151	RS56013908	EAS	1	PLINK2_1KG_DIRECT
RS62057151	RS56214516	EAS	1	PLINK2_1KG_DIRECT
RS62057151	RS56168907	EAS	1	PLINK2_1KG_DIRECT
RS62057151	RS55747440	EAS	1	PLINK2_1KG_DIRECT
RS62057151	RS55801356	EAS	1	PLINK2_1KG_DIRECT
RS62057151	RS62055883	EAS	1	PLINK2_1KG_DIRECT
RS62057151	RS62055884	EAS	1	PLINK2_1KG_DIRECT
RS62057151	RS79882507	EAS	1	PLINK2_1KG_DIRECT
RS62057151	RS62055885	EAS	1	PLINK2_1KG_DIRECT
RS62057151	RS28439278	EAS	1	PLINK2_1KG_DIRECT
RS62057151	RS12150621	EAS	1	PLINK2_1KG_DIRECT
RS62057151	RS62055886	EAS	1	PLINK2_1KG_DIRECT
RS62057151	RS62055887	EAS	1	PLINK2_1KG_DIRECT
RS62057151	RS62055888	EAS	1	PLINK2_1KG_DIRECT
RS62057151	RS62055889	EAS	1	PLINK2_1KG_DIRECT
RS62057151	RS71375313	EAS	1	PLINK2_1KG_DIRECT
RS62057151	RS11079721	EAS	1	PLINK2_1KG_DIRECT
RS62057151	RS62055890	EAS	1	PLINK2_1KG_DIRECT
RS62057151	RS77849344	EAS	1	PLINK2_1KG_DIRECT
RS62057151	RS74918686	EAS	1	PLINK2_1KG_DIRECT
RS62057151	RS79545140	EAS	1	PLINK2_1KG_DIRECT
RS62057151	RS56369036	EAS	1	PLINK2_1KG_DIRECT
RS62057151	RS11079723	EAS	1	PLINK2_1KG_DIRECT
RS62057151	RS11079724	EAS	1	PLINK2_1KG_DIRECT
RS62057151	RS55707339	EAS	1	PLINK2_1KG_DIRECT
RS62057151	RS62055893	EAS	1	PLINK2_1KG_DIRECT
RS62057151	RS75257002	EAS	1	PLINK2_1KG_DIRECT
RS62057151	RS62055894	EAS	1	PLINK2_1KG_DIRECT
RS62057151	RS62055895	EAS	1	PLINK2_1KG_DIRECT
RS62057151	RS62055896	EAS	1	PLINK2_1KG_DIRECT
RS62057151	RS55725840	EAS	1	PLINK2_1KG_DIRECT
RS62057151	RS56194509	EAS	1	PLINK2_1KG_DIRECT
RS62057151	RS55657917	EAS	1	PLINK2_1KG_DIRECT
RS62057151	RS56082319	EAS	1	PLINK2_1KG_DIRECT
RS62057151	RS56109643	EAS	1	PLINK2_1KG_DIRECT
RS62057151	RS62055899	EAS	1	PLINK2_1KG_DIRECT
RS62057151	RS62055900	EAS	1	PLINK2_1KG_DIRECT
RS62057151	RS62055901	EAS	1	PLINK2_1KG_DIRECT
RS62057151	RS62055903	EAS	1	PLINK2_1KG_DIRECT
RS62057151	RS111374028	EAS	1	PLINK2_1KG_DIRECT
RS62057151	RS113934115	EAS	1	PLINK2_1KG_DIRECT
RS62057151	RS62055928	EAS	1	PLINK2_1KG_DIRECT
RS62057151	RS56268325	EAS	1	PLINK2_1KG_DIRECT
RS62057151	RS56070245	EAS	1	PLINK2_1KG_DIRECT
RS62057151	RS56387266	EAS	1	PLINK2_1KG_DIRECT
RS62057151	RS34303488	EAS	1	PLINK2_1KG_DIRECT
RS62057151	RS62055932	EAS	1	PLINK2_1KG_DIRECT
RS62057151	RS62055933	EAS	1	PLINK2_1KG_DIRECT
RS62057151	RS62055935	EAS	1	PLINK2_1KG_DIRECT
RS62057151	RS62055936	EAS	1	PLINK2_1KG_DIRECT
RS62057151	RS62055937	EAS	1	PLINK2_1KG_DIRECT
RS62057151	RS76294809	EAS	1	PLINK2_1KG_DIRECT
RS62057151	RS75916678	EAS	1	PLINK2_1KG_DIRECT
RS62057151	RS79730878	EAS	1	PLINK2_1KG_DIRECT
RS62057151	RS62055938	EAS	1	PLINK2_1KG_DIRECT
RS62057151	RS62055939	EAS	1	PLINK2_1KG_DIRECT
RS62057151	RS62055940	EAS	1	PLINK2_1KG_DIRECT
RS62057151	RS76885724	EAS	1	PLINK2_1KG_DIRECT
RS62057151	RS60814418	EAS	1	PLINK2_1KG_DIRECT
RS62057151	RS62055942	EAS	1	PLINK2_1KG_DIRECT
RS62057151	RS62055943	EAS	1	PLINK2_1KG_DIRECT
RS62057151	RS62055945	EAS	1	PLINK2_1KG_DIRECT
RS62057151	RS62055946	EAS	1	PLINK2_1KG_DIRECT
RS62057151	RS62055947	EAS	1	PLINK2_1KG_DIRECT
RS62057151	RS62055948	EAS	1	PLINK2_1KG_DIRECT
RS62057151	RS113871181	EAS	1	PLINK2_1KG_DIRECT
RS62057151	RS111370985	EAS	1	PLINK2_1KG_DIRECT
RS62057151	RS55787105	EAS	1	PLINK2_1KG_DIRECT
RS62057151	RS62055950	EAS	1	PLINK2_1KG_DIRECT
RS62057151	RS56043078	EAS	1	PLINK2_1KG_DIRECT
RS62057151	RS77965652	EAS	1	PLINK2_1KG_DIRECT
RS62057151	RS55849949	EAS	1	PLINK2_1KG_DIRECT
RS62057151	RS56303031	EAS	1	PLINK2_1KG_DIRECT
RS62057151	RS55991914	EAS	1	PLINK2_1KG_DIRECT
RS62057151	RS62055955	EAS	1	PLINK2_1KG_DIRECT
RS62057151	RS62055956	EAS	1	PLINK2_1KG_DIRECT
RS62057151	RS62055957	EAS	1	PLINK2_1KG_DIRECT
RS62057151	RS4074462	EAS	1	PLINK2_1KG_DIRECT
RS62057151	RS62057061	EAS	1	PLINK2_1KG_DIRECT
RS62057151	RS62057062	EAS	1	PLINK2_1KG_DIRECT
RS62057151	RS62057063	EAS	1	PLINK2_1KG_DIRECT
RS62057151	RS62057064	EAS	1	PLINK2_1KG_DIRECT
RS62057151	RS76830096	EAS	1	PLINK2_1KG_DIRECT
RS62057151	RS62057065	EAS	1	PLINK2_1KG_DIRECT
RS62057151	RS62057067	EAS	1	PLINK2_1KG_DIRECT
RS62057151	RS78917495	EAS	0.499503	PLINK2_1KG_DIRECT
RS62057151	RS62057068	EAS	1	PLINK2_1KG_DIRECT
RS62057151	RS62057069	EAS	1	PLINK2_1KG_DIRECT
RS62057151	RS62057070	EAS	1	PLINK2_1KG_DIRECT
RS62057151	RS62057071	EAS	1	PLINK2_1KG_DIRECT
RS62057151	RS62057073	EAS	1	PLINK2_1KG_DIRECT
RS62057151	RS56319902	EAS	1	PLINK2_1KG_DIRECT
RS62057151	RS55943044	EAS	0.499503	PLINK2_1KG_DIRECT
RS62057151	RS80184151	EAS	1	PLINK2_1KG_DIRECT
RS62057151	RS17689378	EAS	1	PLINK2_1KG_DIRECT
RS62057151	RS62057101	EAS	1	PLINK2_1KG_DIRECT
RS62057151	RS62057103	EAS	1	PLINK2_1KG_DIRECT
RS62057151	RS55915917	EAS	0.499503	PLINK2_1KG_DIRECT
RS62057151	RS55668363	EAS	1	PLINK2_1KG_DIRECT
RS62057151	RS17689471	EAS	1	PLINK2_1KG_DIRECT
RS62057151	RS117365970	EAS	1	PLINK2_1KG_DIRECT
RS62057151	RS117646503	EAS	1	PLINK2_1KG_DIRECT
RS62057151	RS17762769	EAS	1	PLINK2_1KG_DIRECT
RS62057151	RS8072451	EAS	1	PLINK2_1KG_DIRECT
RS62057151	RS8073146	EAS	1	PLINK2_1KG_DIRECT
RS62057151	RS28364025	EAS	1	PLINK2_1KG_DIRECT
RS62057151	RS28364023	EAS	1	PLINK2_1KG_DIRECT
RS62057151	RS55779147	EAS	1	PLINK2_1KG_DIRECT
RS62057151	RS56357543	EAS	1	PLINK2_1KG_DIRECT
RS62057151	RS56099546	EAS	1	PLINK2_1KG_DIRECT
RS62057151	RS739645	EAS	1	PLINK2_1KG_DIRECT
RS62057151	RS739644	EAS	1	PLINK2_1KG_DIRECT
RS62057151	RS4564621	EAS	1	PLINK2_1KG_DIRECT
RS62057151	RS2316763	EAS	1	PLINK2_1KG_DIRECT
RS62057151	RS2316764	EAS	1	PLINK2_1KG_DIRECT
RS62057151	RS4277389	EAS	1	PLINK2_1KG_DIRECT
RS62057151	RS4566211	EAS	1	PLINK2_1KG_DIRECT
RS62057151	RS4566212	EAS	1	PLINK2_1KG_DIRECT
RS62057151	RS4309444	EAS	1	PLINK2_1KG_DIRECT
RS62057151	RS62057107	EAS	1	PLINK2_1KG_DIRECT
RS62057151	RS12150390	EAS	1	PLINK2_1KG_DIRECT
RS62057151	RS17689608	EAS	1	PLINK2_1KG_DIRECT
RS62057151	RS62057108	EAS	1	PLINK2_1KG_DIRECT
RS62057151	RS62057109	EAS	1	PLINK2_1KG_DIRECT
RS62057151	RS78074121	EAS	1	PLINK2_1KG_DIRECT
RS62057151	RS62057110	EAS	1	PLINK2_1KG_DIRECT
RS62057151	RS62057111	EAS	1	PLINK2_1KG_DIRECT
RS62057151	RS62057112	EAS	1	PLINK2_1KG_DIRECT
RS62057151	RS78587102	EAS	1	PLINK2_1KG_DIRECT
RS62057151	RS62057113	EAS	1	PLINK2_1KG_DIRECT
RS62057151	RS78506181	EAS	1	PLINK2_1KG_DIRECT
RS62057151	RS79600142	EAS	1	PLINK2_1KG_DIRECT
RS62057151	RS111739681	EAS	1	PLINK2_1KG_DIRECT
RS62057151	RS17762882	EAS	1	PLINK2_1KG_DIRECT
RS62057151	RS17689653	EAS	1	PLINK2_1KG_DIRECT
RS62057151	RS17762912	EAS	1	PLINK2_1KG_DIRECT
RS62057151	RS62057114	EAS	1	PLINK2_1KG_DIRECT
RS62057151	RS62057115	EAS	1	PLINK2_1KG_DIRECT
RS62057151	RS78917479	EAS	1	PLINK2_1KG_DIRECT
RS62057151	RS62057116	EAS	1	PLINK2_1KG_DIRECT
RS62057151	RS62057117	EAS	1	PLINK2_1KG_DIRECT
RS62057151	RS62057118	EAS	1	PLINK2_1KG_DIRECT
RS62057151	RS62057119	EAS	1	PLINK2_1KG_DIRECT
RS62057151	RS17762954	EAS	1	PLINK2_1KG_DIRECT
RS62057151	RS55638417	EAS	1	PLINK2_1KG_DIRECT
RS62057151	RS79501144	EAS	1	PLINK2_1KG_DIRECT
RS62057151	RS112137135	EAS	1	PLINK2_1KG_DIRECT
RS62057151	RS62057122	EAS	0.499503	PLINK2_1KG_DIRECT
RS62057151	RS62057123	EAS	1	PLINK2_1KG_DIRECT
RS62057151	RS62057143	EAS	1	PLINK2_1KG_DIRECT
RS62057151	RS62057144	EAS	1	PLINK2_1KG_DIRECT
RS62057151	RS4335809	EAS	1	PLINK2_1KG_DIRECT
RS62057151	RS4341787	EAS	1	PLINK2_1KG_DIRECT
RS62057151	RS4523962	EAS	1	PLINK2_1KG_DIRECT
RS62057151	RS4327090	EAS	1	PLINK2_1KG_DIRECT
RS62057151	RS3885074	EAS	1	PLINK2_1KG_DIRECT
RS62057151	RS3885075	EAS	1	PLINK2_1KG_DIRECT
RS62057151	RS41280116	EAS	1	PLINK2_1KG_DIRECT
RS62057151	RS34283254	EAS	1	PLINK2_1KG_DIRECT
RS62057151	RS1912151	EAS	1	PLINK2_1KG_DIRECT
RS62057151	RS1396862	EAS	1	PLINK2_1KG_DIRECT
RS62057151	RS41280118	EAS	1	PLINK2_1KG_DIRECT
RS62057151	RS62057146	EAS	1	PLINK2_1KG_DIRECT
RS62057151	RS62057147	EAS	1	PLINK2_1KG_DIRECT
RS62057151	RS17763050	EAS	1	PLINK2_1KG_DIRECT
RS62057151	RS62057148	EAS	1	PLINK2_1KG_DIRECT
RS62057151	RS62057149	EAS	1	PLINK2_1KG_DIRECT
RS62057151	RS62057150	EAS	1	PLINK2_1KG_DIRECT
RS62057151	RS62057152	EAS	1	PLINK2_1KG_DIRECT
RS62057151	RS17689824	EAS	1	PLINK2_1KG_DIRECT
RS62057151	RS62057153	EAS	1	PLINK2_1KG_DIRECT
RS62057151	RS62057154	EAS	1	PLINK2_1KG_DIRECT
RS62057151	RS62057155	EAS	1	PLINK2_1KG_DIRECT
RS62057151	RS62057156	EAS	1	PLINK2_1KG_DIRECT
RS62057151	RS78872653	EAS	0.499503	PLINK2_1KG_DIRECT
RS62057151	RS62057157	EAS	1	PLINK2_1KG_DIRECT
RS62057151	RS17763086	EAS	1	PLINK2_1KG_DIRECT
RS62057151	RS17425752	EAS	1	PLINK2_1KG_DIRECT
RS62057151	RS17689882	EAS	1	PLINK2_1KG_DIRECT
RS62057151	RS62057158	EAS	1	PLINK2_1KG_DIRECT
RS62057151	RS1876831	EAS	1	PLINK2_1KG_DIRECT
RS62057151	RS16940665	EAS	1	PLINK2_1KG_DIRECT
RS62057151	RS16940668	EAS	1	PLINK2_1KG_DIRECT
RS62057151	RS16940671	EAS	1	PLINK2_1KG_DIRECT
RS62057151	RS16940672	EAS	1	PLINK2_1KG_DIRECT
RS62057151	RS55763795	EAS	1	PLINK2_1KG_DIRECT
RS62057151	RS55865707	EAS	1	PLINK2_1KG_DIRECT
RS62057151	RS62054760	EAS	1	PLINK2_1KG_DIRECT
RS62057151	RS62054761	EAS	1	PLINK2_1KG_DIRECT
RS62057151	RS62054762	EAS	1	PLINK2_1KG_DIRECT
RS62057151	RS17689918	EAS	1	PLINK2_1KG_DIRECT
RS62057151	RS17763199	EAS	1	PLINK2_1KG_DIRECT
RS62057151	RS62054763	EAS	1	PLINK2_1KG_DIRECT
RS62057151	RS16940674	EAS	1	PLINK2_1KG_DIRECT
RS62057151	RS16940676	EAS	0.499503	PLINK2_1KG_DIRECT
RS62057151	RS1876830	EAS	1	PLINK2_1KG_DIRECT
RS62057151	RS41457044	EAS	1	PLINK2_1KG_DIRECT
RS62057151	RS1876829	EAS	1	PLINK2_1KG_DIRECT
RS62057151	RS1876828	EAS	1	PLINK2_1KG_DIRECT
RS62057151	RS1876827	EAS	1	PLINK2_1KG_DIRECT
RS62057151	RS16940677	EAS	0.499503	PLINK2_1KG_DIRECT
RS62057151	RS16940681	EAS	1	PLINK2_1KG_DIRECT
RS62057151	RS28364021	EAS	1	PLINK2_1KG_DIRECT
RS62057151	RS2316765	EAS	1	PLINK2_1KG_DIRECT
RS62057151	RS878886	EAS	1	PLINK2_1KG_DIRECT
RS62057151	RS878887	EAS	1	PLINK2_1KG_DIRECT
RS62057151	RS878888	EAS	1	PLINK2_1KG_DIRECT
RS62057151	RS4525537	EAS	1	PLINK2_1KG_DIRECT
RS62057151	RS4640231	EAS	1	PLINK2_1KG_DIRECT
RS62057151	RS4482334	EAS	1	PLINK2_1KG_DIRECT
RS62057151	RS56127111	EAS	1	PLINK2_1KG_DIRECT
RS62057151	RS75104593	EAS	1	PLINK2_1KG_DIRECT
RS62057151	RS74998289	EAS	1	PLINK2_1KG_DIRECT
RS62057151	RS10445362	EAS	1	PLINK2_1KG_DIRECT
RS62057151	RS10445363	EAS	1	PLINK2_1KG_DIRECT
RS62057151	RS62054802	EAS	1	PLINK2_1KG_DIRECT
RS62057151	RS62054803	EAS	1	PLINK2_1KG_DIRECT
RS62057151	RS62054804	EAS	1	PLINK2_1KG_DIRECT
RS62057151	RS62054805	EAS	1	PLINK2_1KG_DIRECT
RS62057151	RS62054806	EAS	1	PLINK2_1KG_DIRECT
RS62057151	RS10445364	EAS	1	PLINK2_1KG_DIRECT
RS62057151	RS10445333	EAS	1	PLINK2_1KG_DIRECT
RS62057151	RS17690176	EAS	1	PLINK2_1KG_DIRECT
RS62057151	RS78328427	EAS	1	PLINK2_1KG_DIRECT
RS62057151	RS77692262	EAS	1	PLINK2_1KG_DIRECT
RS62057151	RS56023973	EAS	1	PLINK2_1KG_DIRECT
RS62057151	RS17763515	EAS	0.499503	PLINK2_1KG_DIRECT
RS62057151	RS17763533	EAS	1	PLINK2_1KG_DIRECT
RS62057151	RS62054809	EAS	1	PLINK2_1KG_DIRECT
RS62057151	RS112583797	EAS	1	PLINK2_1KG_DIRECT
RS62057151	RS74922289	EAS	1	PLINK2_1KG_DIRECT
RS62057151	RS56971664	EAS	1	PLINK2_1KG_DIRECT
RS62057151	RS62054811	EAS	1	PLINK2_1KG_DIRECT
RS62057151	RS2106785	EAS	1	PLINK2_1KG_DIRECT
RS62057151	RS56150806	EAS	1	PLINK2_1KG_DIRECT
RS62057151	RS17690314	EAS	1	PLINK2_1KG_DIRECT
RS62057151	RS56233672	EAS	1	PLINK2_1KG_DIRECT
RS62057151	RS56354807	EAS	1	PLINK2_1KG_DIRECT
RS62057151	RS55718212	EAS	1	PLINK2_1KG_DIRECT
RS62057151	RS17690326	EAS	1	PLINK2_1KG_DIRECT
RS62057151	RS17763596	EAS	1	PLINK2_1KG_DIRECT
RS62057151	RS62054814	EAS	1	PLINK2_1KG_DIRECT
RS62057151	RS17763634	EAS	1	PLINK2_1KG_DIRECT
RS62057151	RS62621252	EAS	1	PLINK2_1KG_DIRECT
RS62057151	RS62054815	EAS	1	PLINK2_1KG_DIRECT
RS62057151	RS12185233	EAS	1	PLINK2_1KG_DIRECT
RS62057151	RS12185268	EAS	1	PLINK2_1KG_DIRECT
RS62057151	RS12185235	EAS	1	PLINK2_1KG_DIRECT
RS62057151	RS11079725	EAS	1	PLINK2_1KG_DIRECT
RS62057151	RS12373123	EAS	1	PLINK2_1KG_DIRECT
RS62057151	RS12373139	EAS	1	PLINK2_1KG_DIRECT
RS62057151	RS12373142	EAS	1	PLINK2_1KG_DIRECT
RS62057151	RS12373124	EAS	1	PLINK2_1KG_DIRECT
RS62057151	RS12373140	EAS	1	PLINK2_1KG_DIRECT
RS62057151	RS12373168	EAS	1	PLINK2_1KG_DIRECT
RS62057151	RS17690661	EAS	1	PLINK2_1KG_DIRECT
RS62057151	RS55943825	EAS	1	PLINK2_1KG_DIRECT
RS62057151	RS17690679	EAS	1	PLINK2_1KG_DIRECT
RS62057151	RS17769490	EAS	1	PLINK2_1KG_DIRECT
RS62057151	RS77063768	EAS	1	PLINK2_1KG_DIRECT
RS62057151	RS62054817	EAS	1	PLINK2_1KG_DIRECT
RS62057151	RS62054818	EAS	1	PLINK2_1KG_DIRECT
RS62057151	RS62054819	EAS	1	PLINK2_1KG_DIRECT
RS62057151	RS62054820	EAS	1	PLINK2_1KG_DIRECT
RS62057151	RS56113217	EAS	1	PLINK2_1KG_DIRECT
RS62057151	RS56269136	EAS	1	PLINK2_1KG_DIRECT
RS62057151	RS56385754	EAS	1	PLINK2_1KG_DIRECT
RS62057151	RS17769552	EAS	1	PLINK2_1KG_DIRECT
RS62057151	RS62054822	EAS	1	PLINK2_1KG_DIRECT
RS62057151	RS885639	EAS	1	PLINK2_1KG_DIRECT
RS62057151	RS62054823	EAS	1	PLINK2_1KG_DIRECT
RS62057151	RS62054824	EAS	1	PLINK2_1KG_DIRECT
RS62057151	RS62054825	EAS	1	PLINK2_1KG_DIRECT
RS62057151	RS79589869	EAS	1	PLINK2_1KG_DIRECT
RS62057151	RS2316769	EAS	1	PLINK2_1KG_DIRECT
RS62057151	RS2873268	EAS	1	PLINK2_1KG_DIRECT
RS62057151	RS4340365	EAS	1	PLINK2_1KG_DIRECT
RS62057151	RS2873269	EAS	1	PLINK2_1KG_DIRECT
RS62057151	RS56026128	EAS	1	PLINK2_1KG_DIRECT
RS62057151	RS56329743	EAS	1	PLINK2_1KG_DIRECT
RS62057151	RS56288604	EAS	1	PLINK2_1KG_DIRECT
RS62057151	RS17690987	EAS	1	PLINK2_1KG_DIRECT
RS62057151	RS56146262	EAS	1	PLINK2_1KG_DIRECT
RS62057151	RS55942528	EAS	1	PLINK2_1KG_DIRECT
RS62057151	RS56254732	EAS	1	PLINK2_1KG_DIRECT
RS62057151	RS56323304	EAS	1	PLINK2_1KG_DIRECT
RS62057151	RS55751924	EAS	1	PLINK2_1KG_DIRECT
RS62057151	RS55660209	EAS	0.332671	PLINK2_1KG_DIRECT
RS62057151	RS113856644	EAS	1	PLINK2_1KG_DIRECT
RS62057151	RS62054831	EAS	1	PLINK2_1KG_DIRECT
RS62057151	RS62054832	EAS	1	PLINK2_1KG_DIRECT
RS62057151	RS62054833	EAS	1	PLINK2_1KG_DIRECT
RS62057151	RS76563578	EAS	1	PLINK2_1KG_DIRECT
RS62057151	RS111962225	EAS	1	PLINK2_1KG_DIRECT
RS62057151	RS62054834	EAS	1	PLINK2_1KG_DIRECT
RS62057151	RS62054835	EAS	1	PLINK2_1KG_DIRECT
RS62057151	RS10445369	EAS	1	PLINK2_1KG_DIRECT
RS62057151	RS10445334	EAS	1	PLINK2_1KG_DIRECT
RS62057151	RS10445335	EAS	1	PLINK2_1KG_DIRECT
RS62057151	RS10445336	EAS	1	PLINK2_1KG_DIRECT
RS62057151	RS10445370	EAS	1	PLINK2_1KG_DIRECT
RS62057151	RS55996632	EAS	1	PLINK2_1KG_DIRECT
RS62057151	RS55886302	EAS	1	PLINK2_1KG_DIRECT
RS62057151	RS56136075	EAS	1	PLINK2_1KG_DIRECT
RS62057151	RS62054841	EAS	1	PLINK2_1KG_DIRECT
RS62057151	RS62054842	EAS	1	PLINK2_1KG_DIRECT
RS62057151	RS62054843	EAS	1	PLINK2_1KG_DIRECT
RS62057151	RS62054844	EAS	1	PLINK2_1KG_DIRECT
RS62057151	RS76627340	EAS	1	PLINK2_1KG_DIRECT
RS62057151	RS75945623	EAS	1	PLINK2_1KG_DIRECT
RS62057151	RS79889833	EAS	1	PLINK2_1KG_DIRECT
RS62057151	RS77625338	EAS	1	PLINK2_1KG_DIRECT
RS62057151	RS77489223	EAS	1	PLINK2_1KG_DIRECT
RS62057151	RS55888391	EAS	1	PLINK2_1KG_DIRECT
RS62057151	RS76329216	EAS	1	PLINK2_1KG_DIRECT
RS62057151	RS62054846	EAS	1	PLINK2_1KG_DIRECT
RS62057151	RS55646970	EAS	1	PLINK2_1KG_DIRECT
RS62057151	RS55673092	EAS	1	PLINK2_1KG_DIRECT
RS62057151	RS56347602	EAS	1	PLINK2_1KG_DIRECT
RS62057151	RS56249080	EAS	1	PLINK2_1KG_DIRECT
RS62057151	RS56227067	EAS	1	PLINK2_1KG_DIRECT
RS62057151	RS55719714	EAS	1	PLINK2_1KG_DIRECT
RS62057151	RS56299858	EAS	1	PLINK2_1KG_DIRECT
RS62057151	RS62054857	EAS	1	PLINK2_1KG_DIRECT
RS62057151	RS75210307	EAS	1	PLINK2_1KG_DIRECT
RS62057151	RS74944644	EAS	1	PLINK2_1KG_DIRECT
RS62057151	RS79412431	EAS	1	PLINK2_1KG_DIRECT
RS62057151	RS62054858	EAS	1	PLINK2_1KG_DIRECT
RS62057151	RS79406732	EAS	1	PLINK2_1KG_DIRECT
RS62057151	RS62054859	EAS	1	PLINK2_1KG_DIRECT
RS62057151	RS62055460	EAS	1	PLINK2_1KG_DIRECT
RS62057151	RS62055461	EAS	1	PLINK2_1KG_DIRECT
RS62057151	RS62055462	EAS	1	PLINK2_1KG_DIRECT
RS62057151	RS62055463	EAS	1	PLINK2_1KG_DIRECT
RS62057151	RS77652965	EAS	1	PLINK2_1KG_DIRECT
RS62057151	RS75690239	EAS	1	PLINK2_1KG_DIRECT
RS62057151	RS62055464	EAS	1	PLINK2_1KG_DIRECT
RS62057151	RS62055465	EAS	1	PLINK2_1KG_DIRECT
RS62057151	RS62055466	EAS	1	PLINK2_1KG_DIRECT
RS62057151	RS62055467	EAS	1	PLINK2_1KG_DIRECT
RS62057151	RS62055468	EAS	1	PLINK2_1KG_DIRECT
RS62057151	RS62055469	EAS	1	PLINK2_1KG_DIRECT
RS62057151	RS62055470	EAS	1	PLINK2_1KG_DIRECT
RS62057151	RS62055471	EAS	1	PLINK2_1KG_DIRECT
RS62057151	RS56327054	EAS	1	PLINK2_1KG_DIRECT
RS62057151	RS56036719	EAS	1	PLINK2_1KG_DIRECT
RS62057151	RS55781174	EAS	1	PLINK2_1KG_DIRECT
RS62057151	RS12150223	EAS	1	PLINK2_1KG_DIRECT
RS62057151	RS12150516	EAS	1	PLINK2_1KG_DIRECT
RS62057151	RS62055475	EAS	1	PLINK2_1KG_DIRECT
RS62057151	RS527658313	EAS	1	PLINK2_1KG_DIRECT
RS62057151	RS78637438	EAS	1	PLINK2_1KG_DIRECT
RS62057151	RS2316771	EAS	1	PLINK2_1KG_DIRECT
RS62057151	RS62055478	EAS	1	PLINK2_1KG_DIRECT
RS62057151	RS1078830	EAS	1	PLINK2_1KG_DIRECT
RS62057151	RS753235	EAS	1	PLINK2_1KG_DIRECT
RS62057151	RS753236	EAS	1	PLINK2_1KG_DIRECT
RS62057151	RS2316772	EAS	0.499503	PLINK2_1KG_DIRECT
RS62057151	RS2316773	EAS	1	PLINK2_1KG_DIRECT
RS62057151	RS2316774	EAS	1	PLINK2_1KG_DIRECT
RS62057151	RS739643	EAS	1	PLINK2_1KG_DIRECT
RS62057151	RS739642	EAS	1	PLINK2_1KG_DIRECT
RS62057151	RS757055	EAS	1	PLINK2_1KG_DIRECT
RS62057151	RS56398500	EAS	1	PLINK2_1KG_DIRECT
RS62057151	RS56289364	EAS	1	PLINK2_1KG_DIRECT
RS62057151	RS62055483	EAS	1	PLINK2_1KG_DIRECT
RS62057151	RS78238042	EAS	1	PLINK2_1KG_DIRECT
RS62057151	RS55673340	EAS	1	PLINK2_1KG_DIRECT
RS62057151	RS77092481	EAS	1	PLINK2_1KG_DIRECT
RS62057151	RS62055486	EAS	1	PLINK2_1KG_DIRECT
RS62057151	RS34739559	EAS	1	PLINK2_1KG_DIRECT
RS62057151	RS34097347	EAS	1	PLINK2_1KG_DIRECT
RS62057151	RS2106784	EAS	1	PLINK2_1KG_DIRECT
RS62057151	RS2158072	EAS	1	PLINK2_1KG_DIRECT
RS62057151	RS62055488	EAS	1	PLINK2_1KG_DIRECT
RS62057151	RS62055490	EAS	1	PLINK2_1KG_DIRECT
RS62057151	RS62055491	EAS	1	PLINK2_1KG_DIRECT
RS62057151	RS34416056	EAS	1	PLINK2_1KG_DIRECT
RS62057151	RS62055492	EAS	1	PLINK2_1KG_DIRECT
RS62057151	RS2055794	EAS	1	PLINK2_1KG_DIRECT
RS62057151	RS2055795	EAS	1	PLINK2_1KG_DIRECT
RS62057151	RS2055796	EAS	1	PLINK2_1KG_DIRECT
RS62057151	RS80348388	EAS	1	PLINK2_1KG_DIRECT
RS62057151	RS62055493	EAS	1	PLINK2_1KG_DIRECT
RS62057151	RS62055494	EAS	1	PLINK2_1KG_DIRECT
RS62057151	RS62055495	EAS	1	PLINK2_1KG_DIRECT
RS62057151	RS62055496	EAS	1	PLINK2_1KG_DIRECT
RS62057151	RS62055497	EAS	1	PLINK2_1KG_DIRECT
RS62057151	RS2188888	EAS	1	PLINK2_1KG_DIRECT
RS62057151	RS3919455	EAS	1	PLINK2_1KG_DIRECT
RS62057151	RS2214258	EAS	1	PLINK2_1KG_DIRECT
RS62057151	RS62055498	EAS	1	PLINK2_1KG_DIRECT
RS62057151	RS62055499	EAS	1	PLINK2_1KG_DIRECT
RS62057151	RS62055500	EAS	1	PLINK2_1KG_DIRECT
RS62057151	RS62055501	EAS	1	PLINK2_1KG_DIRECT
RS62057151	RS62055502	EAS	1	PLINK2_1KG_DIRECT
RS62057151	RS916793	EAS	1	PLINK2_1KG_DIRECT
RS62057151	RS4441322	EAS	1	PLINK2_1KG_DIRECT
RS62057151	RS113414067	EAS	1	PLINK2_1KG_DIRECT
RS62057151	RS55905252	EAS	1	PLINK2_1KG_DIRECT
RS62057151	RS17691328	EAS	1	PLINK2_1KG_DIRECT
RS62057151	RS62055515	EAS	1	PLINK2_1KG_DIRECT
RS62057151	RS62055516	EAS	1	PLINK2_1KG_DIRECT
RS62057151	RS62055517	EAS	1	PLINK2_1KG_DIRECT
RS62057151	RS62055518	EAS	1	PLINK2_1KG_DIRECT
RS62057151	RS56364632	EAS	1	PLINK2_1KG_DIRECT
RS62057151	RS55768605	EAS	1	PLINK2_1KG_DIRECT
RS62057151	RS55653657	EAS	1	PLINK2_1KG_DIRECT
RS62057151	RS55894109	EAS	1	PLINK2_1KG_DIRECT
RS62057151	RS56101773	EAS	1	PLINK2_1KG_DIRECT
RS62057151	RS56249780	EAS	1	PLINK2_1KG_DIRECT
RS62057151	RS56040418	EAS	1	PLINK2_1KG_DIRECT
RS62057151	RS55721252	EAS	1	PLINK2_1KG_DIRECT
RS62057151	RS55876817	EAS	1	PLINK2_1KG_DIRECT
RS62057151	RS55944735	EAS	1	PLINK2_1KG_DIRECT
RS62057151	RS62055525	EAS	1	PLINK2_1KG_DIRECT
RS62057151	RS112915466	EAS	1	PLINK2_1KG_DIRECT
RS62057151	RS56343551	EAS	1	PLINK2_1KG_DIRECT
RS62057151	RS55975673	EAS	1	PLINK2_1KG_DIRECT
RS62057151	RS56387391	EAS	1	PLINK2_1KG_DIRECT
RS62057151	RS2019816	EAS	1	PLINK2_1KG_DIRECT
RS62057151	RS2006305	EAS	1	PLINK2_1KG_DIRECT
RS62057151	RS2019822	EAS	1	PLINK2_1KG_DIRECT
RS62057151	RS62055529	EAS	1	PLINK2_1KG_DIRECT
RS62057151	RS79580365	EAS	1	PLINK2_1KG_DIRECT
RS62057151	RS55937610	EAS	1	PLINK2_1KG_DIRECT
RS62057151	RS56365901	EAS	1	PLINK2_1KG_DIRECT
RS62057151	RS55767267	EAS	1	PLINK2_1KG_DIRECT
RS62057151	RS56127309	EAS	1	PLINK2_1KG_DIRECT
RS62057151	RS56194412	EAS	1	PLINK2_1KG_DIRECT
RS62057151	RS56338487	EAS	1	PLINK2_1KG_DIRECT
RS62057151	RS56180212	EAS	1	PLINK2_1KG_DIRECT
RS62057151	RS56301449	EAS	1	PLINK2_1KG_DIRECT
RS62057151	RS62055538	EAS	1	PLINK2_1KG_DIRECT
RS62057151	RS62055539	EAS	1	PLINK2_1KG_DIRECT
RS62057151	RS62055540	EAS	1	PLINK2_1KG_DIRECT
RS62057151	RS17770108	EAS	1	PLINK2_1KG_DIRECT
RS62057151	RS62055541	EAS	1	PLINK2_1KG_DIRECT
RS62057151	RS77426526	EAS	1	PLINK2_1KG_DIRECT
RS62057151	RS77129180	EAS	1	PLINK2_1KG_DIRECT
RS62057151	RS74863825	EAS	1	PLINK2_1KG_DIRECT
RS62057151	RS80254317	EAS	1	PLINK2_1KG_DIRECT
RS62057151	RS112425426	EAS	1	PLINK2_1KG_DIRECT
RS62057151	RS62055542	EAS	1	PLINK2_1KG_DIRECT
RS62057151	RS17770120	EAS	1	PLINK2_1KG_DIRECT
RS62057151	RS17770150	EAS	0.499503	PLINK2_1KG_DIRECT
RS62057151	RS17770186	EAS	1	PLINK2_1KG_DIRECT
RS62057151	RS17691449	EAS	1	PLINK2_1KG_DIRECT
RS62057151	RS62055544	EAS	1	PLINK2_1KG_DIRECT
RS62057151	RS62055545	EAS	1	PLINK2_1KG_DIRECT
RS62057151	RS62055546	EAS	1	PLINK2_1KG_DIRECT
RS62057151	RS62055547	EAS	1	PLINK2_1KG_DIRECT
RS62057151	RS62055548	EAS	1	PLINK2_1KG_DIRECT
RS62057151	RS113327263	EAS	1	PLINK2_1KG_DIRECT
RS62057151	RS62055549	EAS	1	PLINK2_1KG_DIRECT
RS62057151	RS62055550	EAS	1	PLINK2_1KG_DIRECT
RS62057151	RS62055551	EAS	1	PLINK2_1KG_DIRECT
RS62057151	RS62055552	EAS	1	PLINK2_1KG_DIRECT
RS62057151	RS62055553	EAS	1	PLINK2_1KG_DIRECT
RS62057151	RS62055554	EAS	1	PLINK2_1KG_DIRECT
RS62057151	RS62055555	EAS	1	PLINK2_1KG_DIRECT
RS62057151	RS111941646	EAS	1	PLINK2_1KG_DIRECT
RS62057151	RS62055556	EAS	1	PLINK2_1KG_DIRECT
RS62057151	RS62055557	EAS	1	PLINK2_1KG_DIRECT
RS62057151	RS62055558	EAS	1	PLINK2_1KG_DIRECT
RS62057151	RS62055559	EAS	1	PLINK2_1KG_DIRECT
RS62057151	RS79193046	EAS	1	PLINK2_1KG_DIRECT
RS62057151	RS17691466	EAS	1	PLINK2_1KG_DIRECT
RS62057151	RS17691508	EAS	1	PLINK2_1KG_DIRECT
RS62057151	RS62056760	EAS	1	PLINK2_1KG_DIRECT
RS62057151	RS55943606	EAS	1	PLINK2_1KG_DIRECT
RS62057151	RS55895732	EAS	1	PLINK2_1KG_DIRECT
RS62057151	RS55960528	EAS	1	PLINK2_1KG_DIRECT
RS62057151	RS55877243	EAS	1	PLINK2_1KG_DIRECT
RS62057151	RS17770296	EAS	1	PLINK2_1KG_DIRECT
RS62057151	RS17691556	EAS	1	PLINK2_1KG_DIRECT
RS62057151	RS62056761	EAS	1	PLINK2_1KG_DIRECT
RS62057151	RS17770337	EAS	1	PLINK2_1KG_DIRECT
RS62057151	RS62056773	EAS	1	PLINK2_1KG_DIRECT
RS62057151	RS62056774	EAS	1	PLINK2_1KG_DIRECT
RS62057151	RS62056775	EAS	1	PLINK2_1KG_DIRECT
RS62057151	RS62056776	EAS	1	PLINK2_1KG_DIRECT
RS62057151	RS78729125	EAS	1	PLINK2_1KG_DIRECT
RS62057151	RS17770343	EAS	1	PLINK2_1KG_DIRECT
RS62057151	RS62056777	EAS	1	PLINK2_1KG_DIRECT
RS62057151	RS17691610	EAS	1	PLINK2_1KG_DIRECT
RS62057151	RS76594404	EAS	1	PLINK2_1KG_DIRECT
RS62057151	RS80233201	EAS	1	PLINK2_1KG_DIRECT
RS62057151	RS62056778	EAS	1	PLINK2_1KG_DIRECT
RS62057151	RS11575895	EAS	1	PLINK2_1KG_DIRECT
RS62057151	RS62056779	EAS	1	PLINK2_1KG_DIRECT
RS62057151	RS11575896	EAS	1	PLINK2_1KG_DIRECT
RS62057151	RS74457229	EAS	1	PLINK2_1KG_DIRECT
RS62057151	RS74548327	EAS	1	PLINK2_1KG_DIRECT
RS62057151	RS111972148	EAS	1	PLINK2_1KG_DIRECT
RS62057151	RS76324150	EAS	1	PLINK2_1KG_DIRECT
RS62057151	RS113347741	EAS	1	PLINK2_1KG_DIRECT
RS62057151	RS78720789	EAS	1	PLINK2_1KG_DIRECT
RS62057151	RS62056780	EAS	1	PLINK2_1KG_DIRECT
RS62057151	RS62056781	EAS	1	PLINK2_1KG_DIRECT
RS62057151	RS74496580	EAS	1	PLINK2_1KG_DIRECT
RS62057151	RS62056782	EAS	1	PLINK2_1KG_DIRECT
RS62057151	RS80346216	EAS	1	PLINK2_1KG_DIRECT
RS62057151	RS76632685	EAS	1	PLINK2_1KG_DIRECT
RS62057151	RS62056783	EAS	1	PLINK2_1KG_DIRECT
RS62057151	RS62056784	EAS	1	PLINK2_1KG_DIRECT
RS62057151	RS62056785	EAS	1	PLINK2_1KG_DIRECT
RS62057151	RS62056786	EAS	1	PLINK2_1KG_DIRECT
RS62057151	RS62056789	EAS	1	PLINK2_1KG_DIRECT
RS62057151	RS62056790	EAS	1	PLINK2_1KG_DIRECT
RS62057151	RS62056791	EAS	1	PLINK2_1KG_DIRECT
RS62057151	RS77561671	EAS	1	PLINK2_1KG_DIRECT
RS62057151	RS62056792	EAS	1	PLINK2_1KG_DIRECT
RS62057151	RS62056793	EAS	1	PLINK2_1KG_DIRECT
RS62057151	RS62056794	EAS	1	PLINK2_1KG_DIRECT
RS62057151	RS1864324	EAS	1	PLINK2_1KG_DIRECT
RS62057151	RS1864325	EAS	1	PLINK2_1KG_DIRECT
RS62057151	RS62056795	EAS	1	PLINK2_1KG_DIRECT
RS62057151	RS62056796	EAS	1	PLINK2_1KG_DIRECT
RS62057151	RS55691306	EAS	1	PLINK2_1KG_DIRECT
RS62057151	RS55823844	EAS	1	PLINK2_1KG_DIRECT
RS62057151	RS1560310	EAS	1	PLINK2_1KG_DIRECT
RS62057151	RS1467962	EAS	1	PLINK2_1KG_DIRECT
RS62057151	RS1560311	EAS	1	PLINK2_1KG_DIRECT
RS62057151	RS1467963	EAS	1	PLINK2_1KG_DIRECT
RS62057151	RS62056800	EAS	1	PLINK2_1KG_DIRECT
RS62057151	RS62056801	EAS	1	PLINK2_1KG_DIRECT
RS62057151	RS113834264	EAS	1	PLINK2_1KG_DIRECT
RS62057151	RS2099151	EAS	1	PLINK2_1KG_DIRECT
RS62057151	RS2082068	EAS	1	PLINK2_1KG_DIRECT
RS62057151	RS1984937	EAS	1	PLINK2_1KG_DIRECT
RS62057151	RS62056802	EAS	1	PLINK2_1KG_DIRECT
RS62057151	RS113589236	EAS	1	PLINK2_1KG_DIRECT
RS62057151	RS113029914	EAS	1	PLINK2_1KG_DIRECT
RS62057151	RS112275277	EAS	1	PLINK2_1KG_DIRECT
RS62057151	RS62056803	EAS	1	PLINK2_1KG_DIRECT
RS62057151	RS62056804	EAS	1	PLINK2_1KG_DIRECT
RS62057151	RS77084869	EAS	1	PLINK2_1KG_DIRECT
RS62057151	RS74573628	EAS	1	PLINK2_1KG_DIRECT
RS62057151	RS75617973	EAS	1	PLINK2_1KG_DIRECT
RS62057151	RS62056805	EAS	1	PLINK2_1KG_DIRECT
RS62057151	RS62056806	EAS	1	PLINK2_1KG_DIRECT
RS62057151	RS62056807	EAS	1	PLINK2_1KG_DIRECT
RS62057151	RS1467966	EAS	1	PLINK2_1KG_DIRECT
RS62057151	RS62056808	EAS	1	PLINK2_1KG_DIRECT
RS62057151	RS62056809	EAS	1	PLINK2_1KG_DIRECT
RS62057151	RS62056810	EAS	1	PLINK2_1KG_DIRECT
RS62057151	RS79492906	EAS	1	PLINK2_1KG_DIRECT
RS62057151	RS62056811	EAS	1	PLINK2_1KG_DIRECT
RS62057151	RS74509629	EAS	1	PLINK2_1KG_DIRECT
RS62057151	RS79290980	EAS	1	PLINK2_1KG_DIRECT
RS62057151	RS1467968	EAS	0.499503	PLINK2_1KG_DIRECT
RS62057151	RS4371195	EAS	1	PLINK2_1KG_DIRECT
RS62057151	RS12150125	EAS	1	PLINK2_1KG_DIRECT
RS62057151	RS12150527	EAS	1	PLINK2_1KG_DIRECT
RS62057151	RS7502888	EAS	1	PLINK2_1KG_DIRECT
RS62057151	RS62056812	EAS	1	PLINK2_1KG_DIRECT
RS62057151	RS111447859	EAS	1	PLINK2_1KG_DIRECT
RS62057151	RS28439143	EAS	1	PLINK2_1KG_DIRECT
RS62057151	RS56189701	EAS	1	PLINK2_1KG_DIRECT
RS62057151	RS2435204	EAS	1	PLINK2_1KG_DIRECT
RS62057151	RS62056835	EAS	1	PLINK2_1KG_DIRECT
RS62057151	RS62056837	EAS	1	PLINK2_1KG_DIRECT
RS62057151	RS62056838	EAS	1	PLINK2_1KG_DIRECT
RS62057151	RS62056839	EAS	1	PLINK2_1KG_DIRECT
RS62057151	RS62056840	EAS	1	PLINK2_1KG_DIRECT
RS62057151	RS112116311	EAS	1	PLINK2_1KG_DIRECT
RS62057151	RS78209533	EAS	1	PLINK2_1KG_DIRECT
RS62057151	RS62056841	EAS	1	PLINK2_1KG_DIRECT
RS62057151	RS79860128	EAS	1	PLINK2_1KG_DIRECT
RS62057151	RS9944484	EAS	1	PLINK2_1KG_DIRECT
RS62057151	RS17563965	EAS	1	PLINK2_1KG_DIRECT
RS62057151	RS17563986	EAS	1	PLINK2_1KG_DIRECT
RS62057151	RS17564020	EAS	1	PLINK2_1KG_DIRECT
RS62057151	RS55682376	EAS	1	PLINK2_1KG_DIRECT
RS62057151	RS55788678	EAS	1	PLINK2_1KG_DIRECT
RS62057151	RS56042957	EAS	1	PLINK2_1KG_DIRECT
RS62057151	RS55810795	EAS	1	PLINK2_1KG_DIRECT
RS62057151	RS55933304	EAS	1	PLINK2_1KG_DIRECT
RS62057151	RS62056848	EAS	1	PLINK2_1KG_DIRECT
RS62057151	RS62056849	EAS	1	PLINK2_1KG_DIRECT
RS62057151	RS62056850	EAS	0.499503	PLINK2_1KG_DIRECT
RS62057151	RS62056851	EAS	1	PLINK2_1KG_DIRECT
RS62057151	RS77926909	EAS	1	PLINK2_1KG_DIRECT
RS62057151	RS111541901	EAS	1	PLINK2_1KG_DIRECT
RS62057151	RS17649518	EAS	1	PLINK2_1KG_DIRECT
RS62057151	RS62056859	EAS	1	PLINK2_1KG_DIRECT
RS62057151	RS112647192	EAS	1	PLINK2_1KG_DIRECT
RS62057151	RS17649553	EAS	1	PLINK2_1KG_DIRECT
RS62057151	RS17649571	EAS	1	PLINK2_1KG_DIRECT
RS62057151	RS17564153	EAS	1	PLINK2_1KG_DIRECT
RS62057151	RS17649635	EAS	1	PLINK2_1KG_DIRECT
RS62057151	RS55760800	EAS	1	PLINK2_1KG_DIRECT
RS62057151	RS56303672	EAS	1	PLINK2_1KG_DIRECT
RS62057151	RS17649641	EAS	1	PLINK2_1KG_DIRECT
RS62057151	RS75046472	EAS	1	PLINK2_1KG_DIRECT
RS62057151	RS17564223	EAS	1	PLINK2_1KG_DIRECT
RS62057151	RS17649700	EAS	1	PLINK2_1KG_DIRECT
RS62057151	RS62058962	EAS	1	PLINK2_1KG_DIRECT
RS62057151	RS1467969	EAS	1	PLINK2_1KG_DIRECT
RS62057151	RS1467970	EAS	1	PLINK2_1KG_DIRECT
RS62057151	RS767058	EAS	1	PLINK2_1KG_DIRECT
RS62057151	RS767057	EAS	1	PLINK2_1KG_DIRECT
RS62057151	RS767056	EAS	1	PLINK2_1KG_DIRECT
RS62057151	RS62058964	EAS	1	PLINK2_1KG_DIRECT
RS62057151	RS62058965	EAS	1	PLINK2_1KG_DIRECT
RS62057151	RS1967981	EAS	1	PLINK2_1KG_DIRECT
RS62057151	RS1476127	EAS	1	PLINK2_1KG_DIRECT
RS62057151	RS55929431	EAS	1	PLINK2_1KG_DIRECT
RS62057151	RS8079501	EAS	1	PLINK2_1KG_DIRECT
RS62057151	RS56002706	EAS	1	PLINK2_1KG_DIRECT
RS62057151	RS8078495	EAS	1	PLINK2_1KG_DIRECT
RS62057151	RS17649866	EAS	1	PLINK2_1KG_DIRECT
RS62057151	RS62058968	EAS	1	PLINK2_1KG_DIRECT
RS62057151	RS17564493	EAS	1	PLINK2_1KG_DIRECT
RS62057151	RS17649918	EAS	1	PLINK2_1KG_DIRECT
RS62057151	RS17649954	EAS	1	PLINK2_1KG_DIRECT
RS62057151	RS55685451	EAS	1	PLINK2_1KG_DIRECT
RS62057151	RS17564591	EAS	1	PLINK2_1KG_DIRECT
RS62057151	RS17564619	EAS	1	PLINK2_1KG_DIRECT
RS62057151	RS62059003	EAS	1	PLINK2_1KG_DIRECT
RS62057151	RS17650063	EAS	1	PLINK2_1KG_DIRECT
RS62057151	RS17564703	EAS	1	PLINK2_1KG_DIRECT
RS62057151	RS76090253	EAS	1	PLINK2_1KG_DIRECT
RS62057151	RS55788597	EAS	1	PLINK2_1KG_DIRECT
RS62057151	RS56197117	EAS	1	PLINK2_1KG_DIRECT
RS62057151	RS56249311	EAS	1	PLINK2_1KG_DIRECT
RS62057151	RS62059004	EAS	1	PLINK2_1KG_DIRECT
RS62057151	RS76500077	EAS	1	PLINK2_1KG_DIRECT
RS62057151	RS62059005	EAS	1	PLINK2_1KG_DIRECT
RS62057151	RS113796169	EAS	1	PLINK2_1KG_DIRECT
RS62057151	RS112454267	EAS	1	PLINK2_1KG_DIRECT
RS62057151	RS17564780	EAS	1	PLINK2_1KG_DIRECT
RS62057151	RS62059007	EAS	1	PLINK2_1KG_DIRECT
RS62057151	RS62059008	EAS	1	PLINK2_1KG_DIRECT
RS62057151	RS62059009	EAS	1	PLINK2_1KG_DIRECT
RS62057151	RS62061705	EAS	1	PLINK2_1KG_DIRECT
RS62057151	RS17564829	EAS	1	PLINK2_1KG_DIRECT
RS62057151	RS62061706	EAS	1	PLINK2_1KG_DIRECT
RS62057151	RS62061707	EAS	1	PLINK2_1KG_DIRECT
RS62057151	RS62061708	EAS	1	PLINK2_1KG_DIRECT
RS62057151	RS62061709	EAS	1	PLINK2_1KG_DIRECT
RS62057151	RS62061712	EAS	1	PLINK2_1KG_DIRECT
RS62057151	RS7501759	EAS	1	PLINK2_1KG_DIRECT
RS62057151	RS2316782	EAS	0.499503	PLINK2_1KG_DIRECT
RS62057151	RS2316783	EAS	1	PLINK2_1KG_DIRECT
RS62057151	RS4255816	EAS	1	PLINK2_1KG_DIRECT
RS62057151	RS62061713	EAS	1	PLINK2_1KG_DIRECT
RS62057151	RS62061714	EAS	1	PLINK2_1KG_DIRECT
RS62057151	RS113952577	EAS	1	PLINK2_1KG_DIRECT
RS62057151	RS78077519	EAS	1	PLINK2_1KG_DIRECT
RS62057151	RS17564871	EAS	1	PLINK2_1KG_DIRECT
RS62057151	RS17650258	EAS	1	PLINK2_1KG_DIRECT
RS62057151	RS62061715	EAS	1	PLINK2_1KG_DIRECT
RS62057151	RS17564948	EAS	1	PLINK2_1KG_DIRECT
RS62057151	RS17564983	EAS	1	PLINK2_1KG_DIRECT
RS62057151	RS62061716	EAS	1	PLINK2_1KG_DIRECT
RS62057151	RS17650335	EAS	1	PLINK2_1KG_DIRECT
RS62057151	RS17565025	EAS	0.199206	PLINK2_1KG_DIRECT
RS62057151	RS77924424	EAS	1	PLINK2_1KG_DIRECT
RS62057151	RS62061719	EAS	1	PLINK2_1KG_DIRECT
RS62057151	RS17650381	EAS	1	PLINK2_1KG_DIRECT
RS62057151	RS17650417	EAS	1	PLINK2_1KG_DIRECT
RS62057151	RS62061720	EAS	1	PLINK2_1KG_DIRECT
RS62057151	RS62061721	EAS	1	PLINK2_1KG_DIRECT
RS62057151	RS79857651	EAS	1	PLINK2_1KG_DIRECT
RS62057151	RS113756354	EAS	1	PLINK2_1KG_DIRECT
RS62057151	RS12150111	EAS	1	PLINK2_1KG_DIRECT
RS62057151	RS12150460	EAS	1	PLINK2_1KG_DIRECT
RS62057151	RS12150195	EAS	1	PLINK2_1KG_DIRECT
RS62057151	RS55874169	EAS	1	PLINK2_1KG_DIRECT
RS62057151	RS12150229	EAS	1	PLINK2_1KG_DIRECT
RS62057151	RS12150230	EAS	1	PLINK2_1KG_DIRECT
RS62057151	RS12150576	EAS	1	PLINK2_1KG_DIRECT
RS62057151	RS12150235	EAS	1	PLINK2_1KG_DIRECT
RS62057151	RS12150242	EAS	1	PLINK2_1KG_DIRECT
RS62057151	RS12150104	EAS	1	PLINK2_1KG_DIRECT
RS62057151	RS62061725	EAS	1	PLINK2_1KG_DIRECT
RS62057151	RS62061726	EAS	1	PLINK2_1KG_DIRECT
RS62057151	RS113537106	EAS	1	PLINK2_1KG_DIRECT
RS62057151	RS62061727	EAS	1	PLINK2_1KG_DIRECT
RS62057151	RS62061728	EAS	1	PLINK2_1KG_DIRECT
RS62057151	RS62061729	EAS	1	PLINK2_1KG_DIRECT
RS62057151	RS62061730	EAS	1	PLINK2_1KG_DIRECT
RS62057151	RS62061731	EAS	1	PLINK2_1KG_DIRECT
RS62057151	RS62061732	EAS	1	PLINK2_1KG_DIRECT
RS62057151	RS62061733	EAS	1	PLINK2_1KG_DIRECT
RS62057151	RS7210219	EAS	1	PLINK2_1KG_DIRECT
RS62057151	RS62062768	EAS	1	PLINK2_1KG_DIRECT
RS62057151	RS62062769	EAS	1	PLINK2_1KG_DIRECT
RS62057151	RS62062770	EAS	1	PLINK2_1KG_DIRECT
RS62057151	RS62062771	EAS	1	PLINK2_1KG_DIRECT
RS62057151	RS62062772	EAS	1	PLINK2_1KG_DIRECT
RS62057151	RS62062773	EAS	1	PLINK2_1KG_DIRECT
RS62057151	RS79115768	EAS	1	PLINK2_1KG_DIRECT
RS62057151	RS28416808	EAS	1	PLINK2_1KG_DIRECT
RS62057151	RS62062774	EAS	1	PLINK2_1KG_DIRECT
RS62057151	RS2316784	EAS	1	PLINK2_1KG_DIRECT
RS62057151	RS4327091	EAS	1	PLINK2_1KG_DIRECT
RS62057151	RS4479290	EAS	1	PLINK2_1KG_DIRECT
RS62057151	RS62062776	EAS	1	PLINK2_1KG_DIRECT
RS62057151	RS62062777	EAS	1	PLINK2_1KG_DIRECT
RS62057151	RS75839508	EAS	1	PLINK2_1KG_DIRECT
RS62057151	RS75686108	EAS	1	PLINK2_1KG_DIRECT
RS62057151	RS79765413	EAS	1	PLINK2_1KG_DIRECT
RS62057151	RS78834738	EAS	1	PLINK2_1KG_DIRECT
RS62057151	RS62062778	EAS	1	PLINK2_1KG_DIRECT
RS62057151	RS62062779	EAS	1	PLINK2_1KG_DIRECT
RS62057151	RS62062780	EAS	1	PLINK2_1KG_DIRECT
RS62057151	RS62062781	EAS	1	PLINK2_1KG_DIRECT
RS62057151	RS62062782	EAS	1	PLINK2_1KG_DIRECT
RS62057151	RS62062783	EAS	1	PLINK2_1KG_DIRECT
RS62057151	RS62062784	EAS	1	PLINK2_1KG_DIRECT
RS62057151	RS62062785	EAS	1	PLINK2_1KG_DIRECT
RS62057151	RS62062786	EAS	0.199206	PLINK2_1KG_DIRECT
RS62057151	RS62062787	EAS	1	PLINK2_1KG_DIRECT
RS62057151	RS62062788	EAS	1	PLINK2_1KG_DIRECT
RS62057151	RS62062789	EAS	1	PLINK2_1KG_DIRECT
RS62057151	RS62062790	EAS	1	PLINK2_1KG_DIRECT
RS62057151	RS62062791	EAS	1	PLINK2_1KG_DIRECT
RS62057151	RS62062792	EAS	1	PLINK2_1KG_DIRECT
RS62057151	RS78026984	EAS	1	PLINK2_1KG_DIRECT
RS62057151	RS113395365	EAS	1	PLINK2_1KG_DIRECT
RS62057151	RS62062793	EAS	1	PLINK2_1KG_DIRECT
RS62057151	RS62062794	EAS	1	PLINK2_1KG_DIRECT
RS62057151	RS78556223	EAS	1	PLINK2_1KG_DIRECT
RS62057151	RS242561	EAS	1	PLINK2_1KG_DIRECT
RS62057151	RS62062795	EAS	1	PLINK2_1KG_DIRECT
RS62057151	RS62062796	EAS	1	PLINK2_1KG_DIRECT
RS62057151	RS62062797	EAS	1	PLINK2_1KG_DIRECT
RS62057151	RS62062798	EAS	1	PLINK2_1KG_DIRECT
RS62057151	RS62062799	EAS	1	PLINK2_1KG_DIRECT
RS62057151	RS62062800	EAS	1	PLINK2_1KG_DIRECT
RS62057151	RS62062801	EAS	1	PLINK2_1KG_DIRECT
RS62057151	RS62062802	EAS	1	PLINK2_1KG_DIRECT
RS62057151	RS62062803	EAS	1	PLINK2_1KG_DIRECT
RS62057151	RS74903707	EAS	1	PLINK2_1KG_DIRECT
RS62057151	RS77017444	EAS	1	PLINK2_1KG_DIRECT
RS62057151	RS76839282	EAS	1	PLINK2_1KG_DIRECT
RS62057151	RS17650579	EAS	1	PLINK2_1KG_DIRECT
RS62057151	RS17650597	EAS	1	PLINK2_1KG_DIRECT
RS62057151	RS17650633	EAS	1	PLINK2_1KG_DIRECT
RS62057151	RS17650651	EAS	1	PLINK2_1KG_DIRECT
RS62057151	RS62062805	EAS	1	PLINK2_1KG_DIRECT
RS62057151	RS62062806	EAS	1	PLINK2_1KG_DIRECT
RS62057151	RS55978005	EAS	1	PLINK2_1KG_DIRECT
RS62057151	RS55946323	EAS	1	PLINK2_1KG_DIRECT
RS62057151	RS56317731	EAS	1	PLINK2_1KG_DIRECT
RS62057151	RS55821155	EAS	1	PLINK2_1KG_DIRECT
RS62057151	RS56080482	EAS	1	PLINK2_1KG_DIRECT
RS62057151	RS17571718	EAS	1	PLINK2_1KG_DIRECT
RS62057151	RS78555354	EAS	1	PLINK2_1KG_DIRECT
RS62057151	RS17571739	EAS	1	PLINK2_1KG_DIRECT
RS62057151	RS62062813	EAS	1	PLINK2_1KG_DIRECT
RS62057151	RS62063262	EAS	1	PLINK2_1KG_DIRECT
RS62057151	RS113520245	EAS	1	PLINK2_1KG_DIRECT
RS62057151	RS113277432	EAS	1	PLINK2_1KG_DIRECT
RS62057151	RS112950348	EAS	1	PLINK2_1KG_DIRECT
RS62057151	RS62063263	EAS	1	PLINK2_1KG_DIRECT
RS62057151	RS62063264	EAS	1	PLINK2_1KG_DIRECT
RS62057151	RS62063265	EAS	1	PLINK2_1KG_DIRECT
RS62057151	RS62063266	EAS	1	PLINK2_1KG_DIRECT
RS62057151	RS17571781	EAS	1	PLINK2_1KG_DIRECT
RS62057151	RS62063269	EAS	1	PLINK2_1KG_DIRECT
RS62057151	RS17571809	EAS	1	PLINK2_1KG_DIRECT
RS62057151	RS17650771	EAS	1	PLINK2_1KG_DIRECT
RS62057151	RS77555455	EAS	1	PLINK2_1KG_DIRECT
RS62057151	RS17571857	EAS	1	PLINK2_1KG_DIRECT
RS62057151	RS62063271	EAS	1	PLINK2_1KG_DIRECT
RS62057151	RS572616442	EAS	1	PLINK2_1KG_DIRECT
RS62057151	RS62063275	EAS	1	PLINK2_1KG_DIRECT
RS62057151	RS62063276	EAS	1	PLINK2_1KG_DIRECT
RS62057151	RS62063277	EAS	1	PLINK2_1KG_DIRECT
RS62057151	RS17650818	EAS	1	PLINK2_1KG_DIRECT
RS62057151	RS62063278	EAS	1	PLINK2_1KG_DIRECT
RS62057151	RS62063279	EAS	1	PLINK2_1KG_DIRECT
RS62057151	RS113793114	EAS	1	PLINK2_1KG_DIRECT
RS62057151	RS62063280	EAS	1	PLINK2_1KG_DIRECT
RS62057151	RS17650842	EAS	1	PLINK2_1KG_DIRECT
RS62057151	RS62063281	EAS	1	PLINK2_1KG_DIRECT
RS62057151	RS17650860	EAS	1	PLINK2_1KG_DIRECT
RS62057151	RS62063282	EAS	1	PLINK2_1KG_DIRECT
RS62057151	RS111520035	EAS	1	PLINK2_1KG_DIRECT
RS62057151	RS17650872	EAS	1	PLINK2_1KG_DIRECT
RS62057151	RS17650901	EAS	1	PLINK2_1KG_DIRECT
RS62057151	RS55780945	EAS	1	PLINK2_1KG_DIRECT
RS62057151	RS55711941	EAS	1	PLINK2_1KG_DIRECT
RS62057151	RS55709241	EAS	1	PLINK2_1KG_DIRECT
RS62057151	RS56280951	EAS	1	PLINK2_1KG_DIRECT
RS62057151	RS112058117	EAS	1	PLINK2_1KG_DIRECT
RS62057151	RS112206871	EAS	1	PLINK2_1KG_DIRECT
RS62057151	RS56166491	EAS	1	PLINK2_1KG_DIRECT
RS62057151	RS56226437	EAS	1	PLINK2_1KG_DIRECT
RS62057151	RS55907036	EAS	1	PLINK2_1KG_DIRECT
RS62057151	RS56294117	EAS	1	PLINK2_1KG_DIRECT
RS62057151	RS112415880	EAS	0.499503	PLINK2_1KG_DIRECT
RS62057151	RS62063291	EAS	1	PLINK2_1KG_DIRECT
RS62057151	RS62063292	EAS	1	PLINK2_1KG_DIRECT
RS62057151	RS62063293	EAS	1	PLINK2_1KG_DIRECT
RS62057151	RS62063294	EAS	1	PLINK2_1KG_DIRECT
RS62057151	RS17650973	EAS	1	PLINK2_1KG_DIRECT
RS62057151	RS62063295	EAS	1	PLINK2_1KG_DIRECT
RS62057151	RS17650991	EAS	1	PLINK2_1KG_DIRECT
RS62057151	RS75145092	EAS	1	PLINK2_1KG_DIRECT
RS62057151	RS113857334	EAS	1	PLINK2_1KG_DIRECT
RS62057151	RS17572147	EAS	1	PLINK2_1KG_DIRECT
RS62057151	RS77513497	EAS	1	PLINK2_1KG_DIRECT
RS62057151	RS17572169	EAS	1	PLINK2_1KG_DIRECT
RS62057151	RS62063296	EAS	0.499503	PLINK2_1KG_DIRECT
RS62057151	RS62641967	EAS	1	PLINK2_1KG_DIRECT
RS62057151	RS74373419	EAS	1	PLINK2_1KG_DIRECT
RS62057151	RS62063297	EAS	1	PLINK2_1KG_DIRECT
RS62057151	RS62063298	EAS	1	PLINK2_1KG_DIRECT
RS62057151	RS62063299	EAS	1	PLINK2_1KG_DIRECT
RS62057151	RS62063300	EAS	1	PLINK2_1KG_DIRECT
RS62057151	RS62063303	EAS	1	PLINK2_1KG_DIRECT
RS62057151	RS75242405	EAS	1	PLINK2_1KG_DIRECT
RS62057151	RS17651093	EAS	1	PLINK2_1KG_DIRECT
RS62057151	RS17572248	EAS	1	PLINK2_1KG_DIRECT
RS62057151	RS62063304	EAS	1	PLINK2_1KG_DIRECT
RS62057151	RS62063305	EAS	1	PLINK2_1KG_DIRECT
RS62057151	RS17651134	EAS	1	PLINK2_1KG_DIRECT
RS62057151	RS62063306	EAS	1	PLINK2_1KG_DIRECT
RS62057151	RS62063774	EAS	1	PLINK2_1KG_DIRECT
RS62057151	RS62063775	EAS	1	PLINK2_1KG_DIRECT
RS62057151	RS62063776	EAS	1	PLINK2_1KG_DIRECT
RS62057151	RS117124984	EAS	1	PLINK2_1KG_DIRECT
RS62057151	RS118087478	EAS	1	PLINK2_1KG_DIRECT
RS62057151	RS77875796	EAS	1	PLINK2_1KG_DIRECT
RS62057151	RS1800547	EAS	1	PLINK2_1KG_DIRECT
RS62057151	RS17651213	EAS	1	PLINK2_1KG_DIRECT
RS62057151	RS17572361	EAS	1	PLINK2_1KG_DIRECT
RS62057151	RS17651243	EAS	1	PLINK2_1KG_DIRECT
RS62057151	RS78104015	EAS	1	PLINK2_1KG_DIRECT
RS62057151	RS62063777	EAS	1	PLINK2_1KG_DIRECT
RS62057151	RS2217394	EAS	1	PLINK2_1KG_DIRECT
RS62057151	RS62063778	EAS	1	PLINK2_1KG_DIRECT
RS62057151	RS17651285	EAS	1	PLINK2_1KG_DIRECT
RS62057151	RS17572467	EAS	1	PLINK2_1KG_DIRECT
RS62057151	RS17572495	EAS	1	PLINK2_1KG_DIRECT
RS62057151	RS62063779	EAS	1	PLINK2_1KG_DIRECT
RS62057151	RS754513	EAS	1	PLINK2_1KG_DIRECT
RS62057151	RS754512	EAS	1	PLINK2_1KG_DIRECT
RS62057151	RS62063780	EAS	1	PLINK2_1KG_DIRECT
RS62057151	RS2163129	EAS	1	PLINK2_1KG_DIRECT
RS62057151	RS2163130	EAS	1	PLINK2_1KG_DIRECT
RS62057151	RS1981997	EAS	1	PLINK2_1KG_DIRECT
RS62057151	RS1981998	EAS	1	PLINK2_1KG_DIRECT
RS62057151	RS17572613	EAS	1	PLINK2_1KG_DIRECT
RS62057151	RS77527347	EAS	1	PLINK2_1KG_DIRECT
RS62057151	RS17572627	EAS	1	PLINK2_1KG_DIRECT
RS62057151	RS17651483	EAS	1	PLINK2_1KG_DIRECT
RS62057151	RS62063783	EAS	1	PLINK2_1KG_DIRECT
RS62057151	RS62063784	EAS	1	PLINK2_1KG_DIRECT
RS62057151	RS56234850	EAS	1	PLINK2_1KG_DIRECT
RS62057151	RS63750417	EAS	1	PLINK2_1KG_DIRECT
RS62057151	RS62063786	EAS	1	PLINK2_1KG_DIRECT
RS62057151	RS62063787	EAS	1	PLINK2_1KG_DIRECT
RS62057151	RS17651549	EAS	1	PLINK2_1KG_DIRECT
RS62057151	RS538726790	EAS	1	PLINK2_1KG_DIRECT
RS62057151	RS554819069	EAS	1	PLINK2_1KG_DIRECT
RS62057151	RS576389326	EAS	1	PLINK2_1KG_DIRECT
RS62057151	RS541425496	EAS	1	PLINK2_1KG_DIRECT
RS62057151	RS559376136	EAS	1	PLINK2_1KG_DIRECT
RS62057151	RS530157802	EAS	1	PLINK2_1KG_DIRECT
RS62057151	RS541986174	EAS	1	PLINK2_1KG_DIRECT
RS62057151	RS531217003	EAS	1	PLINK2_1KG_DIRECT
RS62057151	RS571131167	EAS	1	PLINK2_1KG_DIRECT
RS62057151	RS547435395	EAS	1	PLINK2_1KG_DIRECT
RS62057151	RS565744479	EAS	1	PLINK2_1KG_DIRECT
RS62057151	RS537342897	EAS	1	PLINK2_1KG_DIRECT
RS62057151	RS577071575	EAS	1	PLINK2_1KG_DIRECT
RS62057151	RS552965964	EAS	1	PLINK2_1KG_DIRECT
RS62057151	RS10445371	EAS	1	PLINK2_1KG_DIRECT
RS62057151	RS919461	EAS	1	PLINK2_1KG_DIRECT
RS62057151	RS919462	EAS	1	PLINK2_1KG_DIRECT
RS62057151	RS919464	EAS	1	PLINK2_1KG_DIRECT
RS62057151	RS62063794	EAS	1	PLINK2_1KG_DIRECT
RS62057151	RS112385572	EAS	1	PLINK2_1KG_DIRECT
RS62057151	RS17651700	EAS	1	PLINK2_1KG_DIRECT
RS62057151	RS113134013	EAS	1	PLINK2_1KG_DIRECT
RS62057151	RS76357066	EAS	1	PLINK2_1KG_DIRECT
RS62057151	RS10445337	EAS	1	PLINK2_1KG_DIRECT
RS62057151	RS79447161	EAS	1	PLINK2_1KG_DIRECT
RS62057151	RS17651754	EAS	1	PLINK2_1KG_DIRECT
RS62057151	RS10445338	EAS	1	PLINK2_1KG_DIRECT
RS62057151	RS111652694	EAS	1	PLINK2_1KG_DIRECT
RS62057151	RS75743061	EAS	1	PLINK2_1KG_DIRECT
RS62057151	RS62063795	EAS	1	PLINK2_1KG_DIRECT
RS62057151	RS62063796	EAS	1	PLINK2_1KG_DIRECT
RS62057151	RS62063797	EAS	1	PLINK2_1KG_DIRECT
RS62057151	RS77290642	EAS	1	PLINK2_1KG_DIRECT
RS62057151	RS76618565	EAS	1	PLINK2_1KG_DIRECT
RS62057151	RS62063798	EAS	1	PLINK2_1KG_DIRECT
RS62057151	RS1052551	EAS	1	PLINK2_1KG_DIRECT
RS62057151	RS62063799	EAS	1	PLINK2_1KG_DIRECT
RS62057151	RS62063800	EAS	0.499503	PLINK2_1KG_DIRECT
RS62057151	RS17651857	EAS	1	PLINK2_1KG_DIRECT
RS62057151	RS74759276	EAS	1	PLINK2_1KG_DIRECT
RS62057151	RS17651887	EAS	1	PLINK2_1KG_DIRECT
RS62057151	RS78599197	EAS	1	PLINK2_1KG_DIRECT
RS62057151	RS62063842	EAS	1	PLINK2_1KG_DIRECT
RS62057151	RS55662347	EAS	0.499503	PLINK2_1KG_DIRECT
RS62057151	RS55913645	EAS	1	PLINK2_1KG_DIRECT
RS62057151	RS17573175	EAS	1	PLINK2_1KG_DIRECT
RS62057151	RS62063845	EAS	1	PLINK2_1KG_DIRECT
RS62057151	RS62063846	EAS	1	PLINK2_1KG_DIRECT
RS62057151	RS55736025	EAS	1	PLINK2_1KG_DIRECT
RS62057151	RS55886080	EAS	1	PLINK2_1KG_DIRECT
RS62057151	RS75944932	EAS	1	PLINK2_1KG_DIRECT
RS62057151	RS17573245	EAS	1	PLINK2_1KG_DIRECT
RS62057151	RS17573266	EAS	1	PLINK2_1KG_DIRECT
RS62057151	RS112572874	EAS	1	PLINK2_1KG_DIRECT
RS62057151	RS17652036	EAS	1	PLINK2_1KG_DIRECT
RS62057151	RS62063849	EAS	1	PLINK2_1KG_DIRECT
RS62057151	RS17652066	EAS	1	PLINK2_1KG_DIRECT
RS62057151	RS62063850	EAS	1	PLINK2_1KG_DIRECT
RS62057151	RS1052553	EAS	1	PLINK2_1KG_DIRECT
RS62057151	RS17652121	EAS	1	PLINK2_1KG_DIRECT
RS62057151	RS62063851	EAS	1	PLINK2_1KG_DIRECT
RS62057151	RS62063852	EAS	1	PLINK2_1KG_DIRECT
RS62057151	RS62063853	EAS	1	PLINK2_1KG_DIRECT
RS62057151	RS62063854	EAS	1	PLINK2_1KG_DIRECT
RS62057151	RS2004673	EAS	1	PLINK2_1KG_DIRECT
RS62057151	RS2004674	EAS	1	PLINK2_1KG_DIRECT
RS62057151	RS62063855	EAS	1	PLINK2_1KG_DIRECT
RS62057151	RS1078269	EAS	1	PLINK2_1KG_DIRECT
RS62057151	RS1078268	EAS	0.499503	PLINK2_1KG_DIRECT
RS62057151	RS62063856	EAS	1	PLINK2_1KG_DIRECT
RS62057151	RS62063857	EAS	1	PLINK2_1KG_DIRECT
RS62057151	RS79959255	EAS	1	PLINK2_1KG_DIRECT
RS62057151	RS56301633	EAS	1	PLINK2_1KG_DIRECT
RS62057151	RS56108300	EAS	1	PLINK2_1KG_DIRECT
RS62057151	RS62063859	EAS	1	PLINK2_1KG_DIRECT
RS62057151	RS62064660	EAS	0.499503	PLINK2_1KG_DIRECT
RS62057151	RS62064661	EAS	1	PLINK2_1KG_DIRECT
RS62057151	RS17573447	EAS	1	PLINK2_1KG_DIRECT
RS62057151	RS62064662	EAS	1	PLINK2_1KG_DIRECT
RS62057151	RS62064663	EAS	1	PLINK2_1KG_DIRECT
RS62057151	RS8070723	EAS	1	PLINK2_1KG_DIRECT
RS62057151	RS17573509	EAS	1	PLINK2_1KG_DIRECT
RS62057151	RS62064664	EAS	1	PLINK2_1KG_DIRECT
RS62057151	RS62064665	EAS	1	PLINK2_1KG_DIRECT
RS62057151	RS111324579	EAS	1	PLINK2_1KG_DIRECT
RS62057151	RS113201171	EAS	1	PLINK2_1KG_DIRECT
RS62057151	RS62064666	EAS	1	PLINK2_1KG_DIRECT
RS62057151	RS62064667	EAS	1	PLINK2_1KG_DIRECT
RS62057151	RS17573593	EAS	1	PLINK2_1KG_DIRECT
RS62057151	RS62064668	EAS	1	PLINK2_1KG_DIRECT
RS62057151	RS17573607	EAS	1	PLINK2_1KG_DIRECT
RS62057151	RS17652337	EAS	1	PLINK2_1KG_DIRECT
RS62057151	RS1991556	EAS	1	PLINK2_1KG_DIRECT
RS62057151	RS74829364	EAS	1	PLINK2_1KG_DIRECT
RS62057151	RS62064669	EAS	1	PLINK2_1KG_DIRECT
RS62057151	RS78962882	EAS	1	PLINK2_1KG_DIRECT
RS62057151	RS62064670	EAS	1	PLINK2_1KG_DIRECT
RS62057151	RS62064671	EAS	1	PLINK2_1KG_DIRECT
RS62057151	RS62064672	EAS	1	PLINK2_1KG_DIRECT
RS62057151	RS62064674	EAS	1	PLINK2_1KG_DIRECT
RS62057151	RS62064675	EAS	1	PLINK2_1KG_DIRECT
RS62057151	RS17652449	EAS	1	PLINK2_1KG_DIRECT
RS62057151	RS76723223	EAS	1	PLINK2_1KG_DIRECT
RS62057151	RS733966	EAS	1	PLINK2_1KG_DIRECT
RS62057151	RS733967	EAS	1	PLINK2_1KG_DIRECT
RS62057151	RS733968	EAS	1	PLINK2_1KG_DIRECT
RS62057151	RS733969	EAS	1	PLINK2_1KG_DIRECT
RS62057151	RS4283261	EAS	1	PLINK2_1KG_DIRECT
RS62057151	RS62062265	EAS	1	PLINK2_1KG_DIRECT
RS62057151	RS75666751	EAS	1	PLINK2_1KG_DIRECT
RS62057151	RS4306559	EAS	1	PLINK2_1KG_DIRECT
RS62057151	RS747152	EAS	0.499503	PLINK2_1KG_DIRECT
RS62057151	RS12150254	EAS	1	PLINK2_1KG_DIRECT
RS62057151	RS551853349	EAS	1	PLINK2_1KG_DIRECT
RS62057151	RS12150170	EAS	1	PLINK2_1KG_DIRECT
RS62057151	RS12150515	EAS	1	PLINK2_1KG_DIRECT
RS62057151	RS62062266	EAS	1	PLINK2_1KG_DIRECT
RS62057151	RS17573858	EAS	1	PLINK2_1KG_DIRECT
RS62057151	RS62062267	EAS	1	PLINK2_1KG_DIRECT
RS62057151	RS62062268	EAS	1	PLINK2_1KG_DIRECT
RS62057151	RS62062269	EAS	1	PLINK2_1KG_DIRECT
RS62057151	RS62062270	EAS	1	PLINK2_1KG_DIRECT
RS62057151	RS75534191	EAS	1	PLINK2_1KG_DIRECT
RS62057151	RS9891103	EAS	1	PLINK2_1KG_DIRECT
RS62057151	RS12150469	EAS	1	PLINK2_1KG_DIRECT
RS62057151	RS12149995	EAS	1	PLINK2_1KG_DIRECT
RS62057151	RS62062274	EAS	1	PLINK2_1KG_DIRECT
RS62057151	RS62062275	EAS	1	PLINK2_1KG_DIRECT
RS62057151	RS62062276	EAS	1	PLINK2_1KG_DIRECT
RS62057151	RS62062278	EAS	1	PLINK2_1KG_DIRECT
RS62057151	RS62062281	EAS	1	PLINK2_1KG_DIRECT
RS62057151	RS62062282	EAS	1	PLINK2_1KG_DIRECT
RS62057151	RS17652502	EAS	1	PLINK2_1KG_DIRECT
RS62057151	RS2316948	EAS	1	PLINK2_1KG_DIRECT
RS62057151	RS62062283	EAS	1	PLINK2_1KG_DIRECT
RS62057151	RS111976319	EAS	1	PLINK2_1KG_DIRECT
RS62057151	RS62062284	EAS	1	PLINK2_1KG_DIRECT
RS62057151	RS62062285	EAS	1	PLINK2_1KG_DIRECT
RS62057151	RS62062286	EAS	1	PLINK2_1KG_DIRECT
RS62057151	RS62062288	EAS	1	PLINK2_1KG_DIRECT
RS62057151	RS62062289	EAS	1	PLINK2_1KG_DIRECT
RS62057151	RS542241702	EAS	1	PLINK2_1KG_DIRECT
RS62057151	RS17652520	EAS	1	PLINK2_1KG_DIRECT
RS62057151	RS17573907	EAS	1	PLINK2_1KG_DIRECT
RS62057151	RS62062290	EAS	1	PLINK2_1KG_DIRECT
RS62057151	RS55726761	EAS	1	PLINK2_1KG_DIRECT
RS62057151	RS62062292	EAS	1	PLINK2_1KG_DIRECT
RS62057151	RS77747656	EAS	1	PLINK2_1KG_DIRECT
RS62057151	RS62062293	EAS	1	PLINK2_1KG_DIRECT
RS62057151	RS62062294	EAS	1	PLINK2_1KG_DIRECT
RS62057151	RS62062295	EAS	1	PLINK2_1KG_DIRECT
RS62057151	RS62062296	EAS	1	PLINK2_1KG_DIRECT
RS62057151	RS62062297	EAS	1	PLINK2_1KG_DIRECT
RS62057151	RS9468	EAS	1	PLINK2_1KG_DIRECT
RS62057151	RS8712	EAS	1	PLINK2_1KG_DIRECT
RS62057151	RS1052587	EAS	1	PLINK2_1KG_DIRECT
RS62057151	RS1052590	EAS	1	PLINK2_1KG_DIRECT
RS62057151	RS1052594	EAS	1	PLINK2_1KG_DIRECT
RS62057151	RS17574040	EAS	1	PLINK2_1KG_DIRECT
RS62057151	RS16940799	EAS	1	PLINK2_1KG_DIRECT
RS62057151	RS7687	EAS	1	PLINK2_1KG_DIRECT
RS62057151	RS17652748	EAS	1	PLINK2_1KG_DIRECT
RS62057151	RS75010486	EAS	1	PLINK2_1KG_DIRECT
RS62057151	RS16940806	EAS	1	PLINK2_1KG_DIRECT
RS62057151	RS2158257	EAS	1	PLINK2_1KG_DIRECT
RS62057151	RS17574228	EAS	1	PLINK2_1KG_DIRECT
RS62057151	RS78681971	EAS	1	PLINK2_1KG_DIRECT
RS62057151	RS79772576	EAS	1	PLINK2_1KG_DIRECT
RS62057151	RS78229689	EAS	1	PLINK2_1KG_DIRECT
RS62057151	RS7350928	EAS	1	PLINK2_1KG_DIRECT
RS62057151	RS17574361	EAS	1	PLINK2_1KG_DIRECT
RS62057151	RS17652961	EAS	1	PLINK2_1KG_DIRECT
RS62057151	RS34579536	EAS	1	PLINK2_1KG_DIRECT
RS62057151	RS17574425	EAS	1	PLINK2_1KG_DIRECT
RS62057151	RS55881134	EAS	1	PLINK2_1KG_DIRECT
RS62057151	RS1076222	EAS	1	PLINK2_1KG_DIRECT
RS62057151	RS7350980	EAS	1	PLINK2_1KG_DIRECT
RS62057151	RS36076725	EAS	1	PLINK2_1KG_DIRECT
RS62057151	RS35833914	EAS	1	PLINK2_1KG_DIRECT
RS62057151	RS4597358	EAS	1	PLINK2_1KG_DIRECT
RS62057151	RS77009866	EAS	1	PLINK2_1KG_DIRECT
RS62057151	RS62062321	EAS	0.499503	PLINK2_1KG_DIRECT
RS62057151	RS17574604	EAS	1	PLINK2_1KG_DIRECT
RS62057151	RS17653162	EAS	1	PLINK2_1KG_DIRECT
RS62057151	RS62062322	EAS	1	PLINK2_1KG_DIRECT
RS62057151	RS17653193	EAS	1	PLINK2_1KG_DIRECT
RS62057151	RS17653211	EAS	1	PLINK2_1KG_DIRECT
RS62057151	RS17653255	EAS	1	PLINK2_1KG_DIRECT
RS62057151	RS4608377	EAS	1	PLINK2_1KG_DIRECT
RS62057151	RS12185225	EAS	1	PLINK2_1KG_DIRECT
RS62057151	RS12150438	EAS	1	PLINK2_1KG_DIRECT
RS62057151	RS12150162	EAS	1	PLINK2_1KG_DIRECT
RS62057151	RS62062134	EAS	1	PLINK2_1KG_DIRECT
RS62057151	RS17574796	EAS	1	PLINK2_1KG_DIRECT
RS62057151	RS17574824	EAS	1	PLINK2_1KG_DIRECT
RS62057151	RS12185243	EAS	1	PLINK2_1KG_DIRECT
RS62057151	RS8077487	EAS	1	PLINK2_1KG_DIRECT
RS62057151	RS11079729	EAS	1	PLINK2_1KG_DIRECT
RS62057151	RS12150542	EAS	1	PLINK2_1KG_DIRECT
RS62057151	RS12150090	EAS	1	PLINK2_1KG_DIRECT
RS62057151	RS41437445	EAS	1	PLINK2_1KG_DIRECT
RS62057151	RS62062136	EAS	1	PLINK2_1KG_DIRECT
RS62057151	RS7221390	EAS	1	PLINK2_1KG_DIRECT
RS62057151	RS34043286	EAS	1	PLINK2_1KG_DIRECT
RS62057151	RS10514897	EAS	1	PLINK2_1KG_DIRECT
RS62057151	RS62062137	EAS	1	PLINK2_1KG_DIRECT
RS62057151	RS41382552	EAS	1	PLINK2_1KG_DIRECT
RS62057151	RS55893711	EAS	1	PLINK2_1KG_DIRECT
RS62057151	RS10514898	EAS	1	PLINK2_1KG_DIRECT
RS62057151	RS41374248	EAS	1	PLINK2_1KG_DIRECT
RS62057151	RS79252344	EAS	1	PLINK2_1KG_DIRECT
RS62057151	RS569670697	EAS	1	PLINK2_1KG_DIRECT
RS62057151	RS575200428	EAS	1	PLINK2_1KG_DIRECT
RS62057151	RS529844822	EAS	1	PLINK2_1KG_DIRECT
RS62057151	RS62063670	EAS	1	PLINK2_1KG_DIRECT
RS62057151	RS74571696	EAS	1	PLINK2_1KG_DIRECT
RS62057151	RS79698033	EAS	1	PLINK2_1KG_DIRECT
RS62057151	RS79065019	EAS	1	PLINK2_1KG_DIRECT
RS62057151	RS62063671	EAS	1	PLINK2_1KG_DIRECT
RS62057151	RS112578465	EAS	1	PLINK2_1KG_DIRECT
RS62057151	RS62063673	EAS	1	PLINK2_1KG_DIRECT
RS62057151	RS12150336	EAS	1	PLINK2_1KG_DIRECT
RS62057151	RS12150570	EAS	1	PLINK2_1KG_DIRECT
RS62057151	RS7218319	EAS	1	PLINK2_1KG_DIRECT
RS62057151	RS112746008	EAS	1	PLINK2_1KG_DIRECT
RS62057151	RS112333322	EAS	1	PLINK2_1KG_DIRECT
RS62057151	RS111327992	EAS	1	PLINK2_1KG_DIRECT
RS62057151	RS113434679	EAS	1	PLINK2_1KG_DIRECT
RS62057151	RS74977736	EAS	1	PLINK2_1KG_DIRECT
RS62057151	RS12150447	EAS	1	PLINK2_1KG_DIRECT
RS62057151	RS12150064	EAS	1	PLINK2_1KG_DIRECT
RS62057151	RS17653836	EAS	1	PLINK2_1KG_DIRECT
RS62057151	RS17575423	EAS	1	PLINK2_1KG_DIRECT
RS62057151	RS62063676	EAS	1	PLINK2_1KG_DIRECT
RS62057151	RS62063677	EAS	1	PLINK2_1KG_DIRECT
RS62057151	RS62063678	EAS	1	PLINK2_1KG_DIRECT
RS62057151	RS79649865	EAS	1	PLINK2_1KG_DIRECT
RS62057151	RS111853996	EAS	1	PLINK2_1KG_DIRECT
RS62057151	RS112674766	EAS	1	PLINK2_1KG_DIRECT
RS62057151	RS112074397	EAS	1	PLINK2_1KG_DIRECT
RS62057151	RS62063680	EAS	1	PLINK2_1KG_DIRECT
RS62057151	RS62063681	EAS	1	PLINK2_1KG_DIRECT
RS62057151	RS62063682	EAS	1	PLINK2_1KG_DIRECT
RS62057151	RS62063683	EAS	1	PLINK2_1KG_DIRECT
RS62057151	RS79180862	EAS	1	PLINK2_1KG_DIRECT
RS62057151	RS62063684	EAS	1	PLINK2_1KG_DIRECT
RS62057151	RS545434959	EAS	1	PLINK2_1KG_DIRECT
RS62057151	RS62063687	EAS	1	PLINK2_1KG_DIRECT
RS62057151	RS62060760	EAS	1	PLINK2_1KG_DIRECT
RS62057151	RS17575437	EAS	1	PLINK2_1KG_DIRECT
RS62057151	RS17653889	EAS	1	PLINK2_1KG_DIRECT
RS62057151	RS17653906	EAS	1	PLINK2_1KG_DIRECT
RS62057151	RS62060761	EAS	1	PLINK2_1KG_DIRECT
RS62057151	RS62060762	EAS	1	PLINK2_1KG_DIRECT
RS62057151	RS62060763	EAS	1	PLINK2_1KG_DIRECT
RS62057151	RS111259120	EAS	1	PLINK2_1KG_DIRECT
RS62057151	RS62060764	EAS	1	PLINK2_1KG_DIRECT
RS62057151	RS62060765	EAS	1	PLINK2_1KG_DIRECT
RS62057151	RS17575507	EAS	1	PLINK2_1KG_DIRECT
RS62057151	RS876944	EAS	1	PLINK2_1KG_DIRECT
RS62057151	RS62060767	EAS	1	PLINK2_1KG_DIRECT
RS62057151	RS62060768	EAS	1	PLINK2_1KG_DIRECT
RS62057151	RS62060769	EAS	1	PLINK2_1KG_DIRECT
RS62057151	RS1107820	EAS	1	PLINK2_1KG_DIRECT
RS62057151	RS17575556	EAS	1	PLINK2_1KG_DIRECT
RS62057151	RS17653998	EAS	1	PLINK2_1KG_DIRECT
RS62057151	RS111372048	EAS	1	PLINK2_1KG_DIRECT
RS62057151	RS62060785	EAS	1	PLINK2_1KG_DIRECT
RS62057151	RS62060786	EAS	1	PLINK2_1KG_DIRECT
RS62057151	RS62060787	EAS	1	PLINK2_1KG_DIRECT
RS62057151	RS41384744	EAS	0.499503	PLINK2_1KG_DIRECT
RS62057151	RS55714296	EAS	1	PLINK2_1KG_DIRECT
RS62057151	RS55690782	EAS	1	PLINK2_1KG_DIRECT
RS62057151	RS17654016	EAS	1	PLINK2_1KG_DIRECT
RS62057151	RS7220752	EAS	1	PLINK2_1KG_DIRECT
RS62057151	RS2316951	EAS	1	PLINK2_1KG_DIRECT
RS62057151	RS2316952	EAS	1	PLINK2_1KG_DIRECT
RS62057151	RS17575683	EAS	1	PLINK2_1KG_DIRECT
RS62057151	RS112411928	EAS	1	PLINK2_1KG_DIRECT
RS62057151	RS2316953	EAS	1	PLINK2_1KG_DIRECT
RS62057151	RS2838	EAS	1	PLINK2_1KG_DIRECT
RS62057151	RS12150127	EAS	1	PLINK2_1KG_DIRECT
RS62057151	RS62060792	EAS	1	PLINK2_1KG_DIRECT
RS62057151	RS76307183	EAS	1	PLINK2_1KG_DIRECT
RS62057151	RS62060793	EAS	1	PLINK2_1KG_DIRECT
RS62057151	RS62060794	EAS	1	PLINK2_1KG_DIRECT
RS62057151	RS62060795	EAS	1	PLINK2_1KG_DIRECT
RS62057151	RS17575773	EAS	1	PLINK2_1KG_DIRECT
RS62057151	RS62060797	EAS	1	PLINK2_1KG_DIRECT
RS62057151	RS12150344	EAS	1	PLINK2_1KG_DIRECT
RS62057151	RS62060798	EAS	1	PLINK2_1KG_DIRECT
RS62057151	RS62060799	EAS	1	PLINK2_1KG_DIRECT
RS62057151	RS17575822	EAS	1	PLINK2_1KG_DIRECT
RS62057151	RS17575850	EAS	1	PLINK2_1KG_DIRECT
RS62057151	RS17659731	EAS	1	PLINK2_1KG_DIRECT
RS62057151	RS75641221	EAS	1	PLINK2_1KG_DIRECT
RS62057151	RS62060800	EAS	1	PLINK2_1KG_DIRECT
RS62057151	RS62060801	EAS	1	PLINK2_1KG_DIRECT
RS62057151	RS17659743	EAS	1	PLINK2_1KG_DIRECT
RS62057151	RS62060802	EAS	1	PLINK2_1KG_DIRECT
RS62057151	RS75975083	EAS	1	PLINK2_1KG_DIRECT
RS62057151	RS77950913	EAS	1	PLINK2_1KG_DIRECT
RS62057151	RS79782347	EAS	1	PLINK2_1KG_DIRECT
RS62057151	RS56318865	EAS	1	PLINK2_1KG_DIRECT
RS62057151	RS56041778	EAS	1	PLINK2_1KG_DIRECT
RS62057151	RS55947022	EAS	1	PLINK2_1KG_DIRECT
RS62057151	RS55929190	EAS	1	PLINK2_1KG_DIRECT
RS62057151	RS56323408	EAS	1	PLINK2_1KG_DIRECT
RS62057151	RS55831516	EAS	1	PLINK2_1KG_DIRECT
RS62057151	RS62060809	EAS	1	PLINK2_1KG_DIRECT
RS62057151	RS62060810	EAS	1	PLINK2_1KG_DIRECT
RS62057151	RS1117253	EAS	1	PLINK2_1KG_DIRECT
RS62057151	RS12150625	EAS	1	PLINK2_1KG_DIRECT
RS62057151	RS12150627	EAS	1	PLINK2_1KG_DIRECT
RS62057151	RS12150628	EAS	1	PLINK2_1KG_DIRECT
RS62057151	RS12150611	EAS	1	PLINK2_1KG_DIRECT
RS62057151	RS74850776	EAS	1	PLINK2_1KG_DIRECT
RS62057151	RS974295	EAS	1	PLINK2_1KG_DIRECT
RS62057151	RS974293	EAS	1	PLINK2_1KG_DIRECT
RS62057151	RS974292	EAS	1	PLINK2_1KG_DIRECT
RS62057151	RS974291	EAS	1	PLINK2_1KG_DIRECT
RS62057151	RS12150551	EAS	1	PLINK2_1KG_DIRECT
RS62057151	RS12150558	EAS	1	PLINK2_1KG_DIRECT
RS62057151	RS9907738	EAS	1	PLINK2_1KG_DIRECT
RS62057151	RS62060812	EAS	1	PLINK2_1KG_DIRECT
RS62057151	RS62060834	EAS	1	PLINK2_1KG_DIRECT
RS62057151	RS62060835	EAS	1	PLINK2_1KG_DIRECT
RS62057151	RS62060836	EAS	1	PLINK2_1KG_DIRECT
RS62057151	RS62060838	EAS	1	PLINK2_1KG_DIRECT
RS62057151	RS62060839	EAS	1	PLINK2_1KG_DIRECT
RS62057151	RS62060840	EAS	1	PLINK2_1KG_DIRECT
RS62057151	RS62060841	EAS	1	PLINK2_1KG_DIRECT
RS62057151	RS62060842	EAS	1	PLINK2_1KG_DIRECT
RS62057151	RS62060843	EAS	1	PLINK2_1KG_DIRECT
RS62057151	RS112197756	EAS	1	PLINK2_1KG_DIRECT
RS62057151	RS62060845	EAS	1	PLINK2_1KG_DIRECT
RS62057151	RS62060846	EAS	1	PLINK2_1KG_DIRECT
RS62057151	RS74481389	EAS	1	PLINK2_1KG_DIRECT
RS62057151	RS62060847	EAS	1	PLINK2_1KG_DIRECT
RS62057151	RS56100031	EAS	1	PLINK2_1KG_DIRECT
RS62057151	RS55972730	EAS	1	PLINK2_1KG_DIRECT
RS62057151	RS2066899	EAS	1	PLINK2_1KG_DIRECT
RS62057151	RS17659881	EAS	1	PLINK2_1KG_DIRECT
RS62057151	RS78938131	EAS	1	PLINK2_1KG_DIRECT
RS62057151	RS62060850	EAS	1	PLINK2_1KG_DIRECT
RS62057151	RS62060851	EAS	1	PLINK2_1KG_DIRECT
RS62057151	RS1476554	EAS	1	PLINK2_1KG_DIRECT
RS62057151	RS77138434	EAS	1	PLINK2_1KG_DIRECT
RS62057151	RS111913701	EAS	1	PLINK2_1KG_DIRECT
RS62057151	RS111519055	EAS	1	PLINK2_1KG_DIRECT
RS62057151	RS77925835	EAS	1	PLINK2_1KG_DIRECT
RS62057151	RS17659953	EAS	1	PLINK2_1KG_DIRECT
RS62057151	RS17576165	EAS	1	PLINK2_1KG_DIRECT
RS62057151	RS17576200	EAS	1	PLINK2_1KG_DIRECT
RS62057151	RS62060852	EAS	1	PLINK2_1KG_DIRECT
RS62057151	RS62060853	EAS	1	PLINK2_1KG_DIRECT
RS62057151	RS17660017	EAS	1	PLINK2_1KG_DIRECT
RS62057151	RS113788190	EAS	1	PLINK2_1KG_DIRECT
RS62057151	RS112364920	EAS	1	PLINK2_1KG_DIRECT
RS62057151	RS80028338	EAS	1	PLINK2_1KG_DIRECT
RS62057151	RS62060855	EAS	1	PLINK2_1KG_DIRECT
RS62057151	RS62060856	EAS	1	PLINK2_1KG_DIRECT
RS62057151	RS2316955	EAS	1	PLINK2_1KG_DIRECT
RS62057151	RS17660065	EAS	1	PLINK2_1KG_DIRECT
RS62057151	RS8080583	EAS	1	PLINK2_1KG_DIRECT
RS62057151	RS55864131	EAS	1	PLINK2_1KG_DIRECT
RS62057151	RS62060858	EAS	1	PLINK2_1KG_DIRECT
RS62057151	RS62060859	EAS	1	PLINK2_1KG_DIRECT
RS62057151	RS55692232	EAS	1	PLINK2_1KG_DIRECT
RS62057151	RS3912063	EAS	1	PLINK2_1KG_DIRECT
RS62057151	RS3912062	EAS	1	PLINK2_1KG_DIRECT
RS62057151	RS3912061	EAS	1	PLINK2_1KG_DIRECT
RS62057151	RS3912060	EAS	1	PLINK2_1KG_DIRECT
RS62057151	RS17660132	EAS	1	PLINK2_1KG_DIRECT
RS62057151	RS74348235	EAS	1	PLINK2_1KG_DIRECT
RS62057151	RS62061764	EAS	1	PLINK2_1KG_DIRECT
RS62057151	RS17660167	EAS	1	PLINK2_1KG_DIRECT
RS62057151	RS17660228	EAS	1	PLINK2_1KG_DIRECT
RS62057151	RS17660251	EAS	1	PLINK2_1KG_DIRECT
RS62057151	RS17660294	EAS	1	PLINK2_1KG_DIRECT
RS62057151	RS62061766	EAS	1	PLINK2_1KG_DIRECT
RS62057151	RS79923630	EAS	1	PLINK2_1KG_DIRECT
RS62057151	RS62061767	EAS	1	PLINK2_1KG_DIRECT
RS62057151	RS111364350	EAS	1	PLINK2_1KG_DIRECT
RS62057151	RS2097760	EAS	1	PLINK2_1KG_DIRECT
RS62057151	RS62061770	EAS	1	PLINK2_1KG_DIRECT
RS62057151	RS62061771	EAS	1	PLINK2_1KG_DIRECT
RS62057151	RS62061772	EAS	1	PLINK2_1KG_DIRECT
RS62057151	RS111970616	EAS	1	PLINK2_1KG_DIRECT
RS62057151	RS17660337	EAS	1	PLINK2_1KG_DIRECT
RS62057151	RS62061788	EAS	1	PLINK2_1KG_DIRECT
RS62057151	RS62061789	EAS	1	PLINK2_1KG_DIRECT
RS62057151	RS17576631	EAS	1	PLINK2_1KG_DIRECT
RS62057151	RS112596352	EAS	1	PLINK2_1KG_DIRECT
RS62057151	RS62061790	EAS	1	PLINK2_1KG_DIRECT
RS62057151	RS17660398	EAS	1	PLINK2_1KG_DIRECT
RS62057151	RS62061791	EAS	1	PLINK2_1KG_DIRECT
RS62057151	RS62061792	EAS	1	PLINK2_1KG_DIRECT
RS62057151	RS62061793	EAS	1	PLINK2_1KG_DIRECT
RS62057151	RS17576695	EAS	1	PLINK2_1KG_DIRECT
RS62057151	RS80020809	EAS	1	PLINK2_1KG_DIRECT
RS62057151	RS77044307	EAS	1	PLINK2_1KG_DIRECT
RS62057151	RS79348289	EAS	1	PLINK2_1KG_DIRECT
RS62057151	RS75412750	EAS	1	PLINK2_1KG_DIRECT
RS62057151	RS62061795	EAS	1	PLINK2_1KG_DIRECT
RS62057151	RS17576709	EAS	1	PLINK2_1KG_DIRECT
RS62057151	RS62061796	EAS	1	PLINK2_1KG_DIRECT
RS62057151	RS62061802	EAS	1	PLINK2_1KG_DIRECT
RS62057151	RS62061803	EAS	1	PLINK2_1KG_DIRECT
RS62057151	RS55900347	EAS	1	PLINK2_1KG_DIRECT
RS62057151	RS56240678	EAS	1	PLINK2_1KG_DIRECT
RS62057151	RS62061808	EAS	1	PLINK2_1KG_DIRECT
RS62057151	RS77604208	EAS	1	PLINK2_1KG_DIRECT
RS62057151	RS80120913	EAS	1	PLINK2_1KG_DIRECT
RS62057151	RS17660464	EAS	0.499503	PLINK2_1KG_DIRECT
RS62057151	RS17576779	EAS	1	PLINK2_1KG_DIRECT
RS62057151	RS17660488	EAS	1	PLINK2_1KG_DIRECT
RS62057151	RS62061809	EAS	1	PLINK2_1KG_DIRECT
RS62057151	RS62061810	EAS	0.249255	PLINK2_1KG_DIRECT
RS62057151	RS112102887	EAS	1	PLINK2_1KG_DIRECT
RS62057151	RS112893440	EAS	1	PLINK2_1KG_DIRECT
RS62057151	RS17576842	EAS	1	PLINK2_1KG_DIRECT
RS62057151	RS62061811	EAS	1	PLINK2_1KG_DIRECT
RS62057151	RS17576870	EAS	1	PLINK2_1KG_DIRECT
RS62057151	RS17660595	EAS	1	PLINK2_1KG_DIRECT
RS62057151	RS62061812	EAS	1	PLINK2_1KG_DIRECT
RS62057151	RS546325422	EAS	1	PLINK2_1KG_DIRECT
RS62057151	RS111952388	EAS	1	PLINK2_1KG_DIRECT
RS62057151	RS62061814	EAS	1	PLINK2_1KG_DIRECT
RS62057151	RS62061815	EAS	1	PLINK2_1KG_DIRECT
RS62057151	RS17576954	EAS	1	PLINK2_1KG_DIRECT
RS62057151	RS77924366	EAS	1	PLINK2_1KG_DIRECT
RS62057151	RS62061816	EAS	1	PLINK2_1KG_DIRECT
RS62057151	RS62061817	EAS	1	PLINK2_1KG_DIRECT
RS62057151	RS62061818	EAS	1	PLINK2_1KG_DIRECT
RS62057151	RS111676341	EAS	1	PLINK2_1KG_DIRECT
RS62057151	RS17576989	EAS	1	PLINK2_1KG_DIRECT
RS62057151	RS79923708	EAS	1	PLINK2_1KG_DIRECT
RS62057151	RS79346219	EAS	1	PLINK2_1KG_DIRECT
RS62057151	RS73984689	EAS	0.499503	PLINK2_1KG_DIRECT
RS62057151	RS111295615	EAS	1	PLINK2_1KG_DIRECT
RS62057151	RS76761511	EAS	1	PLINK2_1KG_DIRECT
RS62057151	RS62061821	EAS	1	PLINK2_1KG_DIRECT
RS62057151	RS16940904	EAS	1	PLINK2_1KG_DIRECT
RS62057151	RS17577024	EAS	1	PLINK2_1KG_DIRECT
RS62057151	RS17577052	EAS	1	PLINK2_1KG_DIRECT
RS62057151	RS77635460	EAS	1	PLINK2_1KG_DIRECT
RS62057151	RS62061822	EAS	1	PLINK2_1KG_DIRECT
RS62057151	RS9303525	EAS	1	PLINK2_1KG_DIRECT
RS62057151	RS17577094	EAS	1	PLINK2_1KG_DIRECT
RS62057151	RS17577159	EAS	1	PLINK2_1KG_DIRECT
RS62057151	RS62061823	EAS	1	PLINK2_1KG_DIRECT
RS62057151	RS62061824	EAS	1	PLINK2_1KG_DIRECT
RS62057151	RS55794067	EAS	1	PLINK2_1KG_DIRECT
RS62057151	RS17660847	EAS	1	PLINK2_1KG_DIRECT
RS62057151	RS17660865	EAS	1	PLINK2_1KG_DIRECT
RS62057151	RS79772780	EAS	1	PLINK2_1KG_DIRECT
RS62057151	RS76640332	EAS	1	PLINK2_1KG_DIRECT
RS62057151	RS78929339	EAS	1	PLINK2_1KG_DIRECT
RS62057151	RS17660907	EAS	1	PLINK2_1KG_DIRECT
RS62057151	RS17660936	EAS	1	PLINK2_1KG_DIRECT
RS62057151	RS62061847	EAS	1	PLINK2_1KG_DIRECT
RS62057151	RS17577313	EAS	1	PLINK2_1KG_DIRECT
RS62057151	RS4548919	EAS	1	PLINK2_1KG_DIRECT
RS62057151	RS4630591	EAS	1	PLINK2_1KG_DIRECT
RS62057151	RS4606752	EAS	0.499503	PLINK2_1KG_DIRECT
RS62057151	RS17577369	EAS	1	PLINK2_1KG_DIRECT
RS62057151	RS62061848	EAS	1	PLINK2_1KG_DIRECT
RS62057151	RS17661015	EAS	1	PLINK2_1KG_DIRECT
RS62057151	RS17661027	EAS	1	PLINK2_1KG_DIRECT
RS62057151	RS62061849	EAS	1	PLINK2_1KG_DIRECT
RS62057151	RS17661045	EAS	1	PLINK2_1KG_DIRECT
RS62057151	RS17577447	EAS	1	PLINK2_1KG_DIRECT
RS62057151	RS62061850	EAS	1	PLINK2_1KG_DIRECT
RS62057151	RS111880194	EAS	1	PLINK2_1KG_DIRECT
RS62057151	RS10514901	EAS	1	PLINK2_1KG_DIRECT
RS62057151	RS17577496	EAS	1	PLINK2_1KG_DIRECT
RS62057151	RS62061851	EAS	1	PLINK2_1KG_DIRECT
RS62057151	RS62061852	EAS	1	PLINK2_1KG_DIRECT
RS62057151	RS727425	EAS	1	PLINK2_1KG_DIRECT
RS62057151	RS17661141	EAS	1	PLINK2_1KG_DIRECT
RS62057151	RS62061853	EAS	1	PLINK2_1KG_DIRECT
RS62057151	RS1468241	EAS	1	PLINK2_1KG_DIRECT
RS62057151	RS1468240	EAS	1	PLINK2_1KG_DIRECT
RS62057151	RS75229280	EAS	1	PLINK2_1KG_DIRECT
RS62057151	RS112813897	EAS	1	PLINK2_1KG_DIRECT
RS62057151	RS113909426	EAS	1	PLINK2_1KG_DIRECT
RS62057151	RS111678697	EAS	1	PLINK2_1KG_DIRECT
RS62057151	RS4383188	EAS	1	PLINK2_1KG_DIRECT
RS62057151	RS1966345	EAS	1	PLINK2_1KG_DIRECT
RS62057151	RS62061854	EAS	1	PLINK2_1KG_DIRECT
RS62057151	RS3087534	EAS	1	PLINK2_1KG_DIRECT
RS62057151	RS76924476	EAS	0.499503	PLINK2_1KG_DIRECT
RS62057151	RS112560196	EAS	1	PLINK2_1KG_DIRECT
RS62057151	RS75652502	EAS	1	PLINK2_1KG_DIRECT
RS62057151	RS62061859	EAS	1	PLINK2_1KG_DIRECT
RS62057151	RS55802590	EAS	1	PLINK2_1KG_DIRECT
RS62057151	RS56257094	EAS	1	PLINK2_1KG_DIRECT
RS62057151	RS55672516	EAS	1	PLINK2_1KG_DIRECT
RS62057151	RS112073200	EAS	1	PLINK2_1KG_DIRECT
RS62057151	RS62063163	EAS	1	PLINK2_1KG_DIRECT
RS62057151	RS62063164	EAS	1	PLINK2_1KG_DIRECT
RS62057151	RS62063165	EAS	1	PLINK2_1KG_DIRECT
RS62057151	RS62063166	EAS	1	PLINK2_1KG_DIRECT
RS62057151	RS55669501	EAS	1	PLINK2_1KG_DIRECT
RS62057151	RS55686102	EAS	1	PLINK2_1KG_DIRECT
RS62057151	RS55885063	EAS	1	PLINK2_1KG_DIRECT
RS62057151	RS56273589	EAS	1	PLINK2_1KG_DIRECT
RS62057151	RS62063171	EAS	1	PLINK2_1KG_DIRECT
RS62057151	RS62063172	EAS	1	PLINK2_1KG_DIRECT
RS62057151	RS76380490	EAS	1	PLINK2_1KG_DIRECT
RS62057151	RS113120855	EAS	1	PLINK2_1KG_DIRECT
RS62057151	RS77095128	EAS	1	PLINK2_1KG_DIRECT
RS62057151	RS4581739	EAS	1	PLINK2_1KG_DIRECT
RS62057151	RS113638513	EAS	1	PLINK2_1KG_DIRECT
RS62057151	RS62063174	EAS	1	PLINK2_1KG_DIRECT
RS62057151	RS17577650	EAS	1	PLINK2_1KG_DIRECT
RS62057151	RS4471723	EAS	1	PLINK2_1KG_DIRECT
RS62057151	RS1122381	EAS	1	PLINK2_1KG_DIRECT
RS62057151	RS1122380	EAS	1	PLINK2_1KG_DIRECT
RS62057151	RS62063200	EAS	1	PLINK2_1KG_DIRECT
RS62057151	RS10514903	EAS	1	PLINK2_1KG_DIRECT
RS62057151	RS17661348	EAS	1	PLINK2_1KG_DIRECT
RS62057151	RS17661385	EAS	1	PLINK2_1KG_DIRECT
RS62057151	RS10514904	EAS	1	PLINK2_1KG_DIRECT
RS62057151	RS79301522	EAS	1	PLINK2_1KG_DIRECT
RS62057151	RS17661428	EAS	1	PLINK2_1KG_DIRECT
RS62057151	RS17577877	EAS	1	PLINK2_1KG_DIRECT
RS62057151	RS6503457	EAS	1	PLINK2_1KG_DIRECT
RS62057151	RS8070942	EAS	1	PLINK2_1KG_DIRECT
RS62057151	RS62063202	EAS	1	PLINK2_1KG_DIRECT
RS62057151	RS62063203	EAS	1	PLINK2_1KG_DIRECT
RS62057151	RS111724389	EAS	0.499503	PLINK2_1KG_DIRECT
RS62057151	RS112401617	EAS	1	PLINK2_1KG_DIRECT
RS62057151	RS17577954	EAS	1	PLINK2_1KG_DIRECT
RS62057151	RS55780786	EAS	1	PLINK2_1KG_DIRECT
RS62057151	RS3089	EAS	1	PLINK2_1KG_DIRECT
RS62057151	RS55909047	EAS	1	PLINK2_1KG_DIRECT
RS62057151	RS56119705	EAS	1	PLINK2_1KG_DIRECT
RS62057151	RS17577975	EAS	1	PLINK2_1KG_DIRECT
RS62057151	RS7207582	EAS	1	PLINK2_1KG_DIRECT
RS62057151	RS12150087	EAS	1	PLINK2_1KG_DIRECT
RS62057151	RS111424940	EAS	1	PLINK2_1KG_DIRECT
RS62057151	RS62063207	EAS	1	PLINK2_1KG_DIRECT
RS62057151	RS62063208	EAS	1	PLINK2_1KG_DIRECT
RS62057151	RS10221243	EAS	1	PLINK2_1KG_DIRECT
RS62057151	RS9915547	EAS	1	PLINK2_1KG_DIRECT
RS62057151	RS542524111	EAS	1	PLINK2_1KG_DIRECT
RS62057151	RS564905548	EAS	1	PLINK2_1KG_DIRECT
RS62057151	RS536077496	EAS	1	PLINK2_1KG_DIRECT
RS62057151	RS570877560	EAS	1	PLINK2_1KG_DIRECT
RS62057151	RS575074983	EAS	1	PLINK2_1KG_DIRECT
RS62057151	RS557534113	EAS	1	PLINK2_1KG_DIRECT
RS62057151	RS552471054	EAS	1	PLINK2_1KG_DIRECT
RS62057151	RS568519571	EAS	1	PLINK2_1KG_DIRECT
RS62057151	RS575816835	EAS	1	PLINK2_1KG_DIRECT
RS62057151	RS563314190	EAS	1	PLINK2_1KG_DIRECT
RS62057151	RS552177258	EAS	1	PLINK2_1KG_DIRECT
RS62057151	RS528392906	EAS	1	PLINK2_1KG_DIRECT
RS62057151	RS534210380	EAS	1	PLINK2_1KG_DIRECT
RS62057151	RS1819040	EAS	1	PLINK2_1KG_DIRECT
RS62057151	RS564301026	EAS	0.499503	PLINK2_1KG_DIRECT
RS62057151	RS550997647	EAS	1	PLINK2_1KG_DIRECT
RS62057151	RS2532307	EAS	1	PLINK2_1KG_DIRECT
RS62057151	RS538148047	EAS	1	PLINK2_1KG_DIRECT
RS62057151	RS556952432	EAS	1	PLINK2_1KG_DIRECT
RS62057151	RS386477606	EAS	1	PLINK2_1KG_DIRECT
RS62057151	RS573082572	EAS	1	PLINK2_1KG_DIRECT
RS62057151	RS544161107	EAS	1	PLINK2_1KG_DIRECT
RS62057151	RS533125554	EAS	1	PLINK2_1KG_DIRECT
RS62057151	RS527778993	EAS	1	PLINK2_1KG_DIRECT
RS62057151	RS567744882	EAS	1	PLINK2_1KG_DIRECT
RS62057151	RS568850733	EAS	1	PLINK2_1KG_DIRECT
RS62057151	RS577620178	EAS	1	PLINK2_1KG_DIRECT
RS62057151	RS566458560	EAS	1	PLINK2_1KG_DIRECT
RS62057151	RS556323004	EAS	1	PLINK2_1KG_DIRECT
RS62057151	RS538530693	EAS	1	PLINK2_1KG_DIRECT
RS62057151	RS553779720	EAS	1	PLINK2_1KG_DIRECT
RS62057151	RS543124303	EAS	1	PLINK2_1KG_DIRECT
RS62057151	RS567299266	EAS	1	PLINK2_1KG_DIRECT
RS62057151	RS576500756	EAS	1	PLINK2_1KG_DIRECT
RS62057151	RS577482939	EAS	1	PLINK2_1KG_DIRECT
RS62057151	RS541759959	EAS	1	PLINK2_1KG_DIRECT
RS62057151	RS542300723	EAS	1	PLINK2_1KG_DIRECT
RS62057151	RS560926498	EAS	1	PLINK2_1KG_DIRECT
RS62057151	RS577520390	EAS	1	PLINK2_1KG_DIRECT
RS62057151	RS564591344	EAS	0.499503	PLINK2_1KG_DIRECT
RS62057151	RS529970690	EAS	1	PLINK2_1KG_DIRECT
RS62057151	RS569963579	EAS	1	PLINK2_1KG_DIRECT
RS62057151	RS537399285	EAS	1	PLINK2_1KG_DIRECT
RS62057151	RS553321776	EAS	1	PLINK2_1KG_DIRECT
RS62057151	RS540702737	EAS	1	PLINK2_1KG_DIRECT
RS62057151	RS530819145	EAS	1	PLINK2_1KG_DIRECT
RS62057151	RS535998558	EAS	1	PLINK2_1KG_DIRECT
RS62057151	RS575572584	EAS	1	PLINK2_1KG_DIRECT
RS62057151	RS576400151	EAS	1	PLINK2_1KG_DIRECT
RS62057151	RS540782647	EAS	1	PLINK2_1KG_DIRECT
RS62057151	RS542050069	EAS	1	PLINK2_1KG_DIRECT
RS62057151	RS552475563	EAS	1	PLINK2_1KG_DIRECT
RS62057151	RS534560878	EAS	1	PLINK2_1KG_DIRECT
RS62057151	RS564325593	EAS	1	PLINK2_1KG_DIRECT
RS62057151	RS540664392	EAS	1	PLINK2_1KG_DIRECT
RS62057151	RS533307115	EAS	1	PLINK2_1KG_DIRECT
RS62057151	RS557054045	EAS	1	PLINK2_1KG_DIRECT
RS62057151	RS562593126	EAS	1	PLINK2_1KG_DIRECT
RS62057151	RS566704864	EAS	0.499503	PLINK2_1KG_DIRECT
RS62057151	RS568059837	EAS	1	PLINK2_1KG_DIRECT
RS62057151	RS535060999	EAS	1	PLINK2_1KG_DIRECT
RS62057151	RS544243747	EAS	1	PLINK2_1KG_DIRECT
RS62057151	RS562531663	EAS	1	PLINK2_1KG_DIRECT
RS62057151	RS386558525	EAS	1	PLINK2_1KG_DIRECT
RS62057151	RS539559479	EAS	1	PLINK2_1KG_DIRECT
RS62057151	RS533699804	EAS	1	PLINK2_1KG_DIRECT
RS62057151	RS562481792	EAS	0.499503	PLINK2_1KG_DIRECT
RS62057151	RS566489145	EAS	1	PLINK2_1KG_DIRECT
RS62057151	RS567428298	EAS	1	PLINK2_1KG_DIRECT
RS62057151	RS543087623	EAS	1	PLINK2_1KG_DIRECT
RS62057151	RS565531740	EAS	1	PLINK2_1KG_DIRECT
RS62057151	RS544717127	EAS	1	PLINK2_1KG_DIRECT
RS62057151	RS531360085	EAS	1	PLINK2_1KG_DIRECT
RS62057151	RS386477048	EAS	1	PLINK2_1KG_DIRECT
RS62057151	RS566037900	EAS	1	PLINK2_1KG_DIRECT
RS62057151	RS555006557	EAS	1	PLINK2_1KG_DIRECT
RS62057151	RS544076796	EAS	1	PLINK2_1KG_DIRECT
RS62057151	RS2532276	EAS	1	PLINK2_1KG_DIRECT
RS62057151	RS542364049	EAS	1	PLINK2_1KG_DIRECT
RS62057151	RS549599956	EAS	0.499503	PLINK2_1KG_DIRECT
RS62057151	RS564717292	EAS	1	PLINK2_1KG_DIRECT
RS62057151	RS565948451	EAS	1	PLINK2_1KG_DIRECT
RS62057151	RS570200944	EAS	1	PLINK2_1KG_DIRECT
RS62057151	RS566672630	EAS	1	PLINK2_1KG_DIRECT
RS62057151	RS535019273	EAS	1	PLINK2_1KG_DIRECT
RS62057151	RS553586616	EAS	1	PLINK2_1KG_DIRECT
RS62057151	RS564755460	EAS	1	PLINK2_1KG_DIRECT
RS62057151	RS532291518	EAS	1	PLINK2_1KG_DIRECT
RS62057151	RS546433642	EAS	1	PLINK2_1KG_DIRECT
RS62057151	RS535725934	EAS	1	PLINK2_1KG_DIRECT
RS62057151	RS541260793	EAS	1	PLINK2_1KG_DIRECT
RS62057151	RS530881963	EAS	1	PLINK2_1KG_DIRECT
RS62057151	RS570968715	EAS	1	PLINK2_1KG_DIRECT
RS62057151	RS547200563	EAS	1	PLINK2_1KG_DIRECT
RS62057151	RS568534287	EAS	1	PLINK2_1KG_DIRECT
RS62057151	RS569311806	EAS	1	PLINK2_1KG_DIRECT
RS62057151	RS536694159	EAS	1	PLINK2_1KG_DIRECT
RS62057151	RS576904891	EAS	1	PLINK2_1KG_DIRECT
RS62057151	RS563621837	EAS	1	PLINK2_1KG_DIRECT
RS62057151	RS550757212	EAS	1	PLINK2_1KG_DIRECT
RS62057151	RS569247938	EAS	1	PLINK2_1KG_DIRECT
RS62057151	RS570324382	EAS	1	PLINK2_1KG_DIRECT
RS62057151	RS533467502	EAS	1	PLINK2_1KG_DIRECT
RS62057151	RS534369494	EAS	1	PLINK2_1KG_DIRECT
RS62057151	RS575478168	EAS	1	PLINK2_1KG_DIRECT
RS62057151	RS573087564	EAS	1	PLINK2_1KG_DIRECT
RS62057151	RS539303688	EAS	1	PLINK2_1KG_DIRECT
RS62057151	RS557923371	EAS	1	PLINK2_1KG_DIRECT
RS62057151	RS573087816	EAS	1	PLINK2_1KG_DIRECT
RS62057151	RS578046020	EAS	1	PLINK2_1KG_DIRECT
RS62057151	RS560714845	EAS	1	PLINK2_1KG_DIRECT
RS62057151	RS567324860	EAS	1	PLINK2_1KG_DIRECT
RS62057151	RS537893623	EAS	1	PLINK2_1KG_DIRECT
RS62057151	RS578055951	EAS	1	PLINK2_1KG_DIRECT
RS62057151	RS532904601	EAS	1	PLINK2_1KG_DIRECT
RS62057151	RS548762783	EAS	1	PLINK2_1KG_DIRECT
RS62057151	RS544098746	EAS	0.499503	PLINK2_1KG_DIRECT
RS62057151	RS562357125	EAS	1	PLINK2_1KG_DIRECT
RS62057151	RS544780187	EAS	1	PLINK2_1KG_DIRECT
RS62057151	RS527375859	EAS	1	PLINK2_1KG_DIRECT
RS62057151	RS539179202	EAS	1	PLINK2_1KG_DIRECT
RS62057151	RS539073154	EAS	1	PLINK2_1KG_DIRECT
RS62057151	RS566214080	EAS	1	PLINK2_1KG_DIRECT
RS62057151	RS576672302	EAS	1	PLINK2_1KG_DIRECT
RS62057151	RS563972143	EAS	1	PLINK2_1KG_DIRECT
RS62057151	RS549710507	EAS	1	PLINK2_1KG_DIRECT
RS62057151	RS2696566	EAS	1	PLINK2_1KG_DIRECT
RS62057151	RS564912328	EAS	1	PLINK2_1KG_DIRECT
RS62057151	RS559790424	EAS	1	PLINK2_1KG_DIRECT
RS62057151	RS570203120	EAS	1	PLINK2_1KG_DIRECT
RS62057151	RS530892614	EAS	1	PLINK2_1KG_DIRECT
RS62057151	RS2141298	EAS	1	PLINK2_1KG_DIRECT
RS62057151	RS547806751	EAS	1	PLINK2_1KG_DIRECT
RS62057151	RS11079733	EAS	1	PLINK2_1KG_DIRECT
RS62057151	RS2696633	EAS	1	PLINK2_1KG_DIRECT
RS62057151	RS546821167	EAS	1	PLINK2_1KG_DIRECT
RS62057151	RS569635106	EAS	1	PLINK2_1KG_DIRECT
RS62057151	RS570486150	EAS	1	PLINK2_1KG_DIRECT
RS62057151	RS553226241	EAS	1	PLINK2_1KG_DIRECT
RS62057151	RS574644730	EAS	1	PLINK2_1KG_DIRECT
RS62057151	RS535751452	EAS	1	PLINK2_1KG_DIRECT
RS62057151	RS2532233	EAS	1	PLINK2_1KG_DIRECT
RS62057151	RS545914867	EAS	1	PLINK2_1KG_DIRECT
RS62057151	RS570399582	EAS	1	PLINK2_1KG_DIRECT
RS62057151	RS569087361	EAS	1	PLINK2_1KG_DIRECT
RS62057151	RS563074118	EAS	1	PLINK2_1KG_DIRECT
RS62057151	RS545648705	EAS	1	PLINK2_1KG_DIRECT
RS62057151	RS539364020	EAS	1	PLINK2_1KG_DIRECT
RS62057151	RS2532229	EAS	1	PLINK2_1KG_DIRECT
RS62057151	RS556496186	EAS	1	PLINK2_1KG_DIRECT
RS62057151	RS545270044	EAS	1	PLINK2_1KG_DIRECT
RS62057151	RS572762545	EAS	1	PLINK2_1KG_DIRECT
RS62057151	RS540260849	EAS	1	PLINK2_1KG_DIRECT
RS62057151	RS17664048	EAS	1	PLINK2_1KG_DIRECT
RS62057151	RS1918786	EAS	1	PLINK2_1KG_DIRECT
RS62057151	RS1918787	EAS	1	PLINK2_1KG_DIRECT
RS62057151	RS573536609	EAS	1	PLINK2_1KG_DIRECT
RS62057151	RS562641029	EAS	1	PLINK2_1KG_DIRECT
RS62057151	RS551188913	EAS	1	PLINK2_1KG_DIRECT
RS62057151	RS559886250	EAS	1	PLINK2_1KG_DIRECT
RS62057151	RS571742017	EAS	1	PLINK2_1KG_DIRECT
RS62057151	RS554424146	EAS	1	PLINK2_1KG_DIRECT
RS62057151	RS555346866	EAS	0.332671	PLINK2_1KG_DIRECT
RS62057151	RS544227999	EAS	1	PLINK2_1KG_DIRECT
RS62057151	RS544669576	EAS	1	PLINK2_1KG_DIRECT
RS62057151	RS571792649	EAS	1	PLINK2_1KG_DIRECT
RS62057151	RS542442671	EAS	1	PLINK2_1KG_DIRECT
RS62057151	RS547806241	EAS	1	PLINK2_1KG_DIRECT
RS62057151	RS548785130	EAS	1	PLINK2_1KG_DIRECT
RS62057151	RS559754274	EAS	1	PLINK2_1KG_DIRECT
RS62057151	RS547005230	EAS	1	PLINK2_1KG_DIRECT
RS62057151	RS531013081	EAS	1	PLINK2_1KG_DIRECT
RS62057151	RS2732628	EAS	1	PLINK2_1KG_DIRECT
RS62057151	RS2532418	EAS	1	PLINK2_1KG_DIRECT
RS62057151	RS2732629	EAS	1	PLINK2_1KG_DIRECT
RS62057151	RS2668670	EAS	1	PLINK2_1KG_DIRECT
RS62057151	RS2668665	EAS	1	PLINK2_1KG_DIRECT
RS62057151	RS2668662	EAS	1	PLINK2_1KG_DIRECT
RS62057151	RS2732606	EAS	1	PLINK2_1KG_DIRECT
RS62057151	RS2732605	EAS	1	PLINK2_1KG_DIRECT
RS62057151	RS2732601	EAS	1	PLINK2_1KG_DIRECT
RS62057151	RS2696610	EAS	1	PLINK2_1KG_DIRECT
RS62057151	RS2668695	EAS	1	PLINK2_1KG_DIRECT
RS62057151	RS2668694	EAS	1	PLINK2_1KG_DIRECT
RS62057151	RS2668692	EAS	1	PLINK2_1KG_DIRECT
RS62057151	RS2696609	EAS	1	PLINK2_1KG_DIRECT
RS62057151	RS2696608	EAS	1	PLINK2_1KG_DIRECT
RS62057151	RS560050580	EAS	1	PLINK2_1KG_DIRECT
RS62057151	RS555719522	EAS	1	PLINK2_1KG_DIRECT
RS62057151	RS552419936	EAS	1	PLINK2_1KG_DIRECT
RS62057151	RS55653937	EAS	1	PLINK2_1KG_DIRECT
RS62057151	RS566979023	EAS	1	PLINK2_1KG_DIRECT
RS62057151	RS2668632	EAS	1	PLINK2_1KG_DIRECT
RS62057151	RS578109777	EAS	1	PLINK2_1KG_DIRECT
RS62057151	RS199926341	EAS	1	PLINK2_1KG_DIRECT
RS62057151	RS554899842	EAS	1	PLINK2_1KG_DIRECT
RS62057151	RS2532363	EAS	1	PLINK2_1KG_DIRECT
RS62057151	RS62073157	EAS	1	PLINK2_1KG_DIRECT
RS62057151	RS569025098	EAS	1	PLINK2_1KG_DIRECT
RS62057151	RS561504284	EAS	1	PLINK2_1KG_DIRECT
RS62057151	RS530676870	EAS	1	PLINK2_1KG_DIRECT
RS62057151	RS2532329	EAS	1	PLINK2_1KG_DIRECT
RS62057151	RS2732711	EAS	1	PLINK2_1KG_DIRECT
RS62057151	RS562855425	EAS	1	PLINK2_1KG_DIRECT
RS62057151	RS533425051	EAS	1	PLINK2_1KG_DIRECT
RS62057151	RS2732708	EAS	1	PLINK2_1KG_DIRECT
RS62057151	RS2732706	EAS	1	PLINK2_1KG_DIRECT
RS62057151	RS2696541	EAS	1	PLINK2_1KG_DIRECT
RS62057151	RS2732705	EAS	1	PLINK2_1KG_DIRECT
RS62057151	RS2668622	EAS	0.499503	PLINK2_1KG_DIRECT
RS62057151	RS568873066	EAS	1	PLINK2_1KG_DIRECT
RS62057151	RS111198951	EAS	1	PLINK2_1KG_DIRECT
RS62057151	RS566238830	EAS	1	PLINK2_1KG_DIRECT
RS62057151	RS2696532	EAS	1	PLINK2_1KG_DIRECT
RS62057151	RS2696524	EAS	1	PLINK2_1KG_DIRECT
RS62057151	RS571516577	EAS	1	PLINK2_1KG_DIRECT
RS62057151	RS17665188	EAS	1	PLINK2_1KG_DIRECT
RS62057151	RS36123991	EAS	1	PLINK2_1KG_DIRECT
RS62057151	RS558980400	EAS	1	PLINK2_1KG_DIRECT
RS62057151	RS567135833	EAS	1	PLINK2_1KG_DIRECT
RS62057151	RS564007266	EAS	1	PLINK2_1KG_DIRECT
RS62057151	RS535576035	EAS	1	PLINK2_1KG_DIRECT
RS62057151	RS151172887	EAS	1	PLINK2_1KG_DIRECT
RS62057151	RS199441	EAS	0.499503	PLINK2_1KG_DIRECT
RS62057151	RS1378358	EAS	0.499503	PLINK2_1KG_DIRECT
RS62057151	RS538628	EAS	1	PLINK2_1KG_DIRECT
RS62057151	RS169201	EAS	1	PLINK2_1KG_DIRECT
RS62057151	RS199439	EAS	1	PLINK2_1KG_DIRECT
RS62057151	RS199457	EAS	1	PLINK2_1KG_DIRECT
RS62057151	RS199456	EAS	1	PLINK2_1KG_DIRECT
RS62057151	RS199451	EAS	1	PLINK2_1KG_DIRECT
RS62057151	RS199448	EAS	1	PLINK2_1KG_DIRECT
RS62057151	RS199447	EAS	1	PLINK2_1KG_DIRECT
RS62057151	RS199445	EAS	1	PLINK2_1KG_DIRECT
RS62057151	RS199443	EAS	1	PLINK2_1KG_DIRECT
RS62057151	RS199535	EAS	1	PLINK2_1KG_DIRECT
RS62057151	RS199534	EAS	1	PLINK2_1KG_DIRECT
RS62057151	RS199533	EAS	1	PLINK2_1KG_DIRECT
RS12104272	RS12104272	EUR	1	PLINK2_1KG_DIRECT
RS12104272	RS7251	EUR	0.973308	PLINK2_1KG_DIRECT
RS12104272	RS10415576	EUR	0.803851	PLINK2_1KG_DIRECT
RS12104272	RS2304204	EUR	0.660211	PLINK2_1KG_DIRECT
RS12104272	RS12104272	EAS	1	PLINK2_1KG_DIRECT
RS12104272	RS7251	EAS	0.436285	PLINK2_1KG_DIRECT
RS12104272	RS10415576	EAS	0.439234	PLINK2_1KG_DIRECT
RS12104272	RS2304204	EAS	0.794477	PLINK2_1KG_DIRECT
RS4766428	RS4766428	EUR	1	PLINK2_1KG_DIRECT
RS4766428	RS28555214	EUR	0.534617	PLINK2_1KG_DIRECT
RS4766428	RS12822385	EUR	0.523372	PLINK2_1KG_DIRECT
RS4766428	RS10849900	EUR	0.525884	PLINK2_1KG_DIRECT
RS4766428	RS684596	EUR	0.518369	PLINK2_1KG_DIRECT
RS4766428	RS4766428	EAS	1	PLINK2_1KG_DIRECT
RS9636107	RS9636107	EUR	1	PLINK2_1KG_DIRECT
RS9636107	RS7240986	EUR	0.637014	PLINK2_1KG_DIRECT
RS9636107	RS784255	EUR	0.465298	PLINK2_1KG_DIRECT
RS9636107	RS813043	EUR	0.465298	PLINK2_1KG_DIRECT
RS9636107	RS784254	EUR	0.465298	PLINK2_1KG_DIRECT
RS9636107	RS711745	EUR	0.465298	PLINK2_1KG_DIRECT
RS9636107	RS28758902	EUR	0.400805	PLINK2_1KG_DIRECT
RS9636107	RS784251	EUR	0.465428	PLINK2_1KG_DIRECT
RS9636107	RS9636107	EAS	1	PLINK2_1KG_DIRECT
RS9636107	RS7240986	EAS	0.134916	PLINK2_1KG_DIRECT
RS9636107	RS784255	EAS	0.455869	PLINK2_1KG_DIRECT
RS9636107	RS813043	EAS	0.450842	PLINK2_1KG_DIRECT
RS9636107	RS784254	EAS	0.450842	PLINK2_1KG_DIRECT
RS9636107	RS711745	EAS	0.450842	PLINK2_1KG_DIRECT
RS9636107	RS784251	EAS	0.450842	PLINK2_1KG_DIRECT
RS2916074	RS2916074	EUR	1	PLINK2_1KG_DIRECT
RS2916074	RS2074296	EUR	0.83333	PLINK2_1KG_DIRECT
RS2916074	RS10426780	EUR	0.83333	PLINK2_1KG_DIRECT
RS2916074	RS2074299	EUR	0.83333	PLINK2_1KG_DIRECT
RS2916074	RS2074303	EUR	0.83333	PLINK2_1KG_DIRECT
RS2916074	RS10419245	EUR	0.829175	PLINK2_1KG_DIRECT
RS2916074	RS735273	EUR	0.83333	PLINK2_1KG_DIRECT
RS2916074	RS8103496	EUR	0.83333	PLINK2_1KG_DIRECT
RS2916074	RS2017964	EUR	0.83333	PLINK2_1KG_DIRECT
RS2916074	RS8101938	EUR	0.83333	PLINK2_1KG_DIRECT
RS2916074	RS2301784	EUR	0.83333	PLINK2_1KG_DIRECT
RS2916074	RS6511026	EUR	0.83333	PLINK2_1KG_DIRECT
RS2916074	RS2269873	EUR	0.83333	PLINK2_1KG_DIRECT
RS2916074	RS10407952	EUR	0.837412	PLINK2_1KG_DIRECT
RS2916074	RS6511028	EUR	0.837412	PLINK2_1KG_DIRECT
RS2916074	RS7254748	EUR	0.837412	PLINK2_1KG_DIRECT
RS2916074	RS4808937	EUR	0.837412	PLINK2_1KG_DIRECT
RS2916074	RS4808938	EUR	0.837412	PLINK2_1KG_DIRECT
RS2916074	RS10409234	EUR	0.837412	PLINK2_1KG_DIRECT
RS2916074	RS7254927	EUR	0.837412	PLINK2_1KG_DIRECT
RS2916074	RS2023882	EUR	0.83333	PLINK2_1KG_DIRECT
RS2916074	RS4808939	EUR	0.83333	PLINK2_1KG_DIRECT
RS2916074	RS4808193	EUR	0.837412	PLINK2_1KG_DIRECT
RS2916074	RS4808940	EUR	0.837412	PLINK2_1KG_DIRECT
RS2916074	RS4808941	EUR	0.837412	PLINK2_1KG_DIRECT
RS2916074	RS2315022	EUR	0.837412	PLINK2_1KG_DIRECT
RS2916074	RS2301786	EUR	0.837412	PLINK2_1KG_DIRECT
RS2916074	RS1010207	EUR	0.837412	PLINK2_1KG_DIRECT
RS2916074	RS4808942	EUR	0.837412	PLINK2_1KG_DIRECT
RS2916074	RS2285859	EUR	0.837412	PLINK2_1KG_DIRECT
RS2916074	RS2315024	EUR	0.804938	PLINK2_1KG_DIRECT
RS2916074	RS2315025	EUR	0.829175	PLINK2_1KG_DIRECT
RS2916074	RS12977937	EUR	0.841507	PLINK2_1KG_DIRECT
RS2916074	RS3934667	EUR	0.866328	PLINK2_1KG_DIRECT
RS2916074	RS12460764	EUR	0.862163	PLINK2_1KG_DIRECT
RS2916074	RS7246748	EUR	0.862163	PLINK2_1KG_DIRECT
RS2916074	RS7254230	EUR	0.866328	PLINK2_1KG_DIRECT
RS2916074	RS62135552	EUR	0.866328	PLINK2_1KG_DIRECT
RS2916074	RS7247309	EUR	0.866328	PLINK2_1KG_DIRECT
RS2916074	RS3764567	EUR	0.857997	PLINK2_1KG_DIRECT
RS2916074	RS1009136	EUR	0.853843	PLINK2_1KG_DIRECT
RS2916074	RS67720221	EUR	0.862161	PLINK2_1KG_DIRECT
RS2916074	RS12985655	EUR	0.8747	PLINK2_1KG_DIRECT
RS2916074	RS8103197	EUR	0.8747	PLINK2_1KG_DIRECT
RS2916074	RS769267	EUR	0.83751	PLINK2_1KG_DIRECT
RS2916074	RS2074090	EUR	0.8747	PLINK2_1KG_DIRECT
RS2916074	RS2074091	EUR	0.8747	PLINK2_1KG_DIRECT
RS2916074	RS2965191	EUR	0.8747	PLINK2_1KG_DIRECT
RS2916074	RS2301669	EUR	0.8747	PLINK2_1KG_DIRECT
RS2916074	RS2965193	EUR	0.866342	PLINK2_1KG_DIRECT
RS2916074	RS2905421	EUR	0.837412	PLINK2_1KG_DIRECT
RS2916074	RS2285627	EUR	0.81297	PLINK2_1KG_DIRECT
RS2916074	RS13964	EUR	0.8747	PLINK2_1KG_DIRECT
RS2916074	RS15622	EUR	0.8747	PLINK2_1KG_DIRECT
RS2916074	RS6511032	EUR	0.883099	PLINK2_1KG_DIRECT
RS2916074	RS2905423	EUR	0.883099	PLINK2_1KG_DIRECT
RS2916074	RS2965198	EUR	0.900245	PLINK2_1KG_DIRECT
RS2916074	RS2905424	EUR	0.904456	PLINK2_1KG_DIRECT
RS2916074	RS2965199	EUR	0.908678	PLINK2_1KG_DIRECT
RS2916074	RS2905425	EUR	0.908678	PLINK2_1KG_DIRECT
RS2916074	RS2965200	EUR	0.900117	PLINK2_1KG_DIRECT
RS2916074	RS8101499	EUR	0.951854	PLINK2_1KG_DIRECT
RS2916074	RS2905426	EUR	0.929948	PLINK2_1KG_DIRECT
RS2916074	RS2905427	EUR	0.929948	PLINK2_1KG_DIRECT
RS2916074	RS2074088	EUR	0.951854	PLINK2_1KG_DIRECT
RS2916074	RS2315279	EUR	0.951854	PLINK2_1KG_DIRECT
RS2916074	RS2315281	EUR	0.951854	PLINK2_1KG_DIRECT
RS2916074	RS2315283	EUR	0.951854	PLINK2_1KG_DIRECT
RS2916074	RS34538000	EUR	0.951854	PLINK2_1KG_DIRECT
RS2916074	RS2965175	EUR	0.951854	PLINK2_1KG_DIRECT
RS2916074	RS2905430	EUR	0.956166	PLINK2_1KG_DIRECT
RS2916074	RS2905431	EUR	0.956166	PLINK2_1KG_DIRECT
RS2916074	RS2905432	EUR	0.934259	PLINK2_1KG_DIRECT
RS2916074	RS35418933	EUR	0.956166	PLINK2_1KG_DIRECT
RS2916074	RS34277109	EUR	0.956166	PLINK2_1KG_DIRECT
RS2916074	RS2965180	EUR	0.956166	PLINK2_1KG_DIRECT
RS2916074	RS2905435	EUR	1	PLINK2_1KG_DIRECT
RS2916074	RS1858999	EUR	1	PLINK2_1KG_DIRECT
RS2916074	RS1000237	EUR	1	PLINK2_1KG_DIRECT
RS2916074	RS2965189	EUR	1	PLINK2_1KG_DIRECT
RS2916074	RS2916069	EUR	1	PLINK2_1KG_DIRECT
RS2916074	RS2965188	EUR	0.951854	PLINK2_1KG_DIRECT
RS2916074	RS2916073	EUR	1	PLINK2_1KG_DIRECT
RS2916074	RS1469713	EUR	1	PLINK2_1KG_DIRECT
RS2916074	RS1469712	EUR	0.956166	PLINK2_1KG_DIRECT
RS2916074	RS2965183	EUR	1	PLINK2_1KG_DIRECT
RS2916074	RS2916076	EUR	1	PLINK2_1KG_DIRECT
RS2916074	RS2965182	EUR	1	PLINK2_1KG_DIRECT
RS2916074	RS12975119	EUR	1	PLINK2_1KG_DIRECT
RS2916074	RS4808955	EUR	0.956166	PLINK2_1KG_DIRECT
RS2916074	RS4808200	EUR	0.956166	PLINK2_1KG_DIRECT
RS2916074	RS10410664	EUR	0.956166	PLINK2_1KG_DIRECT
RS2916074	RS10414830	EUR	0.947554	PLINK2_1KG_DIRECT
RS2916074	RS7256149	EUR	0.947554	PLINK2_1KG_DIRECT
RS2916074	RS4808957	EUR	0.947554	PLINK2_1KG_DIRECT
RS2916074	RS4808202	EUR	0.947554	PLINK2_1KG_DIRECT
RS2916074	RS4808203	EUR	0.947554	PLINK2_1KG_DIRECT
RS2916074	RS4808959	EUR	0.938713	PLINK2_1KG_DIRECT
RS2916074	RS9917108	EUR	0.947554	PLINK2_1KG_DIRECT
RS2916074	RS4808961	EUR	0.86373	PLINK2_1KG_DIRECT
RS2916074	RS1808653	EUR	0.947554	PLINK2_1KG_DIRECT
RS2916074	RS2099334	EUR	0.947554	PLINK2_1KG_DIRECT
RS2916074	RS10405625	EUR	0.947554	PLINK2_1KG_DIRECT
RS2916074	RS747050	EUR	0.947554	PLINK2_1KG_DIRECT
RS2916074	RS10419912	EUR	0.947554	PLINK2_1KG_DIRECT
RS2916074	RS2315610	EUR	0.947554	PLINK2_1KG_DIRECT
RS2916074	RS751856	EUR	0.947554	PLINK2_1KG_DIRECT
RS2916074	RS4808964	EUR	0.943267	PLINK2_1KG_DIRECT
RS2916074	RS2288852	EUR	0.947554	PLINK2_1KG_DIRECT
RS2916074	RS1865034	EUR	0.947554	PLINK2_1KG_DIRECT
RS2916074	RS2082421	EUR	0.938993	PLINK2_1KG_DIRECT
RS2916074	RS1047361	EUR	0.947554	PLINK2_1KG_DIRECT
RS2916074	RS6511038	EUR	0.947554	PLINK2_1KG_DIRECT
RS2916074	RS10402451	EUR	0.94312	PLINK2_1KG_DIRECT
RS2916074	RS3794990	EUR	0.947554	PLINK2_1KG_DIRECT
RS2916074	RS3794993	EUR	0.947554	PLINK2_1KG_DIRECT
RS2916074	RS892022	EUR	0.938993	PLINK2_1KG_DIRECT
RS2916074	RS892021	EUR	0.947554	PLINK2_1KG_DIRECT
RS2916074	RS3752151	EUR	0.938993	PLINK2_1KG_DIRECT
RS2916074	RS1063966	EUR	0.947554	PLINK2_1KG_DIRECT
RS2916074	RS1054284	EUR	0.938993	PLINK2_1KG_DIRECT
RS2916074	RS6626	EUR	0.947554	PLINK2_1KG_DIRECT
RS2916074	RS10282	EUR	0.947554	PLINK2_1KG_DIRECT
RS2916074	RS6909	EUR	0.947554	PLINK2_1KG_DIRECT
RS2916074	RS10402627	EUR	0.947554	PLINK2_1KG_DIRECT
RS2916074	RS7250893	EUR	0.947554	PLINK2_1KG_DIRECT
RS2916074	RS7253807	EUR	0.94312	PLINK2_1KG_DIRECT
RS2916074	RS4808965	EUR	0.947554	PLINK2_1KG_DIRECT
RS2916074	RS4808967	EUR	0.943267	PLINK2_1KG_DIRECT
RS2916074	RS10422819	EUR	0.934731	PLINK2_1KG_DIRECT
RS2916074	RS2304098	EUR	0.934731	PLINK2_1KG_DIRECT
RS2916074	RS1054930	EUR	0.934731	PLINK2_1KG_DIRECT
RS2916074	RS4808208	EUR	0.934731	PLINK2_1KG_DIRECT
RS2916074	RS7245983	EUR	0.870519	PLINK2_1KG_DIRECT
RS2916074	RS2916074	EAS	1	PLINK2_1KG_DIRECT
RS2916074	RS2074296	EAS	0.737896	PLINK2_1KG_DIRECT
RS2916074	RS10426780	EAS	0.746162	PLINK2_1KG_DIRECT
RS2916074	RS2074299	EAS	0.746621	PLINK2_1KG_DIRECT
RS2916074	RS2074303	EAS	0.746621	PLINK2_1KG_DIRECT
RS2916074	RS10419245	EAS	0.746621	PLINK2_1KG_DIRECT
RS2916074	RS735273	EAS	0.742952	PLINK2_1KG_DIRECT
RS2916074	RS8103496	EAS	0.746621	PLINK2_1KG_DIRECT
RS2916074	RS2017964	EAS	0.746621	PLINK2_1KG_DIRECT
RS2916074	RS8101938	EAS	0.746621	PLINK2_1KG_DIRECT
RS2916074	RS2301784	EAS	0.746621	PLINK2_1KG_DIRECT
RS2916074	RS6511026	EAS	0.746621	PLINK2_1KG_DIRECT
RS2916074	RS2269873	EAS	0.746621	PLINK2_1KG_DIRECT
RS2916074	RS10407952	EAS	0.742473	PLINK2_1KG_DIRECT
RS2916074	RS6511028	EAS	0.746162	PLINK2_1KG_DIRECT
RS2916074	RS7254748	EAS	0.746162	PLINK2_1KG_DIRECT
RS2916074	RS4808937	EAS	0.746162	PLINK2_1KG_DIRECT
RS2916074	RS4808938	EAS	0.746162	PLINK2_1KG_DIRECT
RS2916074	RS10409234	EAS	0.746162	PLINK2_1KG_DIRECT
RS2916074	RS7254927	EAS	0.746162	PLINK2_1KG_DIRECT
RS2916074	RS2023882	EAS	0.746162	PLINK2_1KG_DIRECT
RS2916074	RS4808939	EAS	0.665703	PLINK2_1KG_DIRECT
RS2916074	RS4808193	EAS	0.746162	PLINK2_1KG_DIRECT
RS2916074	RS4808940	EAS	0.746162	PLINK2_1KG_DIRECT
RS2916074	RS4808941	EAS	0.746162	PLINK2_1KG_DIRECT
RS2916074	RS2315022	EAS	0.746162	PLINK2_1KG_DIRECT
RS2916074	RS2301786	EAS	0.746162	PLINK2_1KG_DIRECT
RS2916074	RS1010207	EAS	0.746162	PLINK2_1KG_DIRECT
RS2916074	RS4808942	EAS	0.746162	PLINK2_1KG_DIRECT
RS2916074	RS2285859	EAS	0.746162	PLINK2_1KG_DIRECT
RS2916074	RS2315024	EAS	0.665703	PLINK2_1KG_DIRECT
RS2916074	RS2315025	EAS	0.746162	PLINK2_1KG_DIRECT
RS2916074	RS12977937	EAS	0.746162	PLINK2_1KG_DIRECT
RS2916074	RS3934667	EAS	0.742473	PLINK2_1KG_DIRECT
RS2916074	RS12460764	EAS	0.746162	PLINK2_1KG_DIRECT
RS2916074	RS7246748	EAS	0.746162	PLINK2_1KG_DIRECT
RS2916074	RS7254230	EAS	0.746162	PLINK2_1KG_DIRECT
RS2916074	RS62135552	EAS	0.746162	PLINK2_1KG_DIRECT
RS2916074	RS7247309	EAS	0.746162	PLINK2_1KG_DIRECT
RS2916074	RS3764567	EAS	0.665703	PLINK2_1KG_DIRECT
RS2916074	RS1009136	EAS	0.746162	PLINK2_1KG_DIRECT
RS2916074	RS67720221	EAS	0.654592	PLINK2_1KG_DIRECT
RS2916074	RS12985655	EAS	0.783465	PLINK2_1KG_DIRECT
RS2916074	RS8103197	EAS	0.787721	PLINK2_1KG_DIRECT
RS2916074	RS769267	EAS	0.787721	PLINK2_1KG_DIRECT
RS2916074	RS2074090	EAS	0.787721	PLINK2_1KG_DIRECT
RS2916074	RS2074091	EAS	0.787721	PLINK2_1KG_DIRECT
RS2916074	RS2965191	EAS	0.787721	PLINK2_1KG_DIRECT
RS2916074	RS2301669	EAS	0.787721	PLINK2_1KG_DIRECT
RS2916074	RS2965193	EAS	0.787721	PLINK2_1KG_DIRECT
RS2916074	RS2905421	EAS	0.59226	PLINK2_1KG_DIRECT
RS2916074	RS2285627	EAS	0.646329	PLINK2_1KG_DIRECT
RS2916074	RS13964	EAS	0.791991	PLINK2_1KG_DIRECT
RS2916074	RS15622	EAS	0.791991	PLINK2_1KG_DIRECT
RS2916074	RS6511032	EAS	0.791991	PLINK2_1KG_DIRECT
RS2916074	RS2905423	EAS	0.791991	PLINK2_1KG_DIRECT
RS2916074	RS2965198	EAS	0.843622	PLINK2_1KG_DIRECT
RS2916074	RS2905424	EAS	0.843622	PLINK2_1KG_DIRECT
RS2916074	RS2965199	EAS	0.847433	PLINK2_1KG_DIRECT
RS2916074	RS2905425	EAS	0.847433	PLINK2_1KG_DIRECT
RS2916074	RS2965200	EAS	0.831743	PLINK2_1KG_DIRECT
RS2916074	RS8101499	EAS	0.986392	PLINK2_1KG_DIRECT
RS2916074	RS2905426	EAS	0.666708	PLINK2_1KG_DIRECT
RS2916074	RS2905427	EAS	0.666708	PLINK2_1KG_DIRECT
RS2916074	RS2074088	EAS	0.986392	PLINK2_1KG_DIRECT
RS2916074	RS2315279	EAS	0.986392	PLINK2_1KG_DIRECT
RS2916074	RS2315281	EAS	0.986392	PLINK2_1KG_DIRECT
RS2916074	RS2315283	EAS	0.986392	PLINK2_1KG_DIRECT
RS2916074	RS34538000	EAS	0.986392	PLINK2_1KG_DIRECT
RS2916074	RS2965175	EAS	0.986392	PLINK2_1KG_DIRECT
RS2916074	RS2905430	EAS	0.986392	PLINK2_1KG_DIRECT
RS2916074	RS2905431	EAS	0.986392	PLINK2_1KG_DIRECT
RS2916074	RS2905432	EAS	0.666708	PLINK2_1KG_DIRECT
RS2916074	RS35418933	EAS	0.995451	PLINK2_1KG_DIRECT
RS2916074	RS34277109	EAS	0.995451	PLINK2_1KG_DIRECT
RS2916074	RS2965180	EAS	0.995451	PLINK2_1KG_DIRECT
RS2916074	RS2905435	EAS	0.995451	PLINK2_1KG_DIRECT
RS2916074	RS1858999	EAS	0.995451	PLINK2_1KG_DIRECT
RS2916074	RS1000237	EAS	0.990915	PLINK2_1KG_DIRECT
RS2916074	RS2965189	EAS	0.990915	PLINK2_1KG_DIRECT
RS2916074	RS2916069	EAS	0.995451	PLINK2_1KG_DIRECT
RS2916074	RS2965188	EAS	0.995451	PLINK2_1KG_DIRECT
RS2916074	RS2916073	EAS	1	PLINK2_1KG_DIRECT
RS2916074	RS1469713	EAS	1	PLINK2_1KG_DIRECT
RS2916074	RS1469712	EAS	1	PLINK2_1KG_DIRECT
RS2916074	RS2965183	EAS	0.990909	PLINK2_1KG_DIRECT
RS2916074	RS2916076	EAS	0.990909	PLINK2_1KG_DIRECT
RS2916074	RS2965182	EAS	0.990909	PLINK2_1KG_DIRECT
RS2916074	RS12975119	EAS	0.990909	PLINK2_1KG_DIRECT
RS2916074	RS4808955	EAS	0.995451	PLINK2_1KG_DIRECT
RS2916074	RS4808200	EAS	0.995451	PLINK2_1KG_DIRECT
RS2916074	RS10410664	EAS	0.990909	PLINK2_1KG_DIRECT
RS2916074	RS10414830	EAS	0.995451	PLINK2_1KG_DIRECT
RS2916074	RS7256149	EAS	0.995451	PLINK2_1KG_DIRECT
RS2916074	RS4808957	EAS	0.995451	PLINK2_1KG_DIRECT
RS2916074	RS4808202	EAS	0.995451	PLINK2_1KG_DIRECT
RS2916074	RS4808203	EAS	0.995451	PLINK2_1KG_DIRECT
RS2916074	RS4808959	EAS	0.986395	PLINK2_1KG_DIRECT
RS2916074	RS9917108	EAS	0.990909	PLINK2_1KG_DIRECT
RS2916074	RS4808961	EAS	0.990909	PLINK2_1KG_DIRECT
RS2916074	RS1808653	EAS	0.990909	PLINK2_1KG_DIRECT
RS2916074	RS2099334	EAS	0.990909	PLINK2_1KG_DIRECT
RS2916074	RS10405625	EAS	0.990909	PLINK2_1KG_DIRECT
RS2916074	RS747050	EAS	0.990909	PLINK2_1KG_DIRECT
RS2916074	RS10419912	EAS	0.995451	PLINK2_1KG_DIRECT
RS2916074	RS2315610	EAS	0.990909	PLINK2_1KG_DIRECT
RS2916074	RS751856	EAS	0.995451	PLINK2_1KG_DIRECT
RS2916074	RS4808964	EAS	0.911468	PLINK2_1KG_DIRECT
RS2916074	RS2288852	EAS	0.995451	PLINK2_1KG_DIRECT
RS2916074	RS1865034	EAS	0.995451	PLINK2_1KG_DIRECT
RS2916074	RS2082421	EAS	0.907173	PLINK2_1KG_DIRECT
RS2916074	RS1047361	EAS	0.995451	PLINK2_1KG_DIRECT
RS2916074	RS6511038	EAS	0.995451	PLINK2_1KG_DIRECT
RS2916074	RS10402451	EAS	0.995451	PLINK2_1KG_DIRECT
RS2916074	RS3794990	EAS	0.995451	PLINK2_1KG_DIRECT
RS2916074	RS3794993	EAS	0.995451	PLINK2_1KG_DIRECT
RS2916074	RS892022	EAS	0.911468	PLINK2_1KG_DIRECT
RS2916074	RS892021	EAS	0.995451	PLINK2_1KG_DIRECT
RS2916074	RS3752151	EAS	0.911468	PLINK2_1KG_DIRECT
RS2916074	RS1063966	EAS	0.995451	PLINK2_1KG_DIRECT
RS2916074	RS1054284	EAS	0.911468	PLINK2_1KG_DIRECT
RS2916074	RS6626	EAS	0.995451	PLINK2_1KG_DIRECT
RS2916074	RS10282	EAS	0.995451	PLINK2_1KG_DIRECT
RS2916074	RS6909	EAS	0.995451	PLINK2_1KG_DIRECT
RS2916074	RS10402627	EAS	0.995451	PLINK2_1KG_DIRECT
RS2916074	RS7250893	EAS	0.995451	PLINK2_1KG_DIRECT
RS2916074	RS7253807	EAS	0.995451	PLINK2_1KG_DIRECT
RS2916074	RS4808965	EAS	0.990909	PLINK2_1KG_DIRECT
RS2916074	RS4808967	EAS	0.990909	PLINK2_1KG_DIRECT
RS2916074	RS10422819	EAS	0.995451	PLINK2_1KG_DIRECT
RS2916074	RS2304098	EAS	0.986395	PLINK2_1KG_DIRECT
RS2916074	RS1054930	EAS	0.995451	PLINK2_1KG_DIRECT
RS2916074	RS4808208	EAS	0.986395	PLINK2_1KG_DIRECT
RS2916074	RS7245983	EAS	0.954961	PLINK2_1KG_DIRECT
RS12969453	RS12969453	EUR	1	PLINK2_1KG_DIRECT
RS12969453	RS56096694	EUR	0.311414	PLINK2_1KG_DIRECT
RS12969453	RS884285	EUR	0.31423	PLINK2_1KG_DIRECT
RS12969453	RS4128242	EUR	1	PLINK2_1KG_DIRECT
RS12969453	RS4131791	EUR	1	PLINK2_1KG_DIRECT
RS12969453	RS4309482	EUR	0.995815	PLINK2_1KG_DIRECT
RS12969453	RS11874716	EUR	0.995815	PLINK2_1KG_DIRECT
RS12969453	RS35360904	EUR	0.995815	PLINK2_1KG_DIRECT
RS12969453	RS12966547	EUR	1	PLINK2_1KG_DIRECT
RS12969453	RS4801131	EUR	1	PLINK2_1KG_DIRECT
RS12969453	RS12969453	EAS	1	PLINK2_1KG_DIRECT
RS12969453	RS56096694	EAS	0.41209	PLINK2_1KG_DIRECT
RS12969453	RS884285	EAS	0.408276	PLINK2_1KG_DIRECT
RS12969453	RS4128242	EAS	1	PLINK2_1KG_DIRECT
RS12969453	RS4131791	EAS	1	PLINK2_1KG_DIRECT
RS12969453	RS4309482	EAS	1	PLINK2_1KG_DIRECT
RS12969453	RS11874716	EAS	1	PLINK2_1KG_DIRECT
RS12969453	RS35360904	EAS	1	PLINK2_1KG_DIRECT
RS12969453	RS12966547	EAS	0.995879	PLINK2_1KG_DIRECT
RS12969453	RS4801131	EAS	0.995879	PLINK2_1KG_DIRECT
RS10117	RS10117	EUR	1	PLINK2_1KG_DIRECT
RS10117	RS11750854	EUR	0.670525	PLINK2_1KG_DIRECT
RS10117	RS11956240	EUR	0.767212	PLINK2_1KG_DIRECT
RS10117	RS13164092	EUR	0.767212	PLINK2_1KG_DIRECT
RS10117	RS55985421	EUR	0.767212	PLINK2_1KG_DIRECT
RS10117	RS7714751	EUR	0.764153	PLINK2_1KG_DIRECT
RS10117	RS3849046	EUR	0.739115	PLINK2_1KG_DIRECT
RS10117	RS13155345	EUR	0.767212	PLINK2_1KG_DIRECT
RS10117	RS13169274	EUR	0.767212	PLINK2_1KG_DIRECT
RS10117	RS13165802	EUR	0.767212	PLINK2_1KG_DIRECT
RS10117	RS154075	EUR	0.968025	PLINK2_1KG_DIRECT
RS10117	RS154076	EUR	0.976078	PLINK2_1KG_DIRECT
RS10117	RS462783	EUR	0.968025	PLINK2_1KG_DIRECT
RS10117	RS154069	EUR	0.976078	PLINK2_1KG_DIRECT
RS10117	RS188731	EUR	0.976078	PLINK2_1KG_DIRECT
RS10117	RS181919	EUR	0.976078	PLINK2_1KG_DIRECT
RS10117	RS187653	EUR	0.976078	PLINK2_1KG_DIRECT
RS10117	RS255999	EUR	0.976078	PLINK2_1KG_DIRECT
RS10117	RS256002	EUR	0.995968	PLINK2_1KG_DIRECT
RS10117	RS256006	EUR	0.995968	PLINK2_1KG_DIRECT
RS10117	RS256007	EUR	0.987913	PLINK2_1KG_DIRECT
RS10117	RS256017	EUR	0.968025	PLINK2_1KG_DIRECT
RS10117	RS1042665	EUR	0.391507	PLINK2_1KG_DIRECT
RS10117	RS256014	EUR	0.976078	PLINK2_1KG_DIRECT
RS10117	RS256013	EUR	0.964101	PLINK2_1KG_DIRECT
RS10117	RS409273	EUR	0.968025	PLINK2_1KG_DIRECT
RS10117	RS7378744	EUR	0.976078	PLINK2_1KG_DIRECT
RS10117	RS11957778	EUR	0.976078	PLINK2_1KG_DIRECT
RS10117	RS13185992	EUR	0.952089	PLINK2_1KG_DIRECT
RS10117	RS68128065	EUR	0.960029	PLINK2_1KG_DIRECT
RS10117	RS11738995	EUR	0.960029	PLINK2_1KG_DIRECT
RS10117	RS2043273	EUR	0.960029	PLINK2_1KG_DIRECT
RS10117	RS17207604	EUR	0.960029	PLINK2_1KG_DIRECT
RS10117	RS1811371	EUR	0.932654	PLINK2_1KG_DIRECT
RS10117	RS4835691	EUR	0.909185	PLINK2_1KG_DIRECT
RS10117	RS11745065	EUR	0.928707	PLINK2_1KG_DIRECT
RS10117	RS11745933	EUR	0.920942	PLINK2_1KG_DIRECT
RS10117	RS10117	EAS	1	PLINK2_1KG_DIRECT
RS10117	RS11750854	EAS	0.727274	PLINK2_1KG_DIRECT
RS10117	RS11956240	EAS	0.97647	PLINK2_1KG_DIRECT
RS10117	RS13164092	EAS	0.98227	PLINK2_1KG_DIRECT
RS10117	RS55985421	EAS	0.98227	PLINK2_1KG_DIRECT
RS10117	RS7714751	EAS	0.976285	PLINK2_1KG_DIRECT
RS10117	RS3849046	EAS	0.96503	PLINK2_1KG_DIRECT
RS10117	RS13155345	EAS	0.976285	PLINK2_1KG_DIRECT
RS10117	RS13169274	EAS	0.98227	PLINK2_1KG_DIRECT
RS10117	RS13165802	EAS	0.98227	PLINK2_1KG_DIRECT
RS10117	RS154075	EAS	0.98227	PLINK2_1KG_DIRECT
RS10117	RS154076	EAS	1	PLINK2_1KG_DIRECT
RS10117	RS462783	EAS	0.958419	PLINK2_1KG_DIRECT
RS10117	RS154069	EAS	0.923328	PLINK2_1KG_DIRECT
RS10117	RS188731	EAS	0.976144	PLINK2_1KG_DIRECT
RS10117	RS181919	EAS	0.976144	PLINK2_1KG_DIRECT
RS10117	RS187653	EAS	1	PLINK2_1KG_DIRECT
RS10117	RS255999	EAS	0.976144	PLINK2_1KG_DIRECT
RS10117	RS256002	EAS	0.976144	PLINK2_1KG_DIRECT
RS10117	RS256006	EAS	0.976144	PLINK2_1KG_DIRECT
RS10117	RS256007	EAS	0.958419	PLINK2_1KG_DIRECT
RS10117	RS256017	EAS	0.952623	PLINK2_1KG_DIRECT
RS10117	RS1042665	EAS	0.851829	PLINK2_1KG_DIRECT
RS10117	RS256014	EAS	0.970178	PLINK2_1KG_DIRECT
RS10117	RS256013	EAS	0.952623	PLINK2_1KG_DIRECT
RS10117	RS409273	EAS	0.946881	PLINK2_1KG_DIRECT
RS10117	RS7378744	EAS	0.970178	PLINK2_1KG_DIRECT
RS10117	RS11957778	EAS	0.970178	PLINK2_1KG_DIRECT
RS10117	RS13185992	EAS	0.952623	PLINK2_1KG_DIRECT
RS10117	RS68128065	EAS	0.970178	PLINK2_1KG_DIRECT
RS10117	RS11738995	EAS	0.970178	PLINK2_1KG_DIRECT
RS10117	RS2043273	EAS	0.96427	PLINK2_1KG_DIRECT
RS10117	RS17207604	EAS	0.96427	PLINK2_1KG_DIRECT
RS10117	RS1811371	EAS	0.923148	PLINK2_1KG_DIRECT
RS10117	RS4835691	EAS	0.923148	PLINK2_1KG_DIRECT
RS10117	RS11745065	EAS	0.923148	PLINK2_1KG_DIRECT
RS10117	RS11745933	EAS	0.923148	PLINK2_1KG_DIRECT
RS4949526	RS4949526	EUR	1	PLINK2_1KG_DIRECT
RS4949526	RS56335113	EUR	0.891218	PLINK2_1KG_DIRECT
RS4949526	RS2015244	EUR	0.981289	PLINK2_1KG_DIRECT
RS4949526	RS12740833	EUR	0.96745	PLINK2_1KG_DIRECT
RS4949526	RS267700	EUR	0.962769	PLINK2_1KG_DIRECT
RS4949526	RS1009080	EUR	0.995319	PLINK2_1KG_DIRECT
RS4949526	RS267698	EUR	0.976684	PLINK2_1KG_DIRECT
RS4949526	RS6679167	EUR	0.990668	PLINK2_1KG_DIRECT
RS4949526	RS1498232	EUR	0.986047	PLINK2_1KG_DIRECT
RS4949526	RS12044736	EUR	0.863939	PLINK2_1KG_DIRECT
RS4949526	RS2008141	EUR	0.97206	PLINK2_1KG_DIRECT
RS4949526	RS4949526	EAS	1	PLINK2_1KG_DIRECT
RS4949526	RS56335113	EAS	0.827122	PLINK2_1KG_DIRECT
RS4949526	RS2015244	EAS	0.925133	PLINK2_1KG_DIRECT
RS4949526	RS12740833	EAS	0.720594	PLINK2_1KG_DIRECT
RS4949526	RS267700	EAS	0.720594	PLINK2_1KG_DIRECT
RS4949526	RS1009080	EAS	0.94378	PLINK2_1KG_DIRECT
RS4949526	RS267698	EAS	0.67456	PLINK2_1KG_DIRECT
RS4949526	RS6679167	EAS	0.94378	PLINK2_1KG_DIRECT
RS4949526	RS1498232	EAS	0.948292	PLINK2_1KG_DIRECT
RS4949526	RS12044736	EAS	0.933729	PLINK2_1KG_DIRECT
RS4949526	RS2008141	EAS	0.726752	PLINK2_1KG_DIRECT
RS11693094	RS11693094	EUR	1	PLINK2_1KG_DIRECT
RS11693094	RS11888068	EUR	0.333886	PLINK2_1KG_DIRECT
RS11693094	RS12613195	EUR	0.408195	PLINK2_1KG_DIRECT
RS11693094	RS7557843	EUR	0.405115	PLINK2_1KG_DIRECT
RS11693094	RS62176172	EUR	0.399021	PLINK2_1KG_DIRECT
RS11693094	RS62176173	EUR	0.405115	PLINK2_1KG_DIRECT
RS11693094	RS57159364	EUR	0.402639	PLINK2_1KG_DIRECT
RS11693094	RS62176209	EUR	0.407598	PLINK2_1KG_DIRECT
RS11693094	RS7597593	EUR	0.431667	PLINK2_1KG_DIRECT
RS11693094	RS10196799	EUR	0.955677	PLINK2_1KG_DIRECT
RS11693094	RS4666990	EUR	0.943776	PLINK2_1KG_DIRECT
RS11693094	RS1344706	EUR	0.755942	PLINK2_1KG_DIRECT
RS11693094	RS11681373	EUR	0.755942	PLINK2_1KG_DIRECT
RS11693094	RS4380187	EUR	0.523028	PLINK2_1KG_DIRECT
RS11693094	RS11693094	EAS	1	PLINK2_1KG_DIRECT
RS11693094	RS11888068	EAS	0.421154	PLINK2_1KG_DIRECT
RS11693094	RS12613195	EAS	0.530708	PLINK2_1KG_DIRECT
RS11693094	RS7557843	EAS	0.547823	PLINK2_1KG_DIRECT
RS11693094	RS62176172	EAS	0.530708	PLINK2_1KG_DIRECT
RS11693094	RS62176173	EAS	0.530708	PLINK2_1KG_DIRECT
RS11693094	RS57159364	EAS	0.530708	PLINK2_1KG_DIRECT
RS11693094	RS62176209	EAS	0.521901	PLINK2_1KG_DIRECT
RS11693094	RS7597593	EAS	0.690206	PLINK2_1KG_DIRECT
RS11693094	RS10196799	EAS	0.992079	PLINK2_1KG_DIRECT
RS11693094	RS4666990	EAS	0.980261	PLINK2_1KG_DIRECT
RS11693094	RS1344706	EAS	0.652863	PLINK2_1KG_DIRECT
RS11693094	RS11681373	EAS	0.649749	PLINK2_1KG_DIRECT
RS11693094	RS4380187	EAS	0.416425	PLINK2_1KG_DIRECT
RS12883788	RS12883788	EUR	1	PLINK2_1KG_DIRECT
RS12883788	RS17522122	EUR	0.942021	PLINK2_1KG_DIRECT
RS12883788	RS12879159	EUR	0.957134	PLINK2_1KG_DIRECT
RS12883788	RS12882859	EUR	0.957134	PLINK2_1KG_DIRECT
RS12883788	RS7146265	EUR	0.957134	PLINK2_1KG_DIRECT
RS12883788	RS7145828	EUR	0.949356	PLINK2_1KG_DIRECT
RS12883788	RS12885124	EUR	0.957134	PLINK2_1KG_DIRECT
RS12883788	RS12885467	EUR	0.905294	PLINK2_1KG_DIRECT
RS12883788	RS11623122	EUR	0.953157	PLINK2_1KG_DIRECT
RS12883788	RS11623135	EUR	0.957134	PLINK2_1KG_DIRECT
RS12883788	RS11156769	EUR	0.957134	PLINK2_1KG_DIRECT
RS12883788	RS12433255	EUR	0.957134	PLINK2_1KG_DIRECT
RS12883788	RS12894779	EUR	0.953157	PLINK2_1KG_DIRECT
RS12883788	RS12894833	EUR	0.953157	PLINK2_1KG_DIRECT
RS12883788	RS12896446	EUR	0.953157	PLINK2_1KG_DIRECT
RS12883788	RS12892113	EUR	0.930347	PLINK2_1KG_DIRECT
RS12883788	RS7156389	EUR	0.930347	PLINK2_1KG_DIRECT
RS12883788	RS7140259	EUR	0.918752	PLINK2_1KG_DIRECT
RS12883788	RS7140608	EUR	0.910942	PLINK2_1KG_DIRECT
RS12883788	RS7160974	EUR	0.915045	PLINK2_1KG_DIRECT
RS12883788	RS7161424	EUR	0.911353	PLINK2_1KG_DIRECT
RS12883788	RS7161135	EUR	0.911353	PLINK2_1KG_DIRECT
RS12883788	RS7140836	EUR	0.907442	PLINK2_1KG_DIRECT
RS12883788	RS12883788	EAS	1	PLINK2_1KG_DIRECT
RS12883788	RS17522122	EAS	0.666125	PLINK2_1KG_DIRECT
RS12883788	RS12879159	EAS	0.980922	PLINK2_1KG_DIRECT
RS12883788	RS12882859	EAS	0.985666	PLINK2_1KG_DIRECT
RS12883788	RS7146265	EAS	0.980922	PLINK2_1KG_DIRECT
RS12883788	RS7145828	EAS	0.976211	PLINK2_1KG_DIRECT
RS12883788	RS12885124	EAS	0.995224	PLINK2_1KG_DIRECT
RS12883788	RS12885467	EAS	0.990438	PLINK2_1KG_DIRECT
RS12883788	RS11623122	EAS	0.995214	PLINK2_1KG_DIRECT
RS12883788	RS11623135	EAS	0.995214	PLINK2_1KG_DIRECT
RS12883788	RS11156769	EAS	0.995214	PLINK2_1KG_DIRECT
RS12883788	RS12433255	EAS	0.995214	PLINK2_1KG_DIRECT
RS12883788	RS12894779	EAS	0.985694	PLINK2_1KG_DIRECT
RS12883788	RS12894833	EAS	0.995214	PLINK2_1KG_DIRECT
RS12883788	RS12896446	EAS	0.995214	PLINK2_1KG_DIRECT
RS12883788	RS12892113	EAS	0.934374	PLINK2_1KG_DIRECT
RS12883788	RS7156389	EAS	0.934374	PLINK2_1KG_DIRECT
RS12883788	RS7140259	EAS	0.929881	PLINK2_1KG_DIRECT
RS12883788	RS7140608	EAS	0.929881	PLINK2_1KG_DIRECT
RS12883788	RS7160974	EAS	0.934608	PLINK2_1KG_DIRECT
RS12883788	RS7161424	EAS	0.930143	PLINK2_1KG_DIRECT
RS12883788	RS7161135	EAS	0.930143	PLINK2_1KG_DIRECT
RS12883788	RS7140836	EAS	0.925709	PLINK2_1KG_DIRECT
RS17488630	RS17488630	EUR	1	PLINK2_1KG_DIRECT
RS17488630	RS12188960	EUR	0.990215	PLINK2_1KG_DIRECT
RS17488630	RS12186623	EUR	0.990215	PLINK2_1KG_DIRECT
RS17488630	RS72802852	EUR	0.990215	PLINK2_1KG_DIRECT
RS17488630	RS72802853	EUR	0.985326	PLINK2_1KG_DIRECT
RS17488630	RS72802856	EUR	0.990215	PLINK2_1KG_DIRECT
RS17488630	RS4958583	EUR	0.990215	PLINK2_1KG_DIRECT
RS17488630	RS4260728	EUR	0.990215	PLINK2_1KG_DIRECT
RS17488630	RS72802861	EUR	0.995101	PLINK2_1KG_DIRECT
RS17488630	RS72802868	EUR	1	PLINK2_1KG_DIRECT
RS17488630	RS4437425	EUR	1	PLINK2_1KG_DIRECT
RS17488630	RS12654450	EUR	1	PLINK2_1KG_DIRECT
RS17488630	RS72802874	EUR	1	PLINK2_1KG_DIRECT
RS17488630	RS72802877	EUR	1	PLINK2_1KG_DIRECT
RS17488630	RS111770575	EUR	1	PLINK2_1KG_DIRECT
RS17488630	RS113635099	EUR	1	PLINK2_1KG_DIRECT
RS17488630	RS72802882	EUR	1	PLINK2_1KG_DIRECT
RS17488630	RS72802883	EUR	1	PLINK2_1KG_DIRECT
RS17488630	RS12153328	EUR	1	PLINK2_1KG_DIRECT
RS17488630	RS12153071	EUR	1	PLINK2_1KG_DIRECT
RS17488630	RS72802887	EUR	1	PLINK2_1KG_DIRECT
RS17488630	RS4958587	EUR	1	PLINK2_1KG_DIRECT
RS17488630	RS55992747	EUR	1	PLINK2_1KG_DIRECT
RS17488630	RS72802889	EUR	1	PLINK2_1KG_DIRECT
RS17488630	RS72802890	EUR	1	PLINK2_1KG_DIRECT
RS17488630	RS72802891	EUR	1	PLINK2_1KG_DIRECT
RS17488630	RS72802893	EUR	1	PLINK2_1KG_DIRECT
RS17488630	RS12657097	EUR	1	PLINK2_1KG_DIRECT
RS17488630	RS72804758	EUR	1	PLINK2_1KG_DIRECT
RS17488630	RS4394168	EUR	1	PLINK2_1KG_DIRECT
RS17488630	RS113790150	EUR	1	PLINK2_1KG_DIRECT
RS17488630	RS72804766	EUR	1	PLINK2_1KG_DIRECT
RS17488630	RS12659802	EUR	1	PLINK2_1KG_DIRECT
RS17488630	RS17113771	EUR	0.985357	PLINK2_1KG_DIRECT
RS17488630	RS7713322	EUR	0.824223	PLINK2_1KG_DIRECT
RS17488630	RS9324737	EUR	0.824223	PLINK2_1KG_DIRECT
RS17488630	RS7702551	EUR	0.824223	PLINK2_1KG_DIRECT
RS17488630	RS11167604	EUR	0.824223	PLINK2_1KG_DIRECT
RS17488630	RS4310018	EUR	0.820488	PLINK2_1KG_DIRECT
RS17488630	RS10056647	EUR	0.820488	PLINK2_1KG_DIRECT
RS17488630	RS13187261	EUR	0.820488	PLINK2_1KG_DIRECT
RS17488630	RS4958592	EUR	0.820488	PLINK2_1KG_DIRECT
RS17488630	RS4262150	EUR	0.820488	PLINK2_1KG_DIRECT
RS17488630	RS4262151	EUR	0.820488	PLINK2_1KG_DIRECT
RS17488630	RS4463219	EUR	0.820488	PLINK2_1KG_DIRECT
RS17488630	RS4285285	EUR	0.820488	PLINK2_1KG_DIRECT
RS17488630	RS55660904	EUR	0.990256	PLINK2_1KG_DIRECT
RS17488630	RS149205384	EUR	0.990256	PLINK2_1KG_DIRECT
RS17488630	RS112611903	EUR	0.816776	PLINK2_1KG_DIRECT
RS17488630	RS113568682	EUR	0.990256	PLINK2_1KG_DIRECT
RS17488630	RS72804775	EUR	0.990256	PLINK2_1KG_DIRECT
RS17488630	RS56313315	EUR	0.990256	PLINK2_1KG_DIRECT
RS17488630	RS72804778	EUR	0.990256	PLINK2_1KG_DIRECT
RS17488630	RS7736377	EUR	0.820488	PLINK2_1KG_DIRECT
RS17488630	RS12659715	EUR	0.990256	PLINK2_1KG_DIRECT
RS17488630	RS17489682	EUR	0.990256	PLINK2_1KG_DIRECT
RS17488630	RS72804781	EUR	0.985357	PLINK2_1KG_DIRECT
RS17488630	RS12652844	EUR	0.990256	PLINK2_1KG_DIRECT
RS17488630	RS113844564	EUR	0.990256	PLINK2_1KG_DIRECT
RS17488630	RS72804786	EUR	0.990256	PLINK2_1KG_DIRECT
RS17488630	RS72804789	EUR	0.985357	PLINK2_1KG_DIRECT
RS17488630	RS10515678	EUR	0.985357	PLINK2_1KG_DIRECT
RS17488630	RS72804801	EUR	0.78683	PLINK2_1KG_DIRECT
RS17488630	RS72806703	EUR	0.77769	PLINK2_1KG_DIRECT
RS17488630	RS111617189	EUR	0.77769	PLINK2_1KG_DIRECT
RS17488630	RS72806705	EUR	0.77769	PLINK2_1KG_DIRECT
RS17488630	RS6863497	EUR	0.77769	PLINK2_1KG_DIRECT
RS17488630	RS4958598	EUR	0.77769	PLINK2_1KG_DIRECT
RS17488630	RS4958599	EUR	0.768232	PLINK2_1KG_DIRECT
RS17488630	RS72806708	EUR	0.77769	PLINK2_1KG_DIRECT
RS17488630	RS72806710	EUR	0.772942	PLINK2_1KG_DIRECT
RS17488630	RS17488630	EAS	1	PLINK2_1KG_DIRECT
RS17488630	RS12188960	EAS	1	PLINK2_1KG_DIRECT
RS17488630	RS72802868	EAS	1	PLINK2_1KG_DIRECT
RS17488630	RS111770575	EAS	1	PLINK2_1KG_DIRECT
RS17488630	RS12153328	EAS	1	PLINK2_1KG_DIRECT
RS17488630	RS72802887	EAS	1	PLINK2_1KG_DIRECT
RS17488630	RS55992747	EAS	1	PLINK2_1KG_DIRECT
RS17488630	RS72804766	EAS	1	PLINK2_1KG_DIRECT
RS17488630	RS72804775	EAS	1	PLINK2_1KG_DIRECT
RS17488630	RS56313315	EAS	1	PLINK2_1KG_DIRECT
RS17488630	RS113844564	EAS	1	PLINK2_1KG_DIRECT
RS17488630	RS10515678	EAS	1	PLINK2_1KG_DIRECT
RS17488630	RS72804801	EAS	0.332671	PLINK2_1KG_DIRECT
RS17488630	RS72806708	EAS	0.165508	PLINK2_1KG_DIRECT
RS2904684	RS2904684	EUR	1	PLINK2_1KG_DIRECT
RS2904684	RS4921741	EUR	0.943171	PLINK2_1KG_DIRECT
RS2904684	RS2904684	EAS	1	PLINK2_1KG_DIRECT
RS2904684	RS4921741	EAS	0.951081	PLINK2_1KG_DIRECT
RS10137909	RS10137909	EUR	1	PLINK2_1KG_DIRECT
RS10137909	RS36341	EUR	0.747121	PLINK2_1KG_DIRECT
RS10137909	RS36332	EUR	0.764231	PLINK2_1KG_DIRECT
RS10137909	RS71427137	EUR	0.163752	PLINK2_1KG_DIRECT
RS10137909	RS12434220	EUR	0.435251	PLINK2_1KG_DIRECT
RS10137909	RS35077074	EUR	0.175822	PLINK2_1KG_DIRECT
RS10137909	RS35607894	EUR	0.163752	PLINK2_1KG_DIRECT
RS10137909	RS35479711	EUR	0.166638	PLINK2_1KG_DIRECT
RS10137909	RS12897929	EUR	0.433248	PLINK2_1KG_DIRECT
RS10137909	RS34729701	EUR	0.435251	PLINK2_1KG_DIRECT
RS10137909	RS35051666	EUR	0.435251	PLINK2_1KG_DIRECT
RS10137909	RS35858041	EUR	0.435251	PLINK2_1KG_DIRECT
RS10137909	RS2190864	EUR	0.662308	PLINK2_1KG_DIRECT
RS10137909	RS34836887	EUR	0.162477	PLINK2_1KG_DIRECT
RS10137909	RS714975	EUR	0.163752	PLINK2_1KG_DIRECT
RS10137909	RS714974	EUR	0.163752	PLINK2_1KG_DIRECT
RS10137909	RS112893155	EUR	0.433248	PLINK2_1KG_DIRECT
RS10137909	RS12891745	EUR	0.162477	PLINK2_1KG_DIRECT
RS10137909	RS79235996	EUR	0.171462	PLINK2_1KG_DIRECT
RS10137909	RS17768243	EUR	0.171462	PLINK2_1KG_DIRECT
RS10137909	RS17093752	EUR	0.804479	PLINK2_1KG_DIRECT
RS10137909	RS2238284	EUR	0.804479	PLINK2_1KG_DIRECT
RS10137909	RS34836658	EUR	0.163752	PLINK2_1KG_DIRECT
RS10137909	RS56067914	EUR	0.433672	PLINK2_1KG_DIRECT
RS10137909	RS2190873	EUR	0.819317	PLINK2_1KG_DIRECT
RS10137909	RS2238281	EUR	0.172757	PLINK2_1KG_DIRECT
RS10137909	RS2067854	EUR	0.215893	PLINK2_1KG_DIRECT
RS10137909	RS17104975	EUR	0.288166	PLINK2_1KG_DIRECT
RS10137909	RS12888760	EUR	0.208931	PLINK2_1KG_DIRECT
RS10137909	RS12888615	EUR	0.208931	PLINK2_1KG_DIRECT
RS10137909	RS34328930	EUR	0.208931	PLINK2_1KG_DIRECT
RS10137909	RS2877774	EUR	0.217295	PLINK2_1KG_DIRECT
RS10137909	RS929444	EUR	0.217295	PLINK2_1KG_DIRECT
RS10137909	RS7161596	EUR	0.968451	PLINK2_1KG_DIRECT
RS10137909	RS12896825	EUR	0.210317	PLINK2_1KG_DIRECT
RS10137909	RS10483837	EUR	0.210317	PLINK2_1KG_DIRECT
RS10137909	RS12897542	EUR	0.210317	PLINK2_1KG_DIRECT
RS10137909	RS3825716	EUR	0.976307	PLINK2_1KG_DIRECT
RS10137909	RS7155855	EUR	0.976307	PLINK2_1KG_DIRECT
RS10137909	RS12893646	EUR	0.211706	PLINK2_1KG_DIRECT
RS10137909	RS10138176	EUR	0.996026	PLINK2_1KG_DIRECT
RS10137909	RS71427144	EUR	0.210317	PLINK2_1KG_DIRECT
RS10137909	RS4569194	EUR	0.980192	PLINK2_1KG_DIRECT
RS10137909	RS10136808	EUR	0.980192	PLINK2_1KG_DIRECT
RS10137909	RS12590831	EUR	0.980192	PLINK2_1KG_DIRECT
RS10137909	RS2283426	EUR	0.980192	PLINK2_1KG_DIRECT
RS10137909	RS1860104	EUR	0.647649	PLINK2_1KG_DIRECT
RS10137909	RS4902964	EUR	0.976264	PLINK2_1KG_DIRECT
RS10137909	RS1978227	EUR	0.97235	PLINK2_1KG_DIRECT
RS10137909	RS2283424	EUR	0.97235	PLINK2_1KG_DIRECT
RS10137909	RS1978225	EUR	0.97235	PLINK2_1KG_DIRECT
RS10137909	RS11623548	EUR	0.96841	PLINK2_1KG_DIRECT
RS10137909	RS11623588	EUR	0.96841	PLINK2_1KG_DIRECT
RS10137909	RS2010848	EUR	0.95668	PLINK2_1KG_DIRECT
RS10137909	RS2238272	EUR	0.860132	PLINK2_1KG_DIRECT
RS10137909	RS10137909	EAS	1	PLINK2_1KG_DIRECT
RS10137909	RS36341	EAS	0.788605	PLINK2_1KG_DIRECT
RS10137909	RS36332	EAS	0.824664	PLINK2_1KG_DIRECT
RS10137909	RS12434220	EAS	0.329641	PLINK2_1KG_DIRECT
RS10137909	RS35077074	EAS	0.30953	PLINK2_1KG_DIRECT
RS10137909	RS35479711	EAS	0.30953	PLINK2_1KG_DIRECT
RS10137909	RS12897929	EAS	0.327235	PLINK2_1KG_DIRECT
RS10137909	RS34729701	EAS	0.336719	PLINK2_1KG_DIRECT
RS10137909	RS35051666	EAS	0.336719	PLINK2_1KG_DIRECT
RS10137909	RS35858041	EAS	0.336719	PLINK2_1KG_DIRECT
RS10137909	RS2190864	EAS	0.342468	PLINK2_1KG_DIRECT
RS10137909	RS112893155	EAS	0.336719	PLINK2_1KG_DIRECT
RS10137909	RS17093752	EAS	0.842373	PLINK2_1KG_DIRECT
RS10137909	RS2238284	EAS	0.838894	PLINK2_1KG_DIRECT
RS10137909	RS56067914	EAS	0.327235	PLINK2_1KG_DIRECT
RS10137909	RS2190873	EAS	0.907345	PLINK2_1KG_DIRECT
RS10137909	RS17104975	EAS	0.371532	PLINK2_1KG_DIRECT
RS10137909	RS7161596	EAS	0.949231	PLINK2_1KG_DIRECT
RS10137909	RS3825716	EAS	0.972454	PLINK2_1KG_DIRECT
RS10137909	RS7155855	EAS	0.972454	PLINK2_1KG_DIRECT
RS10137909	RS10138176	EAS	1	PLINK2_1KG_DIRECT
RS10137909	RS4569194	EAS	0.944969	PLINK2_1KG_DIRECT
RS10137909	RS10136808	EAS	0.944969	PLINK2_1KG_DIRECT
RS10137909	RS12590831	EAS	0.944969	PLINK2_1KG_DIRECT
RS10137909	RS2283426	EAS	0.944969	PLINK2_1KG_DIRECT
RS10137909	RS1860104	EAS	0.933386	PLINK2_1KG_DIRECT
RS10137909	RS4902964	EAS	0.944969	PLINK2_1KG_DIRECT
RS10137909	RS1978227	EAS	0.944969	PLINK2_1KG_DIRECT
RS10137909	RS2283424	EAS	0.944969	PLINK2_1KG_DIRECT
RS10137909	RS1978225	EAS	0.944969	PLINK2_1KG_DIRECT
RS10137909	RS11623548	EAS	0.941094	PLINK2_1KG_DIRECT
RS10137909	RS11623588	EAS	0.941094	PLINK2_1KG_DIRECT
RS10137909	RS2010848	EAS	0.933374	PLINK2_1KG_DIRECT
RS10137909	RS2238272	EAS	0.65675	PLINK2_1KG_DIRECT
RS1541472	RS1541472	EUR	1	PLINK2_1KG_DIRECT
RS1541472	RS214460	EUR	0.887976	PLINK2_1KG_DIRECT
RS1541472	RS214463	EUR	0.891358	PLINK2_1KG_DIRECT
RS1541472	RS214467	EUR	0.916982	PLINK2_1KG_DIRECT
RS1541472	RS214469	EUR	0.899505	PLINK2_1KG_DIRECT
RS1541472	RS214475	EUR	0.924899	PLINK2_1KG_DIRECT
RS1541472	RS1978247	EUR	0.920139	PLINK2_1KG_DIRECT
RS1541472	RS7810543	EUR	0.901398	PLINK2_1KG_DIRECT
RS1541472	RS7804021	EUR	0.908176	PLINK2_1KG_DIRECT
RS1541472	RS13240464	EUR	0.933806	PLINK2_1KG_DIRECT
RS1541472	RS2109299	EUR	0.92037	PLINK2_1KG_DIRECT
RS1541472	RS982256	EUR	0.929855	PLINK2_1KG_DIRECT
RS1541472	RS6959670	EUR	0.969972	PLINK2_1KG_DIRECT
RS1541472	RS7802797	EUR	0.969972	PLINK2_1KG_DIRECT
RS1541472	RS7811867	EUR	0.974256	PLINK2_1KG_DIRECT
RS1541472	RS13239254	EUR	0.92438	PLINK2_1KG_DIRECT
RS1541472	RS12705760	EUR	0.922016	PLINK2_1KG_DIRECT
RS1541472	RS12668070	EUR	0.922016	PLINK2_1KG_DIRECT
RS1541472	RS10242018	EUR	0.937778	PLINK2_1KG_DIRECT
RS1541472	RS11534045	EUR	0.969972	PLINK2_1KG_DIRECT
RS1541472	RS1541473	EUR	0.978693	PLINK2_1KG_DIRECT
RS1541472	RS6962665	EUR	0.932546	PLINK2_1KG_DIRECT
RS1541472	RS12670206	EUR	0.974256	PLINK2_1KG_DIRECT
RS1541472	RS2110309	EUR	0.900639	PLINK2_1KG_DIRECT
RS1541472	RS12536395	EUR	0.957331	PLINK2_1KG_DIRECT
RS1541472	RS12539177	EUR	0.706451	PLINK2_1KG_DIRECT
RS1541472	RS35426637	EUR	0.936255	PLINK2_1KG_DIRECT
RS1541472	RS7803571	EUR	0.715487	PLINK2_1KG_DIRECT
RS1541472	RS37658	EUR	0.495318	PLINK2_1KG_DIRECT
RS1541472	RS37667	EUR	0.486923	PLINK2_1KG_DIRECT
RS1541472	RS12532143	EUR	0.893295	PLINK2_1KG_DIRECT
RS1541472	RS12705762	EUR	0.887681	PLINK2_1KG_DIRECT
RS1541472	RS38748	EUR	0.485049	PLINK2_1KG_DIRECT
RS1541472	RS38751	EUR	0.49151	PLINK2_1KG_DIRECT
RS1541472	RS38752	EUR	0.889051	PLINK2_1KG_DIRECT
RS1541472	RS1541472	EAS	1	PLINK2_1KG_DIRECT
RS1541472	RS214460	EAS	0.809171	PLINK2_1KG_DIRECT
RS1541472	RS214463	EAS	0.801981	PLINK2_1KG_DIRECT
RS1541472	RS214467	EAS	0.948662	PLINK2_1KG_DIRECT
RS1541472	RS214469	EAS	0.813502	PLINK2_1KG_DIRECT
RS1541472	RS214475	EAS	0.830935	PLINK2_1KG_DIRECT
RS1541472	RS1978247	EAS	0.768555	PLINK2_1KG_DIRECT
RS1541472	RS7810543	EAS	0.811018	PLINK2_1KG_DIRECT
RS1541472	RS7804021	EAS	0.768555	PLINK2_1KG_DIRECT
RS1541472	RS13240464	EAS	0.824125	PLINK2_1KG_DIRECT
RS1541472	RS2109299	EAS	0.940591	PLINK2_1KG_DIRECT
RS1541472	RS982256	EAS	0.76776	PLINK2_1KG_DIRECT
RS1541472	RS6959670	EAS	0.809647	PLINK2_1KG_DIRECT
RS1541472	RS7802797	EAS	0.821256	PLINK2_1KG_DIRECT
RS1541472	RS7811867	EAS	0.821256	PLINK2_1KG_DIRECT
RS1541472	RS13239254	EAS	0.821256	PLINK2_1KG_DIRECT
RS1541472	RS12705760	EAS	0.952678	PLINK2_1KG_DIRECT
RS1541472	RS12668070	EAS	0.972154	PLINK2_1KG_DIRECT
RS1541472	RS10242018	EAS	0.984004	PLINK2_1KG_DIRECT
RS1541472	RS11534045	EAS	0.833	PLINK2_1KG_DIRECT
RS1541472	RS1541473	EAS	0.720603	PLINK2_1KG_DIRECT
RS1541472	RS6962665	EAS	0.795297	PLINK2_1KG_DIRECT
RS1541472	RS12670206	EAS	0.838162	PLINK2_1KG_DIRECT
RS1541472	RS2110309	EAS	0.960168	PLINK2_1KG_DIRECT
RS1541472	RS12536395	EAS	0.634012	PLINK2_1KG_DIRECT
RS1541472	RS12539177	EAS	0.843884	PLINK2_1KG_DIRECT
RS1541472	RS35426637	EAS	0.821256	PLINK2_1KG_DIRECT
RS1541472	RS7803571	EAS	0.813502	PLINK2_1KG_DIRECT
RS1541472	RS37658	EAS	0.655836	PLINK2_1KG_DIRECT
RS1541472	RS37667	EAS	0.653911	PLINK2_1KG_DIRECT
RS1541472	RS12532143	EAS	0.775229	PLINK2_1KG_DIRECT
RS1541472	RS12705762	EAS	0.746583	PLINK2_1KG_DIRECT
RS1541472	RS38748	EAS	0.626377	PLINK2_1KG_DIRECT
RS1541472	RS38751	EAS	0.485355	PLINK2_1KG_DIRECT
RS1541472	RS38752	EAS	0.720023	PLINK2_1KG_DIRECT
RS9597388	RS9597388	EUR	1	PLINK2_1KG_DIRECT
RS9597388	RS1335882	EUR	0.334406	PLINK2_1KG_DIRECT
RS9597388	RS71428216	EUR	0.904627	PLINK2_1KG_DIRECT
RS9597388	RS9591751	EUR	0.904627	PLINK2_1KG_DIRECT
RS9597388	RS2314785	EUR	0.898389	PLINK2_1KG_DIRECT
RS9597388	RS9597389	EUR	1	PLINK2_1KG_DIRECT
RS9597388	RS9597391	EUR	0.993545	PLINK2_1KG_DIRECT
RS9597388	RS9597392	EUR	0.993545	PLINK2_1KG_DIRECT
RS9597388	RS2784002	EUR	0.980755	PLINK2_1KG_DIRECT
RS9597388	RS9591754	EUR	0.980678	PLINK2_1KG_DIRECT
RS9597388	RS9591755	EUR	0.980678	PLINK2_1KG_DIRECT
RS9597388	RS71428218	EUR	0.987106	PLINK2_1KG_DIRECT
RS9597388	RS2784012	EUR	0.943108	PLINK2_1KG_DIRECT
RS9597388	RS9597394	EUR	0.936206	PLINK2_1KG_DIRECT
RS9597388	RS9597395	EUR	0.936206	PLINK2_1KG_DIRECT
RS9597388	RS9597396	EUR	0.936206	PLINK2_1KG_DIRECT
RS9597388	RS9597397	EUR	0.936206	PLINK2_1KG_DIRECT
RS9597388	RS9591757	EUR	0.88578	PLINK2_1KG_DIRECT
RS9597388	RS9591758	EUR	0.854759	PLINK2_1KG_DIRECT
RS9597388	RS9316851	EUR	0.936206	PLINK2_1KG_DIRECT
RS9597388	RS9316852	EUR	0.936206	PLINK2_1KG_DIRECT
RS9597388	RS9597399	EUR	0.936206	PLINK2_1KG_DIRECT
RS9597388	RS9597400	EUR	0.936206	PLINK2_1KG_DIRECT
RS9597388	RS2803484	EUR	0.900199	PLINK2_1KG_DIRECT
RS9597388	RS2784017	EUR	0.911953	PLINK2_1KG_DIRECT
RS9597388	RS2803485	EUR	0.900199	PLINK2_1KG_DIRECT
RS9597388	RS13379028	EUR	0.936206	PLINK2_1KG_DIRECT
RS9597388	RS4448813	EUR	0.929849	PLINK2_1KG_DIRECT
RS9597388	RS9597402	EUR	0.936206	PLINK2_1KG_DIRECT
RS9597388	RS9591760	EUR	0.936206	PLINK2_1KG_DIRECT
RS9597388	RS9597403	EUR	0.936206	PLINK2_1KG_DIRECT
RS9597388	RS59918226	EUR	0.936206	PLINK2_1KG_DIRECT
RS9597388	RS9972002	EUR	0.88578	PLINK2_1KG_DIRECT
RS9597388	RS2803489	EUR	0.900199	PLINK2_1KG_DIRECT
RS9597388	RS12584191	EUR	0.936206	PLINK2_1KG_DIRECT
RS9597388	RS9591761	EUR	0.88578	PLINK2_1KG_DIRECT
RS9597388	RS9316853	EUR	0.88578	PLINK2_1KG_DIRECT
RS9597388	RS806471	EUR	0.877402	PLINK2_1KG_DIRECT
RS9597388	RS12872193	EUR	0.88578	PLINK2_1KG_DIRECT
RS9597388	RS791158	EUR	0.900199	PLINK2_1KG_DIRECT
RS9597388	RS791160	EUR	0.900199	PLINK2_1KG_DIRECT
RS9597388	RS9597405	EUR	0.936206	PLINK2_1KG_DIRECT
RS9597388	RS9597406	EUR	0.936206	PLINK2_1KG_DIRECT
RS9597388	RS9597407	EUR	0.936206	PLINK2_1KG_DIRECT
RS9597388	RS9597408	EUR	0.936206	PLINK2_1KG_DIRECT
RS9597388	RS791163	EUR	0.900199	PLINK2_1KG_DIRECT
RS9597388	RS791165	EUR	0.900199	PLINK2_1KG_DIRECT
RS9597388	RS4885970	EUR	0.936206	PLINK2_1KG_DIRECT
RS9597388	RS9597409	EUR	0.936206	PLINK2_1KG_DIRECT
RS9597388	RS9591762	EUR	0.936206	PLINK2_1KG_DIRECT
RS9597388	RS9597410	EUR	0.936206	PLINK2_1KG_DIRECT
RS9597388	RS9597411	EUR	0.936206	PLINK2_1KG_DIRECT
RS9597388	RS71428219	EUR	0.936206	PLINK2_1KG_DIRECT
RS9597388	RS9597412	EUR	0.936206	PLINK2_1KG_DIRECT
RS9597388	RS1547800	EUR	0.936206	PLINK2_1KG_DIRECT
RS9597388	RS12859440	EUR	0.936206	PLINK2_1KG_DIRECT
RS9597388	RS9597416	EUR	0.936206	PLINK2_1KG_DIRECT
RS9597388	RS9591763	EUR	0.936206	PLINK2_1KG_DIRECT
RS9597388	RS12853934	EUR	0.936206	PLINK2_1KG_DIRECT
RS9597388	RS34510180	EUR	0.936206	PLINK2_1KG_DIRECT
RS9597388	RS9597419	EUR	0.936206	PLINK2_1KG_DIRECT
RS9597388	RS9597420	EUR	0.88578	PLINK2_1KG_DIRECT
RS9597388	RS9569474	EUR	0.370061	PLINK2_1KG_DIRECT
RS9597388	RS9569475	EUR	0.370061	PLINK2_1KG_DIRECT
RS9597388	RS8002050	EUR	0.370061	PLINK2_1KG_DIRECT
RS9597388	RS9537405	EUR	0.370061	PLINK2_1KG_DIRECT
RS9597388	RS9597421	EUR	0.936206	PLINK2_1KG_DIRECT
RS9597388	RS7994712	EUR	0.370061	PLINK2_1KG_DIRECT
RS9597388	RS12430588	EUR	0.370061	PLINK2_1KG_DIRECT
RS9597388	RS12428561	EUR	0.370061	PLINK2_1KG_DIRECT
RS9597388	RS4509903	EUR	0.370061	PLINK2_1KG_DIRECT
RS9597388	RS2314790	EUR	0.370061	PLINK2_1KG_DIRECT
RS9597388	RS1578505	EUR	0.370061	PLINK2_1KG_DIRECT
RS9597388	RS1578506	EUR	0.370061	PLINK2_1KG_DIRECT
RS9597388	RS1578507	EUR	0.37168	PLINK2_1KG_DIRECT
RS9597388	RS9527520	EUR	0.370061	PLINK2_1KG_DIRECT
RS9597388	RS7331618	EUR	0.370061	PLINK2_1KG_DIRECT
RS9597388	RS4885974	EUR	0.936206	PLINK2_1KG_DIRECT
RS9597388	RS6561890	EUR	0.370061	PLINK2_1KG_DIRECT
RS9597388	RS7321643	EUR	0.370061	PLINK2_1KG_DIRECT
RS9597388	RS7990900	EUR	0.370061	PLINK2_1KG_DIRECT
RS9597388	RS9537408	EUR	0.370061	PLINK2_1KG_DIRECT
RS9597388	RS9316860	EUR	0.936206	PLINK2_1KG_DIRECT
RS9597388	RS9569476	EUR	0.355894	PLINK2_1KG_DIRECT
RS9597388	RS8001834	EUR	0.355894	PLINK2_1KG_DIRECT
RS9597388	RS9527523	EUR	0.355894	PLINK2_1KG_DIRECT
RS9597388	RS9591765	EUR	0.917181	PLINK2_1KG_DIRECT
RS9597388	RS1361586	EUR	0.917181	PLINK2_1KG_DIRECT
RS9597388	RS2211511	EUR	0.355894	PLINK2_1KG_DIRECT
RS9597388	RS1936324	EUR	0.355894	PLINK2_1KG_DIRECT
RS9597388	RS9597422	EUR	0.917181	PLINK2_1KG_DIRECT
RS9597388	RS7988101	EUR	0.355894	PLINK2_1KG_DIRECT
RS9597388	RS7988125	EUR	0.355894	PLINK2_1KG_DIRECT
RS9597388	RS7990289	EUR	0.355894	PLINK2_1KG_DIRECT
RS9597388	RS2315033	EUR	0.355894	PLINK2_1KG_DIRECT
RS9597388	RS13378557	EUR	0.917181	PLINK2_1KG_DIRECT
RS9597388	RS1857000	EUR	0.357487	PLINK2_1KG_DIRECT
RS9597388	RS2000158	EUR	0.355894	PLINK2_1KG_DIRECT
RS9597388	RS2211512	EUR	0.355894	PLINK2_1KG_DIRECT
RS9597388	RS28628722	EUR	0.355894	PLINK2_1KG_DIRECT
RS9597388	RS12874445	EUR	0.917181	PLINK2_1KG_DIRECT
RS9597388	RS9563408	EUR	0.355894	PLINK2_1KG_DIRECT
RS9597388	RS9569478	EUR	0.355894	PLINK2_1KG_DIRECT
RS9597388	RS9563409	EUR	0.355894	PLINK2_1KG_DIRECT
RS9597388	RS2000157	EUR	0.355894	PLINK2_1KG_DIRECT
RS9597388	RS1341545	EUR	0.355894	PLINK2_1KG_DIRECT
RS9597388	RS10507610	EUR	0.917181	PLINK2_1KG_DIRECT
RS9597388	RS9537412	EUR	0.355894	PLINK2_1KG_DIRECT
RS9597388	RS9537413	EUR	0.351229	PLINK2_1KG_DIRECT
RS9597388	RS9537414	EUR	0.355894	PLINK2_1KG_DIRECT
RS9597388	RS7332712	EUR	0.355894	PLINK2_1KG_DIRECT
RS9597388	RS7333297	EUR	0.355894	PLINK2_1KG_DIRECT
RS9597388	RS7334724	EUR	0.355894	PLINK2_1KG_DIRECT
RS9597388	RS7985742	EUR	0.355894	PLINK2_1KG_DIRECT
RS9597388	RS7986793	EUR	0.355894	PLINK2_1KG_DIRECT
RS9597388	RS1417855	EUR	0.355894	PLINK2_1KG_DIRECT
RS9597388	RS1417856	EUR	0.355894	PLINK2_1KG_DIRECT
RS9597388	RS2000155	EUR	0.355894	PLINK2_1KG_DIRECT
RS9597388	RS2000156	EUR	0.355894	PLINK2_1KG_DIRECT
RS9597388	RS1954432	EUR	0.355894	PLINK2_1KG_DIRECT
RS9597388	RS8001565	EUR	0.355894	PLINK2_1KG_DIRECT
RS9597388	RS58328352	EUR	0.892954	PLINK2_1KG_DIRECT
RS9597388	RS1341547	EUR	0.355894	PLINK2_1KG_DIRECT
RS9597388	RS1341548	EUR	0.355894	PLINK2_1KG_DIRECT
RS9597388	RS1341549	EUR	0.355894	PLINK2_1KG_DIRECT
RS9597388	RS9537418	EUR	0.355894	PLINK2_1KG_DIRECT
RS9597388	RS1341550	EUR	0.359089	PLINK2_1KG_DIRECT
RS9597388	RS10162048	EUR	0.917181	PLINK2_1KG_DIRECT
RS9597388	RS1858623	EUR	0.357487	PLINK2_1KG_DIRECT
RS9597388	RS9527527	EUR	0.357487	PLINK2_1KG_DIRECT
RS9597388	RS9527528	EUR	0.357487	PLINK2_1KG_DIRECT
RS9597388	RS1341541	EUR	0.357487	PLINK2_1KG_DIRECT
RS9597388	RS9569481	EUR	0.357487	PLINK2_1KG_DIRECT
RS9597388	RS9591766	EUR	0.917181	PLINK2_1KG_DIRECT
RS9597388	RS9569482	EUR	0.357487	PLINK2_1KG_DIRECT
RS9597388	RS9527531	EUR	0.357487	PLINK2_1KG_DIRECT
RS9597388	RS9537420	EUR	0.357487	PLINK2_1KG_DIRECT
RS9597388	RS9527532	EUR	0.357487	PLINK2_1KG_DIRECT
RS9597388	RS3905099	EUR	0.357487	PLINK2_1KG_DIRECT
RS9597388	RS4533154	EUR	0.357487	PLINK2_1KG_DIRECT
RS9597388	RS1936322	EUR	0.357487	PLINK2_1KG_DIRECT
RS9597388	RS12184698	EUR	0.917181	PLINK2_1KG_DIRECT
RS9597388	RS35761216	EUR	0.359089	PLINK2_1KG_DIRECT
RS9597388	RS10454570	EUR	0.917181	PLINK2_1KG_DIRECT
RS9597388	RS1341538	EUR	0.357487	PLINK2_1KG_DIRECT
RS9597388	RS9537423	EUR	0.357487	PLINK2_1KG_DIRECT
RS9597388	RS1341537	EUR	0.357487	PLINK2_1KG_DIRECT
RS9597388	RS1341536	EUR	0.357487	PLINK2_1KG_DIRECT
RS9597388	RS1341535	EUR	0.357487	PLINK2_1KG_DIRECT
RS9597388	RS7139663	EUR	0.357487	PLINK2_1KG_DIRECT
RS9597388	RS9537424	EUR	0.357487	PLINK2_1KG_DIRECT
RS9597388	RS9537425	EUR	0.360699	PLINK2_1KG_DIRECT
RS9597388	RS9527533	EUR	0.357487	PLINK2_1KG_DIRECT
RS9597388	RS9537426	EUR	0.357487	PLINK2_1KG_DIRECT
RS9597388	RS9527534	EUR	0.360699	PLINK2_1KG_DIRECT
RS9597388	RS9537427	EUR	0.362319	PLINK2_1KG_DIRECT
RS9597388	RS9537429	EUR	0.357487	PLINK2_1KG_DIRECT
RS9597388	RS9591767	EUR	0.917181	PLINK2_1KG_DIRECT
RS9597388	RS9569483	EUR	0.357487	PLINK2_1KG_DIRECT
RS9597388	RS9563410	EUR	0.357487	PLINK2_1KG_DIRECT
RS9597388	RS12585303	EUR	0.355894	PLINK2_1KG_DIRECT
RS9597388	RS4491395	EUR	0.357487	PLINK2_1KG_DIRECT
RS9597388	RS4885978	EUR	0.357487	PLINK2_1KG_DIRECT
RS9597388	RS9537431	EUR	0.357487	PLINK2_1KG_DIRECT
RS9597388	RS7996819	EUR	0.357487	PLINK2_1KG_DIRECT
RS9597388	RS9537433	EUR	0.352813	PLINK2_1KG_DIRECT
RS9597388	RS953618	EUR	0.295146	PLINK2_1KG_DIRECT
RS9597388	RS9597388	EAS	1	PLINK2_1KG_DIRECT
RS9597388	RS1335882	EAS	0.194332	PLINK2_1KG_DIRECT
RS9597388	RS71428216	EAS	0.366209	PLINK2_1KG_DIRECT
RS9597388	RS9591751	EAS	0.251248	PLINK2_1KG_DIRECT
RS9597388	RS2314785	EAS	0.418324	PLINK2_1KG_DIRECT
RS9597388	RS9597389	EAS	1	PLINK2_1KG_DIRECT
RS9597388	RS9597391	EAS	1	PLINK2_1KG_DIRECT
RS9597388	RS9597392	EAS	1	PLINK2_1KG_DIRECT
RS9597388	RS2784002	EAS	1	PLINK2_1KG_DIRECT
RS9597388	RS9591754	EAS	0.978849	PLINK2_1KG_DIRECT
RS9597388	RS9591755	EAS	0.978849	PLINK2_1KG_DIRECT
RS9597388	RS71428218	EAS	1	PLINK2_1KG_DIRECT
RS9597388	RS2784012	EAS	0.992831	PLINK2_1KG_DIRECT
RS9597388	RS9597394	EAS	0.951271	PLINK2_1KG_DIRECT
RS9597388	RS9597395	EAS	0.951271	PLINK2_1KG_DIRECT
RS9597388	RS9597396	EAS	0.951271	PLINK2_1KG_DIRECT
RS9597388	RS9597397	EAS	0.951271	PLINK2_1KG_DIRECT
RS9597388	RS9591757	EAS	0.445946	PLINK2_1KG_DIRECT
RS9597388	RS9591758	EAS	0.445946	PLINK2_1KG_DIRECT
RS9597388	RS9316851	EAS	0.951271	PLINK2_1KG_DIRECT
RS9597388	RS9316852	EAS	0.951271	PLINK2_1KG_DIRECT
RS9597388	RS9597399	EAS	0.882155	PLINK2_1KG_DIRECT
RS9597388	RS9597400	EAS	0.944129	PLINK2_1KG_DIRECT
RS9597388	RS2803484	EAS	0.951271	PLINK2_1KG_DIRECT
RS9597388	RS2784017	EAS	0.951271	PLINK2_1KG_DIRECT
RS9597388	RS2803485	EAS	0.951271	PLINK2_1KG_DIRECT
RS9597388	RS13379028	EAS	0.951271	PLINK2_1KG_DIRECT
RS9597388	RS4448813	EAS	0.951271	PLINK2_1KG_DIRECT
RS9597388	RS9597402	EAS	0.951271	PLINK2_1KG_DIRECT
RS9597388	RS9591760	EAS	0.951271	PLINK2_1KG_DIRECT
RS9597388	RS9597403	EAS	0.951271	PLINK2_1KG_DIRECT
RS9597388	RS59918226	EAS	0.951271	PLINK2_1KG_DIRECT
RS9597388	RS9972002	EAS	0.445946	PLINK2_1KG_DIRECT
RS9597388	RS2803489	EAS	0.901632	PLINK2_1KG_DIRECT
RS9597388	RS12584191	EAS	0.901632	PLINK2_1KG_DIRECT
RS9597388	RS9591761	EAS	0.445946	PLINK2_1KG_DIRECT
RS9597388	RS9316853	EAS	0.445946	PLINK2_1KG_DIRECT
RS9597388	RS806471	EAS	0.811616	PLINK2_1KG_DIRECT
RS9597388	RS12872193	EAS	0.445946	PLINK2_1KG_DIRECT
RS9597388	RS791158	EAS	0.901632	PLINK2_1KG_DIRECT
RS9597388	RS791160	EAS	0.901632	PLINK2_1KG_DIRECT
RS9597388	RS9597405	EAS	0.901632	PLINK2_1KG_DIRECT
RS9597388	RS9597406	EAS	0.894608	PLINK2_1KG_DIRECT
RS9597388	RS9597407	EAS	0.901632	PLINK2_1KG_DIRECT
RS9597388	RS9597408	EAS	0.901632	PLINK2_1KG_DIRECT
RS9597388	RS791163	EAS	0.901632	PLINK2_1KG_DIRECT
RS9597388	RS791165	EAS	0.901632	PLINK2_1KG_DIRECT
RS9597388	RS4885970	EAS	0.901632	PLINK2_1KG_DIRECT
RS9597388	RS9597409	EAS	0.894608	PLINK2_1KG_DIRECT
RS9597388	RS9591762	EAS	0.901632	PLINK2_1KG_DIRECT
RS9597388	RS9597410	EAS	0.901632	PLINK2_1KG_DIRECT
RS9597388	RS9597411	EAS	0.901632	PLINK2_1KG_DIRECT
RS9597388	RS71428219	EAS	0.901632	PLINK2_1KG_DIRECT
RS9597388	RS9597412	EAS	0.901632	PLINK2_1KG_DIRECT
RS9597388	RS1547800	EAS	0.901632	PLINK2_1KG_DIRECT
RS9597388	RS12859440	EAS	0.894608	PLINK2_1KG_DIRECT
RS9597388	RS9597416	EAS	0.894608	PLINK2_1KG_DIRECT
RS9597388	RS9591763	EAS	0.894608	PLINK2_1KG_DIRECT
RS9597388	RS12853934	EAS	0.894608	PLINK2_1KG_DIRECT
RS9597388	RS34510180	EAS	0.894608	PLINK2_1KG_DIRECT
RS9597388	RS9597419	EAS	0.887988	PLINK2_1KG_DIRECT
RS9597388	RS9597420	EAS	0.438916	PLINK2_1KG_DIRECT
RS9597388	RS9569474	EAS	0.623815	PLINK2_1KG_DIRECT
RS9597388	RS9569475	EAS	0.623815	PLINK2_1KG_DIRECT
RS9597388	RS8002050	EAS	0.617355	PLINK2_1KG_DIRECT
RS9597388	RS9537405	EAS	0.62522	PLINK2_1KG_DIRECT
RS9597388	RS9597421	EAS	0.866681	PLINK2_1KG_DIRECT
RS9597388	RS7994712	EAS	0.62522	PLINK2_1KG_DIRECT
RS9597388	RS12430588	EAS	0.62522	PLINK2_1KG_DIRECT
RS9597388	RS12428561	EAS	0.62522	PLINK2_1KG_DIRECT
RS9597388	RS4509903	EAS	0.62522	PLINK2_1KG_DIRECT
RS9597388	RS2314790	EAS	0.62522	PLINK2_1KG_DIRECT
RS9597388	RS1578505	EAS	0.62522	PLINK2_1KG_DIRECT
RS9597388	RS1578506	EAS	0.62921	PLINK2_1KG_DIRECT
RS9597388	RS1578507	EAS	0.633239	PLINK2_1KG_DIRECT
RS9597388	RS9527520	EAS	0.622732	PLINK2_1KG_DIRECT
RS9597388	RS7331618	EAS	0.62522	PLINK2_1KG_DIRECT
RS9597388	RS4885974	EAS	0.866681	PLINK2_1KG_DIRECT
RS9597388	RS6561890	EAS	0.62522	PLINK2_1KG_DIRECT
RS9597388	RS7321643	EAS	0.62522	PLINK2_1KG_DIRECT
RS9597388	RS7990900	EAS	0.618756	PLINK2_1KG_DIRECT
RS9597388	RS9537408	EAS	0.618756	PLINK2_1KG_DIRECT
RS9597388	RS9316860	EAS	0.866681	PLINK2_1KG_DIRECT
RS9597388	RS9569476	EAS	0.62522	PLINK2_1KG_DIRECT
RS9597388	RS8001834	EAS	0.62522	PLINK2_1KG_DIRECT
RS9597388	RS9527523	EAS	0.62522	PLINK2_1KG_DIRECT
RS9597388	RS9591765	EAS	0.866681	PLINK2_1KG_DIRECT
RS9597388	RS1361586	EAS	0.866681	PLINK2_1KG_DIRECT
RS9597388	RS2211511	EAS	0.62522	PLINK2_1KG_DIRECT
RS9597388	RS1936324	EAS	0.62522	PLINK2_1KG_DIRECT
RS9597388	RS9597422	EAS	0.866681	PLINK2_1KG_DIRECT
RS9597388	RS7988101	EAS	0.62522	PLINK2_1KG_DIRECT
RS9597388	RS7988125	EAS	0.62522	PLINK2_1KG_DIRECT
RS9597388	RS7990289	EAS	0.62522	PLINK2_1KG_DIRECT
RS9597388	RS2315033	EAS	0.62522	PLINK2_1KG_DIRECT
RS9597388	RS13378557	EAS	0.866681	PLINK2_1KG_DIRECT
RS9597388	RS1857000	EAS	0.62522	PLINK2_1KG_DIRECT
RS9597388	RS2000158	EAS	0.62522	PLINK2_1KG_DIRECT
RS9597388	RS2211512	EAS	0.62522	PLINK2_1KG_DIRECT
RS9597388	RS28628722	EAS	0.62522	PLINK2_1KG_DIRECT
RS9597388	RS12874445	EAS	0.866681	PLINK2_1KG_DIRECT
RS9597388	RS9563408	EAS	0.62522	PLINK2_1KG_DIRECT
RS9597388	RS9569478	EAS	0.62522	PLINK2_1KG_DIRECT
RS9597388	RS9563409	EAS	0.62921	PLINK2_1KG_DIRECT
RS9597388	RS2000157	EAS	0.62522	PLINK2_1KG_DIRECT
RS9597388	RS1341545	EAS	0.62522	PLINK2_1KG_DIRECT
RS9597388	RS10507610	EAS	0.866681	PLINK2_1KG_DIRECT
RS9597388	RS9537412	EAS	0.62522	PLINK2_1KG_DIRECT
RS9597388	RS9537413	EAS	0.62522	PLINK2_1KG_DIRECT
RS9597388	RS9537414	EAS	0.62522	PLINK2_1KG_DIRECT
RS9597388	RS7332712	EAS	0.62522	PLINK2_1KG_DIRECT
RS9597388	RS7333297	EAS	0.62522	PLINK2_1KG_DIRECT
RS9597388	RS7334724	EAS	0.62522	PLINK2_1KG_DIRECT
RS9597388	RS7985742	EAS	0.62522	PLINK2_1KG_DIRECT
RS9597388	RS7986793	EAS	0.62522	PLINK2_1KG_DIRECT
RS9597388	RS1417855	EAS	0.62522	PLINK2_1KG_DIRECT
RS9597388	RS1417856	EAS	0.62522	PLINK2_1KG_DIRECT
RS9597388	RS2000155	EAS	0.62522	PLINK2_1KG_DIRECT
RS9597388	RS2000156	EAS	0.62522	PLINK2_1KG_DIRECT
RS9597388	RS1954432	EAS	0.62522	PLINK2_1KG_DIRECT
RS9597388	RS8001565	EAS	0.62522	PLINK2_1KG_DIRECT
RS9597388	RS58328352	EAS	0.866681	PLINK2_1KG_DIRECT
RS9597388	RS1341547	EAS	0.62921	PLINK2_1KG_DIRECT
RS9597388	RS1341548	EAS	0.62522	PLINK2_1KG_DIRECT
RS9597388	RS1341549	EAS	0.62522	PLINK2_1KG_DIRECT
RS9597388	RS9537418	EAS	0.62522	PLINK2_1KG_DIRECT
RS9597388	RS1341550	EAS	0.62522	PLINK2_1KG_DIRECT
RS9597388	RS10162048	EAS	0.866681	PLINK2_1KG_DIRECT
RS9597388	RS1858623	EAS	0.62522	PLINK2_1KG_DIRECT
RS9597388	RS9527527	EAS	0.62522	PLINK2_1KG_DIRECT
RS9597388	RS9527528	EAS	0.62522	PLINK2_1KG_DIRECT
RS9597388	RS1341541	EAS	0.62522	PLINK2_1KG_DIRECT
RS9597388	RS9569481	EAS	0.62522	PLINK2_1KG_DIRECT
RS9597388	RS9591766	EAS	0.860075	PLINK2_1KG_DIRECT
RS9597388	RS9569482	EAS	0.62522	PLINK2_1KG_DIRECT
RS9597388	RS9527531	EAS	0.62522	PLINK2_1KG_DIRECT
RS9597388	RS9537420	EAS	0.62522	PLINK2_1KG_DIRECT
RS9597388	RS9527532	EAS	0.62522	PLINK2_1KG_DIRECT
RS9597388	RS3905099	EAS	0.62522	PLINK2_1KG_DIRECT
RS9597388	RS4533154	EAS	0.62522	PLINK2_1KG_DIRECT
RS9597388	RS1936322	EAS	0.62522	PLINK2_1KG_DIRECT
RS9597388	RS12184698	EAS	0.866681	PLINK2_1KG_DIRECT
RS9597388	RS35761216	EAS	0.614818	PLINK2_1KG_DIRECT
RS9597388	RS10454570	EAS	0.866681	PLINK2_1KG_DIRECT
RS9597388	RS1341538	EAS	0.62522	PLINK2_1KG_DIRECT
RS9597388	RS9537423	EAS	0.62522	PLINK2_1KG_DIRECT
RS9597388	RS1341537	EAS	0.62522	PLINK2_1KG_DIRECT
RS9597388	RS1341536	EAS	0.62522	PLINK2_1KG_DIRECT
RS9597388	RS1341535	EAS	0.62522	PLINK2_1KG_DIRECT
RS9597388	RS7139663	EAS	0.62522	PLINK2_1KG_DIRECT
RS9597388	RS9537424	EAS	0.62522	PLINK2_1KG_DIRECT
RS9597388	RS9537425	EAS	0.62522	PLINK2_1KG_DIRECT
RS9597388	RS9527533	EAS	0.62522	PLINK2_1KG_DIRECT
RS9597388	RS9537426	EAS	0.62522	PLINK2_1KG_DIRECT
RS9597388	RS9527534	EAS	0.62522	PLINK2_1KG_DIRECT
RS9597388	RS9537427	EAS	0.62522	PLINK2_1KG_DIRECT
RS9597388	RS9537429	EAS	0.62522	PLINK2_1KG_DIRECT
RS9597388	RS9591767	EAS	0.866681	PLINK2_1KG_DIRECT
RS9597388	RS9569483	EAS	0.62522	PLINK2_1KG_DIRECT
RS9597388	RS9563410	EAS	0.62522	PLINK2_1KG_DIRECT
RS9597388	RS12585303	EAS	0.621269	PLINK2_1KG_DIRECT
RS9597388	RS4491395	EAS	0.62522	PLINK2_1KG_DIRECT
RS9597388	RS4885978	EAS	0.62522	PLINK2_1KG_DIRECT
RS9597388	RS9537431	EAS	0.62522	PLINK2_1KG_DIRECT
RS9597388	RS7996819	EAS	0.62522	PLINK2_1KG_DIRECT
RS9597388	RS9537433	EAS	0.621269	PLINK2_1KG_DIRECT
RS9597388	RS953618	EAS	0.562714	PLINK2_1KG_DIRECT
RS1264369	RS1264369	EUR	1	PLINK2_1KG_DIRECT
RS1264369	RS1264371	EUR	0.990767	PLINK2_1KG_DIRECT
RS1264369	RS1264367	EUR	0.990767	PLINK2_1KG_DIRECT
RS1264369	RS1264364	EUR	0.954079	PLINK2_1KG_DIRECT
RS1264369	RS1264363	EUR	0.976936	PLINK2_1KG_DIRECT
RS1264369	RS1264362	EUR	0.967704	PLINK2_1KG_DIRECT
RS1264369	RS1264360	EUR	0.967704	PLINK2_1KG_DIRECT
RS1264369	RS1264358	EUR	0.967704	PLINK2_1KG_DIRECT
RS1264369	RS915664	EUR	0.91443	PLINK2_1KG_DIRECT
RS1264369	RS1264369	EAS	1	PLINK2_1KG_DIRECT
RS1264369	RS1264371	EAS	0.804196	PLINK2_1KG_DIRECT
RS1264369	RS1264367	EAS	0.804196	PLINK2_1KG_DIRECT
RS1264369	RS1264364	EAS	0.804196	PLINK2_1KG_DIRECT
RS1264369	RS1264363	EAS	1	PLINK2_1KG_DIRECT
RS1264369	RS1264362	EAS	0.804196	PLINK2_1KG_DIRECT
RS1264369	RS1264360	EAS	0.804196	PLINK2_1KG_DIRECT
RS1264369	RS1264358	EAS	0.804196	PLINK2_1KG_DIRECT
RS1264369	RS915664	EAS	1	PLINK2_1KG_DIRECT
RS4129585	RS4129585	EUR	1	PLINK2_1KG_DIRECT
RS4129585	RS11777164	EUR	0.559794	PLINK2_1KG_DIRECT
RS4129585	RS62512616	EUR	0.559794	PLINK2_1KG_DIRECT
RS4129585	RS3935729	EUR	0.480764	PLINK2_1KG_DIRECT
RS4129585	RS3935704	EUR	0.500682	PLINK2_1KG_DIRECT
RS4129585	RS11787519	EUR	0.509257	PLINK2_1KG_DIRECT
RS4129585	RS10098073	EUR	0.799269	PLINK2_1KG_DIRECT
RS4129585	RS12676511	EUR	0.614123	PLINK2_1KG_DIRECT
RS4129585	RS10100321	EUR	0.614123	PLINK2_1KG_DIRECT
RS4129585	RS4976953	EUR	0.610293	PLINK2_1KG_DIRECT
RS4129585	RS4976979	EUR	0.610293	PLINK2_1KG_DIRECT
RS4129585	RS7465167	EUR	0.606481	PLINK2_1KG_DIRECT
RS4129585	RS4325022	EUR	0.605343	PLINK2_1KG_DIRECT
RS4129585	RS4976981	EUR	0.622821	PLINK2_1KG_DIRECT
RS4129585	RS59554395	EUR	0.605343	PLINK2_1KG_DIRECT
RS4129585	RS4976982	EUR	0.605343	PLINK2_1KG_DIRECT
RS4129585	RS13262595	EUR	0.995983	PLINK2_1KG_DIRECT
RS4129585	RS34643171	EUR	0.605343	PLINK2_1KG_DIRECT
RS4129585	RS13438979	EUR	0.607814	PLINK2_1KG_DIRECT
RS4129585	RS7828451	EUR	0.605343	PLINK2_1KG_DIRECT
RS4129585	RS10464987	EUR	0.607814	PLINK2_1KG_DIRECT
RS4129585	RS7465677	EUR	0.607814	PLINK2_1KG_DIRECT
RS4129585	RS10092090	EUR	0.607814	PLINK2_1KG_DIRECT
RS4129585	RS10110368	EUR	0.607814	PLINK2_1KG_DIRECT
RS4129585	RS11991896	EUR	0.605343	PLINK2_1KG_DIRECT
RS4129585	RS7832212	EUR	0.605343	PLINK2_1KG_DIRECT
RS4129585	RS7822538	EUR	0.605343	PLINK2_1KG_DIRECT
RS4129585	RS7822799	EUR	0.605343	PLINK2_1KG_DIRECT
RS4129585	RS6583607	EUR	0.602881	PLINK2_1KG_DIRECT
RS4129585	RS12545056	EUR	0.595547	PLINK2_1KG_DIRECT
RS4129585	RS12545057	EUR	0.593119	PLINK2_1KG_DIRECT
RS4129585	RS8180995	EUR	0.676815	PLINK2_1KG_DIRECT
RS4129585	RS8180914	EUR	0.600428	PLINK2_1KG_DIRECT
RS4129585	RS12234969	EUR	0.602881	PLINK2_1KG_DIRECT
RS4129585	RS4976983	EUR	0.607814	PLINK2_1KG_DIRECT
RS4129585	RS4976984	EUR	0.607814	PLINK2_1KG_DIRECT
RS4129585	RS7820538	EUR	0.601537	PLINK2_1KG_DIRECT
RS4129585	RS13256788	EUR	0.605343	PLINK2_1KG_DIRECT
RS4129585	RS6985751	EUR	0.610293	PLINK2_1KG_DIRECT
RS4129585	RS34870209	EUR	0.605343	PLINK2_1KG_DIRECT
RS4129585	RS6583610	EUR	0.605343	PLINK2_1KG_DIRECT
RS4129585	RS6583611	EUR	0.610293	PLINK2_1KG_DIRECT
RS4129585	RS11996660	EUR	0.595292	PLINK2_1KG_DIRECT
RS4129585	RS7012636	EUR	0.586643	PLINK2_1KG_DIRECT
RS4129585	RS74576444	EUR	0.356172	PLINK2_1KG_DIRECT
RS4129585	RS4976992	EUR	0.358551	PLINK2_1KG_DIRECT
RS4129585	RS7814166	EUR	0.358551	PLINK2_1KG_DIRECT
RS4129585	RS13255588	EUR	0.333942	PLINK2_1KG_DIRECT
RS4129585	RS13267784	EUR	0.312841	PLINK2_1KG_DIRECT
RS4129585	RS13266463	EUR	0.292863	PLINK2_1KG_DIRECT
RS4129585	RS4129585	EAS	1	PLINK2_1KG_DIRECT
RS4129585	RS11787519	EAS	0.118655	PLINK2_1KG_DIRECT
RS4129585	RS10098073	EAS	0.915709	PLINK2_1KG_DIRECT
RS4129585	RS12676511	EAS	0.364226	PLINK2_1KG_DIRECT
RS4129585	RS10100321	EAS	0.364226	PLINK2_1KG_DIRECT
RS4129585	RS4976953	EAS	0.364226	PLINK2_1KG_DIRECT
RS4129585	RS4976979	EAS	0.364226	PLINK2_1KG_DIRECT
RS4129585	RS7465167	EAS	0.364226	PLINK2_1KG_DIRECT
RS4129585	RS4325022	EAS	0.364226	PLINK2_1KG_DIRECT
RS4129585	RS4976981	EAS	0.361693	PLINK2_1KG_DIRECT
RS4129585	RS59554395	EAS	0.365675	PLINK2_1KG_DIRECT
RS4129585	RS4976982	EAS	0.365675	PLINK2_1KG_DIRECT
RS4129585	RS13262595	EAS	0.974664	PLINK2_1KG_DIRECT
RS4129585	RS34643171	EAS	0.373004	PLINK2_1KG_DIRECT
RS4129585	RS13438979	EAS	0.371527	PLINK2_1KG_DIRECT
RS4129585	RS7828451	EAS	0.358813	PLINK2_1KG_DIRECT
RS4129585	RS10464987	EAS	0.36025	PLINK2_1KG_DIRECT
RS4129585	RS7465677	EAS	0.356298	PLINK2_1KG_DIRECT
RS4129585	RS10092090	EAS	0.329314	PLINK2_1KG_DIRECT
RS4129585	RS10110368	EAS	0.329314	PLINK2_1KG_DIRECT
RS4129585	RS11991896	EAS	0.356298	PLINK2_1KG_DIRECT
RS4129585	RS7832212	EAS	0.356298	PLINK2_1KG_DIRECT
RS4129585	RS7822538	EAS	0.356298	PLINK2_1KG_DIRECT
RS4129585	RS7822799	EAS	0.356298	PLINK2_1KG_DIRECT
RS4129585	RS6583607	EAS	0.356298	PLINK2_1KG_DIRECT
RS4129585	RS12545056	EAS	0.343611	PLINK2_1KG_DIRECT
RS4129585	RS12545057	EAS	0.343611	PLINK2_1KG_DIRECT
RS4129585	RS8180995	EAS	0.354866	PLINK2_1KG_DIRECT
RS4129585	RS8180914	EAS	0.350604	PLINK2_1KG_DIRECT
RS4129585	RS12234969	EAS	0.346697	PLINK2_1KG_DIRECT
RS4129585	RS4976983	EAS	0.346697	PLINK2_1KG_DIRECT
RS4129585	RS4976984	EAS	0.348107	PLINK2_1KG_DIRECT
RS4129585	RS7820538	EAS	0.346697	PLINK2_1KG_DIRECT
RS4129585	RS13256788	EAS	0.352019	PLINK2_1KG_DIRECT
RS4129585	RS6985751	EAS	0.348107	PLINK2_1KG_DIRECT
RS4129585	RS34870209	EAS	0.348107	PLINK2_1KG_DIRECT
RS4129585	RS6583610	EAS	0.348107	PLINK2_1KG_DIRECT
RS4129585	RS6583611	EAS	0.349523	PLINK2_1KG_DIRECT
RS4129585	RS11996660	EAS	0.348107	PLINK2_1KG_DIRECT
RS4129585	RS7012636	EAS	0.34563	PLINK2_1KG_DIRECT
RS4129585	RS74576444	EAS	0.50448	PLINK2_1KG_DIRECT
RS4129585	RS4976992	EAS	0.50448	PLINK2_1KG_DIRECT
RS4129585	RS7814166	EAS	0.50448	PLINK2_1KG_DIRECT
RS4129585	RS13255588	EAS	0.501128	PLINK2_1KG_DIRECT
RS4129585	RS13267784	EAS	0.491239	PLINK2_1KG_DIRECT
RS4129585	RS13266463	EAS	0.48395	PLINK2_1KG_DIRECT
RS55938136	RS55938136	EUR	1	PLINK2_1KG_DIRECT
RS55938136	RS55938136	EAS	1	PLINK2_1KG_DIRECT
RS3764002	RS3764002	EUR	1	PLINK2_1KG_DIRECT
RS3764002	RS1426371	EUR	0.928731	PLINK2_1KG_DIRECT
RS3764002	RS3764002	EAS	1	PLINK2_1KG_DIRECT
RS3764002	RS1426371	EAS	0.960542	PLINK2_1KG_DIRECT
RS549337	RS549337	EUR	1	PLINK2_1KG_DIRECT
RS549337	RS640877	EUR	0.980987	PLINK2_1KG_DIRECT
RS549337	RS12046401	EUR	0.955547	PLINK2_1KG_DIRECT
RS549337	RS12046463	EUR	0.955547	PLINK2_1KG_DIRECT
RS549337	RS675220	EUR	0.974778	PLINK2_1KG_DIRECT
RS549337	RS577623	EUR	0.974778	PLINK2_1KG_DIRECT
RS549337	RS677002	EUR	0.974778	PLINK2_1KG_DIRECT
RS549337	RS677475	EUR	0.974778	PLINK2_1KG_DIRECT
RS549337	RS581606	EUR	0.974778	PLINK2_1KG_DIRECT
RS549337	RS549337	EAS	1	PLINK2_1KG_DIRECT
RS549337	RS640877	EAS	1	PLINK2_1KG_DIRECT
RS549337	RS12046401	EAS	0.798653	PLINK2_1KG_DIRECT
RS549337	RS12046463	EAS	0.798653	PLINK2_1KG_DIRECT
RS549337	RS675220	EAS	1	PLINK2_1KG_DIRECT
RS549337	RS577623	EAS	1	PLINK2_1KG_DIRECT
RS549337	RS677002	EAS	1	PLINK2_1KG_DIRECT
RS549337	RS677475	EAS	1	PLINK2_1KG_DIRECT
RS549337	RS581606	EAS	1	PLINK2_1KG_DIRECT
RS6943762	RS6943762	EUR	1	PLINK2_1KG_DIRECT
RS6943762	RS35274762	EUR	0.991176	PLINK2_1KG_DIRECT
RS6943762	RS13230421	EUR	0.666013	PLINK2_1KG_DIRECT
RS6943762	RS12704290	EUR	0.698971	PLINK2_1KG_DIRECT
RS6943762	RS6943762	EAS	1	PLINK2_1KG_DIRECT
RS6943762	RS35274762	EAS	1	PLINK2_1KG_DIRECT
RS6943762	RS13230421	EAS	0.935122	PLINK2_1KG_DIRECT
RS6943762	RS12704290	EAS	0.935122	PLINK2_1KG_DIRECT
RS324017	RS324017	EUR	1	PLINK2_1KG_DIRECT
RS324017	RS324015	EUR	0.809178	PLINK2_1KG_DIRECT
RS324017	RS324017	EAS	1	PLINK2_1KG_DIRECT
RS324017	RS324015	EAS	0.956671	PLINK2_1KG_DIRECT
RS10736470	RS10736470	EUR	1	PLINK2_1KG_DIRECT
RS10736470	RS2514218	EUR	0.542356	PLINK2_1KG_DIRECT
RS10736470	RS12420205	EUR	0.684098	PLINK2_1KG_DIRECT
RS10736470	RS10736469	EUR	0.844565	PLINK2_1KG_DIRECT
RS10736470	RS10736470	EAS	1	PLINK2_1KG_DIRECT
RS10736470	RS2514218	EAS	0.378204	PLINK2_1KG_DIRECT
RS10736470	RS12420205	EAS	0.352823	PLINK2_1KG_DIRECT
RS10736470	RS10736469	EAS	0.928291	PLINK2_1KG_DIRECT
RS9834970	RS9834970	EUR	1	PLINK2_1KG_DIRECT
RS9834970	RS906482	EUR	0.665913	PLINK2_1KG_DIRECT
RS9834970	RS75968099	EUR	0.509026	PLINK2_1KG_DIRECT
RS9834970	RS6550435	EUR	0.446043	PLINK2_1KG_DIRECT
RS9834970	RS7652637	EUR	0.442764	PLINK2_1KG_DIRECT
RS9834970	RS3732386	EUR	0.442764	PLINK2_1KG_DIRECT
RS9834970	RS3732385	EUR	0.442764	PLINK2_1KG_DIRECT
RS9834970	RS3732384	EUR	0.442764	PLINK2_1KG_DIRECT
RS9834970	RS9834970	EAS	1	PLINK2_1KG_DIRECT
RS9834970	RS906482	EAS	0.171062	PLINK2_1KG_DIRECT
RS56245805	RS56245805	EUR	1	PLINK2_1KG_DIRECT
RS56245805	RS56245805	EAS	1	PLINK2_1KG_DIRECT
RS715170	RS715170	EUR	1	PLINK2_1KG_DIRECT
RS715170	RS1792709	EUR	0.975804	PLINK2_1KG_DIRECT
RS715170	RS1789593	EUR	0.971023	PLINK2_1KG_DIRECT
RS715170	RS1792707	EUR	0.975804	PLINK2_1KG_DIRECT
RS715170	RS1789595	EUR	0.975854	PLINK2_1KG_DIRECT
RS715170	RS1789562	EUR	0.975854	PLINK2_1KG_DIRECT
RS715170	RS1789589	EUR	0.980648	PLINK2_1KG_DIRECT
RS715170	RS715170	EAS	1	PLINK2_1KG_DIRECT
RS715170	RS1792709	EAS	0.620897	PLINK2_1KG_DIRECT
RS715170	RS1789593	EAS	0.674891	PLINK2_1KG_DIRECT
RS715170	RS1792707	EAS	0.700054	PLINK2_1KG_DIRECT
RS715170	RS1789595	EAS	0.700054	PLINK2_1KG_DIRECT
RS715170	RS1789562	EAS	0.700054	PLINK2_1KG_DIRECT
RS715170	RS1789589	EAS	0.971274	PLINK2_1KG_DIRECT
RS2233959	RS2233959	EUR	1	PLINK2_1KG_DIRECT
RS2233959	RS3130573	EUR	0.158998	PLINK2_1KG_DIRECT
RS2233959	RS2233959	EAS	1	PLINK2_1KG_DIRECT
RS10235212	RS10235212	EUR	1	PLINK2_1KG_DIRECT
RS10235212	RS10954636	EUR	0.748991	PLINK2_1KG_DIRECT
RS10235212	RS10954637	EUR	0.745507	PLINK2_1KG_DIRECT
RS10235212	RS4506138	EUR	0.745507	PLINK2_1KG_DIRECT
RS10235212	RS10230993	EUR	0.742043	PLINK2_1KG_DIRECT
RS10235212	RS10252710	EUR	1	PLINK2_1KG_DIRECT
RS10235212	RS3735013	EUR	0.973222	PLINK2_1KG_DIRECT
RS10235212	RS10235163	EUR	1	PLINK2_1KG_DIRECT
RS10235212	RS10243922	EUR	0.915744	PLINK2_1KG_DIRECT
RS10235212	RS10235212	EAS	1	PLINK2_1KG_DIRECT
RS10235212	RS10954636	EAS	0.112665	PLINK2_1KG_DIRECT
RS10235212	RS10954637	EAS	0.112665	PLINK2_1KG_DIRECT
RS10235212	RS4506138	EAS	0.112665	PLINK2_1KG_DIRECT
RS10235212	RS10230993	EAS	0.112665	PLINK2_1KG_DIRECT
RS10235212	RS10252710	EAS	0.982832	PLINK2_1KG_DIRECT
RS10235212	RS3735013	EAS	0.966209	PLINK2_1KG_DIRECT
RS10235212	RS10235163	EAS	1	PLINK2_1KG_DIRECT
RS10235212	RS10243922	EAS	0.740776	PLINK2_1KG_DIRECT
RS17016552	RS17016552	EUR	1	PLINK2_1KG_DIRECT
RS17016552	RS6721531	EUR	0.973842	PLINK2_1KG_DIRECT
RS17016552	RS2049271	EUR	0.973842	PLINK2_1KG_DIRECT
RS17016552	RS13407231	EUR	0.978169	PLINK2_1KG_DIRECT
RS17016552	RS17016552	EAS	1	PLINK2_1KG_DIRECT
RS17016552	RS6721531	EAS	0.596013	PLINK2_1KG_DIRECT
RS17016552	RS2049271	EAS	0.596013	PLINK2_1KG_DIRECT
RS17016552	RS13407231	EAS	0.596013	PLINK2_1KG_DIRECT
RS2664308	RS2664308	EUR	1	PLINK2_1KG_DIRECT
RS2664308	RS10150710	EUR	0.684703	PLINK2_1KG_DIRECT
RS2664308	RS941519	EUR	0.99201	PLINK2_1KG_DIRECT
RS2664308	RS34611983	EUR	0.463889	PLINK2_1KG_DIRECT
RS2664308	RS2693674	EUR	0.976094	PLINK2_1KG_DIRECT
RS2664308	RS1540840	EUR	0.173343	PLINK2_1KG_DIRECT
RS2664308	RS2664308	EAS	1	PLINK2_1KG_DIRECT
RS2664308	RS10150710	EAS	0.404431	PLINK2_1KG_DIRECT
RS2664308	RS941519	EAS	0.891873	PLINK2_1KG_DIRECT
RS2664308	RS34611983	EAS	0.124118	PLINK2_1KG_DIRECT
RS2664308	RS2693674	EAS	0.97536	PLINK2_1KG_DIRECT
RS9607782	RS9607782	EUR	1	PLINK2_1KG_DIRECT
RS9607782	RS9607782	EAS	1	PLINK2_1KG_DIRECT
RS10890995	RS10890995	EUR	1	PLINK2_1KG_DIRECT
RS10890995	RS2186673	EUR	0.931705	PLINK2_1KG_DIRECT
RS10890995	RS2212430	EUR	0.95043	PLINK2_1KG_DIRECT
RS10890995	RS10890996	EUR	1	PLINK2_1KG_DIRECT
RS10890995	RS11600810	EUR	0.968245	PLINK2_1KG_DIRECT
RS10890995	RS11213094	EUR	0.959193	PLINK2_1KG_DIRECT
RS10890995	RS10890995	EAS	1	PLINK2_1KG_DIRECT
RS10890995	RS2186673	EAS	0.578856	PLINK2_1KG_DIRECT
RS10890995	RS2212430	EAS	0.751688	PLINK2_1KG_DIRECT
RS10890995	RS10890996	EAS	0.989214	PLINK2_1KG_DIRECT
RS10890995	RS11600810	EAS	0.685131	PLINK2_1KG_DIRECT
RS10890995	RS11213094	EAS	0.930718	PLINK2_1KG_DIRECT
RS3117443	RS3117443	EUR	1	PLINK2_1KG_DIRECT
RS3117443	RS3117443	EAS	1	PLINK2_1KG_DIRECT
RS17731	RS17731	EUR	1	PLINK2_1KG_DIRECT
RS17731	RS1043009	EUR	0.973971	PLINK2_1KG_DIRECT
RS17731	RS1043003	EUR	0.982694	PLINK2_1KG_DIRECT
RS17731	RS17731	EAS	1	PLINK2_1KG_DIRECT
RS17731	RS1043009	EAS	0.960682	PLINK2_1KG_DIRECT
RS17731	RS1043003	EAS	0.972582	PLINK2_1KG_DIRECT
RS721617	RS721617	EUR	1	PLINK2_1KG_DIRECT
RS721617	RS436124	EUR	0.91716	PLINK2_1KG_DIRECT
RS721617	RS679087	EUR	0.91716	PLINK2_1KG_DIRECT
RS721617	RS672107	EUR	0.91716	PLINK2_1KG_DIRECT
RS721617	RS439639	EUR	0.91716	PLINK2_1KG_DIRECT
RS721617	RS302315	EUR	0.91716	PLINK2_1KG_DIRECT
RS721617	RS302317	EUR	0.91716	PLINK2_1KG_DIRECT
RS721617	RS302321	EUR	0.921182	PLINK2_1KG_DIRECT
RS721617	RS10843506	EUR	0.881693	PLINK2_1KG_DIRECT
RS721617	RS10843507	EUR	0.881693	PLINK2_1KG_DIRECT
RS721617	RS7312697	EUR	0.903924	PLINK2_1KG_DIRECT
RS721617	RS721617	EAS	1	PLINK2_1KG_DIRECT
RS721617	RS436124	EAS	0.899074	PLINK2_1KG_DIRECT
RS721617	RS679087	EAS	0.899074	PLINK2_1KG_DIRECT
RS721617	RS672107	EAS	0.899074	PLINK2_1KG_DIRECT
RS721617	RS439639	EAS	0.899074	PLINK2_1KG_DIRECT
RS721617	RS302315	EAS	0.899074	PLINK2_1KG_DIRECT
RS721617	RS302317	EAS	0.899074	PLINK2_1KG_DIRECT
RS721617	RS302321	EAS	0.90353	PLINK2_1KG_DIRECT
RS721617	RS10843506	EAS	0.981214	PLINK2_1KG_DIRECT
RS721617	RS10843507	EAS	0.981214	PLINK2_1KG_DIRECT
RS721617	RS7312697	EAS	0.981214	PLINK2_1KG_DIRECT
RS57164304	RS57164304	EUR	1	PLINK2_1KG_DIRECT
RS57164304	RS57164304	EAS	1	PLINK2_1KG_DIRECT
RS77502336	RS77502336	EUR	1	PLINK2_1KG_DIRECT
RS77502336	RS77502336	EAS	1	PLINK2_1KG_DIRECT
RS12293670	RS12293670	EUR	1	PLINK2_1KG_DIRECT
RS12293670	RS55661361	EUR	1	PLINK2_1KG_DIRECT
RS12293670	RS12293670	EAS	1	PLINK2_1KG_DIRECT
RS12293670	RS55661361	EAS	0.99527	PLINK2_1KG_DIRECT
RS6798742	RS6798742	EUR	1	PLINK2_1KG_DIRECT
RS6798742	RS832195	EUR	0.891676	PLINK2_1KG_DIRECT
RS6798742	RS704367	EUR	0.951286	PLINK2_1KG_DIRECT
RS6798742	RS704364	EUR	0.955727	PLINK2_1KG_DIRECT
RS6798742	RS9882884	EUR	0.955634	PLINK2_1KG_DIRECT
RS6798742	RS7627690	EUR	0.904049	PLINK2_1KG_DIRECT
RS6798742	RS59971314	EUR	0.916962	PLINK2_1KG_DIRECT
RS6798742	RS6798742	EAS	1	PLINK2_1KG_DIRECT
RS6798742	RS832195	EAS	0.809581	PLINK2_1KG_DIRECT
RS6798742	RS704367	EAS	0.872516	PLINK2_1KG_DIRECT
RS6798742	RS704364	EAS	0.781176	PLINK2_1KG_DIRECT
RS6798742	RS9882884	EAS	0.890121	PLINK2_1KG_DIRECT
RS6798742	RS7627690	EAS	0.894118	PLINK2_1KG_DIRECT
RS6798742	RS59971314	EAS	0.465463	PLINK2_1KG_DIRECT
RS3813567	RS3813567	EUR	1	PLINK2_1KG_DIRECT
RS3813567	RS667282	EUR	0.53444	PLINK2_1KG_DIRECT
RS3813567	RS2456020	EUR	0.527986	PLINK2_1KG_DIRECT
RS3813567	RS576982	EUR	0.53444	PLINK2_1KG_DIRECT
RS3813567	RS569207	EUR	0.53444	PLINK2_1KG_DIRECT
RS3813567	RS637137	EUR	0.53444	PLINK2_1KG_DIRECT
RS3813567	RS12440014	EUR	0.682814	PLINK2_1KG_DIRECT
RS3813567	RS3813567	EAS	1	PLINK2_1KG_DIRECT
RS3813567	RS667282	EAS	0.286121	PLINK2_1KG_DIRECT
RS3813567	RS2456020	EAS	0.218671	PLINK2_1KG_DIRECT
RS3813567	RS576982	EAS	0.284273	PLINK2_1KG_DIRECT
RS3813567	RS569207	EAS	0.286121	PLINK2_1KG_DIRECT
RS3813567	RS637137	EAS	0.286121	PLINK2_1KG_DIRECT
RS3813567	RS12440014	EAS	0.360665	PLINK2_1KG_DIRECT
RS298607	RS298607	EUR	1	PLINK2_1KG_DIRECT
RS298607	RS837065	EUR	0.818928	PLINK2_1KG_DIRECT
RS298607	RS423915	EUR	0.972319	PLINK2_1KG_DIRECT
RS298607	RS2663618	EUR	0.926414	PLINK2_1KG_DIRECT
RS298607	RS298611	EUR	0.930357	PLINK2_1KG_DIRECT
RS298607	RS167239	EUR	0.930357	PLINK2_1KG_DIRECT
RS298607	RS710616	EUR	0.988081	PLINK2_1KG_DIRECT
RS298607	RS384752	EUR	0.984132	PLINK2_1KG_DIRECT
RS298607	RS383209	EUR	0.984132	PLINK2_1KG_DIRECT
RS298607	RS298609	EUR	0.992058	PLINK2_1KG_DIRECT
RS298607	RS298610	EUR	0.934565	PLINK2_1KG_DIRECT
RS298607	RS438877	EUR	0.996022	PLINK2_1KG_DIRECT
RS298607	RS298618	EUR	0.934316	PLINK2_1KG_DIRECT
RS298607	RS1979477	EUR	0.98811	PLINK2_1KG_DIRECT
RS298607	RS298607	EAS	1	PLINK2_1KG_DIRECT
RS298607	RS837065	EAS	0.857743	PLINK2_1KG_DIRECT
RS298607	RS423915	EAS	0.885772	PLINK2_1KG_DIRECT
RS298607	RS2663618	EAS	0.95267	PLINK2_1KG_DIRECT
RS298607	RS298611	EAS	0.968169	PLINK2_1KG_DIRECT
RS298607	RS167239	EAS	0.964268	PLINK2_1KG_DIRECT
RS298607	RS710616	EAS	0.972087	PLINK2_1KG_DIRECT
RS298607	RS384752	EAS	0.976023	PLINK2_1KG_DIRECT
RS298607	RS383209	EAS	0.976023	PLINK2_1KG_DIRECT
RS298607	RS298609	EAS	0.976023	PLINK2_1KG_DIRECT
RS298607	RS298610	EAS	0.968295	PLINK2_1KG_DIRECT
RS298607	RS438877	EAS	0.972196	PLINK2_1KG_DIRECT
RS298607	RS298618	EAS	0.976114	PLINK2_1KG_DIRECT
RS298607	RS1979477	EAS	0.972009	PLINK2_1KG_DIRECT
RS329647	RS329647	EUR	1	PLINK2_1KG_DIRECT
RS329647	RS329647	EAS	1	PLINK2_1KG_DIRECT
RS3814883	RS3814883	EUR	1	PLINK2_1KG_DIRECT
RS3814883	RS3814883	EAS	1	PLINK2_1KG_DIRECT
RS7755741	RS7755741	EUR	1	PLINK2_1KG_DIRECT
RS7755741	RS9358914	EUR	0.955099	PLINK2_1KG_DIRECT
RS7755741	RS12665035	EUR	0.972952	PLINK2_1KG_DIRECT
RS7755741	RS56763414	EUR	0.977475	PLINK2_1KG_DIRECT
RS7755741	RS10946810	EUR	0.972952	PLINK2_1KG_DIRECT
RS7755741	RS9379845	EUR	0.977475	PLINK2_1KG_DIRECT
RS7755741	RS9393698	EUR	0.726275	PLINK2_1KG_DIRECT
RS7755741	RS61534839	EUR	0.981954	PLINK2_1KG_DIRECT
RS7755741	RS9358924	EUR	0.981954	PLINK2_1KG_DIRECT
RS7755741	RS9358926	EUR	0.977475	PLINK2_1KG_DIRECT
RS7755741	RS62394769	EUR	0.977475	PLINK2_1KG_DIRECT
RS7755741	RS9348708	EUR	0.737019	PLINK2_1KG_DIRECT
RS7755741	RS989133	EUR	0.986448	PLINK2_1KG_DIRECT
RS7755741	RS2893842	EUR	0.990979	PLINK2_1KG_DIRECT
RS7755741	RS2393649	EUR	0.990979	PLINK2_1KG_DIRECT
RS7755741	RS7755741	EAS	1	PLINK2_1KG_DIRECT
RS7755741	RS9358914	EAS	0.925141	PLINK2_1KG_DIRECT
RS7755741	RS12665035	EAS	0.941337	PLINK2_1KG_DIRECT
RS7755741	RS56763414	EAS	0.935924	PLINK2_1KG_DIRECT
RS7755741	RS10946810	EAS	0.941337	PLINK2_1KG_DIRECT
RS7755741	RS9379845	EAS	0.941337	PLINK2_1KG_DIRECT
RS7755741	RS9393698	EAS	0.775433	PLINK2_1KG_DIRECT
RS7755741	RS61534839	EAS	0.94624	PLINK2_1KG_DIRECT
RS7755741	RS9358924	EAS	0.94624	PLINK2_1KG_DIRECT
RS7755741	RS9358926	EAS	0.94624	PLINK2_1KG_DIRECT
RS7755741	RS62394769	EAS	0.94624	PLINK2_1KG_DIRECT
RS7755741	RS9348708	EAS	0.834833	PLINK2_1KG_DIRECT
RS7755741	RS989133	EAS	0.989091	PLINK2_1KG_DIRECT
RS7755741	RS2893842	EAS	0.994538	PLINK2_1KG_DIRECT
RS7755741	RS2393649	EAS	0.994538	PLINK2_1KG_DIRECT
RS183879	RS183879	EUR	1	PLINK2_1KG_DIRECT
RS183879	RS183879	EAS	1	PLINK2_1KG_DIRECT
RS2046863	RS2046863	EUR	1	PLINK2_1KG_DIRECT
RS2046863	RS2046862	EUR	1	PLINK2_1KG_DIRECT
RS2046863	RS2046863	EAS	1	PLINK2_1KG_DIRECT
RS2046863	RS2046862	EAS	1	PLINK2_1KG_DIRECT
RS76952894	RS76952894	EUR	1	PLINK2_1KG_DIRECT
RS76952894	RS17635239	EUR	0.942321	PLINK2_1KG_DIRECT
RS76952894	RS17635268	EUR	0.934207	PLINK2_1KG_DIRECT
RS76952894	RS11915916	EUR	0.909871	PLINK2_1KG_DIRECT
RS76952894	RS77174383	EUR	0.983474	PLINK2_1KG_DIRECT
RS76952894	RS74411626	EUR	0.975205	PLINK2_1KG_DIRECT
RS76952894	RS75364808	EUR	0.975205	PLINK2_1KG_DIRECT
RS76952894	RS77379825	EUR	0.991712	PLINK2_1KG_DIRECT
RS76952894	RS17635696	EUR	0.991712	PLINK2_1KG_DIRECT
RS76952894	RS112627313	EUR	0.991712	PLINK2_1KG_DIRECT
RS76952894	RS113203323	EUR	0.991712	PLINK2_1KG_DIRECT
RS76952894	RS76906489	EUR	1	PLINK2_1KG_DIRECT
RS76952894	RS76081018	EUR	1	PLINK2_1KG_DIRECT
RS76952894	RS76952894	EAS	1	PLINK2_1KG_DIRECT
RS76952894	RS17635239	EAS	0.928892	PLINK2_1KG_DIRECT
RS76952894	RS17635268	EAS	0.928892	PLINK2_1KG_DIRECT
RS76952894	RS11915916	EAS	0.725137	PLINK2_1KG_DIRECT
RS76952894	RS77174383	EAS	0.985431	PLINK2_1KG_DIRECT
RS76952894	RS74411626	EAS	0.985431	PLINK2_1KG_DIRECT
RS76952894	RS75364808	EAS	0.985431	PLINK2_1KG_DIRECT
RS76952894	RS77379825	EAS	0.985431	PLINK2_1KG_DIRECT
RS76952894	RS17635696	EAS	0.985431	PLINK2_1KG_DIRECT
RS76952894	RS112627313	EAS	0.985431	PLINK2_1KG_DIRECT
RS76952894	RS113203323	EAS	1	PLINK2_1KG_DIRECT
RS76952894	RS76906489	EAS	1	PLINK2_1KG_DIRECT
RS76952894	RS76081018	EAS	1	PLINK2_1KG_DIRECT
RS13016542	RS13016542	EUR	1	PLINK2_1KG_DIRECT
RS13016542	RS13016542	EAS	1	PLINK2_1KG_DIRECT
RS1572209	RS1572209	EUR	1	PLINK2_1KG_DIRECT
RS1572209	RS1572209	EAS	1	PLINK2_1KG_DIRECT
RS56843986	RS56843986	EUR	1	PLINK2_1KG_DIRECT
RS56843986	RS11787024	EUR	0.669488	PLINK2_1KG_DIRECT
RS56843986	RS7007949	EUR	0.967288	PLINK2_1KG_DIRECT
RS56843986	RS10109061	EUR	0.951415	PLINK2_1KG_DIRECT
RS56843986	RS9694368	EUR	0.958715	PLINK2_1KG_DIRECT
RS56843986	RS62523388	EUR	0.669488	PLINK2_1KG_DIRECT
RS56843986	RS7835528	EUR	1	PLINK2_1KG_DIRECT
RS56843986	RS7386735	EUR	0.62913	PLINK2_1KG_DIRECT
RS56843986	RS7830479	EUR	0.995839	PLINK2_1KG_DIRECT
RS56843986	RS60195020	EUR	1	PLINK2_1KG_DIRECT
RS56843986	RS7824786	EUR	1	PLINK2_1KG_DIRECT
RS56843986	RS56323065	EUR	1	PLINK2_1KG_DIRECT
RS56843986	RS56843986	EAS	1	PLINK2_1KG_DIRECT
RS56843986	RS11787024	EAS	0.817758	PLINK2_1KG_DIRECT
RS56843986	RS7007949	EAS	0.90875	PLINK2_1KG_DIRECT
RS56843986	RS10109061	EAS	0.90432	PLINK2_1KG_DIRECT
RS56843986	RS9694368	EAS	0.877996	PLINK2_1KG_DIRECT
RS56843986	RS62523388	EAS	0.82242	PLINK2_1KG_DIRECT
RS56843986	RS7835528	EAS	1	PLINK2_1KG_DIRECT
RS56843986	RS7386735	EAS	0.82242	PLINK2_1KG_DIRECT
RS56843986	RS7830479	EAS	1	PLINK2_1KG_DIRECT
RS56843986	RS60195020	EAS	1	PLINK2_1KG_DIRECT
RS56843986	RS7824786	EAS	1	PLINK2_1KG_DIRECT
RS56843986	RS56323065	EAS	1	PLINK2_1KG_DIRECT
RS56223946	RS56223946	EUR	1	PLINK2_1KG_DIRECT
RS56223946	RS113623975	EUR	0.905641	PLINK2_1KG_DIRECT
RS56223946	RS11778040	EUR	0.536118	PLINK2_1KG_DIRECT
RS56223946	RS73229090	EUR	0.74821	PLINK2_1KG_DIRECT
RS72874202	RS72874202	EUR	1	PLINK2_1KG_DIRECT
RS72874202	RS11027825	EUR	0.995985	PLINK2_1KG_DIRECT
RS72874202	RS1372955	EUR	1	PLINK2_1KG_DIRECT
RS72874202	RS1372956	EUR	1	PLINK2_1KG_DIRECT
RS72874202	RS72874202	EAS	1	PLINK2_1KG_DIRECT
RS72874202	RS11027825	EAS	0.968573	PLINK2_1KG_DIRECT
RS72874202	RS1372955	EAS	0.976463	PLINK2_1KG_DIRECT
RS72874202	RS1372956	EAS	0.968806	PLINK2_1KG_DIRECT
RS201154248	RS201154248	EUR	1	PLINK2_1KG_DIRECT
RS201154248	RS201154248	EAS	1	PLINK2_1KG_DIRECT
RS1944870	RS1944870	EUR	1	PLINK2_1KG_DIRECT
RS1944870	RS4937935	EUR	0.793347	PLINK2_1KG_DIRECT
RS1944870	RS1944870	EAS	1	PLINK2_1KG_DIRECT
RS1944870	RS4937935	EAS	0.524216	PLINK2_1KG_DIRECT
RS2121656	RS2121656	EUR	1	PLINK2_1KG_DIRECT
RS2121656	RS11946238	EUR	0.893713	PLINK2_1KG_DIRECT
RS2121656	RS2121656	EAS	1	PLINK2_1KG_DIRECT
RS2121656	RS11946238	EAS	0.988391	PLINK2_1KG_DIRECT
RS7585377	RS7585377	EUR	1	PLINK2_1KG_DIRECT
RS7585377	RS4535062	EUR	0.993439	PLINK2_1KG_DIRECT
RS7585377	RS62152281	EUR	0.954174	PLINK2_1KG_DIRECT
RS7585377	RS7585377	EAS	1	PLINK2_1KG_DIRECT
RS7585377	RS4535062	EAS	1	PLINK2_1KG_DIRECT
RS7585377	RS62152281	EAS	0.750409	PLINK2_1KG_DIRECT
RS12603880	RS12603880	EUR	1	PLINK2_1KG_DIRECT
RS12603880	RS4793888	EUR	0.987002	PLINK2_1KG_DIRECT
RS12603880	RS12603880	EAS	1	PLINK2_1KG_DIRECT
RS12603880	RS4793888	EAS	0.71451	PLINK2_1KG_DIRECT
RS113113059	RS113113059	EUR	1	PLINK2_1KG_DIRECT
RS113113059	RS113113059	EAS	1	PLINK2_1KG_DIRECT
RS314265	RS314265	EUR	1	PLINK2_1KG_DIRECT
RS314265	RS9391254	EUR	1	PLINK2_1KG_DIRECT
RS314265	RS7759938	EUR	0.986898	PLINK2_1KG_DIRECT
RS314265	RS2095812	EUR	0.995601	PLINK2_1KG_DIRECT
RS314265	RS314264	EUR	0.995601	PLINK2_1KG_DIRECT
RS314265	RS314263	EUR	0.995601	PLINK2_1KG_DIRECT
RS314265	RS221618	EUR	0.612773	PLINK2_1KG_DIRECT
RS314265	RS314265	EAS	1	PLINK2_1KG_DIRECT
RS314265	RS9391254	EAS	1	PLINK2_1KG_DIRECT
RS314265	RS7759938	EAS	1	PLINK2_1KG_DIRECT
RS314265	RS2095812	EAS	1	PLINK2_1KG_DIRECT
RS314265	RS314264	EAS	0.995331	PLINK2_1KG_DIRECT
RS314265	RS314263	EAS	1	PLINK2_1KG_DIRECT
RS314265	RS221618	EAS	0.954227	PLINK2_1KG_DIRECT
RS13265056	RS13265056	EUR	1	PLINK2_1KG_DIRECT
RS13265056	RS13265056	EAS	1	PLINK2_1KG_DIRECT
RS7099380	RS7099380	EUR	1	PLINK2_1KG_DIRECT
RS7099380	RS7099380	EAS	1	PLINK2_1KG_DIRECT
RS295121	RS295121	EUR	1	PLINK2_1KG_DIRECT
RS295121	RS295121	EAS	1	PLINK2_1KG_DIRECT
RS12991836	RS12991836	EUR	1	PLINK2_1KG_DIRECT
RS12991836	RS12991836	EAS	1	PLINK2_1KG_DIRECT
RS10006554	RS10006554	EUR	1	PLINK2_1KG_DIRECT
RS10006554	RS10006554	EAS	1	PLINK2_1KG_DIRECT
